<?xml version="1.0"?>
<WFApplicationDynamicDependencies xmlns:xsd="http://www.w3.org/2001/XMLSchema" xmlns:xsi="http://www.w3.org/2001/XMLSchema-instance">
  <AppName>DoIT - Overtime Request</AppName>
  <Version>1.09</Version>
  <SharedAttributes>
    <SharedCustomAttribute>
      <AttributeName>ReportViewPrefix</AttributeName>
      <UsedIn>
        <DependencyUsedIn>
          <FileName>Manager Denied</FileName>
          <FileDisplayName>Manager Denied</FileDisplayName>
          <Activities />
          <FileType>Email Notification</FileType>
          <NumberOfTimesUsed>1</NumberOfTimesUsed>
        </DependencyUsedIn>
        <DependencyUsedIn>
          <FileName>Payroll Denied</FileName>
          <FileDisplayName>Payroll Denied</FileDisplayName>
          <Activities />
          <FileType>Email Notification</FileType>
          <NumberOfTimesUsed>1</NumberOfTimesUsed>
        </DependencyUsedIn>
      </UsedIn>
      <IsExists>false</IsExists>
    </SharedCustomAttribute>
    <SharedCustomAttribute>
      <AttributeName>ReportViewSuffix</AttributeName>
      <UsedIn>
        <DependencyUsedIn>
          <FileName>Manager Denied</FileName>
          <FileDisplayName>Manager Denied</FileDisplayName>
          <Activities />
          <FileType>Email Notification</FileType>
          <NumberOfTimesUsed>1</NumberOfTimesUsed>
        </DependencyUsedIn>
        <DependencyUsedIn>
          <FileName>Payroll Denied</FileName>
          <FileDisplayName>Payroll Denied</FileDisplayName>
          <Activities />
          <FileType>Email Notification</FileType>
          <NumberOfTimesUsed>1</NumberOfTimesUsed>
        </DependencyUsedIn>
      </UsedIn>
      <IsExists>false</IsExists>
    </SharedCustomAttribute>
    <SharedCustomAttribute>
      <AttributeName>Another Application Link</AttributeName>
      <UsedIn>
        <DependencyUsedIn>
          <FileName>Thank You</FileName>
          <FileDisplayName>Thank You</FileDisplayName>
          <Activities />
          <FileType>Email Notification</FileType>
          <NumberOfTimesUsed>1</NumberOfTimesUsed>
        </DependencyUsedIn>
      </UsedIn>
      <IsExists>false</IsExists>
    </SharedCustomAttribute>
    <SharedCustomAttribute>
      <AttributeName>Task Link Prefix</AttributeName>
      <UsedIn>
        <DependencyUsedIn>
          <FileName>You Have A Task</FileName>
          <FileDisplayName>You Have A Task</FileDisplayName>
          <Activities />
          <FileType>Email Notification</FileType>
          <NumberOfTimesUsed>1</NumberOfTimesUsed>
        </DependencyUsedIn>
        <DependencyUsedIn>
          <FileName>Rework Request</FileName>
          <FileDisplayName>Rework Request</FileDisplayName>
          <Activities />
          <FileType>Email Notification</FileType>
          <NumberOfTimesUsed>1</NumberOfTimesUsed>
        </DependencyUsedIn>
      </UsedIn>
      <IsExists>false</IsExists>
    </SharedCustomAttribute>
  </SharedAttributes>
  <Groups>
    <Group>
      <GroupName>DoIT - Overtime Payroll</GroupName>
      <UsedIn>
        <DependencyUsedIn>
          <FileName>DoIT - Overtime Request</FileName>
          <FileDisplayName>DoIT - Overtime Request</FileDisplayName>
          <Activities>
            <Activity>
              <InternalName>eForms_StandardTask.8</InternalName>
              <DisplayName>Payroll Review</DisplayName>
            </Activity>
          </Activities>
          <FileType>Process Model</FileType>
          <NumberOfTimesUsed>1</NumberOfTimesUsed>
        </DependencyUsedIn>
      </UsedIn>
      <IsExists>false</IsExists>
    </Group>
  </Groups>
  <DataEntities>
    <DataEntity>
      <EntityName>DoITOvertimeRequests__u</EntityName>
      <EntityDisplayName>DoIT - Overtime Requests</EntityDisplayName>
      <UsedIn>
        <DependencyUsedIn>
          <FileName>DoIT - Overtime Request</FileName>
          <FileDisplayName>DoIT - Overtime Request</FileDisplayName>
          <Activities>
            <Activity>
              <InternalName>UpdateAPDataEntity.3</InternalName>
              <DisplayName>Update Payroll Status - Rework</DisplayName>
            </Activity>
            <Activity>
              <InternalName>UpdateAPDataEntity.2</InternalName>
              <DisplayName>Update Payroll Status - Denied</DisplayName>
            </Activity>
            <Activity>
              <InternalName>UpdateAPDataEntity.1</InternalName>
              <DisplayName>Update Payroll Status - Approved</DisplayName>
            </Activity>
            <Activity>
              <InternalName>UpdateAPDataEntity.7</InternalName>
              <DisplayName>Update Div Mgr Status - Approved</DisplayName>
            </Activity>
            <Activity>
              <InternalName>UpdateAPDataEntity.6</InternalName>
              <DisplayName>Update Div Mgr Status - Rework</DisplayName>
            </Activity>
            <Activity>
              <InternalName>UpdateAPDataEntity.4</InternalName>
              <DisplayName>Update Div Mgr Denied</DisplayName>
            </Activity>
            <Activity>
              <InternalName>UpdateAPDataEntity.9</InternalName>
              <DisplayName>Update Manager Status - Rework</DisplayName>
            </Activity>
            <Activity>
              <InternalName>UpdateAPDataEntity.8</InternalName>
              <DisplayName>Update Manager Status - Approved</DisplayName>
            </Activity>
            <Activity>
              <InternalName>UpdateAPDataEntity.5</InternalName>
              <DisplayName>Update Manager Status - Denied</DisplayName>
            </Activity>
          </Activities>
          <FileType>Process Model</FileType>
          <NumberOfTimesUsed>9</NumberOfTimesUsed>
        </DependencyUsedIn>
        <DependencyUsedIn>
          <FileName>DoITOvertimeRequests</FileName>
          <FileDisplayName>DoITOvertimeRequests</FileDisplayName>
          <Activities />
          <FileType>Data Source</FileType>
          <NumberOfTimesUsed>1</NumberOfTimesUsed>
        </DependencyUsedIn>
      </UsedIn>
      <IsExists>false</IsExists>
    </DataEntity>
    <DataEntity>
      <EntityName>DoITDivisionManagers__u</EntityName>
      <EntityDisplayName>DoIT - Division Managers</EntityDisplayName>
      <UsedIn>
        <DependencyUsedIn>
          <FileName>Get Division Manger ID</FileName>
          <FileDisplayName>Get Division Manger ID</FileDisplayName>
          <Activities />
          <FileType>Lookup</FileType>
          <NumberOfTimesUsed>1</NumberOfTimesUsed>
        </DependencyUsedIn>
      </UsedIn>
      <IsExists>false</IsExists>
    </DataEntity>
  </DataEntities>
  <PickLists>
    <PickList>
      <PickListName>DoITDivisions__p</PickListName>
      <PickListDisplayName>COB - DoIT Divisions</PickListDisplayName>
      <UsedIn>
        <DependencyUsedIn>
          <FileName>Form Library</FileName>
          <FileDisplayName>Form Library</FileDisplayName>
          <Activities />
          <FileType>eForm Library</FileType>
          <NumberOfTimesUsed>1</NumberOfTimesUsed>
        </DependencyUsedIn>
      </UsedIn>
      <IsExists>false</IsExists>
    </PickList>
  </PickLists>
</WFApplicationDynamicDependencies>