<?xml version="1.0"?>
<WFEnabledApplication xmlns:xsd="http://www.w3.org/2001/XMLSchema" xmlns:xsi="http://www.w3.org/2001/XMLSchema-instance" ID="8230A9F6B6F4404A11AAEDFB38172733" Name="DoIT - Overtime Request" Description="" Status="DRAFT" CreatedDate="2020-09-03T11:36:27.84" CreatedBy="40002000" AppType="eForms" Visibility="PAAS" ContentType="application" DisplayName="DoIT - Overtime Request" AppLocale="customlocale" ParentApplicationId="">
  <Folder ID="8230A9F6B6F4404A11AAEDFB38172734" Name="Shared Resources" ProcGroupID="" AppID="8230A9F6B6F4404A11AAEDFB38172733" Description="" CreatedBy="40002000" CreatedDate="0001-01-01T00:00:00Z" LastModifiedBy="40002000" LastModifiedDate="0001-01-01T00:00:00Z" ContentType="Any" ParentFolderID="8230A9F6B6F4404A11AAEDFB38172733" DisplayName="Shared Resources">
    <Folder ID="8230A9F6B6F4404A11AAEDFB38172735" Name="Style Sheets" ProcGroupID="" AppID="8230A9F6B6F4404A11AAEDFB38172733" Description="" CreatedBy="40002000" CreatedDate="0001-01-01T00:00:00Z" LastModifiedBy="40002000" LastModifiedDate="0001-01-01T00:00:00Z" ContentType="application\CSS" ParentFolderID="8230A9F6B6F4404A11AAEDFB38172734" DisplayName="Style Sheets" />
    <Folder ID="8230A9F6B6F4404A11AAEDFB38172736" Name="JavaScript" ProcGroupID="" AppID="8230A9F6B6F4404A11AAEDFB38172733" Description="" CreatedBy="40002000" CreatedDate="0001-01-01T00:00:00Z" LastModifiedBy="40002000" LastModifiedDate="0001-01-01T00:00:00Z" ContentType="application\js" ParentFolderID="8230A9F6B6F4404A11AAEDFB38172734" DisplayName="JavaScript" />
    <Folder ID="8230A9F6B6F4404A11AAEDFB38172737" Name="Images" ProcGroupID="" AppID="8230A9F6B6F4404A11AAEDFB38172733" Description="" CreatedBy="40002000" CreatedDate="0001-01-01T00:00:00Z" LastModifiedBy="40002000" LastModifiedDate="0001-01-01T00:00:00Z" ContentType="application\image" ParentFolderID="8230A9F6B6F4404A11AAEDFB38172734" DisplayName="Images" />
    <Folder ID="8230A9F6B6F4404A11AAEDFB38172738" Name="Access Tokens" ProcGroupID="" AppID="8230A9F6B6F4404A11AAEDFB38172733" Description="" CreatedBy="40002000" CreatedDate="0001-01-01T00:00:00Z" LastModifiedBy="40002000" LastModifiedDate="0001-01-01T00:00:00Z" ContentType="application\apptoken" ParentFolderID="8230A9F6B6F4404A11AAEDFB38172734" DisplayName="Access Tokens" />
    <Folder ID="8230A9F6B6F4404A11AAEDFB38172739" Name="Application Resources" ProcGroupID="" AppID="8230A9F6B6F4404A11AAEDFB38172733" Description="" CreatedBy="40002000" CreatedDate="0001-01-01T00:00:00Z" LastModifiedBy="40002000" LastModifiedDate="0001-01-01T00:00:00Z" ContentType="application\applicationresources" ParentFolderID="8230A9F6B6F4404A11AAEDFB38172734" DisplayName="Application Resources" />
    <Folder ID="8257D4CD9C2F4D1611DDF13AC1FAB0FB" Name="Comments" ProcGroupID="8230A9F6B6F4404A11AAEDFB38172734" AppID="8230A9F6B6F4404A11AAEDFB38172733" Description="" CreatedBy="40002000" CreatedDate="2023-05-12T23:03:43.21" LastModifiedBy="40002000" LastModifiedDate="2023-05-12T23:03:43.21" ContentType="application\comments" ParentFolderID="8230A9F6B6F4404A11AAEDFB38172734" DisplayName="Comments" />
  </Folder>
  <Folder ID="8230A9F6B6F4404A11AAEDFB3817273A" Name="Processes" ProcGroupID="" AppID="8230A9F6B6F4404A11AAEDFB38172733" Description="" CreatedBy="40002000" CreatedDate="0001-01-01T00:00:00Z" LastModifiedBy="40002000" LastModifiedDate="0001-01-01T00:00:00Z" ContentType="application\processgroup" ParentFolderID="8230A9F6B6F4404A11AAEDFB38172733" DisplayName="Processes">
    <Folder ID="8230A9F6B6F4404A11AAEDFB3817273B" Name="DoIT - Overtime Request" ProcGroupID="" AppID="8230A9F6B6F4404A11AAEDFB38172733" Description="" CreatedBy="40002000" CreatedDate="0001-01-01T00:00:00Z" LastModifiedBy="40002000" LastModifiedDate="0001-01-01T00:00:00Z" ContentType="user\processgroup" ParentFolderID="8230A9F6B6F4404A11AAEDFB3817273A" DisplayName="DoIT - Overtime Request">
      <Folder ID="8230A9F6B6F4404A11AAEDFB3817273C" Name="Process Model" ProcGroupID="8230A9F6B6F4404A11AAEDFB3817273B" AppID="8230A9F6B6F4404A11AAEDFB38172733" Description="" CreatedBy="40002000" CreatedDate="0001-01-01T00:00:00Z" LastModifiedBy="40002000" LastModifiedDate="0001-01-01T00:00:00Z" ContentType="application\processmodel" ParentFolderID="8230A9F6B6F4404A11AAEDFB3817273B" DisplayName="Process Model">
        <File ID="8239A1D1DD7C3DBA11CC40CFD964914D" Name="DoIT - Overtime Request" BaseFileID="8230A9F6B6F4404A11AAEDFB3817273D" PrevVerFileID="8239A1D1DD7C3DBA11CC3DA4A3EC87B6" AppID="8230A9F6B6F4404A11AAEDFB38172733" ParentFolderID="8230A9F6B6F4404A11AAEDFB3817273C" ProcGroupID="8230A9F6B6F4404A11AAEDFB3817273B" Description="" Version="1.06" Status="RELEASED" ContentType="user\processmodel" CheckedOutBy="" CheckedOutDate="0001-01-01T00:00:00Z" CreatedDate="2021-11-08T15:10:09.443" CreatedBy="162157" LastModifiedDate="2021-11-08T15:10:09.443" LastModifiedBy="162157" ThemeID="" ExtraInfo="" DisplayName="DoIT - Overtime Request" />
      </Folder>
      <Folder ID="8230A9F6B6F4404A11AAEDFB3817273E" Name="Notification" ProcGroupID="8230A9F6B6F4404A11AAEDFB3817273B" AppID="8230A9F6B6F4404A11AAEDFB38172733" Description="" CreatedBy="40002000" CreatedDate="0001-01-01T00:00:00Z" LastModifiedBy="40002000" LastModifiedDate="0001-01-01T00:00:00Z" ContentType="application\notification" ParentFolderID="8230A9F6B6F4404A11AAEDFB3817273B" DisplayName="Notification">
        <Folder ID="8230A9F6B6F4404A11AAEDFB3817273F" Name="E-mails" ProcGroupID="8230A9F6B6F4404A11AAEDFB3817273B" AppID="8230A9F6B6F4404A11AAEDFB38172733" Description="" CreatedBy="40002000" CreatedDate="0001-01-01T00:00:00Z" LastModifiedBy="40002000" LastModifiedDate="0001-01-01T00:00:00Z" ContentType="application\email" ParentFolderID="8230A9F6B6F4404A11AAEDFB3817273E" DisplayName="E-mails">
          <File ID="8239A1D1DD7C3DBA11CC40CFD9649156" Name="Manager Denied" BaseFileID="8230A9F6B6F4404A11AAEDFB38172742" PrevVerFileID="8239A1D1DD7C3DBA11CC3DA4A3EC87BE" AppID="8230A9F6B6F4404A11AAEDFB38172733" ParentFolderID="8230A9F6B6F4404A11AAEDFB3817273F" ProcGroupID="8230A9F6B6F4404A11AAEDFB3817273B" Description="" Version="1.06" Status="RELEASED" ContentType="user\email" CheckedOutBy="" CheckedOutDate="0001-01-01T00:00:00Z" CreatedDate="2021-11-08T15:10:09.567" CreatedBy="162157" LastModifiedDate="2021-11-08T15:10:09.567" LastModifiedBy="162157" ThemeID="" ExtraInfo="" DisplayName="Manager Denied" />
          <File ID="8239A1D1DD7C3DBA11CC40CFD9649157" Name="Reminder" BaseFileID="8230A9F6B6F4404A11AAEDFB38172743" PrevVerFileID="8239A1D1DD7C3DBA11CC3DA4A3EC87BF" AppID="8230A9F6B6F4404A11AAEDFB38172733" ParentFolderID="8230A9F6B6F4404A11AAEDFB3817273F" ProcGroupID="8230A9F6B6F4404A11AAEDFB3817273B" Description="" Version="1.06" Status="RELEASED" ContentType="user\email" CheckedOutBy="" CheckedOutDate="0001-01-01T00:00:00Z" CreatedDate="2021-11-08T15:10:09.567" CreatedBy="162157" LastModifiedDate="2021-11-08T15:10:09.567" LastModifiedBy="162157" ThemeID="" ExtraInfo="" DisplayName="Reminder" />
          <File ID="8239A1D1DD7C3DBA11CC40CFD9649158" Name="Confirmation" BaseFileID="8230A9F6B6F4404A11AAEDFB38172747" PrevVerFileID="8239A1D1DD7C3DBA11CC3DA4A3EC87C0" AppID="8230A9F6B6F4404A11AAEDFB38172733" ParentFolderID="8230A9F6B6F4404A11AAEDFB3817273F" ProcGroupID="8230A9F6B6F4404A11AAEDFB3817273B" Description="" Version="1.06" Status="RELEASED" ContentType="user\email" CheckedOutBy="" CheckedOutDate="0001-01-01T00:00:00Z" CreatedDate="2021-11-08T15:10:09.567" CreatedBy="162157" LastModifiedDate="2021-11-08T15:10:09.567" LastModifiedBy="162157" ThemeID="" ExtraInfo="" DisplayName="Confirmation" />
          <File ID="8239A1D1DD7C3DBA11CC40CFD9649153" Name="Notification" BaseFileID="8230A9F6B6F4404A11AAEDFB38172745" PrevVerFileID="8239A1D1DD7C3DBA11CC3DA4A3EC87BB" AppID="8230A9F6B6F4404A11AAEDFB38172733" ParentFolderID="8230A9F6B6F4404A11AAEDFB3817273F" ProcGroupID="8230A9F6B6F4404A11AAEDFB3817273B" Description="" Version="1.06" Status="RELEASED" ContentType="user\email" CheckedOutBy="" CheckedOutDate="0001-01-01T00:00:00Z" CreatedDate="2021-11-08T15:10:09.55" CreatedBy="162157" LastModifiedDate="2021-11-08T15:10:09.55" LastModifiedBy="162157" ThemeID="" ExtraInfo="" DisplayName="Notification" />
          <File ID="8239A1D1DD7C3DBA11CC40CFD9649154" Name="Payroll Approval" BaseFileID="8230A9F6B6F4404A11AAEDFB38172740" PrevVerFileID="8239A1D1DD7C3DBA11CC3DA4A3EC87BC" AppID="8230A9F6B6F4404A11AAEDFB38172733" ParentFolderID="8230A9F6B6F4404A11AAEDFB3817273F" ProcGroupID="8230A9F6B6F4404A11AAEDFB3817273B" Description="" Version="1.06" Status="RELEASED" ContentType="user\email" CheckedOutBy="" CheckedOutDate="0001-01-01T00:00:00Z" CreatedDate="2021-11-08T15:10:09.55" CreatedBy="162157" LastModifiedDate="2021-11-08T15:10:09.55" LastModifiedBy="162157" ThemeID="" ExtraInfo="" DisplayName="Payroll Approval" />
          <File ID="8239A1D1DD7C3DBA11CC40CFD9649155" Name="Payroll Denied" BaseFileID="8230A9F6B6F4404A11AAEDFB38172741" PrevVerFileID="8239A1D1DD7C3DBA11CC3DA4A3EC87BD" AppID="8230A9F6B6F4404A11AAEDFB38172733" ParentFolderID="8230A9F6B6F4404A11AAEDFB3817273F" ProcGroupID="8230A9F6B6F4404A11AAEDFB3817273B" Description="" Version="1.06" Status="RELEASED" ContentType="user\email" CheckedOutBy="" CheckedOutDate="0001-01-01T00:00:00Z" CreatedDate="2021-11-08T15:10:09.55" CreatedBy="162157" LastModifiedDate="2021-11-08T15:10:09.55" LastModifiedBy="162157" ThemeID="" ExtraInfo="" DisplayName="Payroll Denied" />
          <File ID="8239A1D1DD7C3DBA11CC40CFD9649150" Name="Thank You" BaseFileID="8230A9F6B6F4404A11AAEDFB38172744" PrevVerFileID="8239A1D1DD7C3DBA11CC3DA4A3EC87B8" AppID="8230A9F6B6F4404A11AAEDFB38172733" ParentFolderID="8230A9F6B6F4404A11AAEDFB3817273F" ProcGroupID="8230A9F6B6F4404A11AAEDFB3817273B" Description="" Version="1.06" Status="RELEASED" ContentType="user\email" CheckedOutBy="" CheckedOutDate="0001-01-01T00:00:00Z" CreatedDate="2021-11-08T15:10:09.537" CreatedBy="162157" LastModifiedDate="2021-11-08T15:10:09.537" LastModifiedBy="162157" ThemeID="" ExtraInfo="" DisplayName="Thank You" />
          <File ID="8239A1D1DD7C3DBA11CC40CFD9649151" Name="You Have A Task" BaseFileID="8230A9F6B6F4404A11AAEDFB38172748" PrevVerFileID="8239A1D1DD7C3DBA11CC3DA4A3EC87B9" AppID="8230A9F6B6F4404A11AAEDFB38172733" ParentFolderID="8230A9F6B6F4404A11AAEDFB3817273F" ProcGroupID="8230A9F6B6F4404A11AAEDFB3817273B" Description="" Version="1.06" Status="RELEASED" ContentType="user\email" CheckedOutBy="" CheckedOutDate="0001-01-01T00:00:00Z" CreatedDate="2021-11-08T15:10:09.537" CreatedBy="162157" LastModifiedDate="2021-11-08T15:10:09.537" LastModifiedBy="162157" ThemeID="" ExtraInfo="" DisplayName="You Have A Task" />
          <File ID="8239A1D1DD7C3DBA11CC40CFD9649152" Name="Email - Action Future Request" BaseFileID="8237FEF1B4C8339611CC3760F7275484" PrevVerFileID="8239A1D1DD7C3DBA11CC3DA4A3EC87BA" AppID="8230A9F6B6F4404A11AAEDFB38172733" ParentFolderID="8230A9F6B6F4404A11AAEDFB3817273F" ProcGroupID="8230A9F6B6F4404A11AAEDFB3817273B" Description="" Version="1.02" Status="RELEASED" ContentType="user\email" CheckedOutBy="" CheckedOutDate="0001-01-01T00:00:00Z" CreatedDate="2021-11-08T15:10:09.537" CreatedBy="162157" LastModifiedDate="2021-11-08T15:10:09.537" LastModifiedBy="162157" ThemeID="" ExtraInfo="" DisplayName="Email - Action Future Request" />
          <File ID="8239A1D1DD7C3DBA11CC40CFD964914E" Name="Rework Request" BaseFileID="8230A9F6B6F4404A11AAEDFB38172746" PrevVerFileID="8239A1D1DD7C3DBA11CC3DA4A3EC87B7" AppID="8230A9F6B6F4404A11AAEDFB38172733" ParentFolderID="8230A9F6B6F4404A11AAEDFB3817273F" ProcGroupID="8230A9F6B6F4404A11AAEDFB3817273B" Description="" Version="1.06" Status="RELEASED" ContentType="user\email" CheckedOutBy="" CheckedOutDate="0001-01-01T00:00:00Z" CreatedDate="2021-11-08T15:10:09.52" CreatedBy="162157" LastModifiedDate="2021-11-08T15:10:09.52" LastModifiedBy="162157" ThemeID="" ExtraInfo="" DisplayName="Rework Request" />
        </Folder>
        <Folder ID="8230A9F6B6F4404A11AAEDFB38172749" Name="Yammer" ProcGroupID="8230A9F6B6F4404A11AAEDFB3817273B" AppID="8230A9F6B6F4404A11AAEDFB38172733" Description="" CreatedBy="40002000" CreatedDate="0001-01-01T00:00:00Z" LastModifiedBy="40002000" LastModifiedDate="0001-01-01T00:00:00Z" ContentType="application\yammer" ParentFolderID="8230A9F6B6F4404A11AAEDFB3817273E" DisplayName="Viva Engage" />
        <Folder ID="8230A9F6B6F4404A11AAEDFB3817274A" Name="Chatter" ProcGroupID="8230A9F6B6F4404A11AAEDFB3817273B" AppID="8230A9F6B6F4404A11AAEDFB38172733" Description="" CreatedBy="40002000" CreatedDate="0001-01-01T00:00:00Z" LastModifiedBy="40002000" LastModifiedDate="0001-01-01T00:00:00Z" ContentType="application\chatter" ParentFolderID="8230A9F6B6F4404A11AAEDFB3817273E" DisplayName="Chatter" />
        <Folder ID="8230A9F6B6F4404A11AAEDFB3817274B" Name="MicrosoftTeams" ProcGroupID="8230A9F6B6F4404A11AAEDFB3817273B" AppID="8230A9F6B6F4404A11AAEDFB38172733" Description="" CreatedBy="40002000" CreatedDate="0001-01-01T00:00:00Z" LastModifiedBy="40002000" LastModifiedDate="2023-05-12T23:03:43.663" ContentType="application\microsoftteams" ParentFolderID="8230A9F6B6F4404A11AAEDFB3817273E" DisplayName="Microsoft Teams" />
        <Folder ID="8230A9F6B6F4404A11AAEDFB3817274C" Name="SMS" ProcGroupID="8230A9F6B6F4404A11AAEDFB3817273B" AppID="8230A9F6B6F4404A11AAEDFB38172733" Description="" CreatedBy="40002000" CreatedDate="0001-01-01T00:00:00Z" LastModifiedBy="40002000" LastModifiedDate="0001-01-01T00:00:00Z" ContentType="application\sms" ParentFolderID="8230A9F6B6F4404A11AAEDFB3817273E" DisplayName="SMS" />
        <Folder ID="8230A9F6B6F4404A11AAEDFB3817274D" Name="Attachment Repository" ProcGroupID="8230A9F6B6F4404A11AAEDFB3817273B" AppID="8230A9F6B6F4404A11AAEDFB38172733" Description="" CreatedBy="40002000" CreatedDate="0001-01-01T00:00:00Z" LastModifiedBy="40002000" LastModifiedDate="0001-01-01T00:00:00Z" ContentType="application\attachmentrepository" ParentFolderID="8230A9F6B6F4404A11AAEDFB3817273E" DisplayName="Attachment Repository" />
      </Folder>
      <Folder ID="8230A9F6B6F4404A11AAEDFB3817274E" Name="Data Model" ProcGroupID="8230A9F6B6F4404A11AAEDFB3817273B" AppID="8230A9F6B6F4404A11AAEDFB38172733" Description="" CreatedBy="40002000" CreatedDate="0001-01-01T00:00:00Z" LastModifiedBy="40002000" LastModifiedDate="0001-01-01T00:00:00Z" ContentType="application\datamodel" ParentFolderID="8230A9F6B6F4404A11AAEDFB3817273B" DisplayName="Data Model">
        <File ID="BAE412DEFB27D0ED11FFBBE868E67AD7" Name="Schema.xsd" BaseFileID="8230A9F6B6F4404A11AAEDFB3817274F" PrevVerFileID="BAE212DEFB27D0ED11FFA2C0DB076570" AppID="8230A9F6B6F4404A11AAEDFB38172733" ParentFolderID="8230A9F6B6F4404A11AAEDFB3817274E" ProcGroupID="8230A9F6B6F4404A11AAEDFB3817273B" Description="" Version="1.09" Status="DRAFT" ContentType="user\datamodel" CheckedOutBy="" CheckedOutDate="0001-01-01T00:00:00Z" CreatedDate="2024-12-16T20:00:44.31" CreatedBy="162157" LastModifiedDate="2024-12-17T16:24:24.923" LastModifiedBy="152213" ThemeID="" ExtraInfo="[{&quot;Name&quot; : &quot;NamespaceUpdated&quot; , &quot;Value&quot; : &quot;True&quot;}]" DisplayName="Schema.xsd" />
        <File ID="BAE412DEFB27D0ED11FFBC9354E025BC" Name="DoITOvertimeRequests" BaseFileID="8230A9F6B6F4404A11AAEDFB38172750" PrevVerFileID="8239A1D1DD7C3DBA11CC40CFD964915A" AppID="8230A9F6B6F4404A11AAEDFB38172733" ParentFolderID="8230A9F6B6F4404A11AAEDFB3817274E" ProcGroupID="8230A9F6B6F4404A11AAEDFB3817273B" Description="Datasource DoITOvertimeRequests Schema" Version="1.07" Status="DRAFT" ContentType="user\apdataentitydatamodel" CheckedOutBy="" CheckedOutDate="0001-01-01T00:00:00Z" CreatedDate="2024-12-17T16:24:13.24" CreatedBy="162157" LastModifiedDate="2024-12-17T16:24:13.32" LastModifiedBy="152213" ThemeID="" ExtraInfo="" DisplayName="DoITOvertimeRequests" />
      </Folder>
      <Folder ID="8230A9F6B6F4404A11AAEDFB38172751" Name="Data Source" ProcGroupID="8230A9F6B6F4404A11AAEDFB3817273B" AppID="8230A9F6B6F4404A11AAEDFB38172733" Description="" CreatedBy="40002000" CreatedDate="0001-01-01T00:00:00Z" LastModifiedBy="40002000" LastModifiedDate="0001-01-01T00:00:00Z" ContentType="application\datasources" ParentFolderID="8230A9F6B6F4404A11AAEDFB3817273B" DisplayName="Data Source">
        <File ID="BAE412DEFB27D0ED11FFBC934EBE4BDC" Name="DoITOvertimeRequests" BaseFileID="8230A9F6B6F4404A11AAEDFB38172752" PrevVerFileID="8239A1D1DD7C3DBA11CC40CFD964915B" AppID="8230A9F6B6F4404A11AAEDFB38172733" ParentFolderID="8230A9F6B6F4404A11AAEDFB38172751" ProcGroupID="8230A9F6B6F4404A11AAEDFB3817273B" Description="" Version="1.07" Status="DRAFT" ContentType="user\APDataEntityDataSource" CheckedOutBy="" CheckedOutDate="0001-01-01T00:00:00Z" CreatedDate="2024-12-17T16:24:02.867" CreatedBy="162157" LastModifiedDate="2024-12-17T16:24:24.847" LastModifiedBy="152213" ThemeID="" ExtraInfo="" DisplayName="DoITOvertimeRequests" />
      </Folder>
      <Folder ID="8230A9F6B6F4404A11AAEDFB38172753" Name="Library" ProcGroupID="8230A9F6B6F4404A11AAEDFB3817273B" AppID="8230A9F6B6F4404A11AAEDFB38172733" Description="" CreatedBy="40002000" CreatedDate="0001-01-01T00:00:00Z" LastModifiedBy="40002000" LastModifiedDate="0001-01-01T00:00:00Z" ContentType="application\taskformlibrary" ParentFolderID="8230A9F6B6F4404A11AAEDFB3817273B" DisplayName="Library">
        <File ID="BAE412DEFB27D0ED11FFBBE868E67AD8" Name="Form Library" BaseFileID="8230A9F6B6F4404A11AAEDFB38172754" PrevVerFileID="BAE212DEFB27D0ED11FFA2C0DB076571" AppID="8230A9F6B6F4404A11AAEDFB38172733" ParentFolderID="8230A9F6B6F4404A11AAEDFB38172753" ProcGroupID="8230A9F6B6F4404A11AAEDFB3817273B" Description="" Version="1.09" Status="DRAFT" ContentType="user\taskformlibrary" CheckedOutBy="" CheckedOutDate="0001-01-01T00:00:00Z" CreatedDate="2024-12-16T20:00:44.467" CreatedBy="162157" LastModifiedDate="2024-12-17T16:24:24.907" LastModifiedBy="152213" ThemeID="" ExtraInfo="" DisplayName="Form Library" />
      </Folder>
      <Folder ID="8230A9F6B6F4404A11AAEDFB38172755" Name="Forms" ProcGroupID="8230A9F6B6F4404A11AAEDFB3817273B" AppID="8230A9F6B6F4404A11AAEDFB38172733" Description="" CreatedBy="40002000" CreatedDate="0001-01-01T00:00:00Z" LastModifiedBy="40002000" LastModifiedDate="0001-01-01T00:00:00Z" ContentType="application\formsgroup" ParentFolderID="8230A9F6B6F4404A11AAEDFB3817273B" DisplayName="Forms">
        <Folder ID="8230A9F6B6F4404A11AAEDFB38172756" Name="Task Forms" ProcGroupID="8230A9F6B6F4404A11AAEDFB3817273B" AppID="8230A9F6B6F4404A11AAEDFB38172733" Description="" CreatedBy="40002000" CreatedDate="0001-01-01T00:00:00Z" LastModifiedBy="40002000" LastModifiedDate="0001-01-01T00:00:00Z" ContentType="application\taskforms" ParentFolderID="8230A9F6B6F4404A11AAEDFB38172755" DisplayName="Task Forms">
          <File ID="BAE412DEFB27D0ED11FFBBE868E67AD9" Name="Initial Request" BaseFileID="8230A9F6B6F4404A11AAEDFB3817275B" PrevVerFileID="BAE212DEFB27D0ED11FFA2C104E49A4A" AppID="8230A9F6B6F4404A11AAEDFB38172733" ParentFolderID="8230A9F6B6F4404A11AAEDFB38172756" ProcGroupID="8230A9F6B6F4404A11AAEDFB3817273B" Description="" Version="1.08" Status="DRAFT" ContentType="user\taskforms" CheckedOutBy="" CheckedOutDate="0001-01-01T00:00:00Z" CreatedDate="2024-12-16T20:00:44.53" CreatedBy="162157" LastModifiedDate="2024-12-17T16:24:24.923" LastModifiedBy="152213" ThemeID="" ExtraInfo="" DisplayName="Initial Request" />
          <File ID="BAE212DEFB27D0ED11FFA2C0DB076572" Name="Payroll Review" BaseFileID="8230A9F6B6F4404A11AAEDFB3817275C" PrevVerFileID="8239A1D1DD7C3DBA11CC40CFD9649161" AppID="8230A9F6B6F4404A11AAEDFB38172733" ParentFolderID="8230A9F6B6F4404A11AAEDFB38172756" ProcGroupID="8230A9F6B6F4404A11AAEDFB3817273B" Description="" Version="1.07" Status="RELEASED" ContentType="user\taskforms" CheckedOutBy="" CheckedOutDate="0001-01-01T00:00:00Z" CreatedDate="2024-11-14T19:44:29.233" CreatedBy="162157" LastModifiedDate="2024-11-14T19:46:23.46" LastModifiedBy="152213" ThemeID="" ExtraInfo="" DisplayName="Payroll Review" />
          <File ID="823AA76209CE2FB211CC40D7D5A4FE07" Name="Manager Review" BaseFileID="8230A9F6B6F4404A11AAEDFB38172758" PrevVerFileID="8239A1D1DD7C3DBA11CC40CFD9649162" AppID="8230A9F6B6F4404A11AAEDFB38172733" ParentFolderID="8230A9F6B6F4404A11AAEDFB38172756" ProcGroupID="8230A9F6B6F4404A11AAEDFB3817273B" Description="" Version="1.07" Status="RELEASED" ContentType="user\taskforms" CheckedOutBy="" CheckedOutDate="0001-01-01T00:00:00Z" CreatedDate="2021-11-08T16:07:12.627" CreatedBy="162157" LastModifiedDate="2024-11-14T19:44:16.667" LastModifiedBy="152213" ThemeID="" ExtraInfo="" DisplayName="Manager Review" />
          <File ID="8239A1D1DD7C3DBA11CC40CFD9649163" Name="Report View" BaseFileID="8230A9F6B6F4404A11AAEDFB3817275D" PrevVerFileID="8239A1D1DD7C3DBA11CC3DA4A3EC87CB" AppID="8230A9F6B6F4404A11AAEDFB38172733" ParentFolderID="8230A9F6B6F4404A11AAEDFB38172756" ProcGroupID="8230A9F6B6F4404A11AAEDFB3817273B" Description="" Version="1.06" Status="RELEASED" ContentType="user\taskforms" CheckedOutBy="" CheckedOutDate="0001-01-01T00:00:00Z" CreatedDate="2021-11-08T15:10:09.787" CreatedBy="162157" LastModifiedDate="2021-11-08T15:10:09.787" LastModifiedBy="162157" ThemeID="" ExtraInfo="" DisplayName="Report View" />
          <File ID="8239A1D1DD7C3DBA11CC40CFD964915F" Name="Division Mgr Review" BaseFileID="8230A9F6B6F4404A11AAEDFB38172757" PrevVerFileID="8239A1D1DD7C3DBA11CC3DA4A3EC87C7" AppID="8230A9F6B6F4404A11AAEDFB38172733" ParentFolderID="8230A9F6B6F4404A11AAEDFB38172756" ProcGroupID="8230A9F6B6F4404A11AAEDFB3817273B" Description="" Version="1.06" Status="RELEASED" ContentType="user\taskforms" CheckedOutBy="" CheckedOutDate="0001-01-01T00:00:00Z" CreatedDate="2021-11-08T15:10:09.757" CreatedBy="162157" LastModifiedDate="2021-11-08T15:10:09.757" LastModifiedBy="162157" ThemeID="" ExtraInfo="" DisplayName="Division Mgr Review" />
          <File ID="8239A1D1DD7C3DBA11CC40CFD9649160" Name="Future Submission" BaseFileID="8230A9F6B6F4404A11AAEDFB38172759" PrevVerFileID="8239A1D1DD7C3DBA11CC3DA4A3EC87C8" AppID="8230A9F6B6F4404A11AAEDFB38172733" ParentFolderID="8230A9F6B6F4404A11AAEDFB38172756" ProcGroupID="8230A9F6B6F4404A11AAEDFB3817273B" Description="" Version="1.06" Status="RELEASED" ContentType="user\taskforms" CheckedOutBy="" CheckedOutDate="0001-01-01T00:00:00Z" CreatedDate="2021-11-08T15:10:09.757" CreatedBy="162157" LastModifiedDate="2021-11-08T15:10:09.757" LastModifiedBy="162157" ThemeID="" ExtraInfo="" DisplayName="Future Submission" />
          <File ID="8239A1D1DD7C3DBA11CC40CFD964915E" Name="Rework or Update Request" BaseFileID="8230A9F6B6F4404A11AAEDFB3817275A" PrevVerFileID="8239A1D1DD7C3DBA11CC3DA4A3EC87C6" AppID="8230A9F6B6F4404A11AAEDFB38172733" ParentFolderID="8230A9F6B6F4404A11AAEDFB38172756" ProcGroupID="8230A9F6B6F4404A11AAEDFB3817273B" Description="" Version="1.06" Status="RELEASED" ContentType="user\taskforms" CheckedOutBy="" CheckedOutDate="0001-01-01T00:00:00Z" CreatedDate="2021-11-08T15:10:09.74" CreatedBy="162157" LastModifiedDate="2021-11-08T15:10:09.74" LastModifiedBy="162157" ThemeID="" ExtraInfo="" DisplayName="Rework or Update Request" />
        </Folder>
      </Folder>
      <Folder ID="8230A9F6B6F4404A11AAEDFB3817275E" Name="Lookups" ProcGroupID="8230A9F6B6F4404A11AAEDFB3817273B" AppID="8230A9F6B6F4404A11AAEDFB38172733" Description="" CreatedBy="40002000" CreatedDate="0001-01-01T00:00:00Z" LastModifiedBy="40002000" LastModifiedDate="0001-01-01T00:00:00Z" ContentType="application\lookup" ParentFolderID="8230A9F6B6F4404A11AAEDFB3817273B" DisplayName="Lookups">
        <File ID="8239A1D1DD7C3DBA11CC40CFD9649164" Name="Get Division Manger ID" BaseFileID="8230A9F6B6F4404A11AAEDFB3817275F" PrevVerFileID="8239A1D1DD7C3DBA11CC3DA4A3EC87CC" AppID="8230A9F6B6F4404A11AAEDFB38172733" ParentFolderID="8230A9F6B6F4404A11AAEDFB3817275E" ProcGroupID="8230A9F6B6F4404A11AAEDFB3817273B" Description="" Version="1.06" Status="RELEASED" ContentType="user\lookupmulticolumn" CheckedOutBy="" CheckedOutDate="0001-01-01T00:00:00Z" CreatedDate="2021-11-08T15:10:09.817" CreatedBy="162157" LastModifiedDate="2021-11-08T15:10:09.817" LastModifiedBy="162157" ThemeID="" ExtraInfo="" DisplayName="Get Division Manger ID" />
      </Folder>
      <Folder ID="8230A9F6B6F4404A11AAEDFB38172760" Name="Translation" ProcGroupID="8230A9F6B6F4404A11AAEDFB3817273B" AppID="8230A9F6B6F4404A11AAEDFB38172733" Description="" CreatedBy="40002000" CreatedDate="0001-01-01T00:00:00Z" LastModifiedBy="40002000" LastModifiedDate="0001-01-01T00:00:00Z" ContentType="application\translation" ParentFolderID="8230A9F6B6F4404A11AAEDFB3817273B" DisplayName="Translation" />
      <Folder ID="8230A9F6B6F4404A11AAEDFB38172761" Name="Document Repository" ProcGroupID="8230A9F6B6F4404A11AAEDFB3817273B" AppID="8230A9F6B6F4404A11AAEDFB38172733" Description="" CreatedBy="40002000" CreatedDate="0001-01-01T00:00:00Z" LastModifiedBy="40002000" LastModifiedDate="0001-01-01T00:00:00Z" ContentType="application\documentrepository" ParentFolderID="8230A9F6B6F4404A11AAEDFB3817273B" DisplayName="Document Repository" />
      <Folder ID="8230A9F6B6F4404A11AAEDFB38172762" Name="System Files" ProcGroupID="8230A9F6B6F4404A11AAEDFB3817273B" AppID="8230A9F6B6F4404A11AAEDFB38172733" Description="" CreatedBy="40002000" CreatedDate="0001-01-01T00:00:00Z" LastModifiedBy="40002000" LastModifiedDate="0001-01-01T00:00:00Z" ContentType="application\hidden" ParentFolderID="8230A9F6B6F4404A11AAEDFB3817273B" DisplayName="System Files" />
    </Folder>
  </Folder>
  <CoAuthored>false</CoAuthored>
  <IsAIGenerated>false</IsAIGenerated>
</WFEnabledApplication>