<?xml version="1.0"?>
<ArrayOfDataSourceAndAppFileAssociation xmlns:xsd="http://www.w3.org/2001/XMLSchema" xmlns:xsi="http://www.w3.org/2001/XMLSchema-instance">
  <DataSourceAndAppFileAssociation>
    <ID>AA5312F761F5622411AA1DC573F0BD4D</ID>
    <AppName>ASD - 38D Forms View All Submissions</AppName>
    <FileName>All ASD - 38D Forms</FileName>
    <IsDefault>true</IsDefault>
    <ContentType>user\views</ContentType>
    <DataSourceName>ASD38DForms</DataSourceName>
    <DefName>ASD - 38D Forms View All Submissions_All ASD - 38D Forms</DefName>
    <CreatedBy>40003040</CreatedBy>
    <CreatedDate>2024-02-06T15:57:34.86</CreatedDate>
    <LastModifiedBy>40003040</LastModifiedBy>
    <LastModifiedDate>2024-02-06T22:43:35.707</LastModifiedDate>
  </DataSourceAndAppFileAssociation>
  <DataSourceAndAppFileAssociation>
    <ID>AA5312F761F5622411AA2B151FEDF523</ID>
    <AppName>ASD - 38D Forms View All Submissions</AppName>
    <FileName>Form A2 Submissions</FileName>
    <IsDefault>false</IsDefault>
    <ContentType>user\views</ContentType>
    <DataSourceName>ASD38DForms</DataSourceName>
    <DefName>ASD - 38D Forms View All Submissions_Form A2 Submissions</DefName>
    <CreatedBy>40003040</CreatedBy>
    <CreatedDate>2024-02-06T15:57:34.86</CreatedDate>
    <LastModifiedBy />
    <LastModifiedDate>0001-01-01T00:00:00Z</LastModifiedDate>
  </DataSourceAndAppFileAssociation>
  <DataSourceAndAppFileAssociation>
    <ID>8271C1FA043C471011EEC5676F70548B</ID>
    <AppName>ASD - 38D Forms View All Submissions</AppName>
    <FileName>Form D Submissions</FileName>
    <IsDefault>false</IsDefault>
    <ContentType>user\views</ContentType>
    <DataSourceName>ASD38DForms</DataSourceName>
    <DefName>ASD - 38D Forms View All Submissions_Form D Submissions</DefName>
    <CreatedBy>40003040</CreatedBy>
    <CreatedDate>2024-02-06T22:17:42.923</CreatedDate>
    <LastModifiedBy />
    <LastModifiedDate>0001-01-01T00:00:00Z</LastModifiedDate>
  </DataSourceAndAppFileAssociation>
  <DataSourceAndAppFileAssociation>
    <ID>AA5312F761F5622411AA2B15A4C60B1C</ID>
    <AppName>ASD - 38D Forms View All Submissions</AppName>
    <FileName>Form H Submissions</FileName>
    <IsDefault>false</IsDefault>
    <ContentType>user\views</ContentType>
    <DataSourceName>ASD38DForms</DataSourceName>
    <DefName>ASD - 38D Forms View All Submissions_Form H Submissions</DefName>
    <CreatedBy>40003040</CreatedBy>
    <CreatedDate>2024-02-06T15:57:34.86</CreatedDate>
    <LastModifiedBy />
    <LastModifiedDate>0001-01-01T00:00:00Z</LastModifiedDate>
  </DataSourceAndAppFileAssociation>
  <DataSourceAndAppFileAssociation>
    <ID>AA5312F761F5622411AA2B16178F41AE</ID>
    <AppName>ASD - 38D Forms View All Submissions</AppName>
    <FileName>Form NC Submissions</FileName>
    <IsDefault>false</IsDefault>
    <ContentType>user\views</ContentType>
    <DataSourceName>ASD38DForms</DataSourceName>
    <DefName>ASD - 38D Forms View All Submissions_Form NC Submissions</DefName>
    <CreatedBy>40003040</CreatedBy>
    <CreatedDate>2024-02-06T15:57:34.86</CreatedDate>
    <LastModifiedBy />
    <LastModifiedDate>0001-01-01T00:00:00Z</LastModifiedDate>
  </DataSourceAndAppFileAssociation>
  <DataSourceAndAppFileAssociation>
    <ID>AA5312F761F5622411AA2B1769CA1A9B</ID>
    <AppName>ASD - 38D Forms View All Submissions</AppName>
    <FileName>Form O Submissions</FileName>
    <IsDefault>false</IsDefault>
    <ContentType>user\views</ContentType>
    <DataSourceName>ASD38DForms</DataSourceName>
    <DefName>ASD - 38D Forms View All Submissions_Form O Submissions</DefName>
    <CreatedBy>40003040</CreatedBy>
    <CreatedDate>2024-02-06T15:57:34.86</CreatedDate>
    <LastModifiedBy />
    <LastModifiedDate>0001-01-01T00:00:00Z</LastModifiedDate>
  </DataSourceAndAppFileAssociation>
  <DataSourceAndAppFileAssociation>
    <ID>AA5312F761F5622411AA2B1812E193EC</ID>
    <AppName>ASD - 38D Forms View All Submissions</AppName>
    <FileName>Form PK Submissions</FileName>
    <IsDefault>false</IsDefault>
    <ContentType>user\views</ContentType>
    <DataSourceName>ASD38DForms</DataSourceName>
    <DefName>ASD - 38D Forms View All Submissions_Form PK Submissions</DefName>
    <CreatedBy>40003040</CreatedBy>
    <CreatedDate>2024-02-06T15:57:34.86</CreatedDate>
    <LastModifiedBy />
    <LastModifiedDate>0001-01-01T00:00:00Z</LastModifiedDate>
  </DataSourceAndAppFileAssociation>
  <DataSourceAndAppFileAssociation>
    <ID>AA5312F761F5622411AA2B186D895862</ID>
    <AppName>ASD - 38D Forms View All Submissions</AppName>
    <FileName>Form SH Submissions</FileName>
    <IsDefault>false</IsDefault>
    <ContentType>user\views</ContentType>
    <DataSourceName>ASD38DForms</DataSourceName>
    <DefName>ASD - 38D Forms View All Submissions_Form SH Submissions</DefName>
    <CreatedBy>40003040</CreatedBy>
    <CreatedDate>2024-02-06T15:57:34.86</CreatedDate>
    <LastModifiedBy />
    <LastModifiedDate>0001-01-01T00:00:00Z</LastModifiedDate>
  </DataSourceAndAppFileAssociation>
  <DataSourceAndAppFileAssociation>
    <ID>AA5C12F761F5622411BB8BE8DAB89970</ID>
    <AppName>ASD - 38D Forms View All Submissions</AppName>
    <FileName>Form ST1 Submissions</FileName>
    <IsDefault>false</IsDefault>
    <ContentType>user\views</ContentType>
    <DataSourceName>ASD38DForms</DataSourceName>
    <DefName>ASD - 38D Forms View All Submissions_Form ST1 Submissions</DefName>
    <CreatedBy>40003040</CreatedBy>
    <CreatedDate>2024-02-06T15:57:34.86</CreatedDate>
    <LastModifiedBy />
    <LastModifiedDate>0001-01-01T00:00:00Z</LastModifiedDate>
  </DataSourceAndAppFileAssociation>
  <DataSourceAndAppFileAssociation>
    <ID>8272AB22530797BF11EEC565AFB9263A</ID>
    <AppName>ASD - 38D Forms View All Submissions</AppName>
    <FileName>Form W Submissions</FileName>
    <IsDefault>false</IsDefault>
    <ContentType>user\views</ContentType>
    <DataSourceName>ASD38DForms</DataSourceName>
    <DefName>ASD - 38D Forms View All Submissions_Form W Submissions</DefName>
    <CreatedBy>40003040</CreatedBy>
    <CreatedDate>2024-02-06T22:05:08.86</CreatedDate>
    <LastModifiedBy />
    <LastModifiedDate>0001-01-01T00:00:00Z</LastModifiedDate>
  </DataSourceAndAppFileAssociation>
  <DataSourceAndAppFileAssociation>
    <ID>AA5312F761F5622411AA1DC573F0BD68</ID>
    <AppName>ASD - 38D Forms View All Submissions</AppName>
    <FileName>New ASD - 38D Forms</FileName>
    <IsDefault>false</IsDefault>
    <ContentType>user\newforms</ContentType>
    <DataSourceName>ASD38DForms</DataSourceName>
    <DefName>ASD - 38D Forms View All Submissions_New ASD - 38D Forms</DefName>
    <CreatedBy>40003040</CreatedBy>
    <CreatedDate>2024-02-06T15:57:34.86</CreatedDate>
    <LastModifiedBy />
    <LastModifiedDate>0001-01-01T00:00:00Z</LastModifiedDate>
  </DataSourceAndAppFileAssociation>
  <DataSourceAndAppFileAssociation>
    <ID>AA5312F761F5622411AA1DC573F0BD45</ID>
    <AppName>ASD - 38D Forms View All Submissions</AppName>
    <FileName>Update ASD - 38D Forms</FileName>
    <IsDefault>false</IsDefault>
    <ContentType>user\updateforms</ContentType>
    <DataSourceName>ASD38DForms</DataSourceName>
    <DefName>ASD - 38D Forms View All Submissions_Update ASD - 38D Forms</DefName>
    <CreatedBy>40003040</CreatedBy>
    <CreatedDate>2024-02-06T15:57:34.86</CreatedDate>
    <LastModifiedBy />
    <LastModifiedDate>0001-01-01T00:00:00Z</LastModifiedDate>
  </DataSourceAndAppFileAssociation>
</ArrayOfDataSourceAndAppFileAssociation>