<?xml version="1.0"?>
<WFEnabledApplication xmlns:xsd="http://www.w3.org/2001/XMLSchema" xmlns:xsi="http://www.w3.org/2001/XMLSchema-instance" ID="825A93051559ACF811DDBD519DE127D0" Name="ASD - 38D Forms View All Submissions" Description="" Status="DRAFT" CreatedDate="2023-03-07T20:36:25.567" CreatedBy="40003040" AppType="StandaloneForms" Visibility="PAAS" ContentType="application" DisplayName="ASD - 38D Forms View All Submissions" AppLocale="customlocale" ParentApplicationId="">
  <Folder ID="825A93051559ACF811DDBD519DE127D1" Name="Shared Resources" ProcGroupID="" AppID="825A93051559ACF811DDBD519DE127D0" Description="" CreatedBy="40003040" CreatedDate="0001-01-01T00:00:00Z" LastModifiedBy="40003040" LastModifiedDate="0001-01-01T00:00:00Z" ContentType="Any" ParentFolderID="825A93051559ACF811DDBD519DE127D0" DisplayName="Shared Resources">
    <Folder ID="825A93051559ACF811DDBD519DE127D2" Name="Style Sheets" ProcGroupID="" AppID="825A93051559ACF811DDBD519DE127D0" Description="" CreatedBy="40003040" CreatedDate="0001-01-01T00:00:00Z" LastModifiedBy="40003040" LastModifiedDate="0001-01-01T00:00:00Z" ContentType="application\CSS" ParentFolderID="825A93051559ACF811DDBD519DE127D1" DisplayName="Style Sheets" />
    <Folder ID="825A93051559ACF811DDBD519DE127D3" Name="JavaScript" ProcGroupID="" AppID="825A93051559ACF811DDBD519DE127D0" Description="" CreatedBy="40003040" CreatedDate="0001-01-01T00:00:00Z" LastModifiedBy="40003040" LastModifiedDate="0001-01-01T00:00:00Z" ContentType="application\js" ParentFolderID="825A93051559ACF811DDBD519DE127D1" DisplayName="JavaScript" />
    <Folder ID="825A93051559ACF811DDBD519DE127D4" Name="Images" ProcGroupID="" AppID="825A93051559ACF811DDBD519DE127D0" Description="" CreatedBy="40003040" CreatedDate="0001-01-01T00:00:00Z" LastModifiedBy="40003040" LastModifiedDate="0001-01-01T00:00:00Z" ContentType="application\image" ParentFolderID="825A93051559ACF811DDBD519DE127D1" DisplayName="Images" />
    <Folder ID="825A93051559ACF811DDBD519DE127D5" Name="Access Tokens" ProcGroupID="" AppID="825A93051559ACF811DDBD519DE127D0" Description="" CreatedBy="40003040" CreatedDate="0001-01-01T00:00:00Z" LastModifiedBy="40003040" LastModifiedDate="0001-01-01T00:00:00Z" ContentType="application\apptoken" ParentFolderID="825A93051559ACF811DDBD519DE127D1" DisplayName="Access Tokens" />
    <Folder ID="825A93051559ACF811DDBD519DE127D6" Name="Application Resources" ProcGroupID="" AppID="825A93051559ACF811DDBD519DE127D0" Description="" CreatedBy="40003040" CreatedDate="0001-01-01T00:00:00Z" LastModifiedBy="40003040" LastModifiedDate="0001-01-01T00:00:00Z" ContentType="application\applicationresources" ParentFolderID="825A93051559ACF811DDBD519DE127D1" DisplayName="Application Resources" />
    <Folder ID="825FC2FFACA72A8211DDE63888F826D1" Name="Comments" ProcGroupID="825A93051559ACF811DDBD519DE127D1" AppID="825A93051559ACF811DDBD519DE127D0" Description="" CreatedBy="40003040" CreatedDate="2023-04-28T22:50:10.727" LastModifiedBy="40003040" LastModifiedDate="2023-04-28T22:50:10.727" ContentType="application\comments" ParentFolderID="825A93051559ACF811DDBD519DE127D1" DisplayName="Comments" />
  </Folder>
  <Folder ID="825A93051559ACF811DDBD519DE127D7" Name="App Model &amp; Resources" ProcGroupID="" AppID="825A93051559ACF811DDBD519DE127D0" Description="" CreatedBy="40003040" CreatedDate="0001-01-01T00:00:00Z" LastModifiedBy="40003040" LastModifiedDate="0001-01-01T00:00:00Z" ContentType="user\processgroup" ParentFolderID="825A93051559ACF811DDBD519DE127D0" DisplayName="App Model &amp; Resources">
    <Folder ID="825A93051559ACF811DDBD519DE127D8" Name="Data Model" ProcGroupID="825A93051559ACF811DDBD519DE127D7" AppID="825A93051559ACF811DDBD519DE127D0" Description="" CreatedBy="40003040" CreatedDate="0001-01-01T00:00:00Z" LastModifiedBy="40003040" LastModifiedDate="0001-01-01T00:00:00Z" ContentType="application\datamodel" ParentFolderID="825A93051559ACF811DDBD519DE127D7" DisplayName="Data Model">
      <File ID="8271C1FA043C471011EEC788CE766FF0" Name="Schema.xsd" BaseFileID="825A93051559ACF811DDBE3A9FE83882" PrevVerFileID="8272AB22530797BF11EEC565AFB92642" AppID="825A93051559ACF811DDBD519DE127D0" ParentFolderID="825A93051559ACF811DDBD519DE127D8" ProcGroupID="825A93051559ACF811DDBD519DE127D7" Description="" Version="1.15" Status="DRAFT" ContentType="user\datamodel" CheckedOutBy="" CheckedOutDate="0001-01-01T00:00:00Z" CreatedDate="2024-02-09T15:21:31.703" CreatedBy="40003040" LastModifiedDate="2024-02-09T15:22:45.41" LastModifiedBy="40003040" ThemeID="" ExtraInfo="[{&quot;Name&quot; : &quot;NamespaceUpdated&quot; , &quot;Value&quot; : &quot;True&quot;}]" DisplayName="Schema.xsd" />
      <File ID="8272AB22530797BF11EEC5325562E36E" Name="ASD38DForms" BaseFileID="8272AB22530797BF11EEC5325562E36E" PrevVerFileID="" AppID="825A93051559ACF811DDBD519DE127D0" ParentFolderID="825A93051559ACF811DDBD519DE127D8" ProcGroupID="825A93051559ACF811DDBD519DE127D7" Description="Datasource ASD38DForms Schema" Version="1.0" Status="RELEASED" ContentType="user\apdataentitydatamodel" CheckedOutBy="" CheckedOutDate="0001-01-01T00:00:00Z" CreatedDate="2024-02-06T15:57:34.49" CreatedBy="40003040" LastModifiedDate="2024-02-06T15:57:34.49" LastModifiedBy="40003040" ThemeID="" ExtraInfo="" DisplayName="ASD38DForms" />
    </Folder>
    <Folder ID="825A93051559ACF811DDBD519DE127DB" Name="Data Source" ProcGroupID="825A93051559ACF811DDBD519DE127D7" AppID="825A93051559ACF811DDBD519DE127D0" Description="" CreatedBy="40003040" CreatedDate="0001-01-01T00:00:00Z" LastModifiedBy="40003040" LastModifiedDate="0001-01-01T00:00:00Z" ContentType="application\datasources" ParentFolderID="825A93051559ACF811DDBD519DE127D7" DisplayName="Data Source">
      <File ID="8272AB22530797BF11EEC5325562E370" Name="ASD38DForms" BaseFileID="8272AB22530797BF11EEC5325562E370" PrevVerFileID="" AppID="825A93051559ACF811DDBD519DE127D0" ParentFolderID="825A93051559ACF811DDBD519DE127DB" ProcGroupID="825A93051559ACF811DDBD519DE127D7" Description="" Version="1.0" Status="RELEASED" ContentType="user\APDataEntityDataSource" CheckedOutBy="" CheckedOutDate="0001-01-01T00:00:00Z" CreatedDate="2024-02-06T15:57:34.49" CreatedBy="40003040" LastModifiedDate="2024-02-06T15:57:34.49" LastModifiedBy="40003040" ThemeID="" ExtraInfo="" DisplayName="ASD38DForms" />
    </Folder>
    <Folder ID="825A93051559ACF811DDBD519DE127DD" Name="Library" ProcGroupID="825A93051559ACF811DDBD519DE127D7" AppID="825A93051559ACF811DDBD519DE127D0" Description="" CreatedBy="40003040" CreatedDate="0001-01-01T00:00:00Z" LastModifiedBy="40003040" LastModifiedDate="0001-01-01T00:00:00Z" ContentType="application\taskformlibrary" ParentFolderID="825A93051559ACF811DDBD519DE127D7" DisplayName="Library">
      <File ID="8271C1FA043C471011EEC788CE766FEF" Name="Form Library" BaseFileID="825A93051559ACF811DDBE3A81EEDBBF" PrevVerFileID="8272AB22530797BF11EEC565AFB92641" AppID="825A93051559ACF811DDBD519DE127D0" ParentFolderID="825A93051559ACF811DDBD519DE127DD" ProcGroupID="825A93051559ACF811DDBD519DE127D7" Description="" Version="1.14" Status="DRAFT" ContentType="user\taskformlibrary" CheckedOutBy="" CheckedOutDate="0001-01-01T00:00:00Z" CreatedDate="2024-02-09T15:21:31.517" CreatedBy="40003040" LastModifiedDate="2024-02-09T15:22:45.457" LastModifiedBy="40003040" ThemeID="" ExtraInfo="" DisplayName="Form Library" />
    </Folder>
    <Folder ID="825A93051559ACF811DDBD519DE127DF" Name="Forms" ProcGroupID="825A93051559ACF811DDBD519DE127D7" AppID="825A93051559ACF811DDBD519DE127D0" Description="" CreatedBy="40003040" CreatedDate="0001-01-01T00:00:00Z" LastModifiedBy="40003040" LastModifiedDate="0001-01-01T00:00:00Z" ContentType="application\formsgroup" ParentFolderID="825A93051559ACF811DDBD519DE127D7" DisplayName="Forms">
      <Folder ID="825A93051559ACF811DDBD519DE127E0" Name="New" ProcGroupID="825A93051559ACF811DDBD519DE127D7" AppID="825A93051559ACF811DDBD519DE127D0" Description="" CreatedBy="40003040" CreatedDate="0001-01-01T00:00:00Z" LastModifiedBy="40003040" LastModifiedDate="0001-01-01T00:00:00Z" ContentType="application\newforms" ParentFolderID="825A93051559ACF811DDBD519DE127DF" DisplayName="New">
        <File ID="8272AB22530797BF11EEC5325562E373" Name="New ASD - 38D Forms" BaseFileID="8272AB22530797BF11EEC5325562E373" PrevVerFileID="" AppID="825A93051559ACF811DDBD519DE127D0" ParentFolderID="825A93051559ACF811DDBD519DE127E0" ProcGroupID="825A93051559ACF811DDBD519DE127D7" Description="" Version="1.0" Status="RELEASED" ContentType="user\newforms" CheckedOutBy="" CheckedOutDate="0001-01-01T00:00:00Z" CreatedDate="2024-02-06T15:57:34.537" CreatedBy="40003040" LastModifiedDate="2024-02-06T15:57:34.537" LastModifiedBy="40003040" ThemeID="" ExtraInfo="" DisplayName="New ASD - 38D Forms" />
      </Folder>
      <Folder ID="825A93051559ACF811DDBD519DE127E2" Name="Update" ProcGroupID="825A93051559ACF811DDBD519DE127D7" AppID="825A93051559ACF811DDBD519DE127D0" Description="" CreatedBy="40003040" CreatedDate="0001-01-01T00:00:00Z" LastModifiedBy="40003040" LastModifiedDate="0001-01-01T00:00:00Z" ContentType="application\updateforms" ParentFolderID="825A93051559ACF811DDBD519DE127DF" DisplayName="Update">
        <File ID="8272AB22530797BF11EEC5325562E375" Name="Update ASD - 38D Forms" BaseFileID="8272AB22530797BF11EEC5325562E375" PrevVerFileID="" AppID="825A93051559ACF811DDBD519DE127D0" ParentFolderID="825A93051559ACF811DDBD519DE127E2" ProcGroupID="825A93051559ACF811DDBD519DE127D7" Description="" Version="1.0" Status="RELEASED" ContentType="user\updateforms" CheckedOutBy="" CheckedOutDate="0001-01-01T00:00:00Z" CreatedDate="2024-02-06T15:57:34.553" CreatedBy="40003040" LastModifiedDate="2024-02-06T15:57:34.553" LastModifiedBy="40003040" ThemeID="" ExtraInfo="" DisplayName="Update ASD - 38D Forms" />
      </Folder>
      <Folder ID="825A93051559ACF811DDBD519DE127E4" Name="Widgets" ProcGroupID="825A93051559ACF811DDBD519DE127D7" AppID="825A93051559ACF811DDBD519DE127D0" Description="" CreatedBy="40003040" CreatedDate="0001-01-01T00:00:00Z" LastModifiedBy="40003040" LastModifiedDate="0001-01-01T00:00:00Z" ContentType="application\widgets" ParentFolderID="825A93051559ACF811DDBD519DE127DF" DisplayName="Widgets" />
      <Folder ID="825A93051559ACF811DDBD519DE127E5" Name="Views" ProcGroupID="825A93051559ACF811DDBD519DE127D7" AppID="825A93051559ACF811DDBD519DE127D0" Description="" CreatedBy="40003040" CreatedDate="0001-01-01T00:00:00Z" LastModifiedBy="40003040" LastModifiedDate="0001-01-01T00:00:00Z" ContentType="application\views" ParentFolderID="825A93051559ACF811DDBD519DE127DF" DisplayName="Views">
        <File ID="8271C1FA043C471011EEC788CE766FF1" Name="All ASD - 38D Forms" BaseFileID="8272AB22530797BF11EEC5325562E378" PrevVerFileID="8272AB22530797BF11EEC5325562E378" AppID="825A93051559ACF811DDBD519DE127D0" ParentFolderID="825A93051559ACF811DDBD519DE127E5" ProcGroupID="825A93051559ACF811DDBD519DE127D7" Description="" Version="1.01" Status="DRAFT" ContentType="user\views" CheckedOutBy="" CheckedOutDate="0001-01-01T00:00:00Z" CreatedDate="2024-02-09T15:21:31.703" CreatedBy="40003040" LastModifiedDate="2024-02-09T15:22:45.473" LastModifiedBy="40003040" ThemeID="" ExtraInfo="" DisplayName="All ASD - 38D Forms" />
        <File ID="8271C1FA043C471011EEC788E06BDA5E" Name="Form ST1 Submissions" BaseFileID="8272AB22530797BF11EEC5325562E37D" PrevVerFileID="8272AB22530797BF11EEC5325562E37D" AppID="825A93051559ACF811DDBD519DE127D0" ParentFolderID="825A93051559ACF811DDBD519DE127E5" ProcGroupID="825A93051559ACF811DDBD519DE127D7" Description="" Version="1.01" Status="DRAFT" ContentType="user\views" CheckedOutBy="" CheckedOutDate="0001-01-01T00:00:00Z" CreatedDate="2024-02-09T15:22:02.84" CreatedBy="40003040" LastModifiedDate="2024-02-09T15:22:45.473" LastModifiedBy="40003040" ThemeID="" ExtraInfo="" DisplayName="Form ST1 Submissions" />
        <File ID="8271C1FA043C471011EEC63C1A740E83" Name="Form W Submissions" BaseFileID="8272AB22530797BF11EEC565AFB92630" PrevVerFileID="8272AB22530797BF11EEC565AFB92630" AppID="825A93051559ACF811DDBD519DE127D0" ParentFolderID="825A93051559ACF811DDBD519DE127E5" ProcGroupID="825A93051559ACF811DDBD519DE127D7" Description="" Version="1.02" Status="DRAFT" ContentType="user\views" CheckedOutBy="" CheckedOutDate="0001-01-01T00:00:00Z" CreatedDate="2024-02-07T23:39:56.033" CreatedBy="40003040" LastModifiedDate="2024-02-07T23:41:13.42" LastModifiedBy="40003040" ThemeID="" ExtraInfo="" DisplayName="Form W Submissions" />
        <File ID="8271C1FA043C471011EEC5676F705482" Name="Form D Submissions" BaseFileID="8271C1FA043C471011EEC5676F705482" PrevVerFileID="" AppID="825A93051559ACF811DDBD519DE127D0" ParentFolderID="825A93051559ACF811DDBD519DE127E5" ProcGroupID="825A93051559ACF811DDBD519DE127D7" Description="" Version="1.01" Status="RELEASED" ContentType="user\views" CheckedOutBy="" CheckedOutDate="0001-01-01T00:00:00Z" CreatedDate="2024-02-06T22:17:42.657" CreatedBy="40003040" LastModifiedDate="2024-02-06T22:29:44.407" LastModifiedBy="40003040" ThemeID="" ExtraInfo="" DisplayName="Form D Submissions" />
        <File ID="8272AB22530797BF11EEC5325562E37C" Name="Form O Submissions" BaseFileID="8272AB22530797BF11EEC5325562E37C" PrevVerFileID="" AppID="825A93051559ACF811DDBD519DE127D0" ParentFolderID="825A93051559ACF811DDBD519DE127E5" ProcGroupID="825A93051559ACF811DDBD519DE127D7" Description="" Version="1.0" Status="RELEASED" ContentType="user\views" CheckedOutBy="" CheckedOutDate="0001-01-01T00:00:00Z" CreatedDate="2024-02-06T15:57:34.617" CreatedBy="40003040" LastModifiedDate="2024-02-06T15:57:34.617" LastModifiedBy="40003040" ThemeID="" ExtraInfo="" DisplayName="Form O Submissions" />
        <File ID="8272AB22530797BF11EEC5325562E37E" Name="Form SH Submissions" BaseFileID="8272AB22530797BF11EEC5325562E37E" PrevVerFileID="" AppID="825A93051559ACF811DDBD519DE127D0" ParentFolderID="825A93051559ACF811DDBD519DE127E5" ProcGroupID="825A93051559ACF811DDBD519DE127D7" Description="" Version="1.0" Status="RELEASED" ContentType="user\views" CheckedOutBy="" CheckedOutDate="0001-01-01T00:00:00Z" CreatedDate="2024-02-06T15:57:34.617" CreatedBy="40003040" LastModifiedDate="2024-02-06T15:57:34.617" LastModifiedBy="40003040" ThemeID="" ExtraInfo="" DisplayName="Form SH Submissions" />
        <File ID="8272AB22530797BF11EEC5325562E379" Name="Form NC Submissions" BaseFileID="8272AB22530797BF11EEC5325562E379" PrevVerFileID="" AppID="825A93051559ACF811DDBD519DE127D0" ParentFolderID="825A93051559ACF811DDBD519DE127E5" ProcGroupID="825A93051559ACF811DDBD519DE127D7" Description="" Version="1.0" Status="RELEASED" ContentType="user\views" CheckedOutBy="" CheckedOutDate="0001-01-01T00:00:00Z" CreatedDate="2024-02-06T15:57:34.6" CreatedBy="40003040" LastModifiedDate="2024-02-06T15:57:34.6" LastModifiedBy="40003040" ThemeID="" ExtraInfo="" DisplayName="Form NC Submissions" />
        <File ID="8272AB22530797BF11EEC5325562E37A" Name="Form H Submissions" BaseFileID="8272AB22530797BF11EEC5325562E37A" PrevVerFileID="" AppID="825A93051559ACF811DDBD519DE127D0" ParentFolderID="825A93051559ACF811DDBD519DE127E5" ProcGroupID="825A93051559ACF811DDBD519DE127D7" Description="" Version="1.0" Status="RELEASED" ContentType="user\views" CheckedOutBy="" CheckedOutDate="0001-01-01T00:00:00Z" CreatedDate="2024-02-06T15:57:34.6" CreatedBy="40003040" LastModifiedDate="2024-02-06T15:57:34.6" LastModifiedBy="40003040" ThemeID="" ExtraInfo="" DisplayName="Form H Submissions" />
        <File ID="8272AB22530797BF11EEC5325562E37B" Name="Form PK Submissions" BaseFileID="8272AB22530797BF11EEC5325562E37B" PrevVerFileID="" AppID="825A93051559ACF811DDBD519DE127D0" ParentFolderID="825A93051559ACF811DDBD519DE127E5" ProcGroupID="825A93051559ACF811DDBD519DE127D7" Description="" Version="1.0" Status="RELEASED" ContentType="user\views" CheckedOutBy="" CheckedOutDate="0001-01-01T00:00:00Z" CreatedDate="2024-02-06T15:57:34.6" CreatedBy="40003040" LastModifiedDate="2024-02-06T15:57:34.6" LastModifiedBy="40003040" ThemeID="" ExtraInfo="" DisplayName="Form PK Submissions" />
        <File ID="8272AB22530797BF11EEC5325562E377" Name="Form A2 Submissions" BaseFileID="8272AB22530797BF11EEC5325562E377" PrevVerFileID="" AppID="825A93051559ACF811DDBD519DE127D0" ParentFolderID="825A93051559ACF811DDBD519DE127E5" ProcGroupID="825A93051559ACF811DDBD519DE127D7" Description="" Version="1.0" Status="RELEASED" ContentType="user\views" CheckedOutBy="" CheckedOutDate="0001-01-01T00:00:00Z" CreatedDate="2024-02-06T15:57:34.583" CreatedBy="40003040" LastModifiedDate="2024-02-06T15:57:34.583" LastModifiedBy="40003040" ThemeID="" ExtraInfo="" DisplayName="Form A2 Submissions" />
      </Folder>
    </Folder>
    <Folder ID="825A93051559ACF811DDBD519DE127EE" Name="Lookups" ProcGroupID="825A93051559ACF811DDBD519DE127D7" AppID="825A93051559ACF811DDBD519DE127D0" Description="" CreatedBy="40003040" CreatedDate="0001-01-01T00:00:00Z" LastModifiedBy="40003040" LastModifiedDate="0001-01-01T00:00:00Z" ContentType="application\lookup" ParentFolderID="825A93051559ACF811DDBD519DE127D7" DisplayName="Lookups">
      <File ID="8271C1FA043C471011EEC63BFBF62442" Name="Get Form W Submissions" BaseFileID="8272AB22530797BF11EEC566646B76F3" PrevVerFileID="8272AB22530797BF11EEC566646B76F3" AppID="825A93051559ACF811DDBD519DE127D0" ParentFolderID="825A93051559ACF811DDBD519DE127EE" ProcGroupID="825A93051559ACF811DDBD519DE127D7" Description="" Version="1.02" Status="DRAFT" ContentType="user\lookupmulticolumn" CheckedOutBy="" CheckedOutDate="0001-01-01T00:00:00Z" CreatedDate="2024-02-07T23:39:04.263" CreatedBy="40003040" LastModifiedDate="2024-02-07T23:41:13.433" LastModifiedBy="40003040" ThemeID="" ExtraInfo="" DisplayName="Get Form W Submissions" />
      <File ID="8272AB22530797BF11EEC5681493E97D" Name="Get Form D Submissions" BaseFileID="8272AB22530797BF11EEC5681493E97D" PrevVerFileID="" AppID="825A93051559ACF811DDBD519DE127D0" ParentFolderID="825A93051559ACF811DDBD519DE127EE" ProcGroupID="825A93051559ACF811DDBD519DE127D7" Description="" Version="1.01" Status="RELEASED" ContentType="user\lookupmulticolumn" CheckedOutBy="" CheckedOutDate="0001-01-01T00:00:00Z" CreatedDate="2024-02-06T22:22:15.9" CreatedBy="40003040" LastModifiedDate="2024-02-06T22:29:44.44" LastModifiedBy="40003040" ThemeID="" ExtraInfo="" DisplayName="Get Form D Submissions" />
      <File ID="8272AB22530797BF11EEC5325562E391" Name="Form SH Submission" BaseFileID="8272AB22530797BF11EEC5325562E391" PrevVerFileID="" AppID="825A93051559ACF811DDBD519DE127D0" ParentFolderID="825A93051559ACF811DDBD519DE127EE" ProcGroupID="825A93051559ACF811DDBD519DE127D7" Description="" Version="1.0" Status="RELEASED" ContentType="user\lookupmulticolumn" CheckedOutBy="" CheckedOutDate="0001-01-01T00:00:00Z" CreatedDate="2024-02-06T15:57:34.727" CreatedBy="40003040" LastModifiedDate="2024-02-06T15:57:34.727" LastModifiedBy="40003040" ThemeID="" ExtraInfo="" DisplayName="Form SH Submission" />
      <File ID="8272AB22530797BF11EEC5325562E38E" Name="Get Form H Submissions" BaseFileID="8272AB22530797BF11EEC5325562E38E" PrevVerFileID="" AppID="825A93051559ACF811DDBD519DE127D0" ParentFolderID="825A93051559ACF811DDBD519DE127EE" ProcGroupID="825A93051559ACF811DDBD519DE127D7" Description="" Version="1.0" Status="RELEASED" ContentType="user\lookupmulticolumn" CheckedOutBy="" CheckedOutDate="0001-01-01T00:00:00Z" CreatedDate="2024-02-06T15:57:34.71" CreatedBy="40003040" LastModifiedDate="2024-02-06T15:57:34.71" LastModifiedBy="40003040" ThemeID="" ExtraInfo="" DisplayName="Get Form H Submissions" />
      <File ID="8272AB22530797BF11EEC5325562E38F" Name="Get Form NC Submissions" BaseFileID="8272AB22530797BF11EEC5325562E38F" PrevVerFileID="" AppID="825A93051559ACF811DDBD519DE127D0" ParentFolderID="825A93051559ACF811DDBD519DE127EE" ProcGroupID="825A93051559ACF811DDBD519DE127D7" Description="" Version="1.0" Status="RELEASED" ContentType="user\lookupmulticolumn" CheckedOutBy="" CheckedOutDate="0001-01-01T00:00:00Z" CreatedDate="2024-02-06T15:57:34.71" CreatedBy="40003040" LastModifiedDate="2024-02-06T15:57:34.71" LastModifiedBy="40003040" ThemeID="" ExtraInfo="" DisplayName="Get Form NC Submissions" />
      <File ID="8272AB22530797BF11EEC5325562E390" Name="Form ST1 Submission" BaseFileID="8272AB22530797BF11EEC5325562E390" PrevVerFileID="" AppID="825A93051559ACF811DDBD519DE127D0" ParentFolderID="825A93051559ACF811DDBD519DE127EE" ProcGroupID="825A93051559ACF811DDBD519DE127D7" Description="" Version="1.0" Status="RELEASED" ContentType="user\lookupmulticolumn" CheckedOutBy="" CheckedOutDate="0001-01-01T00:00:00Z" CreatedDate="2024-02-06T15:57:34.71" CreatedBy="40003040" LastModifiedDate="2024-02-06T15:57:34.71" LastModifiedBy="40003040" ThemeID="" ExtraInfo="" DisplayName="Form ST1 Submission" />
      <File ID="8272AB22530797BF11EEC5325562E38B" Name="Get Form PK Submissions" BaseFileID="8272AB22530797BF11EEC5325562E38B" PrevVerFileID="" AppID="825A93051559ACF811DDBD519DE127D0" ParentFolderID="825A93051559ACF811DDBD519DE127EE" ProcGroupID="825A93051559ACF811DDBD519DE127D7" Description="" Version="1.0" Status="RELEASED" ContentType="user\lookupmulticolumn" CheckedOutBy="" CheckedOutDate="0001-01-01T00:00:00Z" CreatedDate="2024-02-06T15:57:34.693" CreatedBy="40003040" LastModifiedDate="2024-02-06T15:57:34.693" LastModifiedBy="40003040" ThemeID="" ExtraInfo="" DisplayName="Get Form PK Submissions" />
      <File ID="8272AB22530797BF11EEC5325562E38C" Name="GetASD - 38D FormsRecentlyCreated" BaseFileID="8272AB22530797BF11EEC5325562E38C" PrevVerFileID="" AppID="825A93051559ACF811DDBD519DE127D0" ParentFolderID="825A93051559ACF811DDBD519DE127EE" ProcGroupID="825A93051559ACF811DDBD519DE127D7" Description="" Version="1.0" Status="RELEASED" ContentType="user\lookupmulticolumn" CheckedOutBy="" CheckedOutDate="0001-01-01T00:00:00Z" CreatedDate="2024-02-06T15:57:34.693" CreatedBy="40003040" LastModifiedDate="2024-02-06T15:57:34.693" LastModifiedBy="40003040" ThemeID="" ExtraInfo="" DisplayName="GetASD - 38D FormsRecentlyCreated" />
      <File ID="8272AB22530797BF11EEC5325562E38D" Name="GetASD - 38D FormsRecentlyModified" BaseFileID="8272AB22530797BF11EEC5325562E38D" PrevVerFileID="" AppID="825A93051559ACF811DDBD519DE127D0" ParentFolderID="825A93051559ACF811DDBD519DE127EE" ProcGroupID="825A93051559ACF811DDBD519DE127D7" Description="" Version="1.0" Status="RELEASED" ContentType="user\lookupmulticolumn" CheckedOutBy="" CheckedOutDate="0001-01-01T00:00:00Z" CreatedDate="2024-02-06T15:57:34.693" CreatedBy="40003040" LastModifiedDate="2024-02-06T15:57:34.693" LastModifiedBy="40003040" ThemeID="" ExtraInfo="" DisplayName="GetASD - 38D FormsRecentlyModified" />
      <File ID="8272AB22530797BF11EEC5325562E384" Name="Get Form O Submissions" BaseFileID="8272AB22530797BF11EEC5325562E384" PrevVerFileID="" AppID="825A93051559ACF811DDBD519DE127D0" ParentFolderID="825A93051559ACF811DDBD519DE127EE" ProcGroupID="825A93051559ACF811DDBD519DE127D7" Description="" Version="1.0" Status="RELEASED" ContentType="user\lookupmulticolumn" CheckedOutBy="" CheckedOutDate="0001-01-01T00:00:00Z" CreatedDate="2024-02-06T15:57:34.677" CreatedBy="40003040" LastModifiedDate="2024-02-06T15:57:34.677" LastModifiedBy="40003040" ThemeID="" ExtraInfo="" DisplayName="Get Form O Submissions" />
      <File ID="8272AB22530797BF11EEC5325562E383" Name="Get Form A2 Submissions" BaseFileID="8272AB22530797BF11EEC5325562E383" PrevVerFileID="" AppID="825A93051559ACF811DDBD519DE127D0" ParentFolderID="825A93051559ACF811DDBD519DE127EE" ProcGroupID="825A93051559ACF811DDBD519DE127D7" Description="" Version="1.0" Status="RELEASED" ContentType="user\lookupmulticolumn" CheckedOutBy="" CheckedOutDate="0001-01-01T00:00:00Z" CreatedDate="2024-02-06T15:57:34.663" CreatedBy="40003040" LastModifiedDate="2024-02-06T15:57:34.663" LastModifiedBy="40003040" ThemeID="" ExtraInfo="" DisplayName="Get Form A2 Submissions" />
      <File ID="8272AB22530797BF11EEC5325562E382" Name="GetASD - 38D Forms" BaseFileID="8272AB22530797BF11EEC5325562E382" PrevVerFileID="" AppID="825A93051559ACF811DDBD519DE127D0" ParentFolderID="825A93051559ACF811DDBD519DE127EE" ProcGroupID="825A93051559ACF811DDBD519DE127D7" Description="" Version="1.0" Status="RELEASED" ContentType="user\lookupmulticolumn" CheckedOutBy="" CheckedOutDate="0001-01-01T00:00:00Z" CreatedDate="2024-02-06T15:57:34.647" CreatedBy="40003040" LastModifiedDate="2024-02-06T15:57:34.647" LastModifiedBy="40003040" ThemeID="" ExtraInfo="" DisplayName="GetASD - 38D Forms" />
    </Folder>
    <Folder ID="825A93051559ACF811DDBD519DE127F9" Name="Translation" ProcGroupID="825A93051559ACF811DDBD519DE127D7" AppID="825A93051559ACF811DDBD519DE127D0" Description="" CreatedBy="40003040" CreatedDate="0001-01-01T00:00:00Z" LastModifiedBy="40003040" LastModifiedDate="0001-01-01T00:00:00Z" ContentType="application\translation" ParentFolderID="825A93051559ACF811DDBD519DE127D7" DisplayName="Translation" />
    <Folder ID="825A93051559ACF811DDBD519DE127FA" Name="Document Repository" ProcGroupID="825A93051559ACF811DDBD519DE127D7" AppID="825A93051559ACF811DDBD519DE127D0" Description="" CreatedBy="40003040" CreatedDate="0001-01-01T00:00:00Z" LastModifiedBy="40003040" LastModifiedDate="0001-01-01T00:00:00Z" ContentType="application\documentrepository" ParentFolderID="825A93051559ACF811DDBD519DE127D7" DisplayName="Document Repository" />
    <Folder ID="825A93051559ACF811DDBD519DE127FB" Name="System Files" ProcGroupID="825A93051559ACF811DDBD519DE127D7" AppID="825A93051559ACF811DDBD519DE127D0" Description="" CreatedBy="40003040" CreatedDate="0001-01-01T00:00:00Z" LastModifiedBy="40003040" LastModifiedDate="0001-01-01T00:00:00Z" ContentType="application\hidden" ParentFolderID="825A93051559ACF811DDBD519DE127D7" DisplayName="System Files" />
    <Folder ID="825A93051559ACF811DDBD519DE127FC" Name="Process Model" ProcGroupID="825A93051559ACF811DDBD519DE127D7" AppID="825A93051559ACF811DDBD519DE127D0" Description="" CreatedBy="40003040" CreatedDate="0001-01-01T00:00:00Z" LastModifiedBy="40003040" LastModifiedDate="0001-01-01T00:00:00Z" ContentType="application\processmodel" ParentFolderID="825A93051559ACF811DDBD519DE127D7" DisplayName="Process Model">
      <File ID="8272AB22530797BF11EEC565AFB9263F" Name="ASD - 38D Forms View All Submissions_Form W Submissions" BaseFileID="8272AB22530797BF11EEC565AFB9263F" PrevVerFileID="" AppID="825A93051559ACF811DDBD519DE127D0" ParentFolderID="825A93051559ACF811DDBD519DE127FC" ProcGroupID="825A93051559ACF811DDBD519DE127D7" Description="" Version="1.01" Status="RELEASED" ContentType="user\processmodel" CheckedOutBy="" CheckedOutDate="0001-01-01T00:00:00Z" CreatedDate="2024-02-06T22:05:09.11" CreatedBy="40003040" LastModifiedDate="2024-02-06T22:29:44.47" LastModifiedBy="40003040" ThemeID="" ExtraInfo="" DisplayName="Form W Submissions" />
      <File ID="8271C1FA043C471011EEC5676F705490" Name="ASD - 38D Forms View All Submissions_Form D Submissions" BaseFileID="8271C1FA043C471011EEC5676F705490" PrevVerFileID="" AppID="825A93051559ACF811DDBD519DE127D0" ParentFolderID="825A93051559ACF811DDBD519DE127FC" ProcGroupID="825A93051559ACF811DDBD519DE127D7" Description="" Version="1.01" Status="RELEASED" ContentType="user\processmodel" CheckedOutBy="" CheckedOutDate="0001-01-01T00:00:00Z" CreatedDate="2024-02-06T22:17:43.14" CreatedBy="40003040" LastModifiedDate="2024-02-06T22:29:44.453" LastModifiedBy="40003040" ThemeID="" ExtraInfo="" DisplayName="Form D Submissions" />
      <File ID="8272AB22530797BF11EEC5325562E3A0" Name="ASD - 38D Forms View All Submissions_Form ST1 Submissions" BaseFileID="8272AB22530797BF11EEC5325562E3A0" PrevVerFileID="" AppID="825A93051559ACF811DDBD519DE127D0" ParentFolderID="825A93051559ACF811DDBD519DE127FC" ProcGroupID="825A93051559ACF811DDBD519DE127D7" Description="" Version="1.0" Status="RELEASED" ContentType="user\processmodel" CheckedOutBy="" CheckedOutDate="0001-01-01T00:00:00Z" CreatedDate="2024-02-06T15:57:34.837" CreatedBy="40003040" LastModifiedDate="2024-02-06T15:57:34.837" LastModifiedBy="40003040" ThemeID="" ExtraInfo="" DisplayName="Form ST1 Submissions" />
      <File ID="8272AB22530797BF11EEC5325562E39E" Name="ASD - 38D Forms View All Submissions_Form A2 Submissions" BaseFileID="8272AB22530797BF11EEC5325562E39E" PrevVerFileID="" AppID="825A93051559ACF811DDBD519DE127D0" ParentFolderID="825A93051559ACF811DDBD519DE127FC" ProcGroupID="825A93051559ACF811DDBD519DE127D7" Description="" Version="1.0" Status="RELEASED" ContentType="user\processmodel" CheckedOutBy="" CheckedOutDate="0001-01-01T00:00:00Z" CreatedDate="2024-02-06T15:57:34.82" CreatedBy="40003040" LastModifiedDate="2024-02-06T15:57:34.82" LastModifiedBy="40003040" ThemeID="" ExtraInfo="" DisplayName="Form A2 Submissions" />
      <File ID="8272AB22530797BF11EEC5325562E39F" Name="ASD - 38D Forms View All Submissions_Form H Submissions" BaseFileID="8272AB22530797BF11EEC5325562E39F" PrevVerFileID="" AppID="825A93051559ACF811DDBD519DE127D0" ParentFolderID="825A93051559ACF811DDBD519DE127FC" ProcGroupID="825A93051559ACF811DDBD519DE127D7" Description="" Version="1.0" Status="RELEASED" ContentType="user\processmodel" CheckedOutBy="" CheckedOutDate="0001-01-01T00:00:00Z" CreatedDate="2024-02-06T15:57:34.82" CreatedBy="40003040" LastModifiedDate="2024-02-06T15:57:34.82" LastModifiedBy="40003040" ThemeID="" ExtraInfo="" DisplayName="Form H Submissions" />
      <File ID="8272AB22530797BF11EEC5325562E39B" Name="ASD - 38D Forms View All Submissions_Form NC Submissions" BaseFileID="8272AB22530797BF11EEC5325562E39B" PrevVerFileID="" AppID="825A93051559ACF811DDBD519DE127D0" ParentFolderID="825A93051559ACF811DDBD519DE127FC" ProcGroupID="825A93051559ACF811DDBD519DE127D7" Description="" Version="1.0" Status="RELEASED" ContentType="user\processmodel" CheckedOutBy="" CheckedOutDate="0001-01-01T00:00:00Z" CreatedDate="2024-02-06T15:57:34.803" CreatedBy="40003040" LastModifiedDate="2024-02-06T15:57:34.803" LastModifiedBy="40003040" ThemeID="" ExtraInfo="" DisplayName="Form NC Submissions" />
      <File ID="8272AB22530797BF11EEC5325562E39C" Name="ASD - 38D Forms View All Submissions_Form O Submissions" BaseFileID="8272AB22530797BF11EEC5325562E39C" PrevVerFileID="" AppID="825A93051559ACF811DDBD519DE127D0" ParentFolderID="825A93051559ACF811DDBD519DE127FC" ProcGroupID="825A93051559ACF811DDBD519DE127D7" Description="" Version="1.0" Status="RELEASED" ContentType="user\processmodel" CheckedOutBy="" CheckedOutDate="0001-01-01T00:00:00Z" CreatedDate="2024-02-06T15:57:34.803" CreatedBy="40003040" LastModifiedDate="2024-02-06T15:57:34.803" LastModifiedBy="40003040" ThemeID="" ExtraInfo="" DisplayName="Form O Submissions" />
      <File ID="8272AB22530797BF11EEC5325562E39D" Name="ASD - 38D Forms View All Submissions_Form PK Submissions" BaseFileID="8272AB22530797BF11EEC5325562E39D" PrevVerFileID="" AppID="825A93051559ACF811DDBD519DE127D0" ParentFolderID="825A93051559ACF811DDBD519DE127FC" ProcGroupID="825A93051559ACF811DDBD519DE127D7" Description="" Version="1.0" Status="RELEASED" ContentType="user\processmodel" CheckedOutBy="" CheckedOutDate="0001-01-01T00:00:00Z" CreatedDate="2024-02-06T15:57:34.803" CreatedBy="40003040" LastModifiedDate="2024-02-06T15:57:34.803" LastModifiedBy="40003040" ThemeID="" ExtraInfo="" DisplayName="Form PK Submissions" />
      <File ID="8272AB22530797BF11EEC5325562E398" Name="ASD - 38D Forms View All Submissions_Recently Modified ASD - 38D Forms" BaseFileID="8272AB22530797BF11EEC5325562E398" PrevVerFileID="" AppID="825A93051559ACF811DDBD519DE127D0" ParentFolderID="825A93051559ACF811DDBD519DE127FC" ProcGroupID="825A93051559ACF811DDBD519DE127D7" Description="" Version="1.0" Status="RELEASED" ContentType="user\processmodel" CheckedOutBy="" CheckedOutDate="0001-01-01T00:00:00Z" CreatedDate="2024-02-06T15:57:34.787" CreatedBy="40003040" LastModifiedDate="2024-02-06T15:57:34.787" LastModifiedBy="40003040" ThemeID="" ExtraInfo="" DisplayName="Recently Modified ASD - 38D Forms" />
      <File ID="8272AB22530797BF11EEC5325562E399" Name="ASD - 38D Forms View All Submissions_Form SH Submissions" BaseFileID="8272AB22530797BF11EEC5325562E399" PrevVerFileID="" AppID="825A93051559ACF811DDBD519DE127D0" ParentFolderID="825A93051559ACF811DDBD519DE127FC" ProcGroupID="825A93051559ACF811DDBD519DE127D7" Description="" Version="1.0" Status="RELEASED" ContentType="user\processmodel" CheckedOutBy="" CheckedOutDate="0001-01-01T00:00:00Z" CreatedDate="2024-02-06T15:57:34.787" CreatedBy="40003040" LastModifiedDate="2024-02-06T15:57:34.787" LastModifiedBy="40003040" ThemeID="" ExtraInfo="" DisplayName="Form SH Submissions" />
      <File ID="8272AB22530797BF11EEC5325562E39A" Name="ASD - 38D Forms View All Submissions_Update ASD - 38D Forms" BaseFileID="8272AB22530797BF11EEC5325562E39A" PrevVerFileID="" AppID="825A93051559ACF811DDBD519DE127D0" ParentFolderID="825A93051559ACF811DDBD519DE127FC" ProcGroupID="825A93051559ACF811DDBD519DE127D7" Description="" Version="1.0" Status="RELEASED" ContentType="user\processmodel" CheckedOutBy="" CheckedOutDate="0001-01-01T00:00:00Z" CreatedDate="2024-02-06T15:57:34.787" CreatedBy="40003040" LastModifiedDate="2024-02-06T15:57:34.787" LastModifiedBy="40003040" ThemeID="" ExtraInfo="" DisplayName="Update ASD - 38D Forms" />
      <File ID="8272AB22530797BF11EEC5325562E396" Name="ASD - 38D Forms View All Submissions_New ASD - 38D Forms" BaseFileID="8272AB22530797BF11EEC5325562E396" PrevVerFileID="" AppID="825A93051559ACF811DDBD519DE127D0" ParentFolderID="825A93051559ACF811DDBD519DE127FC" ProcGroupID="825A93051559ACF811DDBD519DE127D7" Description="" Version="1.0" Status="RELEASED" ContentType="user\processmodel" CheckedOutBy="" CheckedOutDate="0001-01-01T00:00:00Z" CreatedDate="2024-02-06T15:57:34.773" CreatedBy="40003040" LastModifiedDate="2024-02-06T15:57:34.773" LastModifiedBy="40003040" ThemeID="" ExtraInfo="" DisplayName="New ASD - 38D Forms" />
      <File ID="8272AB22530797BF11EEC5325562E397" Name="ASD - 38D Forms View All Submissions_All ASD - 38D Forms" BaseFileID="8272AB22530797BF11EEC5325562E397" PrevVerFileID="" AppID="825A93051559ACF811DDBD519DE127D0" ParentFolderID="825A93051559ACF811DDBD519DE127FC" ProcGroupID="825A93051559ACF811DDBD519DE127D7" Description="" Version="1.0" Status="RELEASED" ContentType="user\processmodel" CheckedOutBy="" CheckedOutDate="0001-01-01T00:00:00Z" CreatedDate="2024-02-06T15:57:34.773" CreatedBy="40003040" LastModifiedDate="2024-02-06T15:57:34.773" LastModifiedBy="40003040" ThemeID="" ExtraInfo="" DisplayName="All ASD - 38D Forms" />
      <File ID="8272AB22530797BF11EEC5325562E395" Name="ASD - 38D Forms View All Submissions_Recently Created ASD - 38D Forms" BaseFileID="8272AB22530797BF11EEC5325562E395" PrevVerFileID="" AppID="825A93051559ACF811DDBD519DE127D0" ParentFolderID="825A93051559ACF811DDBD519DE127FC" ProcGroupID="825A93051559ACF811DDBD519DE127D7" Description="" Version="1.0" Status="RELEASED" ContentType="user\processmodel" CheckedOutBy="" CheckedOutDate="0001-01-01T00:00:00Z" CreatedDate="2024-02-06T15:57:34.757" CreatedBy="40003040" LastModifiedDate="2024-02-06T15:57:34.757" LastModifiedBy="40003040" ThemeID="" ExtraInfo="" DisplayName="Recently Created ASD - 38D Forms" />
    </Folder>
    <Folder ID="825A93051559ACF811DDBD519DE1280F" Name="Notification" ProcGroupID="825A93051559ACF811DDBD519DE127D7" AppID="825A93051559ACF811DDBD519DE127D0" Description="" CreatedBy="40003040" CreatedDate="0001-01-01T00:00:00Z" LastModifiedBy="40003040" LastModifiedDate="0001-01-01T00:00:00Z" ContentType="application\notification" ParentFolderID="825A93051559ACF811DDBD519DE127D7" DisplayName="Notification">
      <Folder ID="825A93051559ACF811DDBD519DE12813" Name="Attachment Repository" ProcGroupID="825A93051559ACF811DDBD519DE127D7" AppID="825A93051559ACF811DDBD519DE127D0" Description="" CreatedBy="40003040" CreatedDate="0001-01-01T00:00:00Z" LastModifiedBy="40003040" LastModifiedDate="0001-01-01T00:00:00Z" ContentType="application\attachmentrepository" ParentFolderID="825A93051559ACF811DDBD519DE1280F" DisplayName="Attachment Repository" />
      <Folder ID="825FC2FFACA72A8211DDE63888F82720" Name="E-mails" ProcGroupID="825A93051559ACF811DDBD519DE127D7" AppID="825A93051559ACF811DDBD519DE127D0" Description="" CreatedBy="40003040" CreatedDate="2023-04-28T22:50:11.587" LastModifiedBy="40003040" LastModifiedDate="2023-04-28T22:50:11.587" ContentType="application\email" ParentFolderID="825A93051559ACF811DDBD519DE1280F" DisplayName="E-mails" />
    </Folder>
  </Folder>
</WFEnabledApplication>