<?xml version="1.0"?>
<WFApplicationDynamicDependencies xmlns:xsd="http://www.w3.org/2001/XMLSchema" xmlns:xsi="http://www.w3.org/2001/XMLSchema-instance">
  <AppName>ARM - Request to Destroy Obsolete Records</AppName>
  <Version>1.39</Version>
  <SharedAttributes>
    <SharedCustomAttribute>
      <AttributeName>LastYear</AttributeName>
      <UsedIn>
        <DependencyUsedIn>
          <FileName>Form Library</FileName>
          <FileDisplayName>Form Library</FileDisplayName>
          <Activities />
          <FileType>eForm Library</FileType>
          <NumberOfTimesUsed>1</NumberOfTimesUsed>
        </DependencyUsedIn>
      </UsedIn>
      <IsExists>false</IsExists>
    </SharedCustomAttribute>
  </SharedAttributes>
  <Groups>
    <Group>
      <GroupName>ARM- Archives Records Management Approval</GroupName>
      <UsedIn>
        <DependencyUsedIn>
          <FileName>ARM - Request to Destroy Obsolete Records</FileName>
          <FileDisplayName>ARM - Request to Destroy Obsolete Records</FileDisplayName>
          <Activities>
            <Activity>
              <InternalName>eForms_StandardTask.4</InternalName>
              <DisplayName>ARM Approval</DisplayName>
            </Activity>
            <Activity>
              <InternalName>eForms_StandardTask.3</InternalName>
              <DisplayName>Counsel</DisplayName>
            </Activity>
            <Activity>
              <InternalName>eForms_StandardTask.2</InternalName>
              <DisplayName>City Clerk</DisplayName>
            </Activity>
            <Activity>
              <InternalName>eForms_StartTask.1</InternalName>
              <DisplayName>Initial Submission</DisplayName>
            </Activity>
          </Activities>
          <FileType>Process Model</FileType>
          <NumberOfTimesUsed>1</NumberOfTimesUsed>
        </DependencyUsedIn>
      </UsedIn>
      <IsExists>false</IsExists>
    </Group>
    <Group>
      <GroupName>DoIT - Forms Team</GroupName>
      <UsedIn>
        <DependencyUsedIn>
          <FileName>ARM - Request to Destroy Obsolete Records</FileName>
          <FileDisplayName>ARM - Request to Destroy Obsolete Records</FileDisplayName>
          <Activities>
            <Activity>
              <InternalName>eForms_StandardTask.4</InternalName>
              <DisplayName>ARM Approval</DisplayName>
            </Activity>
            <Activity>
              <InternalName>eForms_StandardTask.3</InternalName>
              <DisplayName>Counsel</DisplayName>
            </Activity>
            <Activity>
              <InternalName>eForms_StandardTask.2</InternalName>
              <DisplayName>City Clerk</DisplayName>
            </Activity>
            <Activity>
              <InternalName>eForms_StartTask.1</InternalName>
              <DisplayName>Initial Submission</DisplayName>
            </Activity>
          </Activities>
          <FileType>Process Model</FileType>
          <NumberOfTimesUsed>3</NumberOfTimesUsed>
        </DependencyUsedIn>
      </UsedIn>
      <IsExists>false</IsExists>
    </Group>
    <Group>
      <GroupName>AgilePoint Administrators</GroupName>
      <UsedIn>
        <DependencyUsedIn>
          <FileName>ARM - Request to Destroy Obsolete Records</FileName>
          <FileDisplayName>ARM - Request to Destroy Obsolete Records</FileDisplayName>
          <Activities>
            <Activity>
              <InternalName>eForms_StandardTask.4</InternalName>
              <DisplayName>ARM Approval</DisplayName>
            </Activity>
            <Activity>
              <InternalName>eForms_StandardTask.3</InternalName>
              <DisplayName>Counsel</DisplayName>
            </Activity>
            <Activity>
              <InternalName>eForms_StandardTask.2</InternalName>
              <DisplayName>City Clerk</DisplayName>
            </Activity>
            <Activity>
              <InternalName>eForms_StartTask.1</InternalName>
              <DisplayName>Initial Submission</DisplayName>
            </Activity>
          </Activities>
          <FileType>Process Model</FileType>
          <NumberOfTimesUsed>4</NumberOfTimesUsed>
        </DependencyUsedIn>
      </UsedIn>
      <IsExists>false</IsExists>
    </Group>
    <Group>
      <GroupName>ARM - City Counsel</GroupName>
      <UsedIn>
        <DependencyUsedIn>
          <FileName>ARM - Request to Destroy Obsolete Records</FileName>
          <FileDisplayName>ARM - Request to Destroy Obsolete Records</FileDisplayName>
          <Activities>
            <Activity>
              <InternalName>eForms_StandardTask.3</InternalName>
              <DisplayName>Counsel</DisplayName>
            </Activity>
            <Activity>
              <InternalName>eForms_StandardTask.2</InternalName>
              <DisplayName>City Clerk</DisplayName>
            </Activity>
          </Activities>
          <FileType>Process Model</FileType>
          <NumberOfTimesUsed>1</NumberOfTimesUsed>
        </DependencyUsedIn>
        <DependencyUsedIn>
          <FileName>Counsel Email Notification</FileName>
          <FileDisplayName>Counsel Email Notification</FileDisplayName>
          <Activities />
          <FileType>Email Notification</FileType>
          <NumberOfTimesUsed>1</NumberOfTimesUsed>
        </DependencyUsedIn>
      </UsedIn>
      <IsExists>false</IsExists>
    </Group>
    <Group>
      <GroupName>ARM - Archives Records Management</GroupName>
      <UsedIn>
        <DependencyUsedIn>
          <FileName>ARM - Request to Destroy Obsolete Records</FileName>
          <FileDisplayName>ARM - Request to Destroy Obsolete Records</FileDisplayName>
          <Activities>
            <Activity>
              <InternalName>eForms_StandardTask.3</InternalName>
              <DisplayName>Counsel</DisplayName>
            </Activity>
            <Activity>
              <InternalName>eForms_StandardTask.2</InternalName>
              <DisplayName>City Clerk</DisplayName>
            </Activity>
          </Activities>
          <FileType>Process Model</FileType>
          <NumberOfTimesUsed>2</NumberOfTimesUsed>
        </DependencyUsedIn>
        <DependencyUsedIn>
          <FileName>Send to State Email</FileName>
          <FileDisplayName>Send to State Email</FileDisplayName>
          <Activities />
          <FileType>Email Notification</FileType>
          <NumberOfTimesUsed>1</NumberOfTimesUsed>
        </DependencyUsedIn>
        <DependencyUsedIn>
          <FileName>Archives and Records Management Email Notification</FileName>
          <FileDisplayName>Archives and Records Management Email Notification</FileDisplayName>
          <Activities />
          <FileType>Email Notification</FileType>
          <NumberOfTimesUsed>1</NumberOfTimesUsed>
        </DependencyUsedIn>
      </UsedIn>
      <IsExists>false</IsExists>
    </Group>
    <Group>
      <GroupName>ARM - City Clerk</GroupName>
      <UsedIn>
        <DependencyUsedIn>
          <FileName>ARM - Request to Destroy Obsolete Records</FileName>
          <FileDisplayName>ARM - Request to Destroy Obsolete Records</FileDisplayName>
          <Activities>
            <Activity>
              <InternalName>eForms_StandardTask.2</InternalName>
              <DisplayName>City Clerk</DisplayName>
            </Activity>
          </Activities>
          <FileType>Process Model</FileType>
          <NumberOfTimesUsed>1</NumberOfTimesUsed>
        </DependencyUsedIn>
        <DependencyUsedIn>
          <FileName>Email City Clerk Notification</FileName>
          <FileDisplayName>Email City Clerk Notification</FileDisplayName>
          <Activities />
          <FileType>Email Notification</FileType>
          <NumberOfTimesUsed>1</NumberOfTimesUsed>
        </DependencyUsedIn>
      </UsedIn>
      <IsExists>false</IsExists>
    </Group>
  </Groups>
  <PredefinedLists>
    <PredefinedList>
      <ListName>COB Departments</ListName>
      <UsedIn>
        <DependencyUsedIn>
          <FileName>Form Library</FileName>
          <FileDisplayName>Form Library</FileDisplayName>
          <Activities />
          <FileType>eForm Library</FileType>
          <NumberOfTimesUsed>1</NumberOfTimesUsed>
        </DependencyUsedIn>
      </UsedIn>
      <IsExists>false</IsExists>
    </PredefinedList>
  </PredefinedLists>
  <DataEntities>
    <DataEntity>
      <EntityName>ARMRecordsDestruction__u</EntityName>
      <EntityDisplayName>ARM - Records Destruction</EntityDisplayName>
      <UsedIn>
        <DependencyUsedIn>
          <FileName>ARM - Request to Destroy Obsolete Records</FileName>
          <FileDisplayName>ARM - Request to Destroy Obsolete Records</FileDisplayName>
          <Activities>
            <Activity>
              <InternalName>UpdateAPDataEntity.1</InternalName>
              <DisplayName>Save Information to Data Entity</DisplayName>
            </Activity>
          </Activities>
          <FileType>Process Model</FileType>
          <NumberOfTimesUsed>1</NumberOfTimesUsed>
        </DependencyUsedIn>
        <DependencyUsedIn>
          <FileName>ARMRecordDestruction</FileName>
          <FileDisplayName>ARMRecordDestruction</FileDisplayName>
          <Activities />
          <FileType>Data Source</FileType>
          <NumberOfTimesUsed>1</NumberOfTimesUsed>
        </DependencyUsedIn>
      </UsedIn>
      <IsExists>false</IsExists>
    </DataEntity>
    <DataEntity>
      <EntityName>armrecordsdestchildren__u</EntityName>
      <EntityDisplayName>ARM - Records Dest Children</EntityDisplayName>
      <UsedIn>
        <DependencyUsedIn>
          <FileName>ARMRecordDestruction</FileName>
          <FileDisplayName>ARMRecordDestruction</FileDisplayName>
          <Activities />
          <FileType>Data Source</FileType>
          <NumberOfTimesUsed>1</NumberOfTimesUsed>
        </DependencyUsedIn>
      </UsedIn>
      <IsExists>false</IsExists>
    </DataEntity>
  </DataEntities>
</WFApplicationDynamicDependencies>