<?xml version="1.0"?>
<WFEnabledApplication xmlns:xsd="http://www.w3.org/2001/XMLSchema" xmlns:xsi="http://www.w3.org/2001/XMLSchema-instance" ID="AA82C3140F2EFB6011EE00B493634EA7" Name="ARM - Request to Destroy Obsolete Records" Description="" Status="DRAFT" CreatedDate="2023-06-01T15:43:27.273" CreatedBy="40000730" AppType="eForms" Visibility="PAAS" ContentType="application" DisplayName="ARM - Request to Destroy Obsolete Records" AppLocale="customlocale" ParentApplicationId="">
  <Folder ID="AA82C3140F2EFB6011EE00B493634EA8" Name="Shared Resources" ProcGroupID="" AppID="AA82C3140F2EFB6011EE00B493634EA7" Description="" CreatedBy="40000730" CreatedDate="0001-01-01T00:00:00Z" LastModifiedBy="40000730" LastModifiedDate="0001-01-01T00:00:00Z" ContentType="Any" ParentFolderID="AA82C3140F2EFB6011EE00B493634EA7" DisplayName="Shared Resources">
    <Folder ID="AA82C3140F2EFB6011EE00B493634EA9" Name="Style Sheets" ProcGroupID="" AppID="AA82C3140F2EFB6011EE00B493634EA7" Description="" CreatedBy="40000730" CreatedDate="0001-01-01T00:00:00Z" LastModifiedBy="40000730" LastModifiedDate="0001-01-01T00:00:00Z" ContentType="application\CSS" ParentFolderID="AA82C3140F2EFB6011EE00B493634EA8" DisplayName="Style Sheets" />
    <Folder ID="AA82C3140F2EFB6011EE00B493634EAA" Name="JavaScript" ProcGroupID="" AppID="AA82C3140F2EFB6011EE00B493634EA7" Description="" CreatedBy="40000730" CreatedDate="0001-01-01T00:00:00Z" LastModifiedBy="40000730" LastModifiedDate="0001-01-01T00:00:00Z" ContentType="application\js" ParentFolderID="AA82C3140F2EFB6011EE00B493634EA8" DisplayName="JavaScript" />
    <Folder ID="AA82C3140F2EFB6011EE00B493634EAB" Name="Images" ProcGroupID="" AppID="AA82C3140F2EFB6011EE00B493634EA7" Description="" CreatedBy="40000730" CreatedDate="0001-01-01T00:00:00Z" LastModifiedBy="40000730" LastModifiedDate="0001-01-01T00:00:00Z" ContentType="application\image" ParentFolderID="AA82C3140F2EFB6011EE00B493634EA8" DisplayName="Images" />
    <Folder ID="AA82C3140F2EFB6011EE00B493634EAD" Name="Access Tokens" ProcGroupID="" AppID="AA82C3140F2EFB6011EE00B493634EA7" Description="" CreatedBy="40000730" CreatedDate="0001-01-01T00:00:00Z" LastModifiedBy="40000730" LastModifiedDate="0001-01-01T00:00:00Z" ContentType="application\apptoken" ParentFolderID="AA82C3140F2EFB6011EE00B493634EA8" DisplayName="Access Tokens" />
    <Folder ID="AA82C3140F2EFB6011EE00B493634EAE" Name="Application Resources" ProcGroupID="" AppID="AA82C3140F2EFB6011EE00B493634EA7" Description="" CreatedBy="40000730" CreatedDate="0001-01-01T00:00:00Z" LastModifiedBy="40000730" LastModifiedDate="0001-01-01T00:00:00Z" ContentType="application\applicationresources" ParentFolderID="AA82C3140F2EFB6011EE00B493634EA8" DisplayName="Application Resources" />
    <Folder ID="AA82C3140F2EFB6011EE00B493634ED8" Name="Comments" ProcGroupID="AA82C3140F2EFB6011EE00B493634EA8" AppID="AA82C3140F2EFB6011EE00B493634EA7" Description="" CreatedBy="40000730" CreatedDate="2023-06-01T15:43:28.177" LastModifiedBy="40000730" LastModifiedDate="2023-06-01T15:43:28.177" ContentType="application\comments" ParentFolderID="AA82C3140F2EFB6011EE00B493634EA8" DisplayName="Comments" />
  </Folder>
  <Folder ID="AA82C3140F2EFB6011EE00B493634EAF" Name="Processes" ProcGroupID="" AppID="AA82C3140F2EFB6011EE00B493634EA7" Description="" CreatedBy="40000730" CreatedDate="0001-01-01T00:00:00Z" LastModifiedBy="40000730" LastModifiedDate="0001-01-01T00:00:00Z" ContentType="application\processgroup" ParentFolderID="AA82C3140F2EFB6011EE00B493634EA7" DisplayName="Processes">
    <Folder ID="AA82C3140F2EFB6011EE00B493634EB0" Name="ARM - Request to Destroy Obsolete Records" ProcGroupID="" AppID="AA82C3140F2EFB6011EE00B493634EA7" Description="" CreatedBy="40000730" CreatedDate="0001-01-01T00:00:00Z" LastModifiedBy="40000730" LastModifiedDate="0001-01-01T00:00:00Z" ContentType="user\processgroup" ParentFolderID="AA82C3140F2EFB6011EE00B493634EAF" DisplayName="ARM - Request to Destroy Obsolete Records">
      <Folder ID="AA82C3140F2EFB6011EE00B493634EB1" Name="Process Model" ProcGroupID="AA82C3140F2EFB6011EE00B493634EB0" AppID="AA82C3140F2EFB6011EE00B493634EA7" Description="" CreatedBy="40000730" CreatedDate="0001-01-01T00:00:00Z" LastModifiedBy="40000730" LastModifiedDate="0001-01-01T00:00:00Z" ContentType="application\processmodel" ParentFolderID="AA82C3140F2EFB6011EE00B493634EB0" DisplayName="Process Model">
        <File ID="BAE6122DC7151DEB11FFE31690965B36" Name="ARM - Request to Destroy Obsolete Records" BaseFileID="AA82C3140F2EFB6011EE00B493634EB2" PrevVerFileID="BAE6122DC7151DEB11FFE019F7273133" AppID="AA82C3140F2EFB6011EE00B493634EA7" ParentFolderID="AA82C3140F2EFB6011EE00B493634EB1" ProcGroupID="AA82C3140F2EFB6011EE00B493634EB0" Description="" Version="1.4" Status="DRAFT" ContentType="user\processmodel" CheckedOutBy="" CheckedOutDate="0001-01-01T00:00:00Z" CreatedDate="2025-02-04T16:39:21.043" CreatedBy="40001842" LastModifiedDate="2025-02-04T16:39:50.957" LastModifiedBy="40001842" ThemeID="" ExtraInfo="" DisplayName="ARM - Request to Destroy Obsolete Records" />
      </Folder>
      <Folder ID="AA82C3140F2EFB6011EE00B493634EB3" Name="Notification" ProcGroupID="AA82C3140F2EFB6011EE00B493634EB0" AppID="AA82C3140F2EFB6011EE00B493634EA7" Description="" CreatedBy="40000730" CreatedDate="0001-01-01T00:00:00Z" LastModifiedBy="40000730" LastModifiedDate="0001-01-01T00:00:00Z" ContentType="application\notification" ParentFolderID="AA82C3140F2EFB6011EE00B493634EB0" DisplayName="Notification">
        <Folder ID="AA82C3140F2EFB6011EE00B493634EB4" Name="E-mails" ProcGroupID="AA82C3140F2EFB6011EE00B493634EB0" AppID="AA82C3140F2EFB6011EE00B493634EA7" Description="" CreatedBy="40000730" CreatedDate="0001-01-01T00:00:00Z" LastModifiedBy="40000730" LastModifiedDate="0001-01-01T00:00:00Z" ContentType="application\email" ParentFolderID="AA82C3140F2EFB6011EE00B493634EB3" DisplayName="E-mails">
          <File ID="BAE6122DC7151DEB11FFE3169C8BF7FE" Name="Thank You" BaseFileID="AA82C3140F2EFB6011EE00B493634EBB" PrevVerFileID="BAE6122DC7151DEB11FFE01A0329AD5C" AppID="AA82C3140F2EFB6011EE00B493634EA7" ParentFolderID="AA82C3140F2EFB6011EE00B493634EB4" ProcGroupID="AA82C3140F2EFB6011EE00B493634EB0" Description="" Version="1.27" Status="DRAFT" ContentType="user\email" CheckedOutBy="" CheckedOutDate="0001-01-01T00:00:00Z" CreatedDate="2025-02-04T16:39:35.853" CreatedBy="40001842" LastModifiedDate="2025-02-04T16:39:56.917" LastModifiedBy="40001842" ThemeID="" ExtraInfo="" DisplayName="Thank You" />
          <File ID="BAE6122DC7151DEB11FFDF8D8F0DCB6F" Name="Send to State Email" BaseFileID="AA90B34601BFB96F11EE87B56A9B7EDB" PrevVerFileID="BAE6122DC7151DEB11FFDF8C9393416E" AppID="AA82C3140F2EFB6011EE00B493634EA7" ParentFolderID="AA82C3140F2EFB6011EE00B493634EB4" ProcGroupID="AA82C3140F2EFB6011EE00B493634EB0" Description="" Version="1.11" Status="RELEASED" ContentType="user\email" CheckedOutBy="" CheckedOutDate="0001-01-01T00:00:00Z" CreatedDate="2025-01-31T04:41:01.467" CreatedBy="40001842" LastModifiedDate="2025-01-31T04:45:02.953" LastModifiedBy="40001842" ThemeID="" ExtraInfo="" DisplayName="Send to State Email" />
          <File ID="BAE6122DC7151DEB11FFDF890371BA5E" Name="Reminder" BaseFileID="AA82C3140F2EFB6011EE00B493634EBA" PrevVerFileID="BAE6122DC7151DEB11FFDF55E4ADF3B6" AppID="AA82C3140F2EFB6011EE00B493634EA7" ParentFolderID="AA82C3140F2EFB6011EE00B493634EB4" ProcGroupID="AA82C3140F2EFB6011EE00B493634EB0" Description="" Version="1.02" Status="RELEASED" ContentType="user\email" CheckedOutBy="" CheckedOutDate="0001-01-01T00:00:00Z" CreatedDate="2025-01-31T04:08:30.37" CreatedBy="40001842" LastModifiedDate="2025-01-31T04:19:23.603" LastModifiedBy="40001842" ThemeID="" ExtraInfo="" DisplayName="Reminder" />
          <File ID="BAE6122DC7151DEB11FFDF88EB8C1BC7" Name="Notification" BaseFileID="AA82C3140F2EFB6011EE00B493634EB9" PrevVerFileID="BAE6122DC7151DEB11FFDF55E4ADF3B9" AppID="AA82C3140F2EFB6011EE00B493634EA7" ParentFolderID="AA82C3140F2EFB6011EE00B493634EB4" ProcGroupID="AA82C3140F2EFB6011EE00B493634EB0" Description="" Version="1.09" Status="RELEASED" ContentType="user\email" CheckedOutBy="" CheckedOutDate="0001-01-01T00:00:00Z" CreatedDate="2025-01-31T04:07:50.157" CreatedBy="40001842" LastModifiedDate="2025-01-31T04:19:23.587" LastModifiedBy="40001842" ThemeID="" ExtraInfo="" DisplayName="Notification" />
          <File ID="BAE6122DC7151DEB11FFDF88F77EA7A9" Name="Confirmation" BaseFileID="AA82C3140F2EFB6011EE00B493634EBD" PrevVerFileID="BAE6122DC7151DEB11FFDF55E4ADF3B3" AppID="AA82C3140F2EFB6011EE00B493634EA7" ParentFolderID="AA82C3140F2EFB6011EE00B493634EB4" ProcGroupID="AA82C3140F2EFB6011EE00B493634EB0" Description="" Version="1.05" Status="RELEASED" ContentType="user\email" CheckedOutBy="" CheckedOutDate="0001-01-01T00:00:00Z" CreatedDate="2025-01-31T04:08:07.84" CreatedBy="40001842" LastModifiedDate="2025-01-31T04:19:23.587" LastModifiedBy="40001842" ThemeID="" ExtraInfo="" DisplayName="Confirmation" />
          <File ID="BAE6122DC7151DEB11FFDF89156D506E" Name="Archives and Records Management Email Notification" BaseFileID="AA82C3140F2EFB6011EE00B493634EB7" PrevVerFileID="BAE6122DC7151DEB11FFDF55E4ADF3B1" AppID="AA82C3140F2EFB6011EE00B493634EA7" ParentFolderID="AA82C3140F2EFB6011EE00B493634EB4" ProcGroupID="AA82C3140F2EFB6011EE00B493634EB0" Description="" Version="1.04" Status="RELEASED" ContentType="user\email" CheckedOutBy="" CheckedOutDate="0001-01-01T00:00:00Z" CreatedDate="2025-01-31T04:08:57.137" CreatedBy="40001842" LastModifiedDate="2025-01-31T04:19:23.573" LastModifiedBy="40001842" ThemeID="" ExtraInfo="" DisplayName="Archives and Records Management Email Notification" />
          <File ID="BAE6122DC7151DEB11FFDF55E4ADF3B8" Name="Email City Clerk Notification" BaseFileID="AA82C3140F2EFB6011EE00B493634EB8" PrevVerFileID="AA90B34601BFB96F11EE8560BDB9DB56" AppID="AA82C3140F2EFB6011EE00B493634EA7" ParentFolderID="AA82C3140F2EFB6011EE00B493634EB4" ProcGroupID="AA82C3140F2EFB6011EE00B493634EB0" Description="" Version="1.01" Status="RELEASED" ContentType="user\email" CheckedOutBy="" CheckedOutDate="0001-01-01T00:00:00Z" CreatedDate="2025-01-30T22:02:30.093" CreatedBy="40001842" LastModifiedDate="2025-01-30T22:02:30.093" LastModifiedBy="40001842" ThemeID="" ExtraInfo="" DisplayName="Email City Clerk Notification" />
          <File ID="BAE6122DC7151DEB11FFDF55E4ADF3BA" Name="Clerk Deny Email" BaseFileID="AA82C3140F2EFB6011EE00B493634EB6" PrevVerFileID="AA90B34601BFB96F11EE8560BDB9DB53" AppID="AA82C3140F2EFB6011EE00B493634EA7" ParentFolderID="AA82C3140F2EFB6011EE00B493634EB4" ProcGroupID="AA82C3140F2EFB6011EE00B493634EB0" Description="" Version="1.05" Status="RELEASED" ContentType="user\email" CheckedOutBy="" CheckedOutDate="0001-01-01T00:00:00Z" CreatedDate="2025-01-30T22:02:30.093" CreatedBy="40001842" LastModifiedDate="2025-01-30T22:02:30.093" LastModifiedBy="40001842" ThemeID="" ExtraInfo="" DisplayName="Clerk Deny Email" />
          <File ID="BAE6122DC7151DEB11FFDF55E4ADF3B4" Name="Counsel Deny Email" BaseFileID="AA82C3140F2EFB6011EE00B493634EBE" PrevVerFileID="AA90B34601BFB96F11EE8560BDB9DB50" AppID="AA82C3140F2EFB6011EE00B493634EA7" ParentFolderID="AA82C3140F2EFB6011EE00B493634EB4" ProcGroupID="AA82C3140F2EFB6011EE00B493634EB0" Description="" Version="1.05" Status="RELEASED" ContentType="user\email" CheckedOutBy="" CheckedOutDate="0001-01-01T00:00:00Z" CreatedDate="2025-01-30T22:02:30.077" CreatedBy="40001842" LastModifiedDate="2025-01-30T22:02:30.077" LastModifiedBy="40001842" ThemeID="" ExtraInfo="" DisplayName="Counsel Deny Email" />
          <File ID="BAE6122DC7151DEB11FFDF55E4ADF3B5" Name="ARM Deny Email" BaseFileID="AA82C3140F2EFB6011EE00B493634EB5" PrevVerFileID="AA90B34601BFB96F11EE8560BDB9DB4E" AppID="AA82C3140F2EFB6011EE00B493634EA7" ParentFolderID="AA82C3140F2EFB6011EE00B493634EB4" ProcGroupID="AA82C3140F2EFB6011EE00B493634EB0" Description="" Version="1.05" Status="RELEASED" ContentType="user\email" CheckedOutBy="" CheckedOutDate="0001-01-01T00:00:00Z" CreatedDate="2025-01-30T22:02:30.077" CreatedBy="40001842" LastModifiedDate="2025-01-30T22:02:30.077" LastModifiedBy="40001842" ThemeID="" ExtraInfo="" DisplayName="ARM Deny Email" />
          <File ID="BAE6122DC7151DEB11FFDF55E4ADF3B7" Name="Counsel Email Notification" BaseFileID="AA82C3140F2EFB6011EE00B493634EBC" PrevVerFileID="AA90B34601BFB96F11EE8560BDB9DB57" AppID="AA82C3140F2EFB6011EE00B493634EA7" ParentFolderID="AA82C3140F2EFB6011EE00B493634EB4" ProcGroupID="AA82C3140F2EFB6011EE00B493634EB0" Description="" Version="1.03" Status="RELEASED" ContentType="user\email" CheckedOutBy="" CheckedOutDate="0001-01-01T00:00:00Z" CreatedDate="2025-01-30T22:02:30.077" CreatedBy="40001842" LastModifiedDate="2025-01-30T22:02:30.077" LastModifiedBy="40001842" ThemeID="" ExtraInfo="" DisplayName="Counsel Email Notification" />
        </Folder>
        <Folder ID="AA82C3140F2EFB6011EE00B493634EBF" Name="Yammer" ProcGroupID="AA82C3140F2EFB6011EE00B493634EB0" AppID="AA82C3140F2EFB6011EE00B493634EA7" Description="" CreatedBy="40000730" CreatedDate="0001-01-01T00:00:00Z" LastModifiedBy="40000730" LastModifiedDate="0001-01-01T00:00:00Z" ContentType="application\yammer" ParentFolderID="AA82C3140F2EFB6011EE00B493634EB3" DisplayName="Viva Engage" />
        <Folder ID="AA82C3140F2EFB6011EE00B493634EC0" Name="Chatter" ProcGroupID="AA82C3140F2EFB6011EE00B493634EB0" AppID="AA82C3140F2EFB6011EE00B493634EA7" Description="" CreatedBy="40000730" CreatedDate="0001-01-01T00:00:00Z" LastModifiedBy="40000730" LastModifiedDate="0001-01-01T00:00:00Z" ContentType="application\chatter" ParentFolderID="AA82C3140F2EFB6011EE00B493634EB3" DisplayName="Chatter" />
        <Folder ID="AA82C3140F2EFB6011EE00B493634EC1" Name="MicrosoftTeams" ProcGroupID="AA82C3140F2EFB6011EE00B493634EB0" AppID="AA82C3140F2EFB6011EE00B493634EA7" Description="" CreatedBy="40000730" CreatedDate="0001-01-01T00:00:00Z" LastModifiedBy="40000730" LastModifiedDate="2023-06-01T15:43:28.147" ContentType="application\microsoftteams" ParentFolderID="AA82C3140F2EFB6011EE00B493634EB3" DisplayName="Microsoft Teams" />
        <Folder ID="AA82C3140F2EFB6011EE00B493634EC2" Name="SMS" ProcGroupID="AA82C3140F2EFB6011EE00B493634EB0" AppID="AA82C3140F2EFB6011EE00B493634EA7" Description="" CreatedBy="40000730" CreatedDate="0001-01-01T00:00:00Z" LastModifiedBy="40000730" LastModifiedDate="0001-01-01T00:00:00Z" ContentType="application\sms" ParentFolderID="AA82C3140F2EFB6011EE00B493634EB3" DisplayName="SMS" />
        <Folder ID="AA82C3140F2EFB6011EE00B493634EC3" Name="Attachment Repository" ProcGroupID="AA82C3140F2EFB6011EE00B493634EB0" AppID="AA82C3140F2EFB6011EE00B493634EA7" Description="" CreatedBy="40000730" CreatedDate="0001-01-01T00:00:00Z" LastModifiedBy="40000730" LastModifiedDate="0001-01-01T00:00:00Z" ContentType="application\attachmentrepository" ParentFolderID="AA82C3140F2EFB6011EE00B493634EB3" DisplayName="Attachment Repository" />
      </Folder>
      <Folder ID="AA82C3140F2EFB6011EE00B493634EC4" Name="Data Model" ProcGroupID="AA82C3140F2EFB6011EE00B493634EB0" AppID="AA82C3140F2EFB6011EE00B493634EA7" Description="" CreatedBy="40000730" CreatedDate="0001-01-01T00:00:00Z" LastModifiedBy="40000730" LastModifiedDate="0001-01-01T00:00:00Z" ContentType="application\datamodel" ParentFolderID="AA82C3140F2EFB6011EE00B493634EB0" DisplayName="Data Model">
        <File ID="BAE6122DC7151DEB11FFE31690965B34" Name="Schema.xsd" BaseFileID="AA82C3140F2EFB6011EE00B493634EC5" PrevVerFileID="BAE6122DC7151DEB11FFE019F7273131" AppID="AA82C3140F2EFB6011EE00B493634EA7" ParentFolderID="AA82C3140F2EFB6011EE00B493634EC4" ProcGroupID="AA82C3140F2EFB6011EE00B493634EB0" Description="" Version="1.47" Status="DRAFT" ContentType="user\datamodel" CheckedOutBy="" CheckedOutDate="0001-01-01T00:00:00Z" CreatedDate="2025-02-04T16:39:20.903" CreatedBy="40001842" LastModifiedDate="2025-02-04T16:39:51.24" LastModifiedBy="40001842" ThemeID="" ExtraInfo="[{&quot;Name&quot; : &quot;NamespaceUpdated&quot; , &quot;Value&quot; : &quot;True&quot;}]" DisplayName="Schema.xsd" />
        <File ID="BAE6122DC7151DEB11FFDF55F6C80417" Name="ARMRecordDestruction" BaseFileID="AA82C3140F2EFB6011EE00B493634EC6" PrevVerFileID="AA90B34601BFB96F11EE87C76B358F80" AppID="AA82C3140F2EFB6011EE00B493634EA7" ParentFolderID="AA82C3140F2EFB6011EE00B493634EC4" ProcGroupID="AA82C3140F2EFB6011EE00B493634EB0" Description="Datasource ARMRecordDestruction Schema" Version="1.06" Status="RELEASED" ContentType="user\apdataentitydatamodel" CheckedOutBy="" CheckedOutDate="0001-01-01T00:00:00Z" CreatedDate="2025-01-30T22:03:01.17" CreatedBy="40001842" LastModifiedDate="2025-01-30T22:03:01.28" LastModifiedBy="40001842" ThemeID="" ExtraInfo="" DisplayName="ARMRecordDestruction" />
      </Folder>
      <Folder ID="AA82C3140F2EFB6011EE00B493634EC7" Name="Data Source" ProcGroupID="AA82C3140F2EFB6011EE00B493634EB0" AppID="AA82C3140F2EFB6011EE00B493634EA7" Description="" CreatedBy="40000730" CreatedDate="0001-01-01T00:00:00Z" LastModifiedBy="40000730" LastModifiedDate="0001-01-01T00:00:00Z" ContentType="application\datasources" ParentFolderID="AA82C3140F2EFB6011EE00B493634EB0" DisplayName="Data Source">
        <File ID="BAE6122DC7151DEB11FFDF55F0AE1FB8" Name="ARMRecordDestruction" BaseFileID="AA82C3140F2EFB6011EE00B493634ECB" PrevVerFileID="AA90B34601BFB96F11EE87C75F29BAE8" AppID="AA82C3140F2EFB6011EE00B493634EA7" ParentFolderID="AA82C3140F2EFB6011EE00B493634EC7" ProcGroupID="AA82C3140F2EFB6011EE00B493634EB0" Description="" Version="1.06" Status="RELEASED" ContentType="user\APDataEntityDataSource" CheckedOutBy="" CheckedOutDate="0001-01-01T00:00:00Z" CreatedDate="2025-01-30T22:02:48.853" CreatedBy="40001842" LastModifiedDate="2025-01-30T22:03:08.427" LastModifiedBy="40001842" ThemeID="" ExtraInfo="" DisplayName="ARMRecordDestruction" />
      </Folder>
      <Folder ID="AA82C3140F2EFB6011EE00B493634ECC" Name="Library" ProcGroupID="AA82C3140F2EFB6011EE00B493634EB0" AppID="AA82C3140F2EFB6011EE00B493634EA7" Description="" CreatedBy="40000730" CreatedDate="0001-01-01T00:00:00Z" LastModifiedBy="40000730" LastModifiedDate="0001-01-01T00:00:00Z" ContentType="application\taskformlibrary" ParentFolderID="AA82C3140F2EFB6011EE00B493634EB0" DisplayName="Library">
        <File ID="BAE6122DC7151DEB11FFDF55E4ADF3BF" Name="Form Library" BaseFileID="AA82C3140F2EFB6011EE00B493634ECD" PrevVerFileID="AA90B34601BFB96F11EE8826BBF16762" AppID="AA82C3140F2EFB6011EE00B493634EA7" ParentFolderID="AA82C3140F2EFB6011EE00B493634ECC" ProcGroupID="AA82C3140F2EFB6011EE00B493634EB0" Description="" Version="1.11" Status="RELEASED" ContentType="user\taskformlibrary" CheckedOutBy="" CheckedOutDate="0001-01-01T00:00:00Z" CreatedDate="2025-01-30T22:02:30.187" CreatedBy="40001842" LastModifiedDate="2025-01-30T22:02:30.187" LastModifiedBy="40001842" ThemeID="" ExtraInfo="" DisplayName="Form Library" />
      </Folder>
      <Folder ID="AA82C3140F2EFB6011EE00B493634ECE" Name="Forms" ProcGroupID="AA82C3140F2EFB6011EE00B493634EB0" AppID="AA82C3140F2EFB6011EE00B493634EA7" Description="" CreatedBy="40000730" CreatedDate="0001-01-01T00:00:00Z" LastModifiedBy="40000730" LastModifiedDate="0001-01-01T00:00:00Z" ContentType="application\formsgroup" ParentFolderID="AA82C3140F2EFB6011EE00B493634EB0" DisplayName="Forms">
        <Folder ID="AA82C3140F2EFB6011EE00B493634ECF" Name="Task Forms" ProcGroupID="AA82C3140F2EFB6011EE00B493634EB0" AppID="AA82C3140F2EFB6011EE00B493634EA7" Description="" CreatedBy="40000730" CreatedDate="0001-01-01T00:00:00Z" LastModifiedBy="40000730" LastModifiedDate="0001-01-01T00:00:00Z" ContentType="application\taskforms" ParentFolderID="AA82C3140F2EFB6011EE00B493634ECE" DisplayName="Task Forms">
          <File ID="BAE6122DC7151DEB11FFDF55E4ADF3C3" Name="ARM  Request to Destroy Obsolete Records" BaseFileID="AA82C3140F2EFB6011EE00B493634ED3" PrevVerFileID="AA90B34601BFB96F11EE8826BBF16763" AppID="AA82C3140F2EFB6011EE00B493634EA7" ParentFolderID="AA82C3140F2EFB6011EE00B493634ECF" ProcGroupID="AA82C3140F2EFB6011EE00B493634EB0" Description="" Version="1.11" Status="RELEASED" ContentType="user\taskforms" CheckedOutBy="" CheckedOutDate="0001-01-01T00:00:00Z" CreatedDate="2025-01-30T22:02:30.25" CreatedBy="40001842" LastModifiedDate="2025-01-30T22:02:30.25" LastModifiedBy="40001842" ThemeID="" ExtraInfo="" DisplayName="ARM  Request to Destroy Obsolete Records" />
          <File ID="BAE6122DC7151DEB11FFDF55E4ADF3C1" Name="City Clerk Approval" BaseFileID="AA82C3140F2EFB6011EE00B493634ED1" PrevVerFileID="AA90B34601BFB96F11EE8560BDB9DB5E" AppID="AA82C3140F2EFB6011EE00B493634EA7" ParentFolderID="AA82C3140F2EFB6011EE00B493634ECF" ProcGroupID="AA82C3140F2EFB6011EE00B493634EB0" Description="" Version="1.01" Status="RELEASED" ContentType="user\taskforms" CheckedOutBy="" CheckedOutDate="0001-01-01T00:00:00Z" CreatedDate="2025-01-30T22:02:30.233" CreatedBy="40001842" LastModifiedDate="2025-01-30T22:02:30.233" LastModifiedBy="40001842" ThemeID="" ExtraInfo="" DisplayName="City Clerk Approval" />
          <File ID="BAE6122DC7151DEB11FFDF55E4ADF3C2" Name="ARM Approval" BaseFileID="AA82C3140F2EFB6011EE00B493634ED0" PrevVerFileID="AA90B34601BFB96F11EE8560BDB9DB5D" AppID="AA82C3140F2EFB6011EE00B493634EA7" ParentFolderID="AA82C3140F2EFB6011EE00B493634ECF" ProcGroupID="AA82C3140F2EFB6011EE00B493634EB0" Description="" Version="1.01" Status="RELEASED" ContentType="user\taskforms" CheckedOutBy="" CheckedOutDate="0001-01-01T00:00:00Z" CreatedDate="2025-01-30T22:02:30.233" CreatedBy="40001842" LastModifiedDate="2025-01-30T22:02:30.233" LastModifiedBy="40001842" ThemeID="" ExtraInfo="" DisplayName="ARM Approval" />
          <File ID="BAE6122DC7151DEB11FFDF55E4ADF3C0" Name="Counsel Approval" BaseFileID="AA82C3140F2EFB6011EE00B493634ED2" PrevVerFileID="AA90B34601BFB96F11EE8560BDB9DB5F" AppID="AA82C3140F2EFB6011EE00B493634EA7" ParentFolderID="AA82C3140F2EFB6011EE00B493634ECF" ProcGroupID="AA82C3140F2EFB6011EE00B493634EB0" Description="" Version="1.01" Status="RELEASED" ContentType="user\taskforms" CheckedOutBy="" CheckedOutDate="0001-01-01T00:00:00Z" CreatedDate="2025-01-30T22:02:30.22" CreatedBy="40001842" LastModifiedDate="2025-01-30T22:02:30.22" LastModifiedBy="40001842" ThemeID="" ExtraInfo="" DisplayName="Counsel Approval" />
        </Folder>
      </Folder>
      <Folder ID="AA82C3140F2EFB6011EE00B493634ED4" Name="Lookups" ProcGroupID="AA82C3140F2EFB6011EE00B493634EB0" AppID="AA82C3140F2EFB6011EE00B493634EA7" Description="" CreatedBy="40000730" CreatedDate="0001-01-01T00:00:00Z" LastModifiedBy="40000730" LastModifiedDate="0001-01-01T00:00:00Z" ContentType="application\lookup" ParentFolderID="AA82C3140F2EFB6011EE00B493634EB0" DisplayName="Lookups" />
      <Folder ID="AA82C3140F2EFB6011EE00B493634ED5" Name="Translation" ProcGroupID="AA82C3140F2EFB6011EE00B493634EB0" AppID="AA82C3140F2EFB6011EE00B493634EA7" Description="" CreatedBy="40000730" CreatedDate="0001-01-01T00:00:00Z" LastModifiedBy="40000730" LastModifiedDate="0001-01-01T00:00:00Z" ContentType="application\translation" ParentFolderID="AA82C3140F2EFB6011EE00B493634EB0" DisplayName="Translation" />
      <Folder ID="AA82C3140F2EFB6011EE00B493634ED6" Name="Document Repository" ProcGroupID="AA82C3140F2EFB6011EE00B493634EB0" AppID="AA82C3140F2EFB6011EE00B493634EA7" Description="" CreatedBy="40000730" CreatedDate="0001-01-01T00:00:00Z" LastModifiedBy="40000730" LastModifiedDate="0001-01-01T00:00:00Z" ContentType="application\documentrepository" ParentFolderID="AA82C3140F2EFB6011EE00B493634EB0" DisplayName="Document Repository" />
      <Folder ID="AA82C3140F2EFB6011EE00B493634ED7" Name="System Files" ProcGroupID="AA82C3140F2EFB6011EE00B493634EB0" AppID="AA82C3140F2EFB6011EE00B493634EA7" Description="" CreatedBy="40000730" CreatedDate="0001-01-01T00:00:00Z" LastModifiedBy="40000730" LastModifiedDate="0001-01-01T00:00:00Z" ContentType="application\hidden" ParentFolderID="AA82C3140F2EFB6011EE00B493634EB0" DisplayName="System Files" />
    </Folder>
  </Folder>
  <CoAuthored>false</CoAuthored>
</WFEnabledApplication>