<?xml version="1.0"?>
<WFApplicationDynamicDependencies xmlns:xsd="http://www.w3.org/2001/XMLSchema" xmlns:xsi="http://www.w3.org/2001/XMLSchema-instance">
  <AppName>PWD - Code Enforcement appeal view all submissions</AppName>
  <Version>1.11</Version>
  <DataEntities>
    <DataEntity>
      <EntityName>PWDCodeEnforcementappeal__u</EntityName>
      <EntityDisplayName>PWD - Code Enforcement appeal</EntityDisplayName>
      <UsedIn>
        <DependencyUsedIn>
          <FileName>PWDcodeEnforcementAppeal</FileName>
          <FileDisplayName>PWDcodeEnforcementAppeal</FileDisplayName>
          <Activities />
          <FileType>Data Source</FileType>
          <NumberOfTimesUsed>1</NumberOfTimesUsed>
        </DependencyUsedIn>
        <DependencyUsedIn>
          <FileName>GetPWD - Code Enforcement appeal</FileName>
          <FileDisplayName>GetPWD - Code Enforcement appeal</FileDisplayName>
          <Activities />
          <FileType>Lookup</FileType>
          <NumberOfTimesUsed>1</NumberOfTimesUsed>
        </DependencyUsedIn>
      </UsedIn>
      <IsExists>false</IsExists>
    </DataEntity>
  </DataEntities>
  <PickLists>
    <PickList>
      <PickListName>COBNeighborhoods__p</PickListName>
      <PickListDisplayName>COB - Neighborhood's</PickListDisplayName>
      <UsedIn>
        <DependencyUsedIn>
          <FileName>Form Library</FileName>
          <FileDisplayName>Form Library</FileDisplayName>
          <Activities />
          <FileType>eForm Library</FileType>
          <NumberOfTimesUsed>1</NumberOfTimesUsed>
        </DependencyUsedIn>
      </UsedIn>
      <IsExists>false</IsExists>
    </PickList>
    <PickList>
      <PickListName>USAStates</PickListName>
      <PickListDisplayName>USA States</PickListDisplayName>
      <UsedIn>
        <DependencyUsedIn>
          <FileName>Form Library</FileName>
          <FileDisplayName>Form Library</FileDisplayName>
          <Activities />
          <FileType>eForm Library</FileType>
          <NumberOfTimesUsed>2</NumberOfTimesUsed>
        </DependencyUsedIn>
      </UsedIn>
      <IsExists>false</IsExists>
    </PickList>
  </PickLists>
  <FileTypeGroups />
</WFApplicationDynamicDependencies>