<?xml version="1.0"?>
<ArrayOfDataSourceAndAppFileAssociation xmlns:xsd="http://www.w3.org/2001/XMLSchema" xmlns:xsi="http://www.w3.org/2001/XMLSchema-instance">
  <DataSourceAndAppFileAssociation>
    <ID>AA5012F761F562241199E6B1BED938A0</ID>
    <AppName>PWD - Code Enforcement appeal view all submissions</AppName>
    <FileName>All PWD - Code Enforcement appeal</FileName>
    <IsDefault>true</IsDefault>
    <ContentType>user\views</ContentType>
    <DataSourceName>PWDcodeEnforcementAppeal</DataSourceName>
    <DefName>PWD - Code Enforcement appeal view all submissions_All PWD - Code Enforcement appeal</DefName>
    <CreatedBy>143525</CreatedBy>
    <CreatedDate>2019-10-24T18:54:26.28</CreatedDate>
    <LastModifiedBy>183510</LastModifiedBy>
    <LastModifiedDate>2025-09-30T15:38:48.167</LastModifiedDate>
  </DataSourceAndAppFileAssociation>
  <DataSourceAndAppFileAssociation>
    <ID>AA5012F761F562241199EABAA7D0C89D</ID>
    <AppName>PWD - Code Enforcement appeal view all submissions</AppName>
    <FileName>Export all records as a CSV file</FileName>
    <IsDefault>false</IsDefault>
    <ContentType>user\views</ContentType>
    <DataSourceName>PWDcodeEnforcementAppeal</DataSourceName>
    <DefName>PWD - Code Enforcement appeal view all submissions_Export all records as a CSV file</DefName>
    <CreatedBy>143525</CreatedBy>
    <CreatedDate>2019-10-24T18:54:26.28</CreatedDate>
    <LastModifiedBy />
    <LastModifiedDate>0001-01-01T00:00:00Z</LastModifiedDate>
  </DataSourceAndAppFileAssociation>
  <DataSourceAndAppFileAssociation>
    <ID>AA5012F761F562241199E6B1BED938BB</ID>
    <AppName>PWD - Code Enforcement appeal view all submissions</AppName>
    <FileName>New PWD - Code Enforcement appeal</FileName>
    <IsDefault>false</IsDefault>
    <ContentType>user\newforms</ContentType>
    <DataSourceName>PWDcodeEnforcementAppeal</DataSourceName>
    <DefName>PWD - Code Enforcement appeal view all submissions_New PWD - Code Enforcement appeal</DefName>
    <CreatedBy>143525</CreatedBy>
    <CreatedDate>2019-10-24T18:54:26.28</CreatedDate>
    <LastModifiedBy />
    <LastModifiedDate>0001-01-01T00:00:00Z</LastModifiedDate>
  </DataSourceAndAppFileAssociation>
  <DataSourceAndAppFileAssociation>
    <ID>AA5012F761F562241199E6B1BED93898</ID>
    <AppName>PWD - Code Enforcement appeal view all submissions</AppName>
    <FileName>Update PWD - Code Enforcement appeal</FileName>
    <IsDefault>false</IsDefault>
    <ContentType>user\updateforms</ContentType>
    <DataSourceName>PWDcodeEnforcementAppeal</DataSourceName>
    <DefName>PWD - Code Enforcement appeal view all submissions_Update PWD - Code Enforcement appeal</DefName>
    <CreatedBy>143525</CreatedBy>
    <CreatedDate>2019-10-24T18:54:26.28</CreatedDate>
    <LastModifiedBy />
    <LastModifiedDate>0001-01-01T00:00:00Z</LastModifiedDate>
  </DataSourceAndAppFileAssociation>
</ArrayOfDataSourceAndAppFileAssociation>