<?xml version="1.0"?>
<WFEnabledApplication xmlns:xsd="http://www.w3.org/2001/XMLSchema" xmlns:xsi="http://www.w3.org/2001/XMLSchema-instance" ID="822BDCDF7567B6A81199EABC0EE983CA" Name="PWD - Code Enforcement appeal view all submissions" Description="" Status="DRAFT" CreatedDate="2019-10-09T17:41:46.787" CreatedBy="143525" AppType="StandaloneForms" Visibility="PAAS" ContentType="application" DisplayName="PWD - Code Enforcement appeal view all submissions" AppLocale="customlocale" ParentApplicationId="">
  <Folder ID="822BDCDF7567B6A81199EABC0EE983CB" Name="Shared Resources" ProcGroupID="" AppID="822BDCDF7567B6A81199EABC0EE983CA" Description="" CreatedBy="143525" CreatedDate="0001-01-01T00:00:00Z" LastModifiedBy="143525" LastModifiedDate="0001-01-01T00:00:00Z" ContentType="Any" ParentFolderID="822BDCDF7567B6A81199EABC0EE983CA" DisplayName="Shared Resources">
    <Folder ID="822BDCDF7567B6A81199EABC0EE983CC" Name="Style Sheets" ProcGroupID="" AppID="822BDCDF7567B6A81199EABC0EE983CA" Description="" CreatedBy="143525" CreatedDate="0001-01-01T00:00:00Z" LastModifiedBy="143525" LastModifiedDate="0001-01-01T00:00:00Z" ContentType="application\CSS" ParentFolderID="822BDCDF7567B6A81199EABC0EE983CB" DisplayName="Style Sheets" />
    <Folder ID="822BDCDF7567B6A81199EABC0EE983CD" Name="JavaScript" ProcGroupID="" AppID="822BDCDF7567B6A81199EABC0EE983CA" Description="" CreatedBy="143525" CreatedDate="0001-01-01T00:00:00Z" LastModifiedBy="143525" LastModifiedDate="0001-01-01T00:00:00Z" ContentType="application\js" ParentFolderID="822BDCDF7567B6A81199EABC0EE983CB" DisplayName="JavaScript" />
    <Folder ID="822BDCDF7567B6A81199EABC0EE983CE" Name="Images" ProcGroupID="" AppID="822BDCDF7567B6A81199EABC0EE983CA" Description="" CreatedBy="143525" CreatedDate="0001-01-01T00:00:00Z" LastModifiedBy="143525" LastModifiedDate="0001-01-01T00:00:00Z" ContentType="application\image" ParentFolderID="822BDCDF7567B6A81199EABC0EE983CB" DisplayName="Images" />
    <Folder ID="822BDCDF7567B6A81199EABC0EE983CF" Name="Access Tokens" ProcGroupID="" AppID="822BDCDF7567B6A81199EABC0EE983CA" Description="" CreatedBy="143525" CreatedDate="0001-01-01T00:00:00Z" LastModifiedBy="143525" LastModifiedDate="0001-01-01T00:00:00Z" ContentType="application\apptoken" ParentFolderID="822BDCDF7567B6A81199EABC0EE983CB" DisplayName="Access Tokens" />
    <Folder ID="822BDCDF7567B6A81199EABC0EE983D0" Name="Application Resources" ProcGroupID="" AppID="822BDCDF7567B6A81199EABC0EE983CA" Description="" CreatedBy="143525" CreatedDate="0001-01-01T00:00:00Z" LastModifiedBy="143525" LastModifiedDate="0001-01-01T00:00:00Z" ContentType="application\applicationresources" ParentFolderID="822BDCDF7567B6A81199EABC0EE983CB" DisplayName="Application Resources" />
    <Folder ID="8257D4CD9C2F4D1611DDF13AC1FAB0CA" Name="Comments" ProcGroupID="822BDCDF7567B6A81199EABC0EE983CB" AppID="822BDCDF7567B6A81199EABC0EE983CA" Description="" CreatedBy="143525" CreatedDate="2023-05-12T23:03:43.15" LastModifiedBy="143525" LastModifiedDate="2023-05-12T23:03:43.15" ContentType="application\comments" ParentFolderID="822BDCDF7567B6A81199EABC0EE983CB" DisplayName="Comments" />
    <Folder ID="BAF312DEFB27D0ED11006444AFB6071E" Name="ML Advisor" ProcGroupID="" AppID="822BDCDF7567B6A81199EABC0EE983CA" Description="" CreatedBy="143525" CreatedDate="2025-07-19T02:04:24.007" LastModifiedBy="143525" LastModifiedDate="2025-07-19T02:04:24.007" ContentType="application\mladvisor" ParentFolderID="822BDCDF7567B6A81199EABC0EE983CB" DisplayName="ML Advisor" />
  </Folder>
  <Folder ID="822BDCDF7567B6A81199EABC0EE983D1" Name="App Model &amp; Resources" ProcGroupID="" AppID="822BDCDF7567B6A81199EABC0EE983CA" Description="" CreatedBy="143525" CreatedDate="0001-01-01T00:00:00Z" LastModifiedBy="143525" LastModifiedDate="0001-01-01T00:00:00Z" ContentType="user\processgroup" ParentFolderID="822BDCDF7567B6A81199EABC0EE983CA" DisplayName="App Model &amp; Resources">
    <Folder ID="822BDCDF7567B6A81199EABC0EE983D2" Name="Data Model" ProcGroupID="822BDCDF7567B6A81199EABC0EE983D1" AppID="822BDCDF7567B6A81199EABC0EE983CA" Description="" CreatedBy="143525" CreatedDate="0001-01-01T00:00:00Z" LastModifiedBy="143525" LastModifiedDate="0001-01-01T00:00:00Z" ContentType="application\datamodel" ParentFolderID="822BDCDF7567B6A81199EABC0EE983D1" DisplayName="Data Model">
      <File ID="BAF80AFFF82C906711009D5B14481C25" Name="Schema.xsd" BaseFileID="822BDCDF7567B6A81199EABC0EE983D3" PrevVerFileID="822BDCDF7567B6A81199F68FEF70CEA8" AppID="822BDCDF7567B6A81199EABC0EE983CA" ParentFolderID="822BDCDF7567B6A81199EABC0EE983D2" ProcGroupID="822BDCDF7567B6A81199EABC0EE983D1" Description="" Version="1.09" Status="DRAFT" ContentType="user\datamodel" CheckedOutBy="" CheckedOutDate="0001-01-01T00:00:00Z" CreatedDate="2025-09-29T17:38:26.287" CreatedBy="143525" LastModifiedDate="2025-09-30T15:38:41.417" LastModifiedBy="183510" ThemeID="" ExtraInfo="[{&quot;Name&quot; : &quot;NamespaceUpdated&quot; , &quot;Value&quot; : &quot;True&quot;}]" DisplayName="Schema.xsd" />
      <File ID="822BDCDF7567B6A81199F68FEF70CF88" Name="PWDcodeEnforcementAppeal" BaseFileID="822BDCDF7567B6A81199EABC0EE983D4" PrevVerFileID="822BDCDF7567B6A81199F68FAD41C348" AppID="822BDCDF7567B6A81199EABC0EE983CA" ParentFolderID="822BDCDF7567B6A81199EABC0EE983D2" ProcGroupID="822BDCDF7567B6A81199EABC0EE983D1" Description="Datasource PWDcodeEnforcementAppeal Schema" Version="1.02" Status="RELEASED" ContentType="user\apdataentitydatamodel" CheckedOutBy="" CheckedOutDate="0001-01-01T00:00:00Z" CreatedDate="2019-10-24T18:56:17.427" CreatedBy="143525" LastModifiedDate="2019-10-24T18:56:17.44" LastModifiedBy="143525" ThemeID="" ExtraInfo="" DisplayName="PWDcodeEnforcementAppeal" />
    </Folder>
    <Folder ID="822BDCDF7567B6A81199EABC0EE983D5" Name="Data Source" ProcGroupID="822BDCDF7567B6A81199EABC0EE983D1" AppID="822BDCDF7567B6A81199EABC0EE983CA" Description="" CreatedBy="143525" CreatedDate="0001-01-01T00:00:00Z" LastModifiedBy="143525" LastModifiedDate="0001-01-01T00:00:00Z" ContentType="application\datasources" ParentFolderID="822BDCDF7567B6A81199EABC0EE983D1" DisplayName="Data Source">
      <File ID="822BDCDF7567B6A81199F68FE970C571" Name="PWDcodeEnforcementAppeal" BaseFileID="822BDCDF7567B6A81199EABC0EE983D6" PrevVerFileID="822BDCDF7567B6A81199F68FAD41C34A" AppID="822BDCDF7567B6A81199EABC0EE983CA" ParentFolderID="822BDCDF7567B6A81199EABC0EE983D5" ProcGroupID="822BDCDF7567B6A81199EABC0EE983D1" Description="" Version="1.01" Status="RELEASED" ContentType="user\APDataEntityDataSource" CheckedOutBy="" CheckedOutDate="0001-01-01T00:00:00Z" CreatedDate="2019-10-24T18:56:06.457" CreatedBy="143525" LastModifiedDate="2019-11-07T21:36:35.567" LastModifiedBy="143525" ThemeID="" ExtraInfo="" DisplayName="PWDcodeEnforcementAppeal" />
    </Folder>
    <Folder ID="822BDCDF7567B6A81199EABC0EE983D7" Name="Library" ProcGroupID="822BDCDF7567B6A81199EABC0EE983D1" AppID="822BDCDF7567B6A81199EABC0EE983CA" Description="" CreatedBy="143525" CreatedDate="0001-01-01T00:00:00Z" LastModifiedBy="143525" LastModifiedDate="0001-01-01T00:00:00Z" ContentType="application\taskformlibrary" ParentFolderID="822BDCDF7567B6A81199EABC0EE983D1" DisplayName="Library">
      <File ID="BAF80AFFF82C906711009D5B14481C27" Name="Form Library" BaseFileID="822BDCDF7567B6A81199EABC0EE983D8" PrevVerFileID="822BDCDF7567B6A811AA01A6971D32A2" AppID="822BDCDF7567B6A81199EABC0EE983CA" ParentFolderID="822BDCDF7567B6A81199EABC0EE983D7" ProcGroupID="822BDCDF7567B6A81199EABC0EE983D1" Description="" Version="1.09" Status="DRAFT" ContentType="user\taskformlibrary" CheckedOutBy="" CheckedOutDate="0001-01-01T00:00:00Z" CreatedDate="2025-09-29T17:38:26.443" CreatedBy="143525" LastModifiedDate="2025-09-30T15:38:41.383" LastModifiedBy="183510" ThemeID="" ExtraInfo="" DisplayName="Form Library" />
    </Folder>
    <Folder ID="822BDCDF7567B6A81199EABC0EE983D9" Name="Forms" ProcGroupID="822BDCDF7567B6A81199EABC0EE983D1" AppID="822BDCDF7567B6A81199EABC0EE983CA" Description="" CreatedBy="143525" CreatedDate="0001-01-01T00:00:00Z" LastModifiedBy="143525" LastModifiedDate="0001-01-01T00:00:00Z" ContentType="application\formsgroup" ParentFolderID="822BDCDF7567B6A81199EABC0EE983D1" DisplayName="Forms">
      <Folder ID="822BDCDF7567B6A81199EABC0EE983DA" Name="New" ProcGroupID="822BDCDF7567B6A81199EABC0EE983D1" AppID="822BDCDF7567B6A81199EABC0EE983CA" Description="" CreatedBy="143525" CreatedDate="0001-01-01T00:00:00Z" LastModifiedBy="143525" LastModifiedDate="0001-01-01T00:00:00Z" ContentType="application\newforms" ParentFolderID="822BDCDF7567B6A81199EABC0EE983D9" DisplayName="New">
        <File ID="BAF812DEFB27D0ED11009E137A807561" Name="New PWD - Code Enforcement appeal" BaseFileID="822BDCDF7567B6A81199EABC0EE983DB" PrevVerFileID="822BDCDF7567B6A81199F68FAD41C34D" AppID="822BDCDF7567B6A81199EABC0EE983CA" ParentFolderID="822BDCDF7567B6A81199EABC0EE983DA" ProcGroupID="822BDCDF7567B6A81199EABC0EE983D1" Description="" Version="1.01" Status="DRAFT" ContentType="user\newforms" CheckedOutBy="" CheckedOutDate="0001-01-01T00:00:00Z" CreatedDate="2025-09-30T15:38:19.953" CreatedBy="143525" LastModifiedDate="2025-09-30T15:38:41.4" LastModifiedBy="183510" ThemeID="" ExtraInfo="" DisplayName="New PWD - Code Enforcement appeal" />
      </Folder>
      <Folder ID="822BDCDF7567B6A81199EABC0EE983DC" Name="Update" ProcGroupID="822BDCDF7567B6A81199EABC0EE983D1" AppID="822BDCDF7567B6A81199EABC0EE983CA" Description="" CreatedBy="143525" CreatedDate="0001-01-01T00:00:00Z" LastModifiedBy="143525" LastModifiedDate="0001-01-01T00:00:00Z" ContentType="application\updateforms" ParentFolderID="822BDCDF7567B6A81199EABC0EE983D9" DisplayName="Update">
        <File ID="822BDCDF7567B6A81199F68FAD41C34E" Name="Update PWD - Code Enforcement appeal" BaseFileID="822BDCDF7567B6A81199EABC0EE983DE" PrevVerFileID="822BC26FCE8184E61199F0DB3296D13F" AppID="822BDCDF7567B6A81199EABC0EE983CA" ParentFolderID="822BDCDF7567B6A81199EABC0EE983DC" ProcGroupID="822BDCDF7567B6A81199EABC0EE983D1" Description="" Version="1.05" Status="RELEASED" ContentType="user\updateforms" CheckedOutBy="" CheckedOutDate="0001-01-01T00:00:00Z" CreatedDate="2019-10-24T18:54:26.03" CreatedBy="143525" LastModifiedDate="2019-10-24T18:54:26.03" LastModifiedBy="143525" ThemeID="" ExtraInfo="" DisplayName="Update PWD - Code Enforcement appeal" />
      </Folder>
      <Folder ID="822BDCDF7567B6A81199EABC0EE983DF" Name="Widgets" ProcGroupID="822BDCDF7567B6A81199EABC0EE983D1" AppID="822BDCDF7567B6A81199EABC0EE983CA" Description="" CreatedBy="143525" CreatedDate="0001-01-01T00:00:00Z" LastModifiedBy="143525" LastModifiedDate="0001-01-01T00:00:00Z" ContentType="application\widgets" ParentFolderID="822BDCDF7567B6A81199EABC0EE983D9" DisplayName="Widgets" />
      <Folder ID="822BDCDF7567B6A81199EABC0EE983E0" Name="Views" ProcGroupID="822BDCDF7567B6A81199EABC0EE983D1" AppID="822BDCDF7567B6A81199EABC0EE983CA" Description="" CreatedBy="143525" CreatedDate="0001-01-01T00:00:00Z" LastModifiedBy="143525" LastModifiedDate="0001-01-01T00:00:00Z" ContentType="application\views" ParentFolderID="822BDCDF7567B6A81199EABC0EE983D9" DisplayName="Views">
        <File ID="BAF80AFFF82C906711009E13669EC10D" Name="All PWD - Code Enforcement appeal" BaseFileID="822BDCDF7567B6A81199EABC0EE983E2" PrevVerFileID="822BDCDF7567B6A81199F68FAD41C350" AppID="822BDCDF7567B6A81199EABC0EE983CA" ParentFolderID="822BDCDF7567B6A81199EABC0EE983E0" ProcGroupID="822BDCDF7567B6A81199EABC0EE983D1" Description="" Version="1.03" Status="DRAFT" ContentType="user\views" CheckedOutBy="" CheckedOutDate="0001-01-01T00:00:00Z" CreatedDate="2025-09-30T15:37:43.83" CreatedBy="143525" LastModifiedDate="2025-09-30T15:38:41.37" LastModifiedBy="183510" ThemeID="" ExtraInfo="" DisplayName="All PWD - Code Enforcement appeal" />
        <File ID="BAF80AFFF82C906711009D5B14481C28" Name="Export all records as a CSV file" BaseFileID="822BDCDF7567B6A81199EABC0EE983E1" PrevVerFileID="822BDCDF7567B6A811AA01A6971D32A1" AppID="822BDCDF7567B6A81199EABC0EE983CA" ParentFolderID="822BDCDF7567B6A81199EABC0EE983E0" ProcGroupID="822BDCDF7567B6A81199EABC0EE983D1" Description="" Version="1.04" Status="DRAFT" ContentType="user\views" CheckedOutBy="" CheckedOutDate="0001-01-01T00:00:00Z" CreatedDate="2025-09-29T17:38:26.49" CreatedBy="143525" LastModifiedDate="2025-09-30T15:38:41.323" LastModifiedBy="183510" ThemeID="" ExtraInfo="" DisplayName="Export all records as a CSV file" />
      </Folder>
    </Folder>
    <Folder ID="822BDCDF7567B6A81199EABC0EE983E3" Name="Lookups" ProcGroupID="822BDCDF7567B6A81199EABC0EE983D1" AppID="822BDCDF7567B6A81199EABC0EE983CA" Description="" CreatedBy="143525" CreatedDate="0001-01-01T00:00:00Z" LastModifiedBy="143525" LastModifiedDate="0001-01-01T00:00:00Z" ContentType="application\lookup" ParentFolderID="822BDCDF7567B6A81199EABC0EE983D1" DisplayName="Lookups">
      <File ID="BAF80AFFF82C906711009E133C8BEF8F" Name="GetPWD - Code Enforcement appeal" BaseFileID="822BDCDF7567B6A81199EABC0EE983E4" PrevVerFileID="822BDCDF7567B6A81199F68FAD41C351" AppID="822BDCDF7567B6A81199EABC0EE983CA" ParentFolderID="822BDCDF7567B6A81199EABC0EE983E3" ProcGroupID="822BDCDF7567B6A81199EABC0EE983D1" Description="" Version="1.01" Status="DRAFT" ContentType="user\lookupmulticolumn" CheckedOutBy="" CheckedOutDate="0001-01-01T00:00:00Z" CreatedDate="2025-09-30T15:36:34.757" CreatedBy="143525" LastModifiedDate="2025-09-30T15:38:41.4" LastModifiedBy="183510" ThemeID="" ExtraInfo="" DisplayName="GetPWD - Code Enforcement appeal" />
    </Folder>
    <Folder ID="822BDCDF7567B6A81199EABC0EE983E5" Name="Translation" ProcGroupID="822BDCDF7567B6A81199EABC0EE983D1" AppID="822BDCDF7567B6A81199EABC0EE983CA" Description="" CreatedBy="143525" CreatedDate="0001-01-01T00:00:00Z" LastModifiedBy="143525" LastModifiedDate="0001-01-01T00:00:00Z" ContentType="application\translation" ParentFolderID="822BDCDF7567B6A81199EABC0EE983D1" DisplayName="Translation" />
    <Folder ID="822BDCDF7567B6A81199EABC0EE983E6" Name="Document Repository" ProcGroupID="822BDCDF7567B6A81199EABC0EE983D1" AppID="822BDCDF7567B6A81199EABC0EE983CA" Description="" CreatedBy="143525" CreatedDate="0001-01-01T00:00:00Z" LastModifiedBy="143525" LastModifiedDate="0001-01-01T00:00:00Z" ContentType="application\documentrepository" ParentFolderID="822BDCDF7567B6A81199EABC0EE983D1" DisplayName="Document Repository" />
    <Folder ID="822BDCDF7567B6A81199EABC0EE983E7" Name="System Files" ProcGroupID="822BDCDF7567B6A81199EABC0EE983D1" AppID="822BDCDF7567B6A81199EABC0EE983CA" Description="" CreatedBy="143525" CreatedDate="0001-01-01T00:00:00Z" LastModifiedBy="143525" LastModifiedDate="0001-01-01T00:00:00Z" ContentType="application\hidden" ParentFolderID="822BDCDF7567B6A81199EABC0EE983D1" DisplayName="System Files" />
    <Folder ID="822BDCDF7567B6A81199EABC0EE983E8" Name="Process Model" ProcGroupID="822BDCDF7567B6A81199EABC0EE983D1" AppID="822BDCDF7567B6A81199EABC0EE983CA" Description="" CreatedBy="143525" CreatedDate="0001-01-01T00:00:00Z" LastModifiedBy="143525" LastModifiedDate="0001-01-01T00:00:00Z" ContentType="application\processmodel" ParentFolderID="822BDCDF7567B6A81199EABC0EE983D1" DisplayName="Process Model">
      <File ID="822BDCDF7567B6A81199F68FAD41C357" Name="PWD - Code Enforcement appeal view all submissions_Update PWD - Code Enforcement appeal" BaseFileID="822BDCDF7567B6A81199EABC0EE983EA" PrevVerFileID="822BDCDF7567B6A81199EABC0EE983EA" AppID="822BDCDF7567B6A81199EABC0EE983CA" ParentFolderID="822BDCDF7567B6A81199EABC0EE983E8" ProcGroupID="822BDCDF7567B6A81199EABC0EE983D1" Description="" Version="1.0" Status="RELEASED" ContentType="user\processmodel" CheckedOutBy="" CheckedOutDate="0001-01-01T00:00:00Z" CreatedDate="2019-10-24T18:54:26.217" CreatedBy="143525" LastModifiedDate="2019-10-24T18:54:26.217" LastModifiedBy="143525" ThemeID="" ExtraInfo="" DisplayName="Update PWD - Code Enforcement appeal" />
      <File ID="822BDCDF7567B6A81199F68FAD41C356" Name="PWD - Code Enforcement appeal view all submissions_All PWD - Code Enforcement appeal" BaseFileID="822BDCDF7567B6A81199EABC0EE983EB" PrevVerFileID="822BDCDF7567B6A81199EABC0EE983EB" AppID="822BDCDF7567B6A81199EABC0EE983CA" ParentFolderID="822BDCDF7567B6A81199EABC0EE983E8" ProcGroupID="822BDCDF7567B6A81199EABC0EE983D1" Description="" Version="1.0" Status="RELEASED" ContentType="user\processmodel" CheckedOutBy="" CheckedOutDate="0001-01-01T00:00:00Z" CreatedDate="2019-10-24T18:54:26.2" CreatedBy="143525" LastModifiedDate="2019-10-24T18:54:26.2" LastModifiedBy="143525" ThemeID="" ExtraInfo="" DisplayName="All PWD - Code Enforcement appeal" />
      <File ID="822BDCDF7567B6A81199F68FAD41C355" Name="PWD - Code Enforcement appeal view all submissions_Export all records as a CSV file" BaseFileID="822BDCDF7567B6A81199EABC0EE983E9" PrevVerFileID="822BDCDF7567B6A81199EABC0EE983E9" AppID="822BDCDF7567B6A81199EABC0EE983CA" ParentFolderID="822BDCDF7567B6A81199EABC0EE983E8" ProcGroupID="822BDCDF7567B6A81199EABC0EE983D1" Description="" Version="1.0" Status="RELEASED" ContentType="user\processmodel" CheckedOutBy="" CheckedOutDate="0001-01-01T00:00:00Z" CreatedDate="2019-10-24T18:54:26.183" CreatedBy="143525" LastModifiedDate="2019-10-24T18:54:26.183" LastModifiedBy="143525" ThemeID="" ExtraInfo="" DisplayName="Export all records as a CSV file" />
      <File ID="822BDCDF7567B6A81199F68FAD41C354" Name="PWD - Code Enforcement appeal view all submissions_Recently Modified PWD - Code Enforcement appeal" BaseFileID="822BDCDF7567B6A81199EABC0EE983EC" PrevVerFileID="822BDCDF7567B6A81199EABC0EE983EC" AppID="822BDCDF7567B6A81199EABC0EE983CA" ParentFolderID="822BDCDF7567B6A81199EABC0EE983E8" ProcGroupID="822BDCDF7567B6A81199EABC0EE983D1" Description="" Version="1.0" Status="RELEASED" ContentType="user\processmodel" CheckedOutBy="" CheckedOutDate="0001-01-01T00:00:00Z" CreatedDate="2019-10-24T18:54:26.17" CreatedBy="143525" LastModifiedDate="2019-10-24T18:54:26.17" LastModifiedBy="143525" ThemeID="" ExtraInfo="" DisplayName="Recently Modified PWD - Code Enforcement appeal" />
      <File ID="822BDCDF7567B6A81199F68FAD41C353" Name="PWD - Code Enforcement appeal view all submissions_New PWD - Code Enforcement appeal" BaseFileID="822BDCDF7567B6A81199EABC0EE983EE" PrevVerFileID="822BDCDF7567B6A81199EABC0EE983EE" AppID="822BDCDF7567B6A81199EABC0EE983CA" ParentFolderID="822BDCDF7567B6A81199EABC0EE983E8" ProcGroupID="822BDCDF7567B6A81199EABC0EE983D1" Description="" Version="1.0" Status="RELEASED" ContentType="user\processmodel" CheckedOutBy="" CheckedOutDate="0001-01-01T00:00:00Z" CreatedDate="2019-10-24T18:54:26.153" CreatedBy="143525" LastModifiedDate="2019-10-24T18:54:26.153" LastModifiedBy="143525" ThemeID="" ExtraInfo="" DisplayName="New PWD - Code Enforcement appeal" />
      <File ID="822BDCDF7567B6A81199F68FAD41C352" Name="PWD - Code Enforcement appeal view all submissions_Recently Created PWD - Code Enforcement appeal" BaseFileID="822BDCDF7567B6A81199EABC0EE983ED" PrevVerFileID="822BDCDF7567B6A81199EABC0EE983ED" AppID="822BDCDF7567B6A81199EABC0EE983CA" ParentFolderID="822BDCDF7567B6A81199EABC0EE983E8" ProcGroupID="822BDCDF7567B6A81199EABC0EE983D1" Description="" Version="1.0" Status="RELEASED" ContentType="user\processmodel" CheckedOutBy="" CheckedOutDate="0001-01-01T00:00:00Z" CreatedDate="2019-10-24T18:54:26.14" CreatedBy="143525" LastModifiedDate="2019-10-24T18:54:26.14" LastModifiedBy="143525" ThemeID="" ExtraInfo="" DisplayName="Recently Created PWD - Code Enforcement appeal" />
    </Folder>
    <Folder ID="822BDCDF7567B6A81199EABC0EE983EF" Name="Notification" ProcGroupID="822BDCDF7567B6A81199EABC0EE983D1" AppID="822BDCDF7567B6A81199EABC0EE983CA" Description="" CreatedBy="143525" CreatedDate="0001-01-01T00:00:00Z" LastModifiedBy="143525" LastModifiedDate="0001-01-01T00:00:00Z" ContentType="application\notification" ParentFolderID="822BDCDF7567B6A81199EABC0EE983D1" DisplayName="Notification">
      <Folder ID="822BDCDF7567B6A81199EABC0EE983F3" Name="Attachment Repository" ProcGroupID="822BDCDF7567B6A81199EABC0EE983D1" AppID="822BDCDF7567B6A81199EABC0EE983CA" Description="" CreatedBy="143525" CreatedDate="0001-01-01T00:00:00Z" LastModifiedBy="143525" LastModifiedDate="0001-01-01T00:00:00Z" ContentType="application\attachmentrepository" ParentFolderID="822BDCDF7567B6A81199EABC0EE983EF" DisplayName="Attachment Repository" />
      <Folder ID="8257D4CD9C2F4D1611DDF13AC1FAB15E" Name="E-mails" ProcGroupID="822BDCDF7567B6A81199EABC0EE983D1" AppID="822BDCDF7567B6A81199EABC0EE983CA" Description="" CreatedBy="143525" CreatedDate="2023-05-12T23:03:44.117" LastModifiedBy="143525" LastModifiedDate="2023-05-12T23:03:44.117" ContentType="application\email" ParentFolderID="822BDCDF7567B6A81199EABC0EE983EF" DisplayName="E-mails">
        <File ID="8257D4CD9C2F4D1611DDF13AC7FB74D0" Name="Record Deleted" BaseFileID="8257D4CD9C2F4D1611DDF13AC7FB74D0" PrevVerFileID="" AppID="822BDCDF7567B6A81199EABC0EE983CA" ParentFolderID="8257D4CD9C2F4D1611DDF13AC1FAB15E" ProcGroupID="822BDCDF7567B6A81199EABC0EE983D1" Description="" Version="1.01" Status="DRAFT" ContentType="user\email" CheckedOutBy="" CheckedOutDate="0001-01-01T00:00:00Z" CreatedDate="2023-05-12T23:03:56.02" CreatedBy="BOSTON-P-AS01\svc_agpdev" LastModifiedDate="2023-05-12T23:03:56.1" LastModifiedBy="BOSTON-P-AS01\svc_agpdev" ThemeID="" ExtraInfo="" DisplayName="Record Deleted" />
        <File ID="8257D4CD9C2F4D1611DDF13AC7FB74CD" Name="Record Edited" BaseFileID="8257D4CD9C2F4D1611DDF13AC7FB74CD" PrevVerFileID="" AppID="822BDCDF7567B6A81199EABC0EE983CA" ParentFolderID="8257D4CD9C2F4D1611DDF13AC1FAB15E" ProcGroupID="822BDCDF7567B6A81199EABC0EE983D1" Description="" Version="1.01" Status="DRAFT" ContentType="user\email" CheckedOutBy="" CheckedOutDate="0001-01-01T00:00:00Z" CreatedDate="2023-05-12T23:03:55.847" CreatedBy="BOSTON-P-AS01\svc_agpdev" LastModifiedDate="2023-05-12T23:03:55.893" LastModifiedBy="BOSTON-P-AS01\svc_agpdev" ThemeID="" ExtraInfo="" DisplayName="Record Edited" />
        <File ID="8257D4CD9C2F4D1611DDF13AC7FB74CA" Name="Record Added" BaseFileID="8257D4CD9C2F4D1611DDF13AC7FB74CA" PrevVerFileID="" AppID="822BDCDF7567B6A81199EABC0EE983CA" ParentFolderID="8257D4CD9C2F4D1611DDF13AC1FAB15E" ProcGroupID="822BDCDF7567B6A81199EABC0EE983D1" Description="" Version="1.01" Status="DRAFT" ContentType="user\email" CheckedOutBy="" CheckedOutDate="0001-01-01T00:00:00Z" CreatedDate="2023-05-12T23:03:55.643" CreatedBy="BOSTON-P-AS01\svc_agpdev" LastModifiedDate="2023-05-12T23:03:55.707" LastModifiedBy="BOSTON-P-AS01\svc_agpdev" ThemeID="" ExtraInfo="" DisplayName="Record Added" />
      </Folder>
    </Folder>
  </Folder>
  <CoAuthored>false</CoAuthored>
  <IsAIGenerated>false</IsAIGenerated>
</WFEnabledApplication>