<?xml version="1.0"?>
<WFApplicationDynamicDependencies xmlns:xsd="http://www.w3.org/2001/XMLSchema" xmlns:xsi="http://www.w3.org/2001/XMLSchema-instance">
  <AppName>ASD - 38D Forms</AppName>
  <Version>Unpublished</Version>
  <SharedAttributes>
    <SharedCustomAttribute>
      <AttributeName>ReportViewPrefix</AttributeName>
      <UsedIn>
        <DependencyUsedIn>
          <FileName>Notification</FileName>
          <FileDisplayName>Notification</FileDisplayName>
          <Activities />
          <FileType>Email Notification</FileType>
          <NumberOfTimesUsed>1</NumberOfTimesUsed>
        </DependencyUsedIn>
      </UsedIn>
      <IsExists>false</IsExists>
    </SharedCustomAttribute>
    <SharedCustomAttribute>
      <AttributeName>ReportViewSuffix</AttributeName>
      <UsedIn>
        <DependencyUsedIn>
          <FileName>Notification</FileName>
          <FileDisplayName>Notification</FileDisplayName>
          <Activities />
          <FileType>Email Notification</FileType>
          <NumberOfTimesUsed>1</NumberOfTimesUsed>
        </DependencyUsedIn>
      </UsedIn>
      <IsExists>false</IsExists>
    </SharedCustomAttribute>
  </SharedAttributes>
  <Groups>
    <Group>
      <GroupName>ASD - 38D Forms</GroupName>
      <UsedIn>
        <DependencyUsedIn>
          <FileName>ASD - 38D Forms</FileName>
          <FileDisplayName>ASD - 38D Forms</FileDisplayName>
          <Activities>
            <Activity>
              <InternalName>eForms_StandardTask.1</InternalName>
              <DisplayName>Report View</DisplayName>
            </Activity>
          </Activities>
          <FileType>Process Model</FileType>
          <NumberOfTimesUsed>1</NumberOfTimesUsed>
        </DependencyUsedIn>
      </UsedIn>
      <IsExists>false</IsExists>
    </Group>
  </Groups>
  <DataEntities>
    <DataEntity>
      <EntityName>ASD38DForms__u</EntityName>
      <EntityDisplayName>ASD - 38D Forms</EntityDisplayName>
      <UsedIn>
        <DependencyUsedIn>
          <FileName>ASD38DForms</FileName>
          <FileDisplayName>ASD38DForms</FileDisplayName>
          <Activities />
          <FileType>Data Source</FileType>
          <NumberOfTimesUsed>1</NumberOfTimesUsed>
        </DependencyUsedIn>
        <DependencyUsedIn>
          <FileName>ASD - 38D Forms</FileName>
          <FileDisplayName>ASD - 38D Forms</FileDisplayName>
          <Activities>
            <Activity>
              <InternalName>UpdateAPDataEntity.9</InternalName>
              <DisplayName>Save Form W Upload URL</DisplayName>
            </Activity>
            <Activity>
              <InternalName>UpdateAPDataEntity.8</InternalName>
              <DisplayName>Save Form D Upload URL</DisplayName>
            </Activity>
            <Activity>
              <InternalName>UpdateAPDataEntity.4</InternalName>
              <DisplayName>Save Form O Upload URL</DisplayName>
            </Activity>
            <Activity>
              <InternalName>UpdateAPDataEntity.2</InternalName>
              <DisplayName>Save Form H Upload URL</DisplayName>
            </Activity>
            <Activity>
              <InternalName>UpdateAPDataEntity.1</InternalName>
              <DisplayName>Save Form A2 Upload URL</DisplayName>
            </Activity>
            <Activity>
              <InternalName>UpdateAPDataEntity.3</InternalName>
              <DisplayName>Save Form NC Upload URL</DisplayName>
            </Activity>
            <Activity>
              <InternalName>UpdateAPDataEntity.5</InternalName>
              <DisplayName>Save Form PK Upload URL</DisplayName>
            </Activity>
            <Activity>
              <InternalName>UpdateAPDataEntity.6</InternalName>
              <DisplayName>Save Form SH Upload URL</DisplayName>
            </Activity>
            <Activity>
              <InternalName>UpdateAPDataEntity.7</InternalName>
              <DisplayName>Save Form ST1 Upload URL</DisplayName>
            </Activity>
          </Activities>
          <FileType>Process Model</FileType>
          <NumberOfTimesUsed>9</NumberOfTimesUsed>
        </DependencyUsedIn>
      </UsedIn>
      <IsExists>false</IsExists>
    </DataEntity>
  </DataEntities>
  <PickLists>
    <PickList>
      <PickListName>USAStates</PickListName>
      <PickListDisplayName>USA States</PickListDisplayName>
      <UsedIn>
        <DependencyUsedIn>
          <FileName>Form Library</FileName>
          <FileDisplayName>Form Library</FileDisplayName>
          <Activities />
          <FileType>eForm Library</FileType>
          <NumberOfTimesUsed>1</NumberOfTimesUsed>
        </DependencyUsedIn>
      </UsedIn>
      <IsExists>false</IsExists>
    </PickList>
  </PickLists>
  <GlobalAppTokens>
    <GlobalAppToken>
      <TokenName>AgilePoint Google Drive</TokenName>
      <UsedIn>
        <DependencyUsedIn>
          <FileName>Form A2 File Upload Repository</FileName>
          <FileDisplayName>Form A2 File Upload Repository</FileDisplayName>
          <Activities />
          <FileType>Document Repository</FileType>
          <NumberOfTimesUsed>1</NumberOfTimesUsed>
        </DependencyUsedIn>
        <DependencyUsedIn>
          <FileName>Form W File Upload Repository</FileName>
          <FileDisplayName>Form W File Upload Repository</FileDisplayName>
          <Activities />
          <FileType>Document Repository</FileType>
          <NumberOfTimesUsed>1</NumberOfTimesUsed>
        </DependencyUsedIn>
        <DependencyUsedIn>
          <FileName>Form D File Upload Repository</FileName>
          <FileDisplayName>Form D File Upload Repository</FileDisplayName>
          <Activities />
          <FileType>Document Repository</FileType>
          <NumberOfTimesUsed>1</NumberOfTimesUsed>
        </DependencyUsedIn>
        <DependencyUsedIn>
          <FileName>Form H File Upload Repository</FileName>
          <FileDisplayName>Form H File Upload Repository</FileDisplayName>
          <Activities />
          <FileType>Document Repository</FileType>
          <NumberOfTimesUsed>1</NumberOfTimesUsed>
        </DependencyUsedIn>
        <DependencyUsedIn>
          <FileName>Form O File Upload Repository</FileName>
          <FileDisplayName>Form O File Upload Repository</FileDisplayName>
          <Activities />
          <FileType>Document Repository</FileType>
          <NumberOfTimesUsed>1</NumberOfTimesUsed>
        </DependencyUsedIn>
        <DependencyUsedIn>
          <FileName>Form PK File Upload Repository</FileName>
          <FileDisplayName>Form PK File Upload Repository</FileDisplayName>
          <Activities />
          <FileType>Document Repository</FileType>
          <NumberOfTimesUsed>1</NumberOfTimesUsed>
        </DependencyUsedIn>
        <DependencyUsedIn>
          <FileName>Form NC File Upload Repository</FileName>
          <FileDisplayName>Form NC File Upload Repository</FileDisplayName>
          <Activities />
          <FileType>Document Repository</FileType>
          <NumberOfTimesUsed>1</NumberOfTimesUsed>
        </DependencyUsedIn>
        <DependencyUsedIn>
          <FileName>Form ST1 Submission</FileName>
          <FileDisplayName>Form ST1 Submission</FileDisplayName>
          <Activities />
          <FileType>Document Repository</FileType>
          <NumberOfTimesUsed>1</NumberOfTimesUsed>
        </DependencyUsedIn>
        <DependencyUsedIn>
          <FileName>Form SH File Upload Repository</FileName>
          <FileDisplayName>Form SH File Upload Repository</FileDisplayName>
          <Activities />
          <FileType>Document Repository</FileType>
          <NumberOfTimesUsed>1</NumberOfTimesUsed>
        </DependencyUsedIn>
        <DependencyUsedIn>
          <FileName>ASD - 38D Forms</FileName>
          <FileDisplayName>ASD - 38D Forms</FileDisplayName>
          <Activities>
            <Activity>
              <InternalName>RESTAgilePart.25</InternalName>
              <DisplayName>Form W: Get Supporting Doc Parent Folder ID</DisplayName>
            </Activity>
            <Activity>
              <InternalName>RESTAgilePart.23</InternalName>
              <DisplayName>Form W: Get Parent Folder ID</DisplayName>
            </Activity>
            <Activity>
              <InternalName>RESTAgilePart.32</InternalName>
              <DisplayName>Form D: Get Supporting Doc Parent Folder ID</DisplayName>
            </Activity>
            <Activity>
              <InternalName>RESTAgilePart.29</InternalName>
              <DisplayName>Form D: Get Parent Folder ID</DisplayName>
            </Activity>
            <Activity>
              <InternalName>RESTAgilePart.3</InternalName>
              <DisplayName>Form O: Get Supporting Doc Parent Folder ID</DisplayName>
            </Activity>
            <Activity>
              <InternalName>RESTAgilePart.2</InternalName>
              <DisplayName>Form O: Get Parent Folder ID</DisplayName>
            </Activity>
            <Activity>
              <InternalName>RESTAgilePart.4</InternalName>
              <DisplayName>Form O: Update File Parent</DisplayName>
            </Activity>
            <Activity>
              <InternalName>RESTAgilePart.8</InternalName>
              <DisplayName>Form H: Update Parent Folder ID</DisplayName>
            </Activity>
            <Activity>
              <InternalName>RESTAgilePart.6</InternalName>
              <DisplayName>Form H: Get Supporting Doc Parent Folder ID</DisplayName>
            </Activity>
            <Activity>
              <InternalName>RESTAgilePart.5</InternalName>
              <DisplayName>Form H: Get Parent Folder ID</DisplayName>
            </Activity>
            <Activity>
              <InternalName>RESTAgilePart.10</InternalName>
              <DisplayName>Form A2: Update Parent Folder</DisplayName>
            </Activity>
            <Activity>
              <InternalName>RESTAgilePart.9</InternalName>
              <DisplayName>Form A2: Get Supporting Doc Parent Folder ID</DisplayName>
            </Activity>
            <Activity>
              <InternalName>RESTAgilePart.7</InternalName>
              <DisplayName>Form A2: Get Parent Folder ID</DisplayName>
            </Activity>
            <Activity>
              <InternalName>RESTAgilePart.13</InternalName>
              <DisplayName>Form NC: Update Parent Folder</DisplayName>
            </Activity>
            <Activity>
              <InternalName>RESTAgilePart.12</InternalName>
              <DisplayName>Form NC: Get Supporting Doc Parent Folder ID</DisplayName>
            </Activity>
            <Activity>
              <InternalName>RESTAgilePart.11</InternalName>
              <DisplayName>Form NC: Get Parent Folder ID</DisplayName>
            </Activity>
            <Activity>
              <InternalName>RESTAgilePart.17</InternalName>
              <DisplayName>Form PK: Update Parent Folder ID</DisplayName>
            </Activity>
            <Activity>
              <InternalName>RESTAgilePart.16</InternalName>
              <DisplayName>Form PK: Get Supporting Doc Parent Folder ID</DisplayName>
            </Activity>
            <Activity>
              <InternalName>RESTAgilePart.14</InternalName>
              <DisplayName>Form PK: Get Parent Folder ID</DisplayName>
            </Activity>
            <Activity>
              <InternalName>RESTAgilePart.19</InternalName>
              <DisplayName>Form SH: Update Parent Folder ID</DisplayName>
            </Activity>
            <Activity>
              <InternalName>RESTAgilePart.18</InternalName>
              <DisplayName>Form SH: Get Supporting Doc Parent Folder ID</DisplayName>
            </Activity>
            <Activity>
              <InternalName>RESTAgilePart.15</InternalName>
              <DisplayName>Form SH: Get Parent Folder ID</DisplayName>
            </Activity>
            <Activity>
              <InternalName>RESTAgilePart.22</InternalName>
              <DisplayName>Form ST1: Update Parent Folder ID</DisplayName>
            </Activity>
            <Activity>
              <InternalName>RESTAgilePart.21</InternalName>
              <DisplayName>Form ST1: Get Supporting Doc Parent Folder ID</DisplayName>
            </Activity>
            <Activity>
              <InternalName>RESTAgilePart.20</InternalName>
              <DisplayName>Form ST1: Get Parent Folder ID</DisplayName>
            </Activity>
            <Activity>
              <InternalName>RESTAgilePart.1</InternalName>
              <DisplayName>Get Parent Folder Link</DisplayName>
            </Activity>
          </Activities>
          <FileType>Process Model</FileType>
          <NumberOfTimesUsed>26</NumberOfTimesUsed>
        </DependencyUsedIn>
      </UsedIn>
      <IsExists>false</IsExists>
    </GlobalAppToken>
  </GlobalAppTokens>
  <ValidationMasks>
    <ValidationMask>
      <MaskName>Numeric Text Only Ten Digits</MaskName>
      <UsedIn>
        <DependencyUsedIn>
          <FileName>Form Library</FileName>
          <FileDisplayName>Form Library</FileDisplayName>
          <Activities />
          <FileType>eForm Library</FileType>
          <NumberOfTimesUsed>1</NumberOfTimesUsed>
        </DependencyUsedIn>
      </UsedIn>
      <IsExists>false</IsExists>
    </ValidationMask>
  </ValidationMasks>
  <FileTypeGroups />
</WFApplicationDynamicDependencies>