<?xml version="1.0"?>
<WFEnabledApplication xmlns:xsd="http://www.w3.org/2001/XMLSchema" xmlns:xsi="http://www.w3.org/2001/XMLSchema-instance" ID="82309107B3DA343D11AA2B1A3199B0B0" Name="ASD - 38D Forms" Description="A template application for our migration from SeamlessDocs to AgilePoint." Status="DRAFT" CreatedDate="2019-12-30T07:36:55.513" CreatedBy="143525" AppType="eForms" Visibility="PAAS" ContentType="application" DisplayName="ASD - 38D Forms" AppLocale="customlocale" ParentApplicationId="AA4E12F761F562241199C9B7B336933B">
  <Folder ID="82309107B3DA343D11AA2B1A3199B0B1" Name="Shared Resources" ProcGroupID="" AppID="82309107B3DA343D11AA2B1A3199B0B0" Description="" CreatedBy="143525" CreatedDate="0001-01-01T00:00:00Z" LastModifiedBy="143525" LastModifiedDate="0001-01-01T00:00:00Z" ContentType="Any" ParentFolderID="82309107B3DA343D11AA2B1A3199B0B0" DisplayName="Shared Resources">
    <Folder ID="82309107B3DA343D11AA2B1A3199B0B2" Name="Style Sheets" ProcGroupID="" AppID="82309107B3DA343D11AA2B1A3199B0B0" Description="" CreatedBy="143525" CreatedDate="0001-01-01T00:00:00Z" LastModifiedBy="143525" LastModifiedDate="0001-01-01T00:00:00Z" ContentType="application\CSS" ParentFolderID="82309107B3DA343D11AA2B1A3199B0B1" DisplayName="Style Sheets" />
    <Folder ID="82309107B3DA343D11AA2B1A3199B0B3" Name="JavaScript" ProcGroupID="" AppID="82309107B3DA343D11AA2B1A3199B0B0" Description="" CreatedBy="143525" CreatedDate="0001-01-01T00:00:00Z" LastModifiedBy="143525" LastModifiedDate="0001-01-01T00:00:00Z" ContentType="application\js" ParentFolderID="82309107B3DA343D11AA2B1A3199B0B1" DisplayName="JavaScript" />
    <Folder ID="82309107B3DA343D11AA2B1A3199B0B4" Name="Images" ProcGroupID="" AppID="82309107B3DA343D11AA2B1A3199B0B0" Description="" CreatedBy="143525" CreatedDate="0001-01-01T00:00:00Z" LastModifiedBy="143525" LastModifiedDate="0001-01-01T00:00:00Z" ContentType="application\image" ParentFolderID="82309107B3DA343D11AA2B1A3199B0B1" DisplayName="Images" />
    <Folder ID="82309107B3DA343D11AA2B1A3199B0B5" Name="Access Tokens" ProcGroupID="" AppID="82309107B3DA343D11AA2B1A3199B0B0" Description="" CreatedBy="143525" CreatedDate="0001-01-01T00:00:00Z" LastModifiedBy="143525" LastModifiedDate="0001-01-01T00:00:00Z" ContentType="application\apptoken" ParentFolderID="82309107B3DA343D11AA2B1A3199B0B1" DisplayName="Access Tokens">
      <File ID="82309107B3DA343D11AA2B1A3199B0DA" Name="Anonymous Access - SeamlessDocs Migration" BaseFileID="82309107B3DA343D11AA2B1A3199B0DA" AppID="82309107B3DA343D11AA2B1A3199B0B0" ParentFolderID="82309107B3DA343D11AA2B1A3199B0B5" Description="" Status="RELEASED" ContentType="user\apptoken" CheckedOutDate="0001-01-01T00:00:00Z" CreatedDate="2019-12-30T07:36:55.657" CreatedBy="143525" LastModifiedDate="2019-12-30T07:36:55.687" LastModifiedBy="143525" DisplayName="Anonymous Access - SeamlessDocs Migration" />
    </Folder>
    <Folder ID="82309107B3DA343D11AA2B1A3199B0B6" Name="Application Resources" ProcGroupID="" AppID="82309107B3DA343D11AA2B1A3199B0B0" Description="" CreatedBy="143525" CreatedDate="0001-01-01T00:00:00Z" LastModifiedBy="143525" LastModifiedDate="0001-01-01T00:00:00Z" ContentType="application\applicationresources" ParentFolderID="82309107B3DA343D11AA2B1A3199B0B1" DisplayName="Application Resources" />
    <Folder ID="825FC2FFACA72A8211DDE63888F82690" Name="Comments" ProcGroupID="82309107B3DA343D11AA2B1A3199B0B1" AppID="82309107B3DA343D11AA2B1A3199B0B0" Description="" CreatedBy="143525" CreatedDate="2023-04-28T22:50:10.63" LastModifiedBy="143525" LastModifiedDate="2023-04-28T22:50:10.63" ContentType="application\comments" ParentFolderID="82309107B3DA343D11AA2B1A3199B0B1" DisplayName="Comments" />
  </Folder>
  <Folder ID="82309107B3DA343D11AA2B1A3199B0B7" Name="Processes" ProcGroupID="" AppID="82309107B3DA343D11AA2B1A3199B0B0" Description="" CreatedBy="143525" CreatedDate="0001-01-01T00:00:00Z" LastModifiedBy="143525" LastModifiedDate="0001-01-01T00:00:00Z" ContentType="application\processgroup" ParentFolderID="82309107B3DA343D11AA2B1A3199B0B0" DisplayName="Processes">
    <Folder ID="82309107B3DA343D11AA2B1A3199B0B8" Name="Template Application - SeamlessDoc Migration" ProcGroupID="" AppID="82309107B3DA343D11AA2B1A3199B0B0" Description="" CreatedBy="143525" CreatedDate="0001-01-01T00:00:00Z" LastModifiedBy="143525" LastModifiedDate="0001-01-01T00:00:00Z" ContentType="user\processgroup" ParentFolderID="82309107B3DA343D11AA2B1A3199B0B7" DisplayName="Template Application - SeamlessDoc Migration">
      <Folder ID="82309107B3DA343D11AA2B1A3199B0B9" Name="Document Repository" ProcGroupID="82309107B3DA343D11AA2B1A3199B0B8" AppID="82309107B3DA343D11AA2B1A3199B0B0" Description="" CreatedBy="143525" CreatedDate="0001-01-01T00:00:00Z" LastModifiedBy="143525" LastModifiedDate="0001-01-01T00:00:00Z" ContentType="application\documentrepository" ParentFolderID="82309107B3DA343D11AA2B1A3199B0B8" DisplayName="Document Repository">
        <File ID="8271C1FA043C471011EECB4D7A157A94" Name="Form A2 File Upload Repository" BaseFileID="82309107B3DA343D11AA2B1A3199B0BA" PrevVerFileID="8271C1FA043C471011EEC622B0716FEA" AppID="82309107B3DA343D11AA2B1A3199B0B0" ParentFolderID="82309107B3DA343D11AA2B1A3199B0B9" ProcGroupID="82309107B3DA343D11AA2B1A3199B0B8" Description="" Version="1.44" Status="DRAFT" ContentType="user\documentrepository" CheckedOutBy="" CheckedOutDate="0001-01-01T00:00:00Z" CreatedDate="2024-02-14T10:26:55.563" CreatedBy="40003040" LastModifiedDate="2024-02-14T10:27:47.87" LastModifiedBy="40003040" ThemeID="" ExtraInfo="" DisplayName="Form A2 File Upload Repository" />
        <File ID="8271C1FA043C471011EEC63B9C2DA322" Name="Form W File Upload Repository" BaseFileID="826FF205F6C807D911EEC05A6618BC00" PrevVerFileID="8271C1FA043C471011EEC63408222D75" AppID="82309107B3DA343D11AA2B1A3199B0B0" ParentFolderID="82309107B3DA343D11AA2B1A3199B0B9" ProcGroupID="82309107B3DA343D11AA2B1A3199B0B8" Description="" Version="1.14" Status="RELEASED" ContentType="user\documentrepository" CheckedOutBy="" CheckedOutDate="0001-01-01T00:00:00Z" CreatedDate="2024-02-07T23:36:23.347" CreatedBy="40003040" LastModifiedDate="2024-02-07T23:41:20.63" LastModifiedBy="40003040" ThemeID="" ExtraInfo="" DisplayName="Form W File Upload Repository" />
        <File ID="8271C1FA043C471011EEC622B0716FE9" Name="Form D File Upload Repository" BaseFileID="826FF205F6C807D911EEC05A6618BBFF" PrevVerFileID="8272AB22530797BF11EEC61522C1A684" AppID="82309107B3DA343D11AA2B1A3199B0B0" ParentFolderID="82309107B3DA343D11AA2B1A3199B0B9" ProcGroupID="82309107B3DA343D11AA2B1A3199B0B8" Description="" Version="1.1" Status="RELEASED" ContentType="user\documentrepository" CheckedOutBy="" CheckedOutDate="0001-01-01T00:00:00Z" CreatedDate="2024-02-07T20:38:07.92" CreatedBy="40003040" LastModifiedDate="2024-02-07T20:38:07.92" LastModifiedBy="40003040" ThemeID="" ExtraInfo="" DisplayName="Form D File Upload Repository" />
        <File ID="8271C1FA043C471011EEC622B0716FE5" Name="Form H File Upload Repository" BaseFileID="82309107B3DA343D11AA2B1A3199B0BB" PrevVerFileID="8272AB22530797BF11EEC61522C1A680" AppID="82309107B3DA343D11AA2B1A3199B0B0" ParentFolderID="82309107B3DA343D11AA2B1A3199B0B9" ProcGroupID="82309107B3DA343D11AA2B1A3199B0B8" Description="" Version="1.36" Status="RELEASED" ContentType="user\documentrepository" CheckedOutBy="" CheckedOutDate="0001-01-01T00:00:00Z" CreatedDate="2024-02-07T20:38:07.907" CreatedBy="40003040" LastModifiedDate="2024-02-07T20:38:07.907" LastModifiedBy="40003040" ThemeID="" ExtraInfo="" DisplayName="Form H File Upload Repository" />
        <File ID="8271C1FA043C471011EEC622B0716FE6" Name="Form O File Upload Repository" BaseFileID="82309107B3DA343D11AA2B1A3199B0BD" PrevVerFileID="8272AB22530797BF11EEC61522C1A681" AppID="82309107B3DA343D11AA2B1A3199B0B0" ParentFolderID="82309107B3DA343D11AA2B1A3199B0B9" ProcGroupID="82309107B3DA343D11AA2B1A3199B0B8" Description="" Version="1.36" Status="RELEASED" ContentType="user\documentrepository" CheckedOutBy="" CheckedOutDate="0001-01-01T00:00:00Z" CreatedDate="2024-02-07T20:38:07.907" CreatedBy="40003040" LastModifiedDate="2024-02-07T20:38:07.907" LastModifiedBy="40003040" ThemeID="" ExtraInfo="" DisplayName="Form O File Upload Repository" />
        <File ID="8271C1FA043C471011EEC622B0716FE7" Name="Form PK File Upload Repository" BaseFileID="82309107B3DA343D11AA2B1A3199B0BE" PrevVerFileID="8272AB22530797BF11EEC61522C1A682" AppID="82309107B3DA343D11AA2B1A3199B0B0" ParentFolderID="82309107B3DA343D11AA2B1A3199B0B9" ProcGroupID="82309107B3DA343D11AA2B1A3199B0B8" Description="" Version="1.36" Status="RELEASED" ContentType="user\documentrepository" CheckedOutBy="" CheckedOutDate="0001-01-01T00:00:00Z" CreatedDate="2024-02-07T20:38:07.907" CreatedBy="40003040" LastModifiedDate="2024-02-07T20:38:07.907" LastModifiedBy="40003040" ThemeID="" ExtraInfo="" DisplayName="Form PK File Upload Repository" />
        <File ID="8271C1FA043C471011EEC622B0716FE8" Name="Form NC File Upload Repository" BaseFileID="82309107B3DA343D11AA2B1A3199B0BC" PrevVerFileID="8272AB22530797BF11EEC61522C1A683" AppID="82309107B3DA343D11AA2B1A3199B0B0" ParentFolderID="82309107B3DA343D11AA2B1A3199B0B9" ProcGroupID="82309107B3DA343D11AA2B1A3199B0B8" Description="" Version="1.37" Status="RELEASED" ContentType="user\documentrepository" CheckedOutBy="" CheckedOutDate="0001-01-01T00:00:00Z" CreatedDate="2024-02-07T20:38:07.907" CreatedBy="40003040" LastModifiedDate="2024-02-07T20:38:07.907" LastModifiedBy="40003040" ThemeID="" ExtraInfo="" DisplayName="Form NC File Upload Repository" />
        <File ID="8271C1FA043C471011EEC622B0716FE2" Name="Form ST1 Submission" BaseFileID="823891ADF6F5495111BB8BF485D12075" PrevVerFileID="8272AB22530797BF11EEC616A89265A4" AppID="82309107B3DA343D11AA2B1A3199B0B0" ParentFolderID="82309107B3DA343D11AA2B1A3199B0B9" ProcGroupID="82309107B3DA343D11AA2B1A3199B0B8" Description="" Version="1.12" Status="RELEASED" ContentType="user\documentrepository" CheckedOutBy="" CheckedOutDate="0001-01-01T00:00:00Z" CreatedDate="2024-02-07T20:38:07.89" CreatedBy="40003040" LastModifiedDate="2024-02-07T20:38:07.89" LastModifiedBy="40003040" ThemeID="" ExtraInfo="" DisplayName="Form ST1 Submission" />
        <File ID="8271C1FA043C471011EEC622B0716FE4" Name="Form SH File Upload Repository" BaseFileID="82309107B3DA343D11AA2B1A3199B0BF" PrevVerFileID="8272AB22530797BF11EEC61522C1A67F" AppID="82309107B3DA343D11AA2B1A3199B0B0" ParentFolderID="82309107B3DA343D11AA2B1A3199B0B9" ProcGroupID="82309107B3DA343D11AA2B1A3199B0B8" Description="" Version="1.37" Status="RELEASED" ContentType="user\documentrepository" CheckedOutBy="" CheckedOutDate="0001-01-01T00:00:00Z" CreatedDate="2024-02-07T20:38:07.89" CreatedBy="40003040" LastModifiedDate="2024-02-07T20:38:07.89" LastModifiedBy="40003040" ThemeID="" ExtraInfo="" DisplayName="Form SH File Upload Repository" />
      </Folder>
      <Folder ID="82309107B3DA343D11AA2B1A3199B0C1" Name="Data Source" ProcGroupID="82309107B3DA343D11AA2B1A3199B0B8" AppID="82309107B3DA343D11AA2B1A3199B0B0" Description="" CreatedBy="143525" CreatedDate="0001-01-01T00:00:00Z" LastModifiedBy="143525" LastModifiedDate="0001-01-01T00:00:00Z" ContentType="application\datasources" ParentFolderID="82309107B3DA343D11AA2B1A3199B0B8" DisplayName="Data Source">
        <File ID="8272AB22530797BF11EEC9C17DAA4928" Name="ASD38DForms" BaseFileID="82309107B3DA343D11AA2B1A3199B0C2" PrevVerFileID="8271C1FA043C471011EEC622B0716FEC" AppID="82309107B3DA343D11AA2B1A3199B0B0" ParentFolderID="82309107B3DA343D11AA2B1A3199B0C1" ProcGroupID="82309107B3DA343D11AA2B1A3199B0B8" Description="" Version="1.39" Status="RELEASED" ContentType="user\APDataEntityDataSource" CheckedOutBy="" CheckedOutDate="0001-01-01T00:00:00Z" CreatedDate="2024-02-12T11:12:27.84" CreatedBy="40003040" LastModifiedDate="2024-02-12T11:13:14.487" LastModifiedBy="40003040" ThemeID="" ExtraInfo="" DisplayName="ASD38DForms" />
      </Folder>
      <Folder ID="82309107B3DA343D11AA2B1A3199B0C3" Name="Data Model" ProcGroupID="82309107B3DA343D11AA2B1A3199B0B8" AppID="82309107B3DA343D11AA2B1A3199B0B0" Description="" CreatedBy="143525" CreatedDate="0001-01-01T00:00:00Z" LastModifiedBy="143525" LastModifiedDate="0001-01-01T00:00:00Z" ContentType="application\datamodel" ParentFolderID="82309107B3DA343D11AA2B1A3199B0B8" DisplayName="Data Model">
        <File ID="8271C1FA043C471011EECB4D6225B816" Name="Schema.xsd" BaseFileID="82309107B3DA343D11AA2B1A3199B0C4" PrevVerFileID="8271C1FA043C471011EECB4153640119" AppID="82309107B3DA343D11AA2B1A3199B0B0" ParentFolderID="82309107B3DA343D11AA2B1A3199B0C3" ProcGroupID="82309107B3DA343D11AA2B1A3199B0B8" Description="" Version="2.45" Status="DRAFT" ContentType="user\datamodel" CheckedOutBy="" CheckedOutDate="0001-01-01T00:00:00Z" CreatedDate="2024-02-14T10:26:17.313" CreatedBy="40003040" LastModifiedDate="2024-02-14T10:27:47.92" LastModifiedBy="40003040" ThemeID="" ExtraInfo="[{&quot;Name&quot; : &quot;NamespaceUpdated&quot; , &quot;Value&quot; : &quot;True&quot;}]" DisplayName="Schema.xsd" />
        <File ID="8272AB22530797BF11EEC9C183A3BDC3" Name="ASD38DForms" BaseFileID="82309107B3DA343D11AA2B1A3199B0C5" PrevVerFileID="8271C1FA043C471011EEC622B0716FEE" AppID="82309107B3DA343D11AA2B1A3199B0B0" ParentFolderID="82309107B3DA343D11AA2B1A3199B0C3" ProcGroupID="82309107B3DA343D11AA2B1A3199B0B8" Description="Datasource ASD38DForms Schema" Version="1.39" Status="RELEASED" ContentType="user\apdataentitydatamodel" CheckedOutBy="" CheckedOutDate="0001-01-01T00:00:00Z" CreatedDate="2024-02-12T11:12:36.817" CreatedBy="40003040" LastModifiedDate="2024-02-12T11:12:36.833" LastModifiedBy="40003040" ThemeID="" ExtraInfo="" DisplayName="ASD38DForms" />
      </Folder>
      <Folder ID="82309107B3DA343D11AA2B1A3199B0C6" Name="Notification" ProcGroupID="82309107B3DA343D11AA2B1A3199B0B8" AppID="82309107B3DA343D11AA2B1A3199B0B0" Description="" CreatedBy="143525" CreatedDate="0001-01-01T00:00:00Z" LastModifiedBy="143525" LastModifiedDate="0001-01-01T00:00:00Z" ContentType="application\notification" ParentFolderID="82309107B3DA343D11AA2B1A3199B0B8" DisplayName="Notification">
        <Folder ID="82309107B3DA343D11AA2B1A3199B0C7" Name="E-mails" ProcGroupID="82309107B3DA343D11AA2B1A3199B0B8" AppID="82309107B3DA343D11AA2B1A3199B0B0" Description="" CreatedBy="143525" CreatedDate="0001-01-01T00:00:00Z" LastModifiedBy="143525" LastModifiedDate="0001-01-01T00:00:00Z" ContentType="application\email" ParentFolderID="82309107B3DA343D11AA2B1A3199B0C6" DisplayName="E-mails">
          <File ID="8271C1FA043C471011EEC7899A2558E4" Name="Notification" BaseFileID="82309107B3DA343D11AA2B1A3199B0C9" PrevVerFileID="8272AB22530797BF11EEC77CC6A5B718" AppID="82309107B3DA343D11AA2B1A3199B0B0" ParentFolderID="82309107B3DA343D11AA2B1A3199B0C7" ProcGroupID="82309107B3DA343D11AA2B1A3199B0B8" Description="" Version="1.42" Status="RELEASED" ContentType="user\email" CheckedOutBy="" CheckedOutDate="0001-01-01T00:00:00Z" CreatedDate="2024-02-09T15:27:13.99" CreatedBy="40003040" LastModifiedDate="2024-02-09T16:14:55.44" LastModifiedBy="40003040" ThemeID="" ExtraInfo="" DisplayName="Notification" />
          <File ID="8271C1FA043C471011EEC77D2E52C09D" Name="Thank You" BaseFileID="82309107B3DA343D11AA2B1A3199B0C8" PrevVerFileID="8271C1FA043C471011EEC622B0716FF0" AppID="82309107B3DA343D11AA2B1A3199B0B0" ParentFolderID="82309107B3DA343D11AA2B1A3199B0C7" ProcGroupID="82309107B3DA343D11AA2B1A3199B0B8" Description="" Version="1.37" Status="RELEASED" ContentType="user\email" CheckedOutBy="" CheckedOutDate="0001-01-01T00:00:00Z" CreatedDate="2024-02-09T13:58:21.307" CreatedBy="40003040" LastModifiedDate="2024-02-09T15:21:22.283" LastModifiedBy="40003040" ThemeID="" ExtraInfo="" DisplayName="Thank You" />
        </Folder>
        <Folder ID="82309107B3DA343D11AA2B1A3199B0CA" Name="MicrosoftTeams" ProcGroupID="82309107B3DA343D11AA2B1A3199B0B8" AppID="82309107B3DA343D11AA2B1A3199B0B0" Description="" CreatedBy="143525" CreatedDate="0001-01-01T00:00:00Z" LastModifiedBy="143525" LastModifiedDate="2023-04-28T22:50:10.867" ContentType="application\microsoftteams" ParentFolderID="82309107B3DA343D11AA2B1A3199B0C6" DisplayName="Microsoft Teams" />
        <Folder ID="82309107B3DA343D11AA2B1A3199B0CB" Name="Yammer" ProcGroupID="82309107B3DA343D11AA2B1A3199B0B8" AppID="82309107B3DA343D11AA2B1A3199B0B0" Description="" CreatedBy="143525" CreatedDate="0001-01-01T00:00:00Z" LastModifiedBy="143525" LastModifiedDate="0001-01-01T00:00:00Z" ContentType="application\yammer" ParentFolderID="82309107B3DA343D11AA2B1A3199B0C6" DisplayName="Yammer" />
        <Folder ID="82309107B3DA343D11AA2B1A3199B0CC" Name="Chatter" ProcGroupID="82309107B3DA343D11AA2B1A3199B0B8" AppID="82309107B3DA343D11AA2B1A3199B0B0" Description="" CreatedBy="143525" CreatedDate="0001-01-01T00:00:00Z" LastModifiedBy="143525" LastModifiedDate="0001-01-01T00:00:00Z" ContentType="application\chatter" ParentFolderID="82309107B3DA343D11AA2B1A3199B0C6" DisplayName="Chatter" />
        <Folder ID="82309107B3DA343D11AA2B1A3199B0CD" Name="Attachment Repository" ProcGroupID="82309107B3DA343D11AA2B1A3199B0B8" AppID="82309107B3DA343D11AA2B1A3199B0B0" Description="" CreatedBy="143525" CreatedDate="0001-01-01T00:00:00Z" LastModifiedBy="143525" LastModifiedDate="0001-01-01T00:00:00Z" ContentType="application\attachmentrepository" ParentFolderID="82309107B3DA343D11AA2B1A3199B0C6" DisplayName="Attachment Repository" />
        <Folder ID="82309107B3DA343D11AA2B1A3199B0CE" Name="SMS" ProcGroupID="82309107B3DA343D11AA2B1A3199B0B8" AppID="82309107B3DA343D11AA2B1A3199B0B0" Description="" CreatedBy="143525" CreatedDate="0001-01-01T00:00:00Z" LastModifiedBy="143525" LastModifiedDate="0001-01-01T00:00:00Z" ContentType="application\sms" ParentFolderID="82309107B3DA343D11AA2B1A3199B0C6" DisplayName="SMS" />
      </Folder>
      <Folder ID="82309107B3DA343D11AA2B1A3199B0CF" Name="Process Model" ProcGroupID="82309107B3DA343D11AA2B1A3199B0B8" AppID="82309107B3DA343D11AA2B1A3199B0B0" Description="" CreatedBy="143525" CreatedDate="0001-01-01T00:00:00Z" LastModifiedBy="143525" LastModifiedDate="0001-01-01T00:00:00Z" ContentType="application\processmodel" ParentFolderID="82309107B3DA343D11AA2B1A3199B0B8" DisplayName="Process Model">
        <File ID="8271C1FA043C471011EECB4D6225B815" Name="ASD - 38D Forms" BaseFileID="82309107B3DA343D11AA2B1A3199B0D0" PrevVerFileID="8271C1FA043C471011EECB4153640117" AppID="82309107B3DA343D11AA2B1A3199B0B0" ParentFolderID="82309107B3DA343D11AA2B1A3199B0CF" ProcGroupID="82309107B3DA343D11AA2B1A3199B0B8" Description="" Version="2.11" Status="DRAFT" ContentType="user\processmodel" CheckedOutBy="" CheckedOutDate="0001-01-01T00:00:00Z" CreatedDate="2024-02-14T10:26:17.143" CreatedBy="40003040" LastModifiedDate="2024-02-14T10:27:47.933" LastModifiedBy="40003040" ThemeID="" ExtraInfo="" DisplayName="ASD - 38D Forms" />
      </Folder>
      <Folder ID="82309107B3DA343D11AA2B1A3199B0D1" Name="Translation" ProcGroupID="82309107B3DA343D11AA2B1A3199B0B8" AppID="82309107B3DA343D11AA2B1A3199B0B0" Description="" CreatedBy="143525" CreatedDate="0001-01-01T00:00:00Z" LastModifiedBy="143525" LastModifiedDate="0001-01-01T00:00:00Z" ContentType="application\translation" ParentFolderID="82309107B3DA343D11AA2B1A3199B0B8" DisplayName="Translation" />
      <Folder ID="82309107B3DA343D11AA2B1A3199B0D2" Name="Lookups" ProcGroupID="82309107B3DA343D11AA2B1A3199B0B8" AppID="82309107B3DA343D11AA2B1A3199B0B0" Description="" CreatedBy="143525" CreatedDate="0001-01-01T00:00:00Z" LastModifiedBy="143525" LastModifiedDate="0001-01-01T00:00:00Z" ContentType="application\lookup" ParentFolderID="82309107B3DA343D11AA2B1A3199B0B8" DisplayName="Lookups" />
      <Folder ID="82309107B3DA343D11AA2B1A3199B0D3" Name="Forms" ProcGroupID="82309107B3DA343D11AA2B1A3199B0B8" AppID="82309107B3DA343D11AA2B1A3199B0B0" Description="" CreatedBy="143525" CreatedDate="0001-01-01T00:00:00Z" LastModifiedBy="143525" LastModifiedDate="0001-01-01T00:00:00Z" ContentType="application\formsgroup" ParentFolderID="82309107B3DA343D11AA2B1A3199B0B8" DisplayName="Forms">
        <Folder ID="82309107B3DA343D11AA2B1A3199B0D4" Name="Task Forms" ProcGroupID="82309107B3DA343D11AA2B1A3199B0B8" AppID="82309107B3DA343D11AA2B1A3199B0B0" Description="" CreatedBy="143525" CreatedDate="0001-01-01T00:00:00Z" LastModifiedBy="143525" LastModifiedDate="0001-01-01T00:00:00Z" ContentType="application\taskforms" ParentFolderID="82309107B3DA343D11AA2B1A3199B0D3" DisplayName="Task Forms">
          <File ID="8271C1FA043C471011EECB4D6E1B9CAB" Name="Submission Form" BaseFileID="82309107B3DA343D11AA2B1A3199B0D5" PrevVerFileID="8272AB22530797BF11EECB415C6DCAE1" AppID="82309107B3DA343D11AA2B1A3199B0B0" ParentFolderID="82309107B3DA343D11AA2B1A3199B0D4" ProcGroupID="82309107B3DA343D11AA2B1A3199B0B8" Description="" Version="1.77" Status="DRAFT" ContentType="user\taskforms" CheckedOutBy="" CheckedOutDate="0001-01-01T00:00:00Z" CreatedDate="2024-02-14T10:26:37.19" CreatedBy="40003040" LastModifiedDate="2024-02-14T10:27:47.95" LastModifiedBy="40003040" ThemeID="" ExtraInfo="" DisplayName="Submission Form" />
          <File ID="8272AB22530797BF11EEC792A56C1525" Name="Report View" BaseFileID="82309107B3DA343D11AA2B1A3199B0D6" PrevVerFileID="8271C1FA043C471011EEC77D6A3C8A24" AppID="82309107B3DA343D11AA2B1A3199B0B0" ParentFolderID="82309107B3DA343D11AA2B1A3199B0D4" ProcGroupID="82309107B3DA343D11AA2B1A3199B0B8" Description="" Version="1.48" Status="RELEASED" ContentType="user\taskforms" CheckedOutBy="" CheckedOutDate="0001-01-01T00:00:00Z" CreatedDate="2024-02-09T16:31:58.613" CreatedBy="40003040" LastModifiedDate="2024-02-09T16:32:20.133" LastModifiedBy="40003040" ThemeID="" ExtraInfo="" DisplayName="Report View" />
        </Folder>
      </Folder>
      <Folder ID="82309107B3DA343D11AA2B1A3199B0D7" Name="Library" ProcGroupID="82309107B3DA343D11AA2B1A3199B0B8" AppID="82309107B3DA343D11AA2B1A3199B0B0" Description="" CreatedBy="143525" CreatedDate="0001-01-01T00:00:00Z" LastModifiedBy="143525" LastModifiedDate="0001-01-01T00:00:00Z" ContentType="application\taskformlibrary" ParentFolderID="82309107B3DA343D11AA2B1A3199B0B8" DisplayName="Library">
        <File ID="8271C1FA043C471011EECB4D6E1B9CAA" Name="Form Library" BaseFileID="82309107B3DA343D11AA2B1A3199B0D8" PrevVerFileID="8272AB22530797BF11EECB415C6DCAE0" AppID="82309107B3DA343D11AA2B1A3199B0B0" ParentFolderID="82309107B3DA343D11AA2B1A3199B0D7" ProcGroupID="82309107B3DA343D11AA2B1A3199B0B8" Description="" Version="1.84" Status="DRAFT" ContentType="user\taskformlibrary" CheckedOutBy="" CheckedOutDate="0001-01-01T00:00:00Z" CreatedDate="2024-02-14T10:26:37.173" CreatedBy="40003040" LastModifiedDate="2024-02-14T10:27:47.967" LastModifiedBy="40003040" ThemeID="" ExtraInfo="" DisplayName="Form Library" />
      </Folder>
      <Folder ID="82309107B3DA343D11AA2B1A3199B0D9" Name="System Files" ProcGroupID="82309107B3DA343D11AA2B1A3199B0B8" AppID="82309107B3DA343D11AA2B1A3199B0B0" Description="" CreatedBy="143525" CreatedDate="0001-01-01T00:00:00Z" LastModifiedBy="143525" LastModifiedDate="0001-01-01T00:00:00Z" ContentType="application\hidden" ParentFolderID="82309107B3DA343D11AA2B1A3199B0B8" DisplayName="System Files" />
    </Folder>
  </Folder>
</WFEnabledApplication>