<?xml version="1.0"?>
<WFApplicationDynamicDependencies xmlns:xsd="http://www.w3.org/2001/XMLSchema" xmlns:xsi="http://www.w3.org/2001/XMLSchema-instance">
  <AppName>DIS - On Street Accessible Parking</AppName>
  <Version>1.02</Version>
  <Groups>
    <Group>
      <GroupName>DIS - Accessible Parking Space Application</GroupName>
      <UsedIn>
        <DependencyUsedIn>
          <FileName>Notification</FileName>
          <FileDisplayName>Notification</FileDisplayName>
          <Activities />
          <FileType>Email Notification</FileType>
          <NumberOfTimesUsed>1</NumberOfTimesUsed>
        </DependencyUsedIn>
      </UsedIn>
      <IsExists>false</IsExists>
    </Group>
  </Groups>
  <DataEntities>
    <DataEntity>
      <EntityName>DISHandicapParking__u</EntityName>
      <EntityDisplayName>DIS - Handicap Parking</EntityDisplayName>
      <UsedIn>
        <DependencyUsedIn>
          <FileName>DIS - On Street Accessible Parking</FileName>
          <FileDisplayName>DIS - On Street Accessible Parking</FileDisplayName>
          <Activities>
            <Activity>
              <InternalName>CreateAPDataEntity.1</InternalName>
              <DisplayName>Create Data Entity Record</DisplayName>
            </Activity>
          </Activities>
          <FileType>Process Model</FileType>
          <NumberOfTimesUsed>1</NumberOfTimesUsed>
        </DependencyUsedIn>
      </UsedIn>
      <IsExists>false</IsExists>
    </DataEntity>
  </DataEntities>
  <PickLists>
    <PickList>
      <PickListName>COBNeighborhoods__p</PickListName>
      <PickListDisplayName>COB - Neighborhood's</PickListDisplayName>
      <UsedIn>
        <DependencyUsedIn>
          <FileName>Form Library</FileName>
          <FileDisplayName>Form Library</FileDisplayName>
          <Activities />
          <FileType>eForm Library</FileType>
          <NumberOfTimesUsed>2</NumberOfTimesUsed>
        </DependencyUsedIn>
      </UsedIn>
      <IsExists>false</IsExists>
    </PickList>
  </PickLists>
  <GlobalAppTokens>
    <GlobalAppToken>
      <TokenName>AgilePoint Google Drive</TokenName>
      <UsedIn>
        <DependencyUsedIn>
          <FileName>File Upload Repository</FileName>
          <FileDisplayName>File Upload Repository</FileDisplayName>
          <Activities />
          <FileType>Document Repository</FileType>
          <NumberOfTimesUsed>1</NumberOfTimesUsed>
        </DependencyUsedIn>
        <DependencyUsedIn>
          <FileName>DIS - On Street Accessible Parking</FileName>
          <FileDisplayName>DIS - On Street Accessible Parking</FileDisplayName>
          <Activities>
            <Activity>
              <InternalName>RESTAgilePart.3</InternalName>
              <DisplayName>Update Parent Folder ID</DisplayName>
            </Activity>
            <Activity>
              <InternalName>RESTAgilePart.2</InternalName>
              <DisplayName>Get File Parent ID</DisplayName>
            </Activity>
            <Activity>
              <InternalName>RESTAgilePart.1</InternalName>
              <DisplayName>Get Parent Folder ID</DisplayName>
            </Activity>
          </Activities>
          <FileType>Process Model</FileType>
          <NumberOfTimesUsed>3</NumberOfTimesUsed>
        </DependencyUsedIn>
      </UsedIn>
      <IsExists>false</IsExists>
    </GlobalAppToken>
  </GlobalAppTokens>
  <FileTypeGroups />
</WFApplicationDynamicDependencies>