<?xml version="1.0"?>
<WFEnabledApplication xmlns:xsd="http://www.w3.org/2001/XMLSchema" xmlns:xsi="http://www.w3.org/2001/XMLSchema-instance" ID="823D8B789D407B0311CC7D6B26FADB73" Name="OPAT - Police Accountability and Transparency" Description="" Status="DRAFT" CreatedDate="2022-01-24T18:12:57.56" CreatedBy="162157" AppType="eForms" Visibility="PAAS" ContentType="application" DisplayName="OPAT - Police Accountability and Transparency" AppLocale="customlocale" ParentApplicationId="">
  <Folder ID="823D8B789D407B0311CC7D6B26FADB74" Name="Shared Resources" ProcGroupID="" AppID="823D8B789D407B0311CC7D6B26FADB73" Description="" CreatedBy="162157" CreatedDate="0001-01-01T00:00:00Z" LastModifiedBy="162157" LastModifiedDate="0001-01-01T00:00:00Z" ContentType="Any" ParentFolderID="823D8B789D407B0311CC7D6B26FADB73" DisplayName="Shared Resources">
    <Folder ID="823D8B789D407B0311CC7D6B26FADB75" Name="Style Sheets" ProcGroupID="" AppID="823D8B789D407B0311CC7D6B26FADB73" Description="" CreatedBy="162157" CreatedDate="0001-01-01T00:00:00Z" LastModifiedBy="162157" LastModifiedDate="0001-01-01T00:00:00Z" ContentType="application\CSS" ParentFolderID="823D8B789D407B0311CC7D6B26FADB74" DisplayName="Style Sheets" />
    <Folder ID="823D8B789D407B0311CC7D6B26FADB76" Name="JavaScript" ProcGroupID="" AppID="823D8B789D407B0311CC7D6B26FADB73" Description="" CreatedBy="162157" CreatedDate="0001-01-01T00:00:00Z" LastModifiedBy="162157" LastModifiedDate="0001-01-01T00:00:00Z" ContentType="application\js" ParentFolderID="823D8B789D407B0311CC7D6B26FADB74" DisplayName="JavaScript" />
    <Folder ID="823D8B789D407B0311CC7D6B26FADB77" Name="Images" ProcGroupID="" AppID="823D8B789D407B0311CC7D6B26FADB73" Description="" CreatedBy="162157" CreatedDate="0001-01-01T00:00:00Z" LastModifiedBy="162157" LastModifiedDate="0001-01-01T00:00:00Z" ContentType="application\image" ParentFolderID="823D8B789D407B0311CC7D6B26FADB74" DisplayName="Images" />
    <Folder ID="823D8B789D407B0311CC7D6B26FADB78" Name="Access Tokens" ProcGroupID="" AppID="823D8B789D407B0311CC7D6B26FADB73" Description="" CreatedBy="162157" CreatedDate="0001-01-01T00:00:00Z" LastModifiedBy="162157" LastModifiedDate="0001-01-01T00:00:00Z" ContentType="application\apptoken" ParentFolderID="823D8B789D407B0311CC7D6B26FADB74" DisplayName="Access Tokens" />
    <Folder ID="823D8B789D407B0311CC7D6B26FADB79" Name="Application Resources" ProcGroupID="" AppID="823D8B789D407B0311CC7D6B26FADB73" Description="" CreatedBy="162157" CreatedDate="0001-01-01T00:00:00Z" LastModifiedBy="162157" LastModifiedDate="0001-01-01T00:00:00Z" ContentType="application\applicationresources" ParentFolderID="823D8B789D407B0311CC7D6B26FADB74" DisplayName="Application Resources" />
    <Folder ID="8257D4CD9C2F4D1611DDF13AC1FAB118" Name="Comments" ProcGroupID="823D8B789D407B0311CC7D6B26FADB74" AppID="823D8B789D407B0311CC7D6B26FADB73" Description="" CreatedBy="162157" CreatedDate="2023-05-12T23:03:43.26" LastModifiedBy="162157" LastModifiedDate="2023-05-12T23:03:43.26" ContentType="application\comments" ParentFolderID="823D8B789D407B0311CC7D6B26FADB74" DisplayName="Comments" />
  </Folder>
  <Folder ID="823D8B789D407B0311CC7D6B26FADB7A" Name="Processes" ProcGroupID="" AppID="823D8B789D407B0311CC7D6B26FADB73" Description="" CreatedBy="162157" CreatedDate="0001-01-01T00:00:00Z" LastModifiedBy="162157" LastModifiedDate="0001-01-01T00:00:00Z" ContentType="application\processgroup" ParentFolderID="823D8B789D407B0311CC7D6B26FADB73" DisplayName="Processes">
    <Folder ID="823D8B789D407B0311CC7D6B26FADB7B" Name="OPAT - Police Accountability and Transparency" ProcGroupID="" AppID="823D8B789D407B0311CC7D6B26FADB73" Description="" CreatedBy="162157" CreatedDate="0001-01-01T00:00:00Z" LastModifiedBy="162157" LastModifiedDate="0001-01-01T00:00:00Z" ContentType="user\processgroup" ParentFolderID="823D8B789D407B0311CC7D6B26FADB7A" DisplayName="OPAT - Police Accountability and Transparency">
      <Folder ID="823D8B789D407B0311CC7D6B26FADB7C" Name="Process Model" ProcGroupID="823D8B789D407B0311CC7D6B26FADB7B" AppID="823D8B789D407B0311CC7D6B26FADB73" Description="" CreatedBy="162157" CreatedDate="0001-01-01T00:00:00Z" LastModifiedBy="162157" LastModifiedDate="0001-01-01T00:00:00Z" ContentType="application\processmodel" ParentFolderID="823D8B789D407B0311CC7D6B26FADB7B" DisplayName="Process Model">
        <File ID="BAE612DEFB27D0ED11FFD28BC14892A7" Name="OPATPoliceAccountability" BaseFileID="823D8B789D407B0311CC7D6B26FADB7D" PrevVerFileID="BAE50AFFF82C906711FFC6E9E7B41D0F" AppID="823D8B789D407B0311CC7D6B26FADB73" ParentFolderID="823D8B789D407B0311CC7D6B26FADB7C" ProcGroupID="823D8B789D407B0311CC7D6B26FADB7B" Description="" Version="1.23" Status="DRAFT" ContentType="user\processmodel" CheckedOutBy="" CheckedOutDate="0001-01-01T00:00:00Z" CreatedDate="2025-01-14T15:25:19.37" CreatedBy="40001842" LastModifiedDate="2025-01-14T15:25:19.37" LastModifiedBy="40001842" ThemeID="" ExtraInfo="" DisplayName="OPATPoliceAccountability" />
      </Folder>
      <Folder ID="823D8B789D407B0311CC7D6B26FADB7E" Name="Notification" ProcGroupID="823D8B789D407B0311CC7D6B26FADB7B" AppID="823D8B789D407B0311CC7D6B26FADB73" Description="" CreatedBy="162157" CreatedDate="0001-01-01T00:00:00Z" LastModifiedBy="162157" LastModifiedDate="0001-01-01T00:00:00Z" ContentType="application\notification" ParentFolderID="823D8B789D407B0311CC7D6B26FADB7B" DisplayName="Notification">
        <Folder ID="823D8B789D407B0311CC7D6B26FADB7F" Name="E-mails" ProcGroupID="823D8B789D407B0311CC7D6B26FADB7B" AppID="823D8B789D407B0311CC7D6B26FADB73" Description="" CreatedBy="162157" CreatedDate="0001-01-01T00:00:00Z" LastModifiedBy="162157" LastModifiedDate="0001-01-01T00:00:00Z" ContentType="application\email" ParentFolderID="823D8B789D407B0311CC7D6B26FADB7E" DisplayName="E-mails">
          <File ID="BAE612DEFB27D0ED11FFD28BC14892B9" Name="Email - Non Anonymous" BaseFileID="823D8B789D407B0311CC7D6B26FADB8A" PrevVerFileID="825E88536E20978111EE56305F7C3A78" AppID="823D8B789D407B0311CC7D6B26FADB73" ParentFolderID="823D8B789D407B0311CC7D6B26FADB7F" ProcGroupID="823D8B789D407B0311CC7D6B26FADB7B" Description="" Version="1.18" Status="DRAFT" ContentType="user\email" CheckedOutBy="" CheckedOutDate="0001-01-01T00:00:00Z" CreatedDate="2025-01-14T15:25:19.557" CreatedBy="40001842" LastModifiedDate="2025-01-14T15:25:19.557" LastModifiedBy="40001842" ThemeID="" ExtraInfo="" DisplayName="Email - Non Anonymous" />
          <File ID="BAE612DEFB27D0ED11FFD28BC14892B6" Name="Notification to Investigator Additional info required" BaseFileID="823D8B789D407B0311CC7D6B26FADB81" PrevVerFileID="825E88536E20978111EE56305F7C3A74" AppID="823D8B789D407B0311CC7D6B26FADB73" ParentFolderID="823D8B789D407B0311CC7D6B26FADB7F" ProcGroupID="823D8B789D407B0311CC7D6B26FADB7B" Description="" Version="1.18" Status="DRAFT" ContentType="user\email" CheckedOutBy="" CheckedOutDate="0001-01-01T00:00:00Z" CreatedDate="2025-01-14T15:25:19.547" CreatedBy="40001842" LastModifiedDate="2025-01-14T15:25:19.547" LastModifiedBy="40001842" ThemeID="" ExtraInfo="" DisplayName="Notification to Investigator Additional info required" />
          <File ID="BAE612DEFB27D0ED11FFD28BC14892B7" Name="Thank You" BaseFileID="823D8B789D407B0311CC7D6B26FADB89" PrevVerFileID="825E88536E20978111EE56305F7C3A76" AppID="823D8B789D407B0311CC7D6B26FADB73" ParentFolderID="823D8B789D407B0311CC7D6B26FADB7F" ProcGroupID="823D8B789D407B0311CC7D6B26FADB7B" Description="" Version="1.18" Status="DRAFT" ContentType="user\email" CheckedOutBy="" CheckedOutDate="0001-01-01T00:00:00Z" CreatedDate="2025-01-14T15:25:19.547" CreatedBy="40001842" LastModifiedDate="2025-01-14T15:25:19.547" LastModifiedBy="40001842" ThemeID="" ExtraInfo="" DisplayName="Thank You" />
          <File ID="BAE612DEFB27D0ED11FFD28BC14892B8" Name="Email - Non Anonymous Spanish" BaseFileID="8242BA8981764D7711CCA96396150544" PrevVerFileID="825E88536E20978111EE56305F7C3A75" AppID="823D8B789D407B0311CC7D6B26FADB73" ParentFolderID="823D8B789D407B0311CC7D6B26FADB7F" ProcGroupID="823D8B789D407B0311CC7D6B26FADB7B" Description="" Version="1.06" Status="DRAFT" ContentType="user\email" CheckedOutBy="" CheckedOutDate="0001-01-01T00:00:00Z" CreatedDate="2025-01-14T15:25:19.547" CreatedBy="40001842" LastModifiedDate="2025-01-14T15:25:19.547" LastModifiedBy="40001842" ThemeID="" ExtraInfo="" DisplayName="Email - Non Anonymous Spanish" />
          <File ID="BAE612DEFB27D0ED11FFD28BC14892B3" Name="Notification - Board Review" BaseFileID="823D8B789D407B0311CC7D6B26FADB82" PrevVerFileID="825E88536E20978111EE56305F7C3A72" AppID="823D8B789D407B0311CC7D6B26FADB73" ParentFolderID="823D8B789D407B0311CC7D6B26FADB7F" ProcGroupID="823D8B789D407B0311CC7D6B26FADB7B" Description="" Version="1.18" Status="DRAFT" ContentType="user\email" CheckedOutBy="" CheckedOutDate="0001-01-01T00:00:00Z" CreatedDate="2025-01-14T15:25:19.527" CreatedBy="40001842" LastModifiedDate="2025-01-14T15:25:19.527" LastModifiedBy="40001842" ThemeID="" ExtraInfo="" DisplayName="Notification - Board Review" />
          <File ID="BAE612DEFB27D0ED11FFD28BC14892B4" Name="Overdue - Assign Investigator" BaseFileID="823D8B789D407B0311CC7D6B26FADB83" PrevVerFileID="825E88536E20978111EE56305F7C3A73" AppID="823D8B789D407B0311CC7D6B26FADB73" ParentFolderID="823D8B789D407B0311CC7D6B26FADB7F" ProcGroupID="823D8B789D407B0311CC7D6B26FADB7B" Description="" Version="1.18" Status="DRAFT" ContentType="user\email" CheckedOutBy="" CheckedOutDate="0001-01-01T00:00:00Z" CreatedDate="2025-01-14T15:25:19.527" CreatedBy="40001842" LastModifiedDate="2025-01-14T15:25:19.527" LastModifiedBy="40001842" ThemeID="" ExtraInfo="" DisplayName="Overdue - Assign Investigator" />
          <File ID="BAE612DEFB27D0ED11FFD28BC14892B5" Name="Notification Email to Assigned Investigator" BaseFileID="823D8B789D407B0311CC7D6B26FADB80" PrevVerFileID="825E88536E20978111EE56305F7C3A69" AppID="823D8B789D407B0311CC7D6B26FADB73" ParentFolderID="823D8B789D407B0311CC7D6B26FADB7F" ProcGroupID="823D8B789D407B0311CC7D6B26FADB7B" Description="" Version="1.18" Status="DRAFT" ContentType="user\email" CheckedOutBy="" CheckedOutDate="0001-01-01T00:00:00Z" CreatedDate="2025-01-14T15:25:19.527" CreatedBy="40001842" LastModifiedDate="2025-01-14T15:25:19.527" LastModifiedBy="40001842" ThemeID="" ExtraInfo="" DisplayName="Notification Email to Assigned Investigator" />
          <File ID="BAE612DEFB27D0ED11FFD28BC14892B0" Name="Email - Investigation complete" BaseFileID="823D8B789D407B0311CC7D6B26FADB88" PrevVerFileID="825E88536E20978111EE56305F7C3A6E" AppID="823D8B789D407B0311CC7D6B26FADB73" ParentFolderID="823D8B789D407B0311CC7D6B26FADB7F" ProcGroupID="823D8B789D407B0311CC7D6B26FADB7B" Description="" Version="1.18" Status="DRAFT" ContentType="user\email" CheckedOutBy="" CheckedOutDate="0001-01-01T00:00:00Z" CreatedDate="2025-01-14T15:25:19.51" CreatedBy="40001842" LastModifiedDate="2025-01-14T15:25:19.51" LastModifiedBy="40001842" ThemeID="" ExtraInfo="" DisplayName="Email - Investigation complete" />
          <File ID="BAE612DEFB27D0ED11FFD28BC14892B1" Name="Overdue - Board Review" BaseFileID="823D8B789D407B0311CC7D6B26FADB84" PrevVerFileID="825E88536E20978111EE56305F7C3A70" AppID="823D8B789D407B0311CC7D6B26FADB73" ParentFolderID="823D8B789D407B0311CC7D6B26FADB7F" ProcGroupID="823D8B789D407B0311CC7D6B26FADB7B" Description="" Version="1.18" Status="DRAFT" ContentType="user\email" CheckedOutBy="" CheckedOutDate="0001-01-01T00:00:00Z" CreatedDate="2025-01-14T15:25:19.51" CreatedBy="40001842" LastModifiedDate="2025-01-14T15:25:19.51" LastModifiedBy="40001842" ThemeID="" ExtraInfo="" DisplayName="Overdue - Board Review" />
          <File ID="BAE612DEFB27D0ED11FFD28BC14892B2" Name="Overdue - Director Review" BaseFileID="823D8B789D407B0311CC7D6B26FADB85" PrevVerFileID="825E88536E20978111EE56305F7C3A77" AppID="823D8B789D407B0311CC7D6B26FADB73" ParentFolderID="823D8B789D407B0311CC7D6B26FADB7F" ProcGroupID="823D8B789D407B0311CC7D6B26FADB7B" Description="" Version="1.18" Status="DRAFT" ContentType="user\email" CheckedOutBy="" CheckedOutDate="0001-01-01T00:00:00Z" CreatedDate="2025-01-14T15:25:19.51" CreatedBy="40001842" LastModifiedDate="2025-01-14T15:25:19.51" LastModifiedBy="40001842" ThemeID="" ExtraInfo="" DisplayName="Overdue - Director Review" />
          <File ID="BAE612DEFB27D0ED11FFD28BC14892AD" Name="Notification - Assign Investigator" BaseFileID="823D8B789D407B0311CC7D6B26FADB8C" PrevVerFileID="825E88536E20978111EE56305F7C3A6D" AppID="823D8B789D407B0311CC7D6B26FADB73" ParentFolderID="823D8B789D407B0311CC7D6B26FADB7F" ProcGroupID="823D8B789D407B0311CC7D6B26FADB7B" Description="" Version="1.18" Status="DRAFT" ContentType="user\email" CheckedOutBy="" CheckedOutDate="0001-01-01T00:00:00Z" CreatedDate="2025-01-14T15:25:19.497" CreatedBy="40001842" LastModifiedDate="2025-01-14T15:25:19.497" LastModifiedBy="40001842" ThemeID="" ExtraInfo="" DisplayName="Notification - Assign Investigator" />
          <File ID="BAE612DEFB27D0ED11FFD28BC14892AE" Name="Confirmation" BaseFileID="823D8B789D407B0311CC7D6B26FADB8D" PrevVerFileID="825E88536E20978111EE56305F7C3A6A" AppID="823D8B789D407B0311CC7D6B26FADB73" ParentFolderID="823D8B789D407B0311CC7D6B26FADB7F" ProcGroupID="823D8B789D407B0311CC7D6B26FADB7B" Description="" Version="1.18" Status="DRAFT" ContentType="user\email" CheckedOutBy="" CheckedOutDate="0001-01-01T00:00:00Z" CreatedDate="2025-01-14T15:25:19.497" CreatedBy="40001842" LastModifiedDate="2025-01-14T15:25:19.497" LastModifiedBy="40001842" ThemeID="" ExtraInfo="" DisplayName="Confirmation" />
          <File ID="BAE612DEFB27D0ED11FFD28BC14892AF" Name="Overdue - Investigation" BaseFileID="823D8B789D407B0311CC7D6B26FADB86" PrevVerFileID="825E88536E20978111EE56305F7C3A6F" AppID="823D8B789D407B0311CC7D6B26FADB73" ParentFolderID="823D8B789D407B0311CC7D6B26FADB7F" ProcGroupID="823D8B789D407B0311CC7D6B26FADB7B" Description="" Version="1.18" Status="DRAFT" ContentType="user\email" CheckedOutBy="" CheckedOutDate="0001-01-01T00:00:00Z" CreatedDate="2025-01-14T15:25:19.497" CreatedBy="40001842" LastModifiedDate="2025-01-14T15:25:19.497" LastModifiedBy="40001842" ThemeID="" ExtraInfo="" DisplayName="Overdue - Investigation" />
          <File ID="BAE612DEFB27D0ED11FFD28BC14892AC" Name="Reminder" BaseFileID="823D8B789D407B0311CC7D6B26FADB8E" PrevVerFileID="825E88536E20978111EE56305F7C3A71" AppID="823D8B789D407B0311CC7D6B26FADB73" ParentFolderID="823D8B789D407B0311CC7D6B26FADB7F" ProcGroupID="823D8B789D407B0311CC7D6B26FADB7B" Description="" Version="1.18" Status="DRAFT" ContentType="user\email" CheckedOutBy="" CheckedOutDate="0001-01-01T00:00:00Z" CreatedDate="2025-01-14T15:25:19.48" CreatedBy="40001842" LastModifiedDate="2025-01-14T15:25:19.48" LastModifiedBy="40001842" ThemeID="" ExtraInfo="" DisplayName="Reminder" />
          <File ID="BAE612DEFB27D0ED11FFD28BC14892AA" Name="Email - Appeal" BaseFileID="8243EE24A762EDC311CCCB51721B6B58" PrevVerFileID="825E88536E20978111EE56305F7C3A79" AppID="823D8B789D407B0311CC7D6B26FADB73" ParentFolderID="823D8B789D407B0311CC7D6B26FADB7F" ProcGroupID="823D8B789D407B0311CC7D6B26FADB7B" Description="" Version="1.04" Status="DRAFT" ContentType="user\email" CheckedOutBy="" CheckedOutDate="0001-01-01T00:00:00Z" CreatedDate="2025-01-14T15:25:19.463" CreatedBy="40001842" LastModifiedDate="2025-01-14T15:25:19.463" LastModifiedBy="40001842" ThemeID="" ExtraInfo="" DisplayName="Email - Appeal" />
          <File ID="BAE612DEFB27D0ED11FFD28BC14892AB" Name="Overdue - OPAT Intake" BaseFileID="823D8B789D407B0311CC7D6B26FADB87" PrevVerFileID="825E88536E20978111EE56305F7C3A6B" AppID="823D8B789D407B0311CC7D6B26FADB73" ParentFolderID="823D8B789D407B0311CC7D6B26FADB7F" ProcGroupID="823D8B789D407B0311CC7D6B26FADB7B" Description="" Version="1.19" Status="DRAFT" ContentType="user\email" CheckedOutBy="" CheckedOutDate="0001-01-01T00:00:00Z" CreatedDate="2025-01-14T15:25:19.463" CreatedBy="40001842" LastModifiedDate="2025-01-14T15:25:19.463" LastModifiedBy="40001842" ThemeID="" ExtraInfo="" DisplayName="Overdue - OPAT Intake" />
          <File ID="BAE612DEFB27D0ED11FFD28BC14892A9" Name="Notification" BaseFileID="823D8B789D407B0311CC7D6B26FADB8B" PrevVerFileID="825E88536E20978111EE56305F7C3A6C" AppID="823D8B789D407B0311CC7D6B26FADB73" ParentFolderID="823D8B789D407B0311CC7D6B26FADB7F" ProcGroupID="823D8B789D407B0311CC7D6B26FADB7B" Description="" Version="1.21" Status="DRAFT" ContentType="user\email" CheckedOutBy="" CheckedOutDate="0001-01-01T00:00:00Z" CreatedDate="2025-01-14T15:25:19.45" CreatedBy="40001842" LastModifiedDate="2025-01-14T15:25:19.45" LastModifiedBy="40001842" ThemeID="" ExtraInfo="" DisplayName="Notification" />
        </Folder>
        <Folder ID="823D8B789D407B0311CC7D6B26FADB8F" Name="Yammer" ProcGroupID="823D8B789D407B0311CC7D6B26FADB7B" AppID="823D8B789D407B0311CC7D6B26FADB73" Description="" CreatedBy="162157" CreatedDate="0001-01-01T00:00:00Z" LastModifiedBy="162157" LastModifiedDate="0001-01-01T00:00:00Z" ContentType="application\yammer" ParentFolderID="823D8B789D407B0311CC7D6B26FADB7E" DisplayName="Viva Engage" />
        <Folder ID="823D8B789D407B0311CC7D6B26FADB90" Name="Chatter" ProcGroupID="823D8B789D407B0311CC7D6B26FADB7B" AppID="823D8B789D407B0311CC7D6B26FADB73" Description="" CreatedBy="162157" CreatedDate="0001-01-01T00:00:00Z" LastModifiedBy="162157" LastModifiedDate="0001-01-01T00:00:00Z" ContentType="application\chatter" ParentFolderID="823D8B789D407B0311CC7D6B26FADB7E" DisplayName="Chatter" />
        <Folder ID="823D8B789D407B0311CC7D6B26FADB91" Name="MicrosoftTeams" ProcGroupID="823D8B789D407B0311CC7D6B26FADB7B" AppID="823D8B789D407B0311CC7D6B26FADB73" Description="" CreatedBy="162157" CreatedDate="0001-01-01T00:00:00Z" LastModifiedBy="162157" LastModifiedDate="2023-05-12T23:03:43.807" ContentType="application\microsoftteams" ParentFolderID="823D8B789D407B0311CC7D6B26FADB7E" DisplayName="Microsoft Teams" />
        <Folder ID="823D8B789D407B0311CC7D6B26FADB92" Name="SMS" ProcGroupID="823D8B789D407B0311CC7D6B26FADB7B" AppID="823D8B789D407B0311CC7D6B26FADB73" Description="" CreatedBy="162157" CreatedDate="0001-01-01T00:00:00Z" LastModifiedBy="162157" LastModifiedDate="0001-01-01T00:00:00Z" ContentType="application\sms" ParentFolderID="823D8B789D407B0311CC7D6B26FADB7E" DisplayName="SMS" />
        <Folder ID="823D8B789D407B0311CC7D6B26FADBB0" Name="Attachment Repository" ProcGroupID="823D8B789D407B0311CC7D6B26FADB7B" AppID="823D8B789D407B0311CC7D6B26FADB73" Description="" CreatedBy="162157" CreatedDate="2022-01-24T18:12:58.263" LastModifiedBy="162157" LastModifiedDate="2022-01-24T18:12:58.263" ContentType="application\attachmentrepository" ParentFolderID="823D8B789D407B0311CC7D6B26FADB7E" DisplayName="Attachment Repository" />
      </Folder>
      <Folder ID="823D8B789D407B0311CC7D6B26FADB93" Name="Data Model" ProcGroupID="823D8B789D407B0311CC7D6B26FADB7B" AppID="823D8B789D407B0311CC7D6B26FADB73" Description="" CreatedBy="162157" CreatedDate="0001-01-01T00:00:00Z" LastModifiedBy="162157" LastModifiedDate="0001-01-01T00:00:00Z" ContentType="application\datamodel" ParentFolderID="823D8B789D407B0311CC7D6B26FADB7B" DisplayName="Data Model">
        <File ID="BAE612DEFB27D0ED11FFD28BC14892BA" Name="Schema.xsd" BaseFileID="823D8B789D407B0311CC7D6B26FADB94" PrevVerFileID="BAE30AFFF82C906711FFB7F42B77A45F" AppID="823D8B789D407B0311CC7D6B26FADB73" ParentFolderID="823D8B789D407B0311CC7D6B26FADB93" ProcGroupID="823D8B789D407B0311CC7D6B26FADB7B" Description="" Version="1.37" Status="DRAFT" ContentType="user\datamodel" CheckedOutBy="" CheckedOutDate="0001-01-01T00:00:00Z" CreatedDate="2025-01-14T15:25:19.59" CreatedBy="40001842" LastModifiedDate="2025-01-14T15:25:19.59" LastModifiedBy="40001842" ThemeID="" ExtraInfo="[{&quot;Name&quot; : &quot;NamespaceUpdated&quot; , &quot;Value&quot; : &quot;True&quot;}]" DisplayName="Schema.xsd" />
        <File ID="BAE612DEFB27D0ED11FFD28BC14892BB" Name="OPATComplaints" BaseFileID="823D8B789D407B0311CC7D6B26FADB95" PrevVerFileID="825E88536E20978111EE56307D76D772" AppID="823D8B789D407B0311CC7D6B26FADB73" ParentFolderID="823D8B789D407B0311CC7D6B26FADB93" ProcGroupID="823D8B789D407B0311CC7D6B26FADB7B" Description="Datasource OPATComplaints Schema" Version="1.2" Status="DRAFT" ContentType="user\apdataentitydatamodel" CheckedOutBy="" CheckedOutDate="0001-01-01T00:00:00Z" CreatedDate="2025-01-14T15:25:19.59" CreatedBy="40001842" LastModifiedDate="2025-01-14T15:25:19.59" LastModifiedBy="40001842" ThemeID="" ExtraInfo="" DisplayName="OPATComplaints" />
      </Folder>
      <Folder ID="823D8B789D407B0311CC7D6B26FADB96" Name="Data Source" ProcGroupID="823D8B789D407B0311CC7D6B26FADB7B" AppID="823D8B789D407B0311CC7D6B26FADB73" Description="" CreatedBy="162157" CreatedDate="0001-01-01T00:00:00Z" LastModifiedBy="162157" LastModifiedDate="0001-01-01T00:00:00Z" ContentType="application\datasources" ParentFolderID="823D8B789D407B0311CC7D6B26FADB7B" DisplayName="Data Source">
        <File ID="BAE612DEFB27D0ED11FFD28BC14892BC" Name="OPATComplaints" BaseFileID="823D8B789D407B0311CC7D6B26FADB97" PrevVerFileID="825E88536E20978111EE563071769629" AppID="823D8B789D407B0311CC7D6B26FADB73" ParentFolderID="823D8B789D407B0311CC7D6B26FADB96" ProcGroupID="823D8B789D407B0311CC7D6B26FADB7B" Description="" Version="1.2" Status="DRAFT" ContentType="user\APDataEntityDataSource" CheckedOutBy="" CheckedOutDate="0001-01-01T00:00:00Z" CreatedDate="2025-01-14T15:25:19.603" CreatedBy="40001842" LastModifiedDate="2025-01-14T15:25:19.603" LastModifiedBy="40001842" ThemeID="" ExtraInfo="" DisplayName="OPATComplaints" />
      </Folder>
      <Folder ID="823D8B789D407B0311CC7D6B26FADB98" Name="Library" ProcGroupID="823D8B789D407B0311CC7D6B26FADB7B" AppID="823D8B789D407B0311CC7D6B26FADB73" Description="" CreatedBy="162157" CreatedDate="0001-01-01T00:00:00Z" LastModifiedBy="162157" LastModifiedDate="0001-01-01T00:00:00Z" ContentType="application\taskformlibrary" ParentFolderID="823D8B789D407B0311CC7D6B26FADB7B" DisplayName="Library">
        <File ID="BAE612DEFB27D0ED11FFD28BC14892BD" Name="Form Library" BaseFileID="823D8B789D407B0311CC7D6B26FADB99" PrevVerFileID="BAE30AFFF82C906711FFB7F42B77A45E" AppID="823D8B789D407B0311CC7D6B26FADB73" ParentFolderID="823D8B789D407B0311CC7D6B26FADB98" ProcGroupID="823D8B789D407B0311CC7D6B26FADB7B" Description="" Version="1.31" Status="DRAFT" ContentType="user\taskformlibrary" CheckedOutBy="" CheckedOutDate="0001-01-01T00:00:00Z" CreatedDate="2025-01-14T15:25:19.62" CreatedBy="40001842" LastModifiedDate="2025-01-14T15:25:19.62" LastModifiedBy="40001842" ThemeID="" ExtraInfo="" DisplayName="Form Library" />
      </Folder>
      <Folder ID="823D8B789D407B0311CC7D6B26FADB9A" Name="Forms" ProcGroupID="823D8B789D407B0311CC7D6B26FADB7B" AppID="823D8B789D407B0311CC7D6B26FADB73" Description="" CreatedBy="162157" CreatedDate="0001-01-01T00:00:00Z" LastModifiedBy="162157" LastModifiedDate="0001-01-01T00:00:00Z" ContentType="application\formsgroup" ParentFolderID="823D8B789D407B0311CC7D6B26FADB7B" DisplayName="Forms">
        <Folder ID="823D8B789D407B0311CC7D6B26FADB9B" Name="Task Forms" ProcGroupID="823D8B789D407B0311CC7D6B26FADB7B" AppID="823D8B789D407B0311CC7D6B26FADB73" Description="" CreatedBy="162157" CreatedDate="0001-01-01T00:00:00Z" LastModifiedBy="162157" LastModifiedDate="0001-01-01T00:00:00Z" ContentType="application\taskforms" ParentFolderID="823D8B789D407B0311CC7D6B26FADB9A" DisplayName="Task Forms">
          <File ID="BAE612DEFB27D0ED11FFD28BC14892CA" Name="Assign Investigator" BaseFileID="823D8B789D407B0311CC7D6B26FADB9F" PrevVerFileID="825E88536E20978111EE56305F7C3A82" AppID="823D8B789D407B0311CC7D6B26FADB73" ParentFolderID="823D8B789D407B0311CC7D6B26FADB9B" ProcGroupID="823D8B789D407B0311CC7D6B26FADB7B" Description="" Version="1.21" Status="DRAFT" ContentType="user\taskforms" CheckedOutBy="" CheckedOutDate="0001-01-01T00:00:00Z" CreatedDate="2025-01-14T15:25:19.747" CreatedBy="40001842" LastModifiedDate="2025-01-14T15:25:19.747" LastModifiedBy="40001842" ThemeID="" ExtraInfo="" DisplayName="Assign Investigator" />
          <File ID="BAE612DEFB27D0ED11FFD28BC14892C8" Name="Additional Investigation" BaseFileID="823D8B789D407B0311CC7D6B26FADB9C" PrevVerFileID="825E88536E20978111EE56305F7C3A80" AppID="823D8B789D407B0311CC7D6B26FADB73" ParentFolderID="823D8B789D407B0311CC7D6B26FADB9B" ProcGroupID="823D8B789D407B0311CC7D6B26FADB7B" Description="" Version="1.19" Status="DRAFT" ContentType="user\taskforms" CheckedOutBy="" CheckedOutDate="0001-01-01T00:00:00Z" CreatedDate="2025-01-14T15:25:19.73" CreatedBy="40001842" LastModifiedDate="2025-01-14T15:25:19.73" LastModifiedBy="40001842" ThemeID="" ExtraInfo="" DisplayName="Additional Investigation" />
          <File ID="BAE612DEFB27D0ED11FFD28BC14892C9" Name="Board Review" BaseFileID="823D8B789D407B0311CC7D6B26FADBA1" PrevVerFileID="825E88536E20978111EE56305F7C3A83" AppID="823D8B789D407B0311CC7D6B26FADB73" ParentFolderID="823D8B789D407B0311CC7D6B26FADB9B" ProcGroupID="823D8B789D407B0311CC7D6B26FADB7B" Description="" Version="1.19" Status="DRAFT" ContentType="user\taskforms" CheckedOutBy="" CheckedOutDate="0001-01-01T00:00:00Z" CreatedDate="2025-01-14T15:25:19.73" CreatedBy="40001842" LastModifiedDate="2025-01-14T15:25:19.73" LastModifiedBy="40001842" ThemeID="" ExtraInfo="" DisplayName="Board Review" />
          <File ID="BAE612DEFB27D0ED11FFD28BC14892C6" Name="Initial Review" BaseFileID="823D8B789D407B0311CC7D6B26FADB9E" PrevVerFileID="825E88536E20978111EE56305F7C3A7F" AppID="823D8B789D407B0311CC7D6B26FADB73" ParentFolderID="823D8B789D407B0311CC7D6B26FADB9B" ProcGroupID="823D8B789D407B0311CC7D6B26FADB7B" Description="" Version="1.2" Status="DRAFT" ContentType="user\taskforms" CheckedOutBy="" CheckedOutDate="0001-01-01T00:00:00Z" CreatedDate="2025-01-14T15:25:19.713" CreatedBy="40001842" LastModifiedDate="2025-01-14T15:25:19.713" LastModifiedBy="40001842" ThemeID="" ExtraInfo="" DisplayName="Initial Review" />
          <File ID="BAE612DEFB27D0ED11FFD28BC14892C7" Name="Investigation Complete" BaseFileID="823D8B789D407B0311CC7D6B26FADBA2" PrevVerFileID="825E88536E20978111EE56305F7C3A84" AppID="823D8B789D407B0311CC7D6B26FADB73" ParentFolderID="823D8B789D407B0311CC7D6B26FADB9B" ProcGroupID="823D8B789D407B0311CC7D6B26FADB7B" Description="" Version="1.19" Status="DRAFT" ContentType="user\taskforms" CheckedOutBy="" CheckedOutDate="0001-01-01T00:00:00Z" CreatedDate="2025-01-14T15:25:19.713" CreatedBy="40001842" LastModifiedDate="2025-01-14T15:25:19.713" LastModifiedBy="40001842" ThemeID="" ExtraInfo="" DisplayName="Investigation Complete" />
          <File ID="BAE612DEFB27D0ED11FFD28BC14892C5" Name="Investigation" BaseFileID="823D8B789D407B0311CC7D6B26FADBA0" PrevVerFileID="BAE30AFFF82C906711FFB7F42B77A457" AppID="823D8B789D407B0311CC7D6B26FADB73" ParentFolderID="823D8B789D407B0311CC7D6B26FADB9B" ProcGroupID="823D8B789D407B0311CC7D6B26FADB7B" Description="" Version="1.22" Status="DRAFT" ContentType="user\taskforms" CheckedOutBy="" CheckedOutDate="0001-01-01T00:00:00Z" CreatedDate="2025-01-14T15:25:19.7" CreatedBy="40001842" LastModifiedDate="2025-01-14T15:25:19.7" LastModifiedBy="40001842" ThemeID="" ExtraInfo="" DisplayName="Investigation" />
          <File ID="BAE612DEFB27D0ED11FFD28BC14892BE" Name="Initial Submission" BaseFileID="823D8B789D407B0311CC7D6B26FADB9D" PrevVerFileID="825E88536E20978111EE56305F7C3A85" AppID="823D8B789D407B0311CC7D6B26FADB73" ParentFolderID="823D8B789D407B0311CC7D6B26FADB9B" ProcGroupID="823D8B789D407B0311CC7D6B26FADB7B" Description="" Version="1.21" Status="DRAFT" ContentType="user\taskforms" CheckedOutBy="" CheckedOutDate="0001-01-01T00:00:00Z" CreatedDate="2025-01-14T15:25:19.683" CreatedBy="40001842" LastModifiedDate="2025-01-14T15:25:19.683" LastModifiedBy="40001842" ThemeID="" ExtraInfo="" DisplayName="Initial Submission" />
        </Folder>
      </Folder>
      <Folder ID="823D8B789D407B0311CC7D6B26FADBA3" Name="Lookups" ProcGroupID="823D8B789D407B0311CC7D6B26FADB7B" AppID="823D8B789D407B0311CC7D6B26FADB73" Description="" CreatedBy="162157" CreatedDate="0001-01-01T00:00:00Z" LastModifiedBy="162157" LastModifiedDate="0001-01-01T00:00:00Z" ContentType="application\lookup" ParentFolderID="823D8B789D407B0311CC7D6B26FADB7B" DisplayName="Lookups" />
      <Folder ID="823D8B789D407B0311CC7D6B26FADBA4" Name="Translation" ProcGroupID="823D8B789D407B0311CC7D6B26FADB7B" AppID="823D8B789D407B0311CC7D6B26FADB73" Description="" CreatedBy="162157" CreatedDate="0001-01-01T00:00:00Z" LastModifiedBy="162157" LastModifiedDate="0001-01-01T00:00:00Z" ContentType="application\translation" ParentFolderID="823D8B789D407B0311CC7D6B26FADB7B" DisplayName="Translation">
        <File ID="BAE612DEFB27D0ED11FFD28BC14892CD" Name="FormLibrary_es" BaseFileID="8242BA8981764D7711CCA96396150561" PrevVerFileID="825E88536E20978111EE56305F7C3A8E" AppID="823D8B789D407B0311CC7D6B26FADB73" ParentFolderID="823D8B789D407B0311CC7D6B26FADBA4" ProcGroupID="823D8B789D407B0311CC7D6B26FADB7B" Description="" Version="1.06" Status="DRAFT" ContentType="user\translation" CheckedOutBy="" CheckedOutDate="0001-01-01T00:00:00Z" CreatedDate="2025-01-14T15:25:19.777" CreatedBy="40001842" LastModifiedDate="2025-01-14T15:25:19.777" LastModifiedBy="40001842" ThemeID="" ExtraInfo="" DisplayName="FormLibrary_Spanish" />
        <File ID="BAE612DEFB27D0ED11FFD28BC14892CC" Name="FormLibrary_en-US" BaseFileID="8242BA8981764D7711CCA96396150560" PrevVerFileID="825E88536E20978111EE56305F7C3A8C" AppID="823D8B789D407B0311CC7D6B26FADB73" ParentFolderID="823D8B789D407B0311CC7D6B26FADBA4" ProcGroupID="823D8B789D407B0311CC7D6B26FADB7B" Description="" Version="1.06" Status="DRAFT" ContentType="user\translation" CheckedOutBy="" CheckedOutDate="0001-01-01T00:00:00Z" CreatedDate="2025-01-14T15:25:19.76" CreatedBy="40001842" LastModifiedDate="2025-01-14T15:25:19.76" LastModifiedBy="40001842" ThemeID="" ExtraInfo="" DisplayName="FormLibrary_English (United States)" />
      </Folder>
      <Folder ID="823D8B789D407B0311CC7D6B26FADBA5" Name="Document Repository" ProcGroupID="823D8B789D407B0311CC7D6B26FADB7B" AppID="823D8B789D407B0311CC7D6B26FADB73" Description="" CreatedBy="162157" CreatedDate="0001-01-01T00:00:00Z" LastModifiedBy="162157" LastModifiedDate="0001-01-01T00:00:00Z" ContentType="application\documentrepository" ParentFolderID="823D8B789D407B0311CC7D6B26FADB7B" DisplayName="Document Repository">
        <File ID="BAE612DEFB27D0ED11FFD28BC14892D3" Name="File Upload" BaseFileID="823D8B789D407B0311CC7D6B26FADBA6" PrevVerFileID="825E88536E20978111EE56305F7C3A93" AppID="823D8B789D407B0311CC7D6B26FADB73" ParentFolderID="823D8B789D407B0311CC7D6B26FADBA5" ProcGroupID="823D8B789D407B0311CC7D6B26FADB7B" Description="" Version="1.18" Status="DRAFT" ContentType="user\documentrepository" CheckedOutBy="" CheckedOutDate="0001-01-01T00:00:00Z" CreatedDate="2025-01-14T15:25:19.81" CreatedBy="40001842" LastModifiedDate="2025-01-14T15:25:19.81" LastModifiedBy="40001842" ThemeID="" ExtraInfo="" DisplayName="File Upload" />
        <File ID="BAE612DEFB27D0ED11FFD28BC14892D2" Name="File Upload 1" BaseFileID="823D8B789D407B0311CC7D6B26FADBA7" PrevVerFileID="825E88536E20978111EE56305F7C3A92" AppID="823D8B789D407B0311CC7D6B26FADB73" ParentFolderID="823D8B789D407B0311CC7D6B26FADBA5" ProcGroupID="823D8B789D407B0311CC7D6B26FADB7B" Description="" Version="1.18" Status="DRAFT" ContentType="user\documentrepository" CheckedOutBy="" CheckedOutDate="0001-01-01T00:00:00Z" CreatedDate="2025-01-14T15:25:19.807" CreatedBy="40001842" LastModifiedDate="2025-01-14T15:25:19.807" LastModifiedBy="40001842" ThemeID="" ExtraInfo="" DisplayName="File Upload 1" />
      </Folder>
      <Folder ID="823D8B789D407B0311CC7D6B26FADBA8" Name="System Files" ProcGroupID="823D8B789D407B0311CC7D6B26FADB7B" AppID="823D8B789D407B0311CC7D6B26FADB73" Description="" CreatedBy="162157" CreatedDate="0001-01-01T00:00:00Z" LastModifiedBy="162157" LastModifiedDate="0001-01-01T00:00:00Z" ContentType="application\hidden" ParentFolderID="823D8B789D407B0311CC7D6B26FADB7B" DisplayName="System Files" />
    </Folder>
  </Folder>
  <CoAuthored>false</CoAuthored>
</WFEnabledApplication>