<?xml version="1.0"?>
<WFApplicationDynamicDependencies xmlns:xsd="http://www.w3.org/2001/XMLSchema" xmlns:xsi="http://www.w3.org/2001/XMLSchema-instance">
  <AppName>LAW - Statement of Ethics Disclosures</AppName>
  <Version>1.08</Version>
  <SharedAttributes>
    <SharedCustomAttribute>
      <AttributeName>CurrentYear</AttributeName>
      <UsedIn>
        <DependencyUsedIn>
          <FileName>Form Library</FileName>
          <FileDisplayName>Form Library</FileDisplayName>
          <Activities />
          <FileType>eForm Library</FileType>
          <NumberOfTimesUsed>1</NumberOfTimesUsed>
        </DependencyUsedIn>
      </UsedIn>
      <IsExists>false</IsExists>
    </SharedCustomAttribute>
    <SharedCustomAttribute>
      <AttributeName>Another Application Link</AttributeName>
      <UsedIn>
        <DependencyUsedIn>
          <FileName>Ethics Disclosures</FileName>
          <FileDisplayName>Ethics Disclosures</FileDisplayName>
          <Activities />
          <FileType>eForm</FileType>
          <NumberOfTimesUsed>1</NumberOfTimesUsed>
        </DependencyUsedIn>
      </UsedIn>
      <IsExists>false</IsExists>
    </SharedCustomAttribute>
  </SharedAttributes>
  <DataEntities>
    <DataEntity>
      <EntityName>LAWEthicsDisclosures__u</EntityName>
      <EntityDisplayName>LAW - Ethics Disclosures</EntityDisplayName>
      <UsedIn>
        <DependencyUsedIn>
          <FileName>LAW Ethics Disclosures</FileName>
          <FileDisplayName>CitEE</FileDisplayName>
          <Activities>
            <Activity>
              <InternalName>UpdateAPDataEntity.1</InternalName>
              <DisplayName>Save Parent Folder URL</DisplayName>
            </Activity>
          </Activities>
          <FileType>Process Model</FileType>
          <NumberOfTimesUsed>1</NumberOfTimesUsed>
        </DependencyUsedIn>
        <DependencyUsedIn>
          <FileName>LAWEthicsDisclosure</FileName>
          <FileDisplayName>LAWEthicsDisclosure</FileDisplayName>
          <Activities />
          <FileType>Data Source</FileType>
          <NumberOfTimesUsed>1</NumberOfTimesUsed>
        </DependencyUsedIn>
      </UsedIn>
      <IsExists>false</IsExists>
    </DataEntity>
    <DataEntity>
      <EntityName>COBDepartments__u</EntityName>
      <EntityDisplayName>COB - Departments</EntityDisplayName>
      <UsedIn>
        <DependencyUsedIn>
          <FileName>COBDept</FileName>
          <FileDisplayName>COBDept</FileDisplayName>
          <Activities />
          <FileType>Lookup</FileType>
          <NumberOfTimesUsed>1</NumberOfTimesUsed>
        </DependencyUsedIn>
      </UsedIn>
      <IsExists>false</IsExists>
    </DataEntity>
  </DataEntities>
  <GlobalAppTokens>
    <GlobalAppToken>
      <TokenName>AgilePoint Google Drive</TokenName>
      <UsedIn>
        <DependencyUsedIn>
          <FileName>LAW Ethics Disclosures</FileName>
          <FileDisplayName>CitEE</FileDisplayName>
          <Activities>
            <Activity>
              <InternalName>GoogleDrive_InsertPermission.1</InternalName>
              <DisplayName>Grant Permission to Folder</DisplayName>
            </Activity>
            <Activity>
              <InternalName>RESTAgilePart.2</InternalName>
              <DisplayName>Get Parent Folder ID</DisplayName>
            </Activity>
          </Activities>
          <FileType>Process Model</FileType>
          <NumberOfTimesUsed>2</NumberOfTimesUsed>
        </DependencyUsedIn>
        <DependencyUsedIn>
          <FileName>Google Drive Connection</FileName>
          <FileDisplayName>Google Drive Connection</FileDisplayName>
          <Activities />
          <FileType>Document Repository</FileType>
          <NumberOfTimesUsed>1</NumberOfTimesUsed>
        </DependencyUsedIn>
      </UsedIn>
      <IsExists>false</IsExists>
    </GlobalAppToken>
  </GlobalAppTokens>
  <FileTypeGroups>
    <FileTypeGroup>
      <FileTypeGroupName>Word, Excel, PDF Only</FileTypeGroupName>
      <UsedIn>
        <DependencyUsedIn>
          <FileName>Form Library</FileName>
          <FileDisplayName>Form Library</FileDisplayName>
          <Activities />
          <FileType>eForm Library</FileType>
          <NumberOfTimesUsed>2</NumberOfTimesUsed>
        </DependencyUsedIn>
      </UsedIn>
      <IsExists>false</IsExists>
    </FileTypeGroup>
  </FileTypeGroups>
</WFApplicationDynamicDependencies>