<?xml version="1.0"?>
<WFEnabledApplication xmlns:xsd="http://www.w3.org/2001/XMLSchema" xmlns:xsi="http://www.w3.org/2001/XMLSchema-instance" ID="8231A1805604CB5E11BB40A0808FE4F8" Name="LAW - Statement of Ethics Disclosures" Description="" Status="DRAFT" CreatedDate="2020-12-17T14:46:12.5" CreatedBy="162157" AppType="eForms" Visibility="PAAS" ContentType="application" DisplayName="LAW - CitEE - COB Electronic Ethics disclosure filing system" AppLocale="customlocale" ParentApplicationId="">
  <Folder ID="8231A1805604CB5E11BB40A0808FE4F9" Name="Shared Resources" ProcGroupID="" AppID="8231A1805604CB5E11BB40A0808FE4F8" Description="" CreatedBy="162157" CreatedDate="0001-01-01T00:00:00Z" LastModifiedBy="162157" LastModifiedDate="0001-01-01T00:00:00Z" ContentType="Any" ParentFolderID="8231A1805604CB5E11BB40A0808FE4F8" DisplayName="Shared Resources">
    <Folder ID="8231A1805604CB5E11BB40A0808FE4FA" Name="Style Sheets" ProcGroupID="" AppID="8231A1805604CB5E11BB40A0808FE4F8" Description="" CreatedBy="162157" CreatedDate="0001-01-01T00:00:00Z" LastModifiedBy="162157" LastModifiedDate="0001-01-01T00:00:00Z" ContentType="application\CSS" ParentFolderID="8231A1805604CB5E11BB40A0808FE4F9" DisplayName="Style Sheets" />
    <Folder ID="8231A1805604CB5E11BB40A0808FE4FB" Name="JavaScript" ProcGroupID="" AppID="8231A1805604CB5E11BB40A0808FE4F8" Description="" CreatedBy="162157" CreatedDate="0001-01-01T00:00:00Z" LastModifiedBy="162157" LastModifiedDate="0001-01-01T00:00:00Z" ContentType="application\js" ParentFolderID="8231A1805604CB5E11BB40A0808FE4F9" DisplayName="JavaScript" />
    <Folder ID="8231A1805604CB5E11BB40A0808FE4FC" Name="Images" ProcGroupID="" AppID="8231A1805604CB5E11BB40A0808FE4F8" Description="" CreatedBy="162157" CreatedDate="0001-01-01T00:00:00Z" LastModifiedBy="162157" LastModifiedDate="0001-01-01T00:00:00Z" ContentType="application\image" ParentFolderID="8231A1805604CB5E11BB40A0808FE4F9" DisplayName="Images" />
    <Folder ID="8231A1805604CB5E11BB40A0808FE4FD" Name="Access Tokens" ProcGroupID="" AppID="8231A1805604CB5E11BB40A0808FE4F8" Description="" CreatedBy="162157" CreatedDate="0001-01-01T00:00:00Z" LastModifiedBy="162157" LastModifiedDate="0001-01-01T00:00:00Z" ContentType="application\apptoken" ParentFolderID="8231A1805604CB5E11BB40A0808FE4F9" DisplayName="Access Tokens" />
    <Folder ID="8231A1805604CB5E11BB40A0808FE4FE" Name="Application Resources" ProcGroupID="" AppID="8231A1805604CB5E11BB40A0808FE4F8" Description="" CreatedBy="162157" CreatedDate="0001-01-01T00:00:00Z" LastModifiedBy="162157" LastModifiedDate="0001-01-01T00:00:00Z" ContentType="application\applicationresources" ParentFolderID="8231A1805604CB5E11BB40A0808FE4F9" DisplayName="Application Resources" />
    <Folder ID="8257D4CD9C2F4D1611DDF13AC1FAB104" Name="Comments" ProcGroupID="8231A1805604CB5E11BB40A0808FE4F9" AppID="8231A1805604CB5E11BB40A0808FE4F8" Description="" CreatedBy="162157" CreatedDate="2023-05-12T23:03:43.227" LastModifiedBy="162157" LastModifiedDate="2023-05-12T23:03:43.227" ContentType="application\comments" ParentFolderID="8231A1805604CB5E11BB40A0808FE4F9" DisplayName="Comments" />
    <Folder ID="BAF312DEFB27D0ED11006444AFB60794" Name="ML Advisor" ProcGroupID="" AppID="8231A1805604CB5E11BB40A0808FE4F8" Description="" CreatedBy="162157" CreatedDate="2025-07-19T02:04:24.067" LastModifiedBy="162157" LastModifiedDate="2025-07-19T02:04:24.067" ContentType="application\mladvisor" ParentFolderID="8231A1805604CB5E11BB40A0808FE4F9" DisplayName="ML Advisor" />
  </Folder>
  <Folder ID="8231A1805604CB5E11BB40A0808FE4FF" Name="Processes" ProcGroupID="" AppID="8231A1805604CB5E11BB40A0808FE4F8" Description="" CreatedBy="162157" CreatedDate="0001-01-01T00:00:00Z" LastModifiedBy="162157" LastModifiedDate="0001-01-01T00:00:00Z" ContentType="application\processgroup" ParentFolderID="8231A1805604CB5E11BB40A0808FE4F8" DisplayName="Processes">
    <Folder ID="8231A1805604CB5E11BB40A0808FE500" Name="LAW - Statement of Ethics Disclosures" ProcGroupID="" AppID="8231A1805604CB5E11BB40A0808FE4F8" Description="" CreatedBy="162157" CreatedDate="0001-01-01T00:00:00Z" LastModifiedBy="162157" LastModifiedDate="0001-01-01T00:00:00Z" ContentType="user\processgroup" ParentFolderID="8231A1805604CB5E11BB40A0808FE4FF" DisplayName="LAW - Statement of Ethics Disclosures">
      <Folder ID="8231A1805604CB5E11BB40A0808FE501" Name="Process Model" ProcGroupID="8231A1805604CB5E11BB40A0808FE500" AppID="8231A1805604CB5E11BB40A0808FE4F8" Description="" CreatedBy="162157" CreatedDate="0001-01-01T00:00:00Z" LastModifiedBy="162157" LastModifiedDate="0001-01-01T00:00:00Z" ContentType="application\processmodel" ParentFolderID="8231A1805604CB5E11BB40A0808FE500" DisplayName="Process Model">
        <File ID="BB0012DEFB27D0ED1100EFD4EB752DF3" Name="LAW Ethics Disclosures" BaseFileID="8231A1805604CB5E11BB40A0808FE502" PrevVerFileID="82658CA4A6897FDE11EE9392467CF310" AppID="8231A1805604CB5E11BB40A0808FE4F8" ParentFolderID="8231A1805604CB5E11BB40A0808FE501" ProcGroupID="8231A1805604CB5E11BB40A0808FE500" Description="" Version="1.07" Status="DRAFT" ContentType="user\processmodel" CheckedOutBy="" CheckedOutDate="0001-01-01T00:00:00Z" CreatedDate="2026-01-12T11:37:02.373" CreatedBy="40001842" LastModifiedDate="2026-01-12T11:37:02.373" LastModifiedBy="40001842" ThemeID="0ce4ed62b2534f46bca0867fb453ff86" ExtraInfo="" DisplayName="CitEE" />
      </Folder>
      <Folder ID="8231A1805604CB5E11BB40A0808FE503" Name="Notification" ProcGroupID="8231A1805604CB5E11BB40A0808FE500" AppID="8231A1805604CB5E11BB40A0808FE4F8" Description="" CreatedBy="162157" CreatedDate="0001-01-01T00:00:00Z" LastModifiedBy="162157" LastModifiedDate="0001-01-01T00:00:00Z" ContentType="application\notification" ParentFolderID="8231A1805604CB5E11BB40A0808FE500" DisplayName="Notification">
        <Folder ID="8231A1805604CB5E11BB40A0808FE504" Name="E-mails" ProcGroupID="8231A1805604CB5E11BB40A0808FE500" AppID="8231A1805604CB5E11BB40A0808FE4F8" Description="" CreatedBy="162157" CreatedDate="0001-01-01T00:00:00Z" LastModifiedBy="162157" LastModifiedDate="0001-01-01T00:00:00Z" ContentType="application\email" ParentFolderID="8231A1805604CB5E11BB40A0808FE503" DisplayName="E-mails">
          <File ID="BB0012DEFB27D0ED1100EFD4EB752DF7" Name="Email - Notification to City Clerk" BaseFileID="8231A1805604CB5E11BB40A0808FE507" PrevVerFileID="82658CA4A6897FDE11EE943F7551350F" AppID="8231A1805604CB5E11BB40A0808FE4F8" ParentFolderID="8231A1805604CB5E11BB40A0808FE504" ProcGroupID="8231A1805604CB5E11BB40A0808FE500" Description="" Version="1.07" Status="DRAFT" ContentType="user\email" CheckedOutBy="" CheckedOutDate="0001-01-01T00:00:00Z" CreatedDate="2026-01-12T11:37:02.42" CreatedBy="40001842" LastModifiedDate="2026-01-12T11:37:02.42" LastModifiedBy="40001842" ThemeID="" ExtraInfo="" DisplayName="Email - Notification to City Clerk" />
          <File ID="BB0012DEFB27D0ED1100EFD4EB752DFD" Name="Email - Notification to Law Dept" BaseFileID="8231A1805604CB5E11BB40A0808FE508" PrevVerFileID="82658CA4A6897FDE11EE9392705DC6A3" AppID="8231A1805604CB5E11BB40A0808FE4F8" ParentFolderID="8231A1805604CB5E11BB40A0808FE504" ProcGroupID="8231A1805604CB5E11BB40A0808FE500" Description="" Version="1.07" Status="DRAFT" ContentType="user\email" CheckedOutBy="" CheckedOutDate="0001-01-01T00:00:00Z" CreatedDate="2026-01-12T11:37:02.42" CreatedBy="40001842" LastModifiedDate="2026-01-12T11:37:02.42" LastModifiedBy="40001842" ThemeID="" ExtraInfo="" DisplayName="Email - Notification to Law Dept" />
          <File ID="BB0012DEFB27D0ED1100EFD4EB752DFE" Name="Email - Notification to Dept Head" BaseFileID="8231A1805604CB5E11BB40A0808FE506" PrevVerFileID="8242A966DC8736F111CCB13247CF5444" AppID="8231A1805604CB5E11BB40A0808FE4F8" ParentFolderID="8231A1805604CB5E11BB40A0808FE504" ProcGroupID="8231A1805604CB5E11BB40A0808FE500" Description="" Version="1.06" Status="DRAFT" ContentType="user\email" CheckedOutBy="" CheckedOutDate="0001-01-01T00:00:00Z" CreatedDate="2026-01-12T11:37:02.42" CreatedBy="40001842" LastModifiedDate="2026-01-12T11:37:02.42" LastModifiedBy="40001842" ThemeID="" ExtraInfo="" DisplayName="Email - Notification to Dept Head" />
          <File ID="BB0012DEFB27D0ED1100EFD4EB752DFF" Name="Thank You" BaseFileID="8231A1805604CB5E11BB40A0808FE505" PrevVerFileID="8242A966DC8736F111CCB13247CF5443" AppID="8231A1805604CB5E11BB40A0808FE4F8" ParentFolderID="8231A1805604CB5E11BB40A0808FE504" ProcGroupID="8231A1805604CB5E11BB40A0808FE500" Description="" Version="1.06" Status="DRAFT" ContentType="user\email" CheckedOutBy="" CheckedOutDate="0001-01-01T00:00:00Z" CreatedDate="2026-01-12T11:37:02.42" CreatedBy="40001842" LastModifiedDate="2026-01-12T11:37:02.42" LastModifiedBy="40001842" ThemeID="" ExtraInfo="" DisplayName="Thank You" />
          <File ID="BB0012DEFB27D0ED1100EFD4EB752DF5" Name="Confirmation" BaseFileID="8231A1805604CB5E11BB40A0808FE50A" PrevVerFileID="8242A966DC8736F111CCB13247CF5446" AppID="8231A1805604CB5E11BB40A0808FE4F8" ParentFolderID="8231A1805604CB5E11BB40A0808FE504" ProcGroupID="8231A1805604CB5E11BB40A0808FE500" Description="" Version="1.06" Status="DRAFT" ContentType="user\email" CheckedOutBy="" CheckedOutDate="0001-01-01T00:00:00Z" CreatedDate="2026-01-12T11:37:02.403" CreatedBy="40001842" LastModifiedDate="2026-01-12T11:37:02.403" LastModifiedBy="40001842" ThemeID="" ExtraInfo="" DisplayName="Confirmation" />
          <File ID="BB0012DEFB27D0ED1100EFD4EB752DF6" Name="Reminder" BaseFileID="8231A1805604CB5E11BB40A0808FE50B" PrevVerFileID="8242A966DC8736F111CCB13247CF5447" AppID="8231A1805604CB5E11BB40A0808FE4F8" ParentFolderID="8231A1805604CB5E11BB40A0808FE504" ProcGroupID="8231A1805604CB5E11BB40A0808FE500" Description="" Version="1.06" Status="DRAFT" ContentType="user\email" CheckedOutBy="" CheckedOutDate="0001-01-01T00:00:00Z" CreatedDate="2026-01-12T11:37:02.403" CreatedBy="40001842" LastModifiedDate="2026-01-12T11:37:02.403" LastModifiedBy="40001842" ThemeID="" ExtraInfo="" DisplayName="Reminder" />
          <File ID="BB0012DEFB27D0ED1100EFD4EB752DF4" Name="Notification" BaseFileID="8231A1805604CB5E11BB40A0808FE509" PrevVerFileID="8242A966DC8736F111CCB13247CF5445" AppID="8231A1805604CB5E11BB40A0808FE4F8" ParentFolderID="8231A1805604CB5E11BB40A0808FE504" ProcGroupID="8231A1805604CB5E11BB40A0808FE500" Description="" Version="1.06" Status="DRAFT" ContentType="user\email" CheckedOutBy="" CheckedOutDate="0001-01-01T00:00:00Z" CreatedDate="2026-01-12T11:37:02.39" CreatedBy="40001842" LastModifiedDate="2026-01-12T11:37:02.39" LastModifiedBy="40001842" ThemeID="" ExtraInfo="" DisplayName="Notification" />
        </Folder>
        <Folder ID="8231A1805604CB5E11BB40A0808FE50C" Name="Yammer" ProcGroupID="8231A1805604CB5E11BB40A0808FE500" AppID="8231A1805604CB5E11BB40A0808FE4F8" Description="" CreatedBy="162157" CreatedDate="0001-01-01T00:00:00Z" LastModifiedBy="162157" LastModifiedDate="0001-01-01T00:00:00Z" ContentType="application\yammer" ParentFolderID="8231A1805604CB5E11BB40A0808FE503" DisplayName="Viva Engage" />
        <Folder ID="8231A1805604CB5E11BB40A0808FE50D" Name="Chatter" ProcGroupID="8231A1805604CB5E11BB40A0808FE500" AppID="8231A1805604CB5E11BB40A0808FE4F8" Description="" CreatedBy="162157" CreatedDate="0001-01-01T00:00:00Z" LastModifiedBy="162157" LastModifiedDate="0001-01-01T00:00:00Z" ContentType="application\chatter" ParentFolderID="8231A1805604CB5E11BB40A0808FE503" DisplayName="Chatter" />
        <Folder ID="8231A1805604CB5E11BB40A0808FE50E" Name="MicrosoftTeams" ProcGroupID="8231A1805604CB5E11BB40A0808FE500" AppID="8231A1805604CB5E11BB40A0808FE4F8" Description="" CreatedBy="162157" CreatedDate="0001-01-01T00:00:00Z" LastModifiedBy="162157" LastModifiedDate="2023-05-12T23:03:43.697" ContentType="application\microsoftteams" ParentFolderID="8231A1805604CB5E11BB40A0808FE503" DisplayName="Microsoft Teams" />
        <Folder ID="8231A1805604CB5E11BB40A0808FE50F" Name="SMS" ProcGroupID="8231A1805604CB5E11BB40A0808FE500" AppID="8231A1805604CB5E11BB40A0808FE4F8" Description="" CreatedBy="162157" CreatedDate="0001-01-01T00:00:00Z" LastModifiedBy="162157" LastModifiedDate="0001-01-01T00:00:00Z" ContentType="application\sms" ParentFolderID="8231A1805604CB5E11BB40A0808FE503" DisplayName="SMS" />
        <Folder ID="8231A1805604CB5E11BB40A0808FE510" Name="Attachment Repository" ProcGroupID="8231A1805604CB5E11BB40A0808FE500" AppID="8231A1805604CB5E11BB40A0808FE4F8" Description="" CreatedBy="162157" CreatedDate="0001-01-01T00:00:00Z" LastModifiedBy="162157" LastModifiedDate="0001-01-01T00:00:00Z" ContentType="application\attachmentrepository" ParentFolderID="8231A1805604CB5E11BB40A0808FE503" DisplayName="Attachment Repository" />
      </Folder>
      <Folder ID="8231A1805604CB5E11BB40A0808FE511" Name="Data Model" ProcGroupID="8231A1805604CB5E11BB40A0808FE500" AppID="8231A1805604CB5E11BB40A0808FE4F8" Description="" CreatedBy="162157" CreatedDate="0001-01-01T00:00:00Z" LastModifiedBy="162157" LastModifiedDate="0001-01-01T00:00:00Z" ContentType="application\datamodel" ParentFolderID="8231A1805604CB5E11BB40A0808FE500" DisplayName="Data Model">
        <File ID="BAFF0AFFF82C90671100EFD4F9712E55" Name="Schema.xsd" BaseFileID="8231A1805604CB5E11BB40A0808FE512" PrevVerFileID="82658CA4A6897FDE11EE9392467CF30B" AppID="8231A1805604CB5E11BB40A0808FE4F8" ParentFolderID="8231A1805604CB5E11BB40A0808FE511" ProcGroupID="8231A1805604CB5E11BB40A0808FE500" Description="" Version="1.11" Status="DRAFT" ContentType="user\datamodel" CheckedOutBy="" CheckedOutDate="0001-01-01T00:00:00Z" CreatedDate="2026-01-12T11:37:29.76" CreatedBy="40001842" LastModifiedDate="2026-01-12T11:37:54.317" LastModifiedBy="40001842" ThemeID="" ExtraInfo="[{&quot;Name&quot; : &quot;NamespaceUpdated&quot; , &quot;Value&quot; : &quot;True&quot;}]" DisplayName="Schema.xsd" />
        <File ID="BAFF0AFFF82C90671100EFD4F9712E57" Name="LAWEthicsDisclosure" BaseFileID="8231A1805604CB5E11BB40A0808FE513" PrevVerFileID="8242A966DC8736F111CCB13247CF5449" AppID="8231A1805604CB5E11BB40A0808FE4F8" ParentFolderID="8231A1805604CB5E11BB40A0808FE511" ProcGroupID="8231A1805604CB5E11BB40A0808FE500" Description="Datasource LAWEthicsDisclosure Schema" Version="1.07" Status="DRAFT" ContentType="user\apdataentitydatamodel" CheckedOutBy="" CheckedOutDate="0001-01-01T00:00:00Z" CreatedDate="2026-01-12T11:37:29.913" CreatedBy="40001842" LastModifiedDate="2026-01-12T11:37:30.04" LastModifiedBy="40001842" ThemeID="" ExtraInfo="" DisplayName="LAWEthicsDisclosure" />
      </Folder>
      <Folder ID="8231A1805604CB5E11BB40A0808FE514" Name="Data Source" ProcGroupID="8231A1805604CB5E11BB40A0808FE500" AppID="8231A1805604CB5E11BB40A0808FE4F8" Description="" CreatedBy="162157" CreatedDate="0001-01-01T00:00:00Z" LastModifiedBy="162157" LastModifiedDate="0001-01-01T00:00:00Z" ContentType="application\datasources" ParentFolderID="8231A1805604CB5E11BB40A0808FE500" DisplayName="Data Source">
        <File ID="BB0012DEFB27D0ED1100EFD4F17060C4" Name="LAWEthicsDisclosure" BaseFileID="8231A1805604CB5E11BB40A0808FE515" PrevVerFileID="8242A966DC8736F111CCB13247CF544A" AppID="8231A1805604CB5E11BB40A0808FE4F8" ParentFolderID="8231A1805604CB5E11BB40A0808FE514" ProcGroupID="8231A1805604CB5E11BB40A0808FE500" Description="" Version="1.07" Status="DRAFT" ContentType="user\APDataEntityDataSource" CheckedOutBy="" CheckedOutDate="0001-01-01T00:00:00Z" CreatedDate="2026-01-12T11:37:14.83" CreatedBy="40001842" LastModifiedDate="2026-01-12T11:37:54.283" LastModifiedBy="40001842" ThemeID="" ExtraInfo="" DisplayName="LAWEthicsDisclosure" />
      </Folder>
      <Folder ID="8231A1805604CB5E11BB40A0808FE516" Name="Library" ProcGroupID="8231A1805604CB5E11BB40A0808FE500" AppID="8231A1805604CB5E11BB40A0808FE4F8" Description="" CreatedBy="162157" CreatedDate="0001-01-01T00:00:00Z" LastModifiedBy="162157" LastModifiedDate="0001-01-01T00:00:00Z" ContentType="application\taskformlibrary" ParentFolderID="8231A1805604CB5E11BB40A0808FE500" DisplayName="Library">
        <File ID="BB0012DEFB27D0ED1100EFD4EB752E03" Name="Form Library" BaseFileID="8231A1805604CB5E11BB40A0808FE517" PrevVerFileID="8242A966DC8736F111CCB13247CF544B" AppID="8231A1805604CB5E11BB40A0808FE4F8" ParentFolderID="8231A1805604CB5E11BB40A0808FE516" ProcGroupID="8231A1805604CB5E11BB40A0808FE500" Description="" Version="1.08" Status="DRAFT" ContentType="user\taskformlibrary" CheckedOutBy="" CheckedOutDate="0001-01-01T00:00:00Z" CreatedDate="2026-01-12T11:37:02.497" CreatedBy="40001842" LastModifiedDate="2026-01-12T11:37:02.497" LastModifiedBy="40001842" ThemeID="" ExtraInfo="" DisplayName="Form Library" />
      </Folder>
      <Folder ID="8231A1805604CB5E11BB40A0808FE518" Name="Forms" ProcGroupID="8231A1805604CB5E11BB40A0808FE500" AppID="8231A1805604CB5E11BB40A0808FE4F8" Description="" CreatedBy="162157" CreatedDate="0001-01-01T00:00:00Z" LastModifiedBy="162157" LastModifiedDate="0001-01-01T00:00:00Z" ContentType="application\formsgroup" ParentFolderID="8231A1805604CB5E11BB40A0808FE500" DisplayName="Forms">
        <Folder ID="8231A1805604CB5E11BB40A0808FE519" Name="Task Forms" ProcGroupID="8231A1805604CB5E11BB40A0808FE500" AppID="8231A1805604CB5E11BB40A0808FE4F8" Description="" CreatedBy="162157" CreatedDate="0001-01-01T00:00:00Z" LastModifiedBy="162157" LastModifiedDate="0001-01-01T00:00:00Z" ContentType="application\taskforms" ParentFolderID="8231A1805604CB5E11BB40A0808FE518" DisplayName="Task Forms">
          <File ID="BB0012DEFB27D0ED1100EFD4EB752E05" Name="Report View" BaseFileID="8231A1805604CB5E11BB40A0808FE51B" PrevVerFileID="8242A966DC8736F111CCB13247CF544E" AppID="8231A1805604CB5E11BB40A0808FE4F8" ParentFolderID="8231A1805604CB5E11BB40A0808FE519" ProcGroupID="8231A1805604CB5E11BB40A0808FE500" Description="" Version="1.06" Status="DRAFT" ContentType="user\taskforms" CheckedOutBy="" CheckedOutDate="0001-01-01T00:00:00Z" CreatedDate="2026-01-12T11:37:02.59" CreatedBy="40001842" LastModifiedDate="2026-01-12T11:37:02.59" LastModifiedBy="40001842" ThemeID="" ExtraInfo="" DisplayName="Report View" />
          <File ID="BB0012DEFB27D0ED1100EFD4EB752E04" Name="Ethics Disclosures" BaseFileID="8231A1805604CB5E11BB40A0808FE51A" PrevVerFileID="8242A966DC8736F111CCB13247CF544D" AppID="8231A1805604CB5E11BB40A0808FE4F8" ParentFolderID="8231A1805604CB5E11BB40A0808FE519" ProcGroupID="8231A1805604CB5E11BB40A0808FE500" Description="" Version="1.07" Status="DRAFT" ContentType="user\taskforms" CheckedOutBy="" CheckedOutDate="0001-01-01T00:00:00Z" CreatedDate="2026-01-12T11:37:02.577" CreatedBy="40001842" LastModifiedDate="2026-01-12T11:37:02.577" LastModifiedBy="40001842" ThemeID="" ExtraInfo="" DisplayName="Ethics Disclosures" />
        </Folder>
      </Folder>
      <Folder ID="8231A1805604CB5E11BB40A0808FE51C" Name="Lookups" ProcGroupID="8231A1805604CB5E11BB40A0808FE500" AppID="8231A1805604CB5E11BB40A0808FE4F8" Description="" CreatedBy="162157" CreatedDate="0001-01-01T00:00:00Z" LastModifiedBy="162157" LastModifiedDate="0001-01-01T00:00:00Z" ContentType="application\lookup" ParentFolderID="8231A1805604CB5E11BB40A0808FE500" DisplayName="Lookups">
        <File ID="BB0012DEFB27D0ED1100EFD4EB752E06" Name="COBDept" BaseFileID="8231A1805604CB5E11BB40A0808FE51D" PrevVerFileID="8242A966DC8736F111CCB13247CF544F" AppID="8231A1805604CB5E11BB40A0808FE4F8" ParentFolderID="8231A1805604CB5E11BB40A0808FE51C" ProcGroupID="8231A1805604CB5E11BB40A0808FE500" Description="" Version="1.06" Status="DRAFT" ContentType="user\lookupnamevalue" CheckedOutBy="" CheckedOutDate="0001-01-01T00:00:00Z" CreatedDate="2026-01-12T11:37:02.607" CreatedBy="40001842" LastModifiedDate="2026-01-12T11:37:02.607" LastModifiedBy="40001842" ThemeID="" ExtraInfo="" DisplayName="COBDept" />
      </Folder>
      <Folder ID="8231A1805604CB5E11BB40A0808FE51E" Name="Translation" ProcGroupID="8231A1805604CB5E11BB40A0808FE500" AppID="8231A1805604CB5E11BB40A0808FE4F8" Description="" CreatedBy="162157" CreatedDate="0001-01-01T00:00:00Z" LastModifiedBy="162157" LastModifiedDate="0001-01-01T00:00:00Z" ContentType="application\translation" ParentFolderID="8231A1805604CB5E11BB40A0808FE500" DisplayName="Translation" />
      <Folder ID="8231A1805604CB5E11BB40A0808FE51F" Name="Document Repository" ProcGroupID="8231A1805604CB5E11BB40A0808FE500" AppID="8231A1805604CB5E11BB40A0808FE4F8" Description="" CreatedBy="162157" CreatedDate="0001-01-01T00:00:00Z" LastModifiedBy="162157" LastModifiedDate="0001-01-01T00:00:00Z" ContentType="application\documentrepository" ParentFolderID="8231A1805604CB5E11BB40A0808FE500" DisplayName="Document Repository">
        <File ID="BB0012DEFB27D0ED1100EFD4EB752E07" Name="Google Drive Connection" BaseFileID="8231A1805604CB5E11BB40A0808FE520" PrevVerFileID="8242A966DC8736F111CCB13247CF5450" AppID="8231A1805604CB5E11BB40A0808FE4F8" ParentFolderID="8231A1805604CB5E11BB40A0808FE51F" ProcGroupID="8231A1805604CB5E11BB40A0808FE500" Description="" Version="1.06" Status="DRAFT" ContentType="user\documentrepository" CheckedOutBy="" CheckedOutDate="0001-01-01T00:00:00Z" CreatedDate="2026-01-12T11:37:02.623" CreatedBy="40001842" LastModifiedDate="2026-01-12T11:37:02.623" LastModifiedBy="40001842" ThemeID="" ExtraInfo="" DisplayName="Google Drive Connection" />
      </Folder>
      <Folder ID="8231A1805604CB5E11BB40A0808FE521" Name="System Files" ProcGroupID="8231A1805604CB5E11BB40A0808FE500" AppID="8231A1805604CB5E11BB40A0808FE4F8" Description="" CreatedBy="162157" CreatedDate="0001-01-01T00:00:00Z" LastModifiedBy="162157" LastModifiedDate="0001-01-01T00:00:00Z" ContentType="application\hidden" ParentFolderID="8231A1805604CB5E11BB40A0808FE500" DisplayName="System Files" />
    </Folder>
  </Folder>
  <CoAuthored>false</CoAuthored>
  <IsAIGenerated>false</IsAIGenerated>
</WFEnabledApplication>