<?xml version="1.0"?>
<WFApplicationDynamicDependencies xmlns:xsd="http://www.w3.org/2001/XMLSchema" xmlns:xsi="http://www.w3.org/2001/XMLSchema-instance">
  <AppName>OPAT - View Complaints</AppName>
  <Version>1.04</Version>
  <DataEntities>
    <DataEntity>
      <EntityName>OPATComplaints__u</EntityName>
      <EntityDisplayName>OPAT -Complaints</EntityDisplayName>
      <UsedIn>
        <DependencyUsedIn>
          <FileName>OPATComplaints</FileName>
          <FileDisplayName>OPATComplaints</FileDisplayName>
          <Activities />
          <FileType>Data Source</FileType>
          <NumberOfTimesUsed>1</NumberOfTimesUsed>
        </DependencyUsedIn>
        <DependencyUsedIn>
          <FileName>GetOPAT  ComplaintsRecentlyCreated</FileName>
          <FileDisplayName>GetOPAT  ComplaintsRecentlyCreated</FileDisplayName>
          <Activities />
          <FileType>Lookup</FileType>
          <NumberOfTimesUsed>1</NumberOfTimesUsed>
        </DependencyUsedIn>
        <DependencyUsedIn>
          <FileName>GetOPAT  Complaints</FileName>
          <FileDisplayName>GetOPAT  Complaints</FileDisplayName>
          <Activities />
          <FileType>Lookup</FileType>
          <NumberOfTimesUsed>1</NumberOfTimesUsed>
        </DependencyUsedIn>
        <DependencyUsedIn>
          <FileName>UnderInvestigation</FileName>
          <FileDisplayName>UnderInvestigation</FileDisplayName>
          <Activities />
          <FileType>Lookup</FileType>
          <NumberOfTimesUsed>1</NumberOfTimesUsed>
        </DependencyUsedIn>
        <DependencyUsedIn>
          <FileName>GetOPAT  ComplaintsRecentlyModified</FileName>
          <FileDisplayName>GetOPAT  ComplaintsRecentlyModified</FileDisplayName>
          <Activities />
          <FileType>Lookup</FileType>
          <NumberOfTimesUsed>1</NumberOfTimesUsed>
        </DependencyUsedIn>
        <DependencyUsedIn>
          <FileName>InitialSubmissions</FileName>
          <FileDisplayName>InitialSubmissions</FileDisplayName>
          <Activities />
          <FileType>Lookup</FileType>
          <NumberOfTimesUsed>1</NumberOfTimesUsed>
        </DependencyUsedIn>
      </UsedIn>
      <IsExists>false</IsExists>
    </DataEntity>
    <DataEntity>
      <EntityName>opatinvestigationnotes__u</EntityName>
      <EntityDisplayName>OPAT -Investigation Notes</EntityDisplayName>
      <UsedIn>
        <DependencyUsedIn>
          <FileName>OPATComplaints</FileName>
          <FileDisplayName>OPATComplaints</FileDisplayName>
          <Activities />
          <FileType>Data Source</FileType>
          <NumberOfTimesUsed>1</NumberOfTimesUsed>
        </DependencyUsedIn>
      </UsedIn>
      <IsExists>false</IsExists>
    </DataEntity>
  </DataEntities>
  <PickLists>
    <PickList>
      <PickListName>COBNeighborhoods__p</PickListName>
      <PickListDisplayName>COB - Neighborhood's</PickListDisplayName>
      <UsedIn>
        <DependencyUsedIn>
          <FileName>Form Library</FileName>
          <FileDisplayName>Form Library</FileDisplayName>
          <Activities />
          <FileType>eForm Library</FileType>
          <NumberOfTimesUsed>1</NumberOfTimesUsed>
        </DependencyUsedIn>
      </UsedIn>
      <IsExists>false</IsExists>
    </PickList>
  </PickLists>
  <ValidationMasks>
    <ValidationMask>
      <MaskName>Numeric Text Only Five Digits</MaskName>
      <UsedIn>
        <DependencyUsedIn>
          <FileName>Form Library</FileName>
          <FileDisplayName>Form Library</FileDisplayName>
          <Activities />
          <FileType>eForm Library</FileType>
          <NumberOfTimesUsed>1</NumberOfTimesUsed>
        </DependencyUsedIn>
      </UsedIn>
      <IsExists>false</IsExists>
    </ValidationMask>
  </ValidationMasks>
</WFApplicationDynamicDependencies>