<?xml version="1.0"?>
<WFApplicationDynamicDependencies xmlns:xsd="http://www.w3.org/2001/XMLSchema" xmlns:xsi="http://www.w3.org/2001/XMLSchema-instance">
  <AppName>DoIT - Payroll Overtime Requests View</AppName>
  <Version>1.07</Version>
  <DataEntities>
    <DataEntity>
      <EntityName>DoITOvertimeRequests__u</EntityName>
      <EntityDisplayName>DoIT - Overtime Requests</EntityDisplayName>
      <UsedIn>
        <DependencyUsedIn>
          <FileName>DoITPayrollOvertimeRequest</FileName>
          <FileDisplayName>DoITPayrollOvertimeRequest</FileDisplayName>
          <Activities />
          <FileType>Data Source</FileType>
          <NumberOfTimesUsed>1</NumberOfTimesUsed>
        </DependencyUsedIn>
        <DependencyUsedIn>
          <FileName>OvertimeLast7Days</FileName>
          <FileDisplayName>OvertimeLast7Days</FileDisplayName>
          <Activities />
          <FileType>Lookup</FileType>
          <NumberOfTimesUsed>1</NumberOfTimesUsed>
        </DependencyUsedIn>
        <DependencyUsedIn>
          <FileName>GetDoIT - Overtime Requestss</FileName>
          <FileDisplayName>GetDoIT - Overtime Requestss</FileDisplayName>
          <Activities />
          <FileType>Lookup</FileType>
          <NumberOfTimesUsed>1</NumberOfTimesUsed>
        </DependencyUsedIn>
      </UsedIn>
      <IsExists>false</IsExists>
    </DataEntity>
  </DataEntities>
  <PickLists>
    <PickList>
      <PickListName>DoITDivisions__p</PickListName>
      <PickListDisplayName>COB - DoIT Divisions</PickListDisplayName>
      <UsedIn>
        <DependencyUsedIn>
          <FileName>Form Library</FileName>
          <FileDisplayName>Form Library</FileDisplayName>
          <Activities />
          <FileType>eForm Library</FileType>
          <NumberOfTimesUsed>1</NumberOfTimesUsed>
        </DependencyUsedIn>
      </UsedIn>
      <IsExists>false</IsExists>
    </PickList>
  </PickLists>
</WFApplicationDynamicDependencies>