<?xml version="1.0"?>
<WFEnabledApplication xmlns:xsd="http://www.w3.org/2001/XMLSchema" xmlns:xsi="http://www.w3.org/2001/XMLSchema-instance" ID="8230A9F6B6F4404A11AAEDFB44222144" Name="DoIT - Payroll Overtime Requests View" Description="" Status="DRAFT" CreatedDate="2020-09-03T11:36:48.497" CreatedBy="40002000" AppType="StandaloneForms" Visibility="PAAS" ContentType="application" DisplayName="DoIT - Payroll Overtime Requests View" AppLocale="customlocale" ParentApplicationId="">
  <Folder ID="8230A9F6B6F4404A11AAEDFB44222145" Name="Shared Resources" ProcGroupID="" AppID="8230A9F6B6F4404A11AAEDFB44222144" Description="" CreatedBy="40002000" CreatedDate="0001-01-01T00:00:00Z" LastModifiedBy="40002000" LastModifiedDate="0001-01-01T00:00:00Z" ContentType="Any" ParentFolderID="8230A9F6B6F4404A11AAEDFB44222144" DisplayName="Shared Resources">
    <Folder ID="8230A9F6B6F4404A11AAEDFB44222146" Name="Style Sheets" ProcGroupID="" AppID="8230A9F6B6F4404A11AAEDFB44222144" Description="" CreatedBy="40002000" CreatedDate="0001-01-01T00:00:00Z" LastModifiedBy="40002000" LastModifiedDate="0001-01-01T00:00:00Z" ContentType="application\CSS" ParentFolderID="8230A9F6B6F4404A11AAEDFB44222145" DisplayName="Style Sheets">
      <File ID="BAF812DEFB27D0ED1100B33DFEDCA751" Name="Button  Edit Hide.css" BaseFileID="BAF812DEFB27D0ED1100B33DFEDCA751" PrevVerFileID="" AppID="8230A9F6B6F4404A11AAEDFB44222144" ParentFolderID="8230A9F6B6F4404A11AAEDFB44222146" ProcGroupID="" Description="" Version="1.0" Status="DRAFT" ContentType="user\CSS" CheckedOutBy="" CheckedOutDate="0001-01-01T00:00:00Z" CreatedDate="2025-10-27T14:05:32.593" CreatedBy="40001842" LastModifiedDate="2025-10-27T14:05:32.593" LastModifiedBy="40001842" ThemeID="" ExtraInfo="" DisplayName="Button  Edit Hide.css" />
    </Folder>
    <Folder ID="8230A9F6B6F4404A11AAEDFB44222147" Name="JavaScript" ProcGroupID="" AppID="8230A9F6B6F4404A11AAEDFB44222144" Description="" CreatedBy="40002000" CreatedDate="0001-01-01T00:00:00Z" LastModifiedBy="40002000" LastModifiedDate="0001-01-01T00:00:00Z" ContentType="application\js" ParentFolderID="8230A9F6B6F4404A11AAEDFB44222145" DisplayName="JavaScript" />
    <Folder ID="8230A9F6B6F4404A11AAEDFB44222148" Name="Images" ProcGroupID="" AppID="8230A9F6B6F4404A11AAEDFB44222144" Description="" CreatedBy="40002000" CreatedDate="0001-01-01T00:00:00Z" LastModifiedBy="40002000" LastModifiedDate="0001-01-01T00:00:00Z" ContentType="application\image" ParentFolderID="8230A9F6B6F4404A11AAEDFB44222145" DisplayName="Images" />
    <Folder ID="8230A9F6B6F4404A11AAEDFB44222149" Name="Access Tokens" ProcGroupID="" AppID="8230A9F6B6F4404A11AAEDFB44222144" Description="" CreatedBy="40002000" CreatedDate="0001-01-01T00:00:00Z" LastModifiedBy="40002000" LastModifiedDate="0001-01-01T00:00:00Z" ContentType="application\apptoken" ParentFolderID="8230A9F6B6F4404A11AAEDFB44222145" DisplayName="Access Tokens" />
    <Folder ID="8230A9F6B6F4404A11AAEDFB4422214A" Name="Application Resources" ProcGroupID="" AppID="8230A9F6B6F4404A11AAEDFB44222144" Description="" CreatedBy="40002000" CreatedDate="0001-01-01T00:00:00Z" LastModifiedBy="40002000" LastModifiedDate="0001-01-01T00:00:00Z" ContentType="application\applicationresources" ParentFolderID="8230A9F6B6F4404A11AAEDFB44222145" DisplayName="Application Resources" />
    <Folder ID="8257D4CD9C2F4D1611DDF13AC1FAB0FD" Name="Comments" ProcGroupID="8230A9F6B6F4404A11AAEDFB44222145" AppID="8230A9F6B6F4404A11AAEDFB44222144" Description="" CreatedBy="40002000" CreatedDate="2023-05-12T23:03:43.21" LastModifiedBy="40002000" LastModifiedDate="2023-05-12T23:03:43.21" ContentType="application\comments" ParentFolderID="8230A9F6B6F4404A11AAEDFB44222145" DisplayName="Comments" />
    <Folder ID="BAF312DEFB27D0ED11006444AFB6077F" Name="ML Advisor" ProcGroupID="" AppID="8230A9F6B6F4404A11AAEDFB44222144" Description="" CreatedBy="40002000" CreatedDate="2025-07-19T02:04:24.06" LastModifiedBy="40002000" LastModifiedDate="2025-07-19T02:04:24.06" ContentType="application\mladvisor" ParentFolderID="8230A9F6B6F4404A11AAEDFB44222145" DisplayName="ML Advisor" />
  </Folder>
  <Folder ID="8230A9F6B6F4404A11AAEDFB4422214B" Name="App Model &amp; Resources" ProcGroupID="" AppID="8230A9F6B6F4404A11AAEDFB44222144" Description="" CreatedBy="40002000" CreatedDate="0001-01-01T00:00:00Z" LastModifiedBy="40002000" LastModifiedDate="0001-01-01T00:00:00Z" ContentType="user\processgroup" ParentFolderID="8230A9F6B6F4404A11AAEDFB44222144" DisplayName="App Model &amp; Resources">
    <Folder ID="8230A9F6B6F4404A11AAEDFB4422214C" Name="Data Model" ProcGroupID="8230A9F6B6F4404A11AAEDFB4422214B" AppID="8230A9F6B6F4404A11AAEDFB44222144" Description="" CreatedBy="40002000" CreatedDate="0001-01-01T00:00:00Z" LastModifiedBy="40002000" LastModifiedDate="0001-01-01T00:00:00Z" ContentType="application\datamodel" ParentFolderID="8230A9F6B6F4404A11AAEDFB4422214B" DisplayName="Data Model">
      <File ID="BAF80AFFF82C90671100B33E0B3402BA" Name="Schema.xsd" BaseFileID="8230A9F6B6F4404A11AAEDFB4422214D" PrevVerFileID="BAE412DEFB27D0ED11FFB80059373772" AppID="8230A9F6B6F4404A11AAEDFB44222144" ParentFolderID="8230A9F6B6F4404A11AAEDFB4422214C" ProcGroupID="8230A9F6B6F4404A11AAEDFB4422214B" Description="" Version="1.07" Status="DRAFT" ContentType="user\datamodel" CheckedOutBy="" CheckedOutDate="0001-01-01T00:00:00Z" CreatedDate="2025-10-27T14:06:00.61" CreatedBy="40001842" LastModifiedDate="2025-10-27T14:06:54.507" LastModifiedBy="40001842" ThemeID="" ExtraInfo="[{&quot;Name&quot; : &quot;NamespaceUpdated&quot; , &quot;Value&quot; : &quot;True&quot;}]" DisplayName="Schema.xsd" />
      <File ID="BAF80AFFF82C90671100B33E1735A922" Name="DoITPayrollOvertimeRequest" BaseFileID="8230A9F6B6F4404A11AAEDFB4422214E" PrevVerFileID="8243EE24A762EDC311CCD23CD8859E43" AppID="8230A9F6B6F4404A11AAEDFB44222144" ParentFolderID="8230A9F6B6F4404A11AAEDFB4422214C" ProcGroupID="8230A9F6B6F4404A11AAEDFB4422214B" Description="Datasource DoITPayrollOvertimeRequest Schema" Version="1.05" Status="DRAFT" ContentType="user\apdataentitydatamodel" CheckedOutBy="" CheckedOutDate="0001-01-01T00:00:00Z" CreatedDate="2025-10-27T14:06:13.91" CreatedBy="40001842" LastModifiedDate="2025-10-27T14:06:13.99" LastModifiedBy="40001842" ThemeID="" ExtraInfo="" DisplayName="DoITPayrollOvertimeRequest" />
    </Folder>
    <Folder ID="8230A9F6B6F4404A11AAEDFB4422214F" Name="Data Source" ProcGroupID="8230A9F6B6F4404A11AAEDFB4422214B" AppID="8230A9F6B6F4404A11AAEDFB44222144" Description="" CreatedBy="40002000" CreatedDate="0001-01-01T00:00:00Z" LastModifiedBy="40002000" LastModifiedDate="0001-01-01T00:00:00Z" ContentType="application\datasources" ParentFolderID="8230A9F6B6F4404A11AAEDFB4422214B" DisplayName="Data Source">
      <File ID="BAF80AFFF82C90671100B33E05320289" Name="DoITPayrollOvertimeRequest" BaseFileID="8230A9F6B6F4404A11AAEDFB44222150" PrevVerFileID="8243EE24A762EDC311CCD23CD8859E44" AppID="8230A9F6B6F4404A11AAEDFB44222144" ParentFolderID="8230A9F6B6F4404A11AAEDFB4422214F" ProcGroupID="8230A9F6B6F4404A11AAEDFB4422214B" Description="" Version="1.04" Status="DRAFT" ContentType="user\APDataEntityDataSource" CheckedOutBy="" CheckedOutDate="0001-01-01T00:00:00Z" CreatedDate="2025-10-27T14:05:42.733" CreatedBy="40001842" LastModifiedDate="2025-10-27T14:06:54.443" LastModifiedBy="40001842" ThemeID="" ExtraInfo="" DisplayName="DoITPayrollOvertimeRequest" />
    </Folder>
    <Folder ID="8230A9F6B6F4404A11AAEDFB44222151" Name="Library" ProcGroupID="8230A9F6B6F4404A11AAEDFB4422214B" AppID="8230A9F6B6F4404A11AAEDFB44222144" Description="" CreatedBy="40002000" CreatedDate="0001-01-01T00:00:00Z" LastModifiedBy="40002000" LastModifiedDate="0001-01-01T00:00:00Z" ContentType="application\taskformlibrary" ParentFolderID="8230A9F6B6F4404A11AAEDFB4422214B" DisplayName="Library">
      <File ID="BAF812DEFB27D0ED1100B33DFEDCA756" Name="Form Library" BaseFileID="8230A9F6B6F4404A11AAEDFB44222152" PrevVerFileID="BAE412DEFB27D0ED11FFB80059373773" AppID="8230A9F6B6F4404A11AAEDFB44222144" ParentFolderID="8230A9F6B6F4404A11AAEDFB44222151" ProcGroupID="8230A9F6B6F4404A11AAEDFB4422214B" Description="" Version="1.06" Status="DRAFT" ContentType="user\taskformlibrary" CheckedOutBy="" CheckedOutDate="0001-01-01T00:00:00Z" CreatedDate="2025-10-27T14:05:32.733" CreatedBy="40001842" LastModifiedDate="2025-10-27T14:05:32.733" LastModifiedBy="40001842" ThemeID="" ExtraInfo="" DisplayName="Form Library" />
    </Folder>
    <Folder ID="8230A9F6B6F4404A11AAEDFB44222153" Name="Forms" ProcGroupID="8230A9F6B6F4404A11AAEDFB4422214B" AppID="8230A9F6B6F4404A11AAEDFB44222144" Description="" CreatedBy="40002000" CreatedDate="0001-01-01T00:00:00Z" LastModifiedBy="40002000" LastModifiedDate="0001-01-01T00:00:00Z" ContentType="application\formsgroup" ParentFolderID="8230A9F6B6F4404A11AAEDFB4422214B" DisplayName="Forms">
      <Folder ID="8230A9F6B6F4404A11AAEDFB44222154" Name="New" ProcGroupID="8230A9F6B6F4404A11AAEDFB4422214B" AppID="8230A9F6B6F4404A11AAEDFB44222144" Description="" CreatedBy="40002000" CreatedDate="0001-01-01T00:00:00Z" LastModifiedBy="40002000" LastModifiedDate="0001-01-01T00:00:00Z" ContentType="application\newforms" ParentFolderID="8230A9F6B6F4404A11AAEDFB44222153" DisplayName="New">
        <File ID="BAF812DEFB27D0ED1100B33DFEDCA758" Name="New DoIT - Overtime Requests" BaseFileID="8230A9F6B6F4404A11AAEDFB44222155" PrevVerFileID="8243EE24A762EDC311CCD23CD8859E46" AppID="8230A9F6B6F4404A11AAEDFB44222144" ParentFolderID="8230A9F6B6F4404A11AAEDFB44222154" ProcGroupID="8230A9F6B6F4404A11AAEDFB4422214B" Description="" Version="1.03" Status="DRAFT" ContentType="user\newforms" CheckedOutBy="" CheckedOutDate="0001-01-01T00:00:00Z" CreatedDate="2025-10-27T14:05:32.78" CreatedBy="40001842" LastModifiedDate="2025-10-27T14:05:32.78" LastModifiedBy="40001842" ThemeID="" ExtraInfo="" DisplayName="New DoIT - Overtime Requests" />
      </Folder>
      <Folder ID="8230A9F6B6F4404A11AAEDFB44222156" Name="Update" ProcGroupID="8230A9F6B6F4404A11AAEDFB4422214B" AppID="8230A9F6B6F4404A11AAEDFB44222144" Description="" CreatedBy="40002000" CreatedDate="0001-01-01T00:00:00Z" LastModifiedBy="40002000" LastModifiedDate="0001-01-01T00:00:00Z" ContentType="application\updateforms" ParentFolderID="8230A9F6B6F4404A11AAEDFB44222153" DisplayName="Update">
        <File ID="BAF812DEFB27D0ED1100B33DFEDCA759" Name="Update DoIT - Overtime Requests" BaseFileID="8230A9F6B6F4404A11AAEDFB44222157" PrevVerFileID="8243EE24A762EDC311CCD23CD8859E47" AppID="8230A9F6B6F4404A11AAEDFB44222144" ParentFolderID="8230A9F6B6F4404A11AAEDFB44222156" ProcGroupID="8230A9F6B6F4404A11AAEDFB4422214B" Description="" Version="1.03" Status="DRAFT" ContentType="user\updateforms" CheckedOutBy="" CheckedOutDate="0001-01-01T00:00:00Z" CreatedDate="2025-10-27T14:05:32.827" CreatedBy="40001842" LastModifiedDate="2025-10-27T14:05:32.827" LastModifiedBy="40001842" ThemeID="" ExtraInfo="" DisplayName="Update DoIT - Overtime Requests" />
      </Folder>
      <Folder ID="8230A9F6B6F4404A11AAEDFB44222158" Name="Widgets" ProcGroupID="8230A9F6B6F4404A11AAEDFB4422214B" AppID="8230A9F6B6F4404A11AAEDFB44222144" Description="" CreatedBy="40002000" CreatedDate="0001-01-01T00:00:00Z" LastModifiedBy="40002000" LastModifiedDate="0001-01-01T00:00:00Z" ContentType="application\widgets" ParentFolderID="8230A9F6B6F4404A11AAEDFB44222153" DisplayName="Widgets" />
      <Folder ID="8230A9F6B6F4404A11AAEDFB44222159" Name="Views" ProcGroupID="8230A9F6B6F4404A11AAEDFB4422214B" AppID="8230A9F6B6F4404A11AAEDFB44222144" Description="" CreatedBy="40002000" CreatedDate="0001-01-01T00:00:00Z" LastModifiedBy="40002000" LastModifiedDate="0001-01-01T00:00:00Z" ContentType="application\views" ParentFolderID="8230A9F6B6F4404A11AAEDFB44222153" DisplayName="Views">
        <File ID="BAF812DEFB27D0ED1100B33DFEDCA760" Name="All DoIT - Overtime Requestss" BaseFileID="8230A9F6B6F4404A11AAEDFB4422215A" PrevVerFileID="BAE10AFFF82C906711FFA77BE2A6EACE" AppID="8230A9F6B6F4404A11AAEDFB44222144" ParentFolderID="8230A9F6B6F4404A11AAEDFB44222159" ProcGroupID="8230A9F6B6F4404A11AAEDFB4422214B" Description="" Version="1.04" Status="DRAFT" ContentType="user\views" CheckedOutBy="" CheckedOutDate="0001-01-01T00:00:00Z" CreatedDate="2025-10-27T14:05:32.873" CreatedBy="40001842" LastModifiedDate="2025-10-27T14:05:32.873" LastModifiedBy="40001842" ThemeID="" ExtraInfo="" DisplayName="All DoIT - Overtime Requestss" />
        <File ID="BAF812DEFB27D0ED1100B33DFEDCA75A" Name="Export all records to a CSV file" BaseFileID="8230A9F6B6F4404A11AAEDFB4422215B" PrevVerFileID="BAE412DEFB27D0ED11FFB7FC50BF7311" AppID="8230A9F6B6F4404A11AAEDFB44222144" ParentFolderID="8230A9F6B6F4404A11AAEDFB44222159" ProcGroupID="8230A9F6B6F4404A11AAEDFB4422214B" Description="" Version="1.05" Status="DRAFT" ContentType="user\views" CheckedOutBy="" CheckedOutDate="0001-01-01T00:00:00Z" CreatedDate="2025-10-27T14:05:32.86" CreatedBy="40001842" LastModifiedDate="2025-10-27T14:05:32.86" LastModifiedBy="40001842" ThemeID="" ExtraInfo="" DisplayName="Export all records to a CSV file" />
        <File ID="BAF812DEFB27D0ED1100B33DFEDCA75B" Name="DoIT Overtime - Last 7 Days" BaseFileID="8243EE24A762EDC311CCD23CD8859E48" PrevVerFileID="BAE412DEFB27D0ED11FFB80059373774" AppID="8230A9F6B6F4404A11AAEDFB44222144" ParentFolderID="8230A9F6B6F4404A11AAEDFB44222159" ProcGroupID="8230A9F6B6F4404A11AAEDFB4422214B" Description="" Version="1.02" Status="DRAFT" ContentType="user\views" CheckedOutBy="" CheckedOutDate="0001-01-01T00:00:00Z" CreatedDate="2025-10-27T14:05:32.86" CreatedBy="40001842" LastModifiedDate="2025-10-27T14:05:32.86" LastModifiedBy="40001842" ThemeID="" ExtraInfo="" DisplayName="DoIT Overtime - Last 7 Days" />
      </Folder>
    </Folder>
    <Folder ID="8230A9F6B6F4404A11AAEDFB4422215C" Name="Lookups" ProcGroupID="8230A9F6B6F4404A11AAEDFB4422214B" AppID="8230A9F6B6F4404A11AAEDFB44222144" Description="" CreatedBy="40002000" CreatedDate="0001-01-01T00:00:00Z" LastModifiedBy="40002000" LastModifiedDate="0001-01-01T00:00:00Z" ContentType="application\lookup" ParentFolderID="8230A9F6B6F4404A11AAEDFB4422214B" DisplayName="Lookups">
      <File ID="BAF812DEFB27D0ED1100B33DFEDCA763" Name="OvertimeLast7Days" BaseFileID="8243EE24A762EDC311CCD23CD8859E4B" PrevVerFileID="8243EE24A762EDC311CCD23CD8859E4B" AppID="8230A9F6B6F4404A11AAEDFB44222144" ParentFolderID="8230A9F6B6F4404A11AAEDFB4422215C" ProcGroupID="8230A9F6B6F4404A11AAEDFB4422214B" Description="" Version="1.0" Status="DRAFT" ContentType="user\lookupmulticolumn" CheckedOutBy="" CheckedOutDate="0001-01-01T00:00:00Z" CreatedDate="2025-10-27T14:05:32.89" CreatedBy="40001842" LastModifiedDate="2025-10-27T14:05:32.89" LastModifiedBy="40001842" ThemeID="" ExtraInfo="" DisplayName="OvertimeLast7Days" />
      <File ID="BAF812DEFB27D0ED1100B33DFEDCA764" Name="GetDoIT - Overtime Requestss" BaseFileID="8230A9F6B6F4404A11AAEDFB4422215D" PrevVerFileID="8243EE24A762EDC311CCD23CD8859E4C" AppID="8230A9F6B6F4404A11AAEDFB44222144" ParentFolderID="8230A9F6B6F4404A11AAEDFB4422215C" ProcGroupID="8230A9F6B6F4404A11AAEDFB4422214B" Description="" Version="1.03" Status="DRAFT" ContentType="user\lookupmulticolumn" CheckedOutBy="" CheckedOutDate="0001-01-01T00:00:00Z" CreatedDate="2025-10-27T14:05:32.89" CreatedBy="40001842" LastModifiedDate="2025-10-27T14:05:32.89" LastModifiedBy="40001842" ThemeID="" ExtraInfo="" DisplayName="GetDoIT - Overtime Requestss" />
    </Folder>
    <Folder ID="8230A9F6B6F4404A11AAEDFB4422215E" Name="Translation" ProcGroupID="8230A9F6B6F4404A11AAEDFB4422214B" AppID="8230A9F6B6F4404A11AAEDFB44222144" Description="" CreatedBy="40002000" CreatedDate="0001-01-01T00:00:00Z" LastModifiedBy="40002000" LastModifiedDate="0001-01-01T00:00:00Z" ContentType="application\translation" ParentFolderID="8230A9F6B6F4404A11AAEDFB4422214B" DisplayName="Translation" />
    <Folder ID="8230A9F6B6F4404A11AAEDFB4422215F" Name="Document Repository" ProcGroupID="8230A9F6B6F4404A11AAEDFB4422214B" AppID="8230A9F6B6F4404A11AAEDFB44222144" Description="" CreatedBy="40002000" CreatedDate="0001-01-01T00:00:00Z" LastModifiedBy="40002000" LastModifiedDate="0001-01-01T00:00:00Z" ContentType="application\documentrepository" ParentFolderID="8230A9F6B6F4404A11AAEDFB4422214B" DisplayName="Document Repository" />
    <Folder ID="8230A9F6B6F4404A11AAEDFB44222160" Name="System Files" ProcGroupID="8230A9F6B6F4404A11AAEDFB4422214B" AppID="8230A9F6B6F4404A11AAEDFB44222144" Description="" CreatedBy="40002000" CreatedDate="0001-01-01T00:00:00Z" LastModifiedBy="40002000" LastModifiedDate="0001-01-01T00:00:00Z" ContentType="application\hidden" ParentFolderID="8230A9F6B6F4404A11AAEDFB4422214B" DisplayName="System Files" />
    <Folder ID="8230A9F6B6F4404A11AAEDFB44222161" Name="Process Model" ProcGroupID="8230A9F6B6F4404A11AAEDFB4422214B" AppID="8230A9F6B6F4404A11AAEDFB44222144" Description="" CreatedBy="40002000" CreatedDate="0001-01-01T00:00:00Z" LastModifiedBy="40002000" LastModifiedDate="0001-01-01T00:00:00Z" ContentType="application\processmodel" ParentFolderID="8230A9F6B6F4404A11AAEDFB4422214B" DisplayName="Process Model">
      <File ID="BAF812DEFB27D0ED1100B33DFEDCA76A" Name="DoIT - Payroll Overtime Requests View_Export all records to a CSV file" BaseFileID="8230A9F6B6F4404A11AAEDFB44222164" PrevVerFileID="8243EE24A762EDC311CCD23CD8859E4E" AppID="8230A9F6B6F4404A11AAEDFB44222144" ParentFolderID="8230A9F6B6F4404A11AAEDFB44222161" ProcGroupID="8230A9F6B6F4404A11AAEDFB4422214B" Description="" Version="1.03" Status="DRAFT" ContentType="user\processmodel" CheckedOutBy="" CheckedOutDate="0001-01-01T00:00:00Z" CreatedDate="2025-10-27T14:05:32.967" CreatedBy="40001842" LastModifiedDate="2025-10-27T14:05:32.967" LastModifiedBy="40001842" ThemeID="" ExtraInfo="" DisplayName="Export all records to a CSV file" />
      <File ID="BAF812DEFB27D0ED1100B33DFEDCA76B" Name="DoIT - Payroll Overtime Requests View_DoIT Overtime - Last 7 Days" BaseFileID="8243EE24A762EDC311CCD23CD8859E4D" PrevVerFileID="8243EE24A762EDC311CCD23CD8859E4D" AppID="8230A9F6B6F4404A11AAEDFB44222144" ParentFolderID="8230A9F6B6F4404A11AAEDFB44222161" ProcGroupID="8230A9F6B6F4404A11AAEDFB4422214B" Description="" Version="1.0" Status="DRAFT" ContentType="user\processmodel" CheckedOutBy="" CheckedOutDate="0001-01-01T00:00:00Z" CreatedDate="2025-10-27T14:05:32.967" CreatedBy="40001842" LastModifiedDate="2025-10-27T14:05:32.967" LastModifiedBy="40001842" ThemeID="" ExtraInfo="" DisplayName="DoIT Overtime - Last 7 Days" />
      <File ID="BAF812DEFB27D0ED1100B33DFEDCA767" Name="DoIT - Payroll Overtime Requests View_Recently Created DoIT - Overtime Requestss" BaseFileID="8230A9F6B6F4404A11AAEDFB44222162" PrevVerFileID="8243EE24A762EDC311CCD23CD8859E52" AppID="8230A9F6B6F4404A11AAEDFB44222144" ParentFolderID="8230A9F6B6F4404A11AAEDFB44222161" ProcGroupID="8230A9F6B6F4404A11AAEDFB4422214B" Description="" Version="1.03" Status="DRAFT" ContentType="user\processmodel" CheckedOutBy="" CheckedOutDate="0001-01-01T00:00:00Z" CreatedDate="2025-10-27T14:05:32.953" CreatedBy="40001842" LastModifiedDate="2025-10-27T14:05:32.953" LastModifiedBy="40001842" ThemeID="" ExtraInfo="" DisplayName="Recently Created DoIT - Overtime Requestss" />
      <File ID="BAF812DEFB27D0ED1100B33DFEDCA768" Name="DoIT - Payroll Overtime Requests View_All DoIT - Overtime Requestss" BaseFileID="8230A9F6B6F4404A11AAEDFB44222166" PrevVerFileID="8243EE24A762EDC311CCD23CD8859E50" AppID="8230A9F6B6F4404A11AAEDFB44222144" ParentFolderID="8230A9F6B6F4404A11AAEDFB44222161" ProcGroupID="8230A9F6B6F4404A11AAEDFB4422214B" Description="" Version="1.03" Status="DRAFT" ContentType="user\processmodel" CheckedOutBy="" CheckedOutDate="0001-01-01T00:00:00Z" CreatedDate="2025-10-27T14:05:32.953" CreatedBy="40001842" LastModifiedDate="2025-10-27T14:05:32.953" LastModifiedBy="40001842" ThemeID="" ExtraInfo="" DisplayName="All DoIT - Overtime Requestss" />
      <File ID="BAF812DEFB27D0ED1100B33DFEDCA769" Name="DoIT - Payroll Overtime Requests View_Update DoIT - Overtime Requests" BaseFileID="8230A9F6B6F4404A11AAEDFB44222165" PrevVerFileID="8243EE24A762EDC311CCD23CD8859E4F" AppID="8230A9F6B6F4404A11AAEDFB44222144" ParentFolderID="8230A9F6B6F4404A11AAEDFB44222161" ProcGroupID="8230A9F6B6F4404A11AAEDFB4422214B" Description="" Version="1.03" Status="DRAFT" ContentType="user\processmodel" CheckedOutBy="" CheckedOutDate="0001-01-01T00:00:00Z" CreatedDate="2025-10-27T14:05:32.953" CreatedBy="40001842" LastModifiedDate="2025-10-27T14:05:32.953" LastModifiedBy="40001842" ThemeID="" ExtraInfo="" DisplayName="Update DoIT - Overtime Requests" />
      <File ID="BAF812DEFB27D0ED1100B33DFEDCA765" Name="DoIT - Payroll Overtime Requests View_New DoIT - Overtime Requests" BaseFileID="8230A9F6B6F4404A11AAEDFB44222163" PrevVerFileID="8243EE24A762EDC311CCD23CD8859E53" AppID="8230A9F6B6F4404A11AAEDFB44222144" ParentFolderID="8230A9F6B6F4404A11AAEDFB44222161" ProcGroupID="8230A9F6B6F4404A11AAEDFB4422214B" Description="" Version="1.03" Status="DRAFT" ContentType="user\processmodel" CheckedOutBy="" CheckedOutDate="0001-01-01T00:00:00Z" CreatedDate="2025-10-27T14:05:32.937" CreatedBy="40001842" LastModifiedDate="2025-10-27T14:05:32.937" LastModifiedBy="40001842" ThemeID="" ExtraInfo="" DisplayName="New DoIT - Overtime Requests" />
      <File ID="BAF812DEFB27D0ED1100B33DFEDCA766" Name="DoIT - Payroll Overtime Requests View_Recently Modified DoIT - Overtime Requestss" BaseFileID="8230A9F6B6F4404A11AAEDFB44222167" PrevVerFileID="8243EE24A762EDC311CCD23CD8859E51" AppID="8230A9F6B6F4404A11AAEDFB44222144" ParentFolderID="8230A9F6B6F4404A11AAEDFB44222161" ProcGroupID="8230A9F6B6F4404A11AAEDFB4422214B" Description="" Version="1.03" Status="DRAFT" ContentType="user\processmodel" CheckedOutBy="" CheckedOutDate="0001-01-01T00:00:00Z" CreatedDate="2025-10-27T14:05:32.937" CreatedBy="40001842" LastModifiedDate="2025-10-27T14:05:32.937" LastModifiedBy="40001842" ThemeID="" ExtraInfo="" DisplayName="Recently Modified DoIT - Overtime Requestss" />
    </Folder>
    <Folder ID="8230A9F6B6F4404A11AAEDFB44222168" Name="Notification" ProcGroupID="8230A9F6B6F4404A11AAEDFB4422214B" AppID="8230A9F6B6F4404A11AAEDFB44222144" Description="" CreatedBy="40002000" CreatedDate="0001-01-01T00:00:00Z" LastModifiedBy="40002000" LastModifiedDate="0001-01-01T00:00:00Z" ContentType="application\notification" ParentFolderID="8230A9F6B6F4404A11AAEDFB4422214B" DisplayName="Notification">
      <Folder ID="8230A9F6B6F4404A11AAEDFB4422216C" Name="Attachment Repository" ProcGroupID="8230A9F6B6F4404A11AAEDFB4422214B" AppID="8230A9F6B6F4404A11AAEDFB44222144" Description="" CreatedBy="40002000" CreatedDate="0001-01-01T00:00:00Z" LastModifiedBy="40002000" LastModifiedDate="0001-01-01T00:00:00Z" ContentType="application\attachmentrepository" ParentFolderID="8230A9F6B6F4404A11AAEDFB44222168" DisplayName="Attachment Repository" />
      <Folder ID="8257D4CD9C2F4D1611DDF13AC1FAB17B" Name="E-mails" ProcGroupID="8230A9F6B6F4404A11AAEDFB4422214B" AppID="8230A9F6B6F4404A11AAEDFB44222144" Description="" CreatedBy="40002000" CreatedDate="2023-05-12T23:03:44.26" LastModifiedBy="40002000" LastModifiedDate="2023-05-12T23:03:44.26" ContentType="application\email" ParentFolderID="8230A9F6B6F4404A11AAEDFB44222168" DisplayName="E-mails">
        <File ID="BAF812DEFB27D0ED1100B33DFEDCA76F" Name="Record Added" BaseFileID="8257D4CD9C2F4D1611DDF13AD9EF63BE" PrevVerFileID="8257D4CD9C2F4D1611DDF13AD9EF63BE" AppID="8230A9F6B6F4404A11AAEDFB44222144" ParentFolderID="8257D4CD9C2F4D1611DDF13AC1FAB17B" ProcGroupID="8230A9F6B6F4404A11AAEDFB4422214B" Description="" Version="1.0" Status="DRAFT" ContentType="user\email" CheckedOutBy="" CheckedOutDate="0001-01-01T00:00:00Z" CreatedDate="2025-10-27T14:05:33.03" CreatedBy="40001842" LastModifiedDate="2025-10-27T14:05:33.03" LastModifiedBy="40001842" ThemeID="" ExtraInfo="" DisplayName="Record Added" />
        <File ID="BAF812DEFB27D0ED1100B33DFEDCA76E" Name="Record Deleted" BaseFileID="8257D4CD9C2F4D1611DDF13AD9EF63CA" PrevVerFileID="8257D4CD9C2F4D1611DDF13AD9EF63CA" AppID="8230A9F6B6F4404A11AAEDFB44222144" ParentFolderID="8257D4CD9C2F4D1611DDF13AC1FAB17B" ProcGroupID="8230A9F6B6F4404A11AAEDFB4422214B" Description="" Version="1.0" Status="DRAFT" ContentType="user\email" CheckedOutBy="" CheckedOutDate="0001-01-01T00:00:00Z" CreatedDate="2025-10-27T14:05:33.013" CreatedBy="40001842" LastModifiedDate="2025-10-27T14:05:33.013" LastModifiedBy="40001842" ThemeID="" ExtraInfo="" DisplayName="Record Deleted" />
        <File ID="BAF812DEFB27D0ED1100B33DFEDCA76D" Name="Record Edited" BaseFileID="8257D4CD9C2F4D1611DDF13AD9EF63C1" PrevVerFileID="8257D4CD9C2F4D1611DDF13AD9EF63C1" AppID="8230A9F6B6F4404A11AAEDFB44222144" ParentFolderID="8257D4CD9C2F4D1611DDF13AC1FAB17B" ProcGroupID="8230A9F6B6F4404A11AAEDFB4422214B" Description="" Version="1.0" Status="DRAFT" ContentType="user\email" CheckedOutBy="" CheckedOutDate="0001-01-01T00:00:00Z" CreatedDate="2025-10-27T14:05:33" CreatedBy="40001842" LastModifiedDate="2025-10-27T14:05:33" LastModifiedBy="40001842" ThemeID="" ExtraInfo="" DisplayName="Record Edited" />
      </Folder>
    </Folder>
  </Folder>
  <CoAuthored>false</CoAuthored>
  <IsAIGenerated>false</IsAIGenerated>
</WFEnabledApplication>