<?xml version="1.0"?>
<WFEnabledApplication xmlns:xsd="http://www.w3.org/2001/XMLSchema" xmlns:xsi="http://www.w3.org/2001/XMLSchema-instance" ID="822E8E5C1F54321D11AA1B6534AF0A6B" Name="DoIT - Overtime Request" Description="" Status="DRAFT" CreatedDate="2019-12-10T07:53:31.26" CreatedBy="Int00116" AppType="eForms" Visibility="PAAS" ContentType="application" DisplayName="DoIT - Overtime Request" AppLocale="customlocale" ParentApplicationId="">
  <Folder ID="822E8E5C1F54321D11AA1B6534AF0A6C" Name="Shared Resources" ProcGroupID="" AppID="822E8E5C1F54321D11AA1B6534AF0A6B" Description="" CreatedBy="Int00116" CreatedDate="0001-01-01T00:00:00Z" LastModifiedBy="Int00116" LastModifiedDate="0001-01-01T00:00:00Z" ContentType="Any" ParentFolderID="822E8E5C1F54321D11AA1B6534AF0A6B" DisplayName="Shared Resources">
    <Folder ID="822E8E5C1F54321D11AA1B6534AF0A6D" Name="Style Sheets" ProcGroupID="" AppID="822E8E5C1F54321D11AA1B6534AF0A6B" Description="" CreatedBy="Int00116" CreatedDate="0001-01-01T00:00:00Z" LastModifiedBy="Int00116" LastModifiedDate="0001-01-01T00:00:00Z" ContentType="application\CSS" ParentFolderID="822E8E5C1F54321D11AA1B6534AF0A6C" DisplayName="Style Sheets" />
    <Folder ID="822E8E5C1F54321D11AA1B6534AF0A6E" Name="JavaScript" ProcGroupID="" AppID="822E8E5C1F54321D11AA1B6534AF0A6B" Description="" CreatedBy="Int00116" CreatedDate="0001-01-01T00:00:00Z" LastModifiedBy="Int00116" LastModifiedDate="0001-01-01T00:00:00Z" ContentType="application\js" ParentFolderID="822E8E5C1F54321D11AA1B6534AF0A6C" DisplayName="JavaScript" />
    <Folder ID="822E8E5C1F54321D11AA1B6534AF0A6F" Name="Images" ProcGroupID="" AppID="822E8E5C1F54321D11AA1B6534AF0A6B" Description="" CreatedBy="Int00116" CreatedDate="0001-01-01T00:00:00Z" LastModifiedBy="Int00116" LastModifiedDate="0001-01-01T00:00:00Z" ContentType="application\image" ParentFolderID="822E8E5C1F54321D11AA1B6534AF0A6C" DisplayName="Images" />
    <Folder ID="822E8E5C1F54321D11AA1B6534AF0A70" Name="Access Tokens" ProcGroupID="" AppID="822E8E5C1F54321D11AA1B6534AF0A6B" Description="" CreatedBy="Int00116" CreatedDate="0001-01-01T00:00:00Z" LastModifiedBy="Int00116" LastModifiedDate="0001-01-01T00:00:00Z" ContentType="application\apptoken" ParentFolderID="822E8E5C1F54321D11AA1B6534AF0A6C" DisplayName="Access Tokens" />
    <Folder ID="822E8E5C1F54321D11AA1B6534AF0A71" Name="Application Resources" ProcGroupID="" AppID="822E8E5C1F54321D11AA1B6534AF0A6B" Description="" CreatedBy="Int00116" CreatedDate="0001-01-01T00:00:00Z" LastModifiedBy="Int00116" LastModifiedDate="0001-01-01T00:00:00Z" ContentType="application\applicationresources" ParentFolderID="822E8E5C1F54321D11AA1B6534AF0A6C" DisplayName="Application Resources" />
    <Folder ID="825FC2FFACA72A8211DDE63888F82685" Name="Comments" ProcGroupID="822E8E5C1F54321D11AA1B6534AF0A6C" AppID="822E8E5C1F54321D11AA1B6534AF0A6B" Description="" CreatedBy="Int00116" CreatedDate="2023-04-28T22:50:10.617" LastModifiedBy="Int00116" LastModifiedDate="2023-04-28T22:50:10.617" ContentType="application\comments" ParentFolderID="822E8E5C1F54321D11AA1B6534AF0A6C" DisplayName="Comments" />
    <Folder ID="BAF412E420D57DA911005292CECAAF2D" Name="ML Advisor" ProcGroupID="" AppID="822E8E5C1F54321D11AA1B6534AF0A6B" Description="" CreatedBy="40001842" CreatedDate="0001-01-01T00:00:00Z" LastModifiedBy="40001842" LastModifiedDate="0001-01-01T00:00:00Z" ContentType="application\mladvisor" ParentFolderID="822E8E5C1F54321D11AA1B6534AF0A6C" DisplayName="ML Advisor" />
  </Folder>
  <Folder ID="822E8E5C1F54321D11AA1B6534AF0A72" Name="Processes" ProcGroupID="" AppID="822E8E5C1F54321D11AA1B6534AF0A6B" Description="" CreatedBy="Int00116" CreatedDate="0001-01-01T00:00:00Z" LastModifiedBy="Int00116" LastModifiedDate="0001-01-01T00:00:00Z" ContentType="application\processgroup" ParentFolderID="822E8E5C1F54321D11AA1B6534AF0A6B" DisplayName="Processes">
    <Folder ID="822E8E5C1F54321D11AA1B6534AF0A73" Name="DoIT - Overtime Request" ProcGroupID="" AppID="822E8E5C1F54321D11AA1B6534AF0A6B" Description="" CreatedBy="Int00116" CreatedDate="0001-01-01T00:00:00Z" LastModifiedBy="Int00116" LastModifiedDate="0001-01-01T00:00:00Z" ContentType="user\processgroup" ParentFolderID="822E8E5C1F54321D11AA1B6534AF0A72" DisplayName="DoIT - Overtime Request">
      <Folder ID="822E8E5C1F54321D11AA1B6534AF0A74" Name="Process Model" ProcGroupID="822E8E5C1F54321D11AA1B6534AF0A73" AppID="822E8E5C1F54321D11AA1B6534AF0A6B" Description="" CreatedBy="Int00116" CreatedDate="0001-01-01T00:00:00Z" LastModifiedBy="Int00116" LastModifiedDate="0001-01-01T00:00:00Z" ContentType="application\processmodel" ParentFolderID="822E8E5C1F54321D11AA1B6534AF0A73" DisplayName="Process Model">
        <File ID="BAFE12E420D57DA91100C1865944498E" Name="DoIT - Overtime Request" BaseFileID="822E8E5C1F54321D11AA1B6534AF0A75" PrevVerFileID="BAF712E420D57DA911005C0225ADE76A" AppID="822E8E5C1F54321D11AA1B6534AF0A6B" ParentFolderID="822E8E5C1F54321D11AA1B6534AF0A74" ProcGroupID="822E8E5C1F54321D11AA1B6534AF0A73" Description="" Version="1.24" Status="DRAFT" ContentType="user\processmodel" CheckedOutBy="" CheckedOutDate="0001-01-01T00:00:00Z" CreatedDate="2025-11-14T18:18:43.017" CreatedBy="40001842" LastModifiedDate="2025-11-14T18:18:43.017" LastModifiedBy="40001842" ThemeID="" ExtraInfo="" DisplayName="DoIT - Overtime Request" />
      </Folder>
      <Folder ID="822E8E5C1F54321D11AA1B6534AF0A76" Name="Notification" ProcGroupID="822E8E5C1F54321D11AA1B6534AF0A73" AppID="822E8E5C1F54321D11AA1B6534AF0A6B" Description="" CreatedBy="Int00116" CreatedDate="0001-01-01T00:00:00Z" LastModifiedBy="Int00116" LastModifiedDate="0001-01-01T00:00:00Z" ContentType="application\notification" ParentFolderID="822E8E5C1F54321D11AA1B6534AF0A73" DisplayName="Notification">
        <Folder ID="822E8E5C1F54321D11AA1B6534AF0A77" Name="E-mails" ProcGroupID="822E8E5C1F54321D11AA1B6534AF0A73" AppID="822E8E5C1F54321D11AA1B6534AF0A6B" Description="" CreatedBy="Int00116" CreatedDate="0001-01-01T00:00:00Z" LastModifiedBy="Int00116" LastModifiedDate="0001-01-01T00:00:00Z" ContentType="application\email" ParentFolderID="822E8E5C1F54321D11AA1B6534AF0A76" DisplayName="E-mails">
          <File ID="BAFE12E420D57DA91100C18659444998" Name="Confirmation" BaseFileID="822E8E5C1F54321D11AA1B6534AF0A7C" PrevVerFileID="BAF712E420D57DA911005C0225ADE775" AppID="822E8E5C1F54321D11AA1B6534AF0A6B" ParentFolderID="822E8E5C1F54321D11AA1B6534AF0A77" ProcGroupID="822E8E5C1F54321D11AA1B6534AF0A73" Description="" Version="1.11" Status="DRAFT" ContentType="user\email" CheckedOutBy="" CheckedOutDate="0001-01-01T00:00:00Z" CreatedDate="2025-11-14T18:18:43.123" CreatedBy="40001842" LastModifiedDate="2025-11-14T18:18:43.123" LastModifiedBy="40001842" ThemeID="" ExtraInfo="" DisplayName="Confirmation" />
          <File ID="BAFE12E420D57DA91100C18659444999" Name="Manager Denied" BaseFileID="822E8E5C1F54321D11AA1B6534AF0A80" PrevVerFileID="BAF712E420D57DA911005C0225ADE773" AppID="822E8E5C1F54321D11AA1B6534AF0A6B" ParentFolderID="822E8E5C1F54321D11AA1B6534AF0A77" ProcGroupID="822E8E5C1F54321D11AA1B6534AF0A73" Description="" Version="1.11" Status="DRAFT" ContentType="user\email" CheckedOutBy="" CheckedOutDate="0001-01-01T00:00:00Z" CreatedDate="2025-11-14T18:18:43.123" CreatedBy="40001842" LastModifiedDate="2025-11-14T18:18:43.123" LastModifiedBy="40001842" ThemeID="" ExtraInfo="" DisplayName="Manager Denied" />
          <File ID="BAFE12E420D57DA91100C18659444996" Name="Payroll Denied" BaseFileID="822E8E5C1F54321D11AA1B6534AF0A7F" PrevVerFileID="BAF712E420D57DA911005C0225ADE776" AppID="822E8E5C1F54321D11AA1B6534AF0A6B" ParentFolderID="822E8E5C1F54321D11AA1B6534AF0A77" ProcGroupID="822E8E5C1F54321D11AA1B6534AF0A73" Description="" Version="1.11" Status="DRAFT" ContentType="user\email" CheckedOutBy="" CheckedOutDate="0001-01-01T00:00:00Z" CreatedDate="2025-11-14T18:18:43.107" CreatedBy="40001842" LastModifiedDate="2025-11-14T18:18:43.107" LastModifiedBy="40001842" ThemeID="" ExtraInfo="" DisplayName="Payroll Denied" />
          <File ID="BAFE12E420D57DA91100C18659444997" Name="Thank You" BaseFileID="822E8E5C1F54321D11AA1B6534AF0A79" PrevVerFileID="BAF712E420D57DA911005C0225ADE76E" AppID="822E8E5C1F54321D11AA1B6534AF0A6B" ParentFolderID="822E8E5C1F54321D11AA1B6534AF0A77" ProcGroupID="822E8E5C1F54321D11AA1B6534AF0A73" Description="" Version="1.11" Status="DRAFT" ContentType="user\email" CheckedOutBy="" CheckedOutDate="0001-01-01T00:00:00Z" CreatedDate="2025-11-14T18:18:43.107" CreatedBy="40001842" LastModifiedDate="2025-11-14T18:18:43.107" LastModifiedBy="40001842" ThemeID="" ExtraInfo="" DisplayName="Thank You" />
          <File ID="BAFE12E420D57DA91100C18659444994" Name="Notification" BaseFileID="822E8E5C1F54321D11AA1B6534AF0A7A" PrevVerFileID="BAF712E420D57DA911005C0225ADE770" AppID="822E8E5C1F54321D11AA1B6534AF0A6B" ParentFolderID="822E8E5C1F54321D11AA1B6534AF0A77" ProcGroupID="822E8E5C1F54321D11AA1B6534AF0A73" Description="" Version="1.11" Status="DRAFT" ContentType="user\email" CheckedOutBy="" CheckedOutDate="0001-01-01T00:00:00Z" CreatedDate="2025-11-14T18:18:43.093" CreatedBy="40001842" LastModifiedDate="2025-11-14T18:18:43.093" LastModifiedBy="40001842" ThemeID="" ExtraInfo="" DisplayName="Notification" />
          <File ID="BAFE12E420D57DA91100C18659444995" Name="Payroll Approval" BaseFileID="822E8E5C1F54321D11AA1B6534AF0A7E" PrevVerFileID="BAF712E420D57DA911005C0225ADE771" AppID="822E8E5C1F54321D11AA1B6534AF0A6B" ParentFolderID="822E8E5C1F54321D11AA1B6534AF0A77" ProcGroupID="822E8E5C1F54321D11AA1B6534AF0A73" Description="" Version="1.12" Status="DRAFT" ContentType="user\email" CheckedOutBy="" CheckedOutDate="0001-01-01T00:00:00Z" CreatedDate="2025-11-14T18:18:43.093" CreatedBy="40001842" LastModifiedDate="2025-11-14T18:18:43.093" LastModifiedBy="40001842" ThemeID="" ExtraInfo="" DisplayName="Payroll Approval" />
          <File ID="BAFE12E420D57DA91100C18659444992" Name="Email - Action Future Request" BaseFileID="823DA0EA7C9402D311CC3760E4FDA22A" PrevVerFileID="BAF712E420D57DA911005C0225ADE76F" AppID="822E8E5C1F54321D11AA1B6534AF0A6B" ParentFolderID="822E8E5C1F54321D11AA1B6534AF0A77" ProcGroupID="822E8E5C1F54321D11AA1B6534AF0A73" Description="" Version="1.06" Status="DRAFT" ContentType="user\email" CheckedOutBy="" CheckedOutDate="0001-01-01T00:00:00Z" CreatedDate="2025-11-14T18:18:43.077" CreatedBy="40001842" LastModifiedDate="2025-11-14T18:18:43.077" LastModifiedBy="40001842" ThemeID="" ExtraInfo="" DisplayName="Email - Action Future Request" />
          <File ID="BAFE12E420D57DA91100C18659444993" Name="Rework Request" BaseFileID="822E8E5C1F54321D11AA1B6534AF0A7B" PrevVerFileID="BAF712E420D57DA911005C0225ADE772" AppID="822E8E5C1F54321D11AA1B6534AF0A6B" ParentFolderID="822E8E5C1F54321D11AA1B6534AF0A77" ProcGroupID="822E8E5C1F54321D11AA1B6534AF0A73" Description="" Version="1.11" Status="DRAFT" ContentType="user\email" CheckedOutBy="" CheckedOutDate="0001-01-01T00:00:00Z" CreatedDate="2025-11-14T18:18:43.077" CreatedBy="40001842" LastModifiedDate="2025-11-14T18:18:43.077" LastModifiedBy="40001842" ThemeID="" ExtraInfo="" DisplayName="Rework Request" />
          <File ID="BAFE12E420D57DA91100C1865944498F" Name="DOIT Overtime reminder" BaseFileID="BAFE12E420D57DA91100C1865944498F" PrevVerFileID="" AppID="822E8E5C1F54321D11AA1B6534AF0A6B" ParentFolderID="822E8E5C1F54321D11AA1B6534AF0A77" ProcGroupID="822E8E5C1F54321D11AA1B6534AF0A73" Description="" Version="1.0" Status="DRAFT" ContentType="user\email" CheckedOutBy="" CheckedOutDate="0001-01-01T00:00:00Z" CreatedDate="2025-11-14T18:18:43.06" CreatedBy="40001842" LastModifiedDate="2025-11-14T18:18:43.06" LastModifiedBy="40001842" ThemeID="" ExtraInfo="" DisplayName="DOIT Overtime reminder" />
          <File ID="BAFE12E420D57DA91100C18659444990" Name="You Have A Task" BaseFileID="822E8E5C1F54321D11AA1B6534AF0A78" PrevVerFileID="BAF712E420D57DA911005C0225ADE76D" AppID="822E8E5C1F54321D11AA1B6534AF0A6B" ParentFolderID="822E8E5C1F54321D11AA1B6534AF0A77" ProcGroupID="822E8E5C1F54321D11AA1B6534AF0A73" Description="" Version="1.11" Status="DRAFT" ContentType="user\email" CheckedOutBy="" CheckedOutDate="0001-01-01T00:00:00Z" CreatedDate="2025-11-14T18:18:43.06" CreatedBy="40001842" LastModifiedDate="2025-11-14T18:18:43.06" LastModifiedBy="40001842" ThemeID="" ExtraInfo="" DisplayName="You Have A Task" />
          <File ID="BAFE12E420D57DA91100C18659444991" Name="Reminder" BaseFileID="822E8E5C1F54321D11AA1B6534AF0A7D" PrevVerFileID="BAF712E420D57DA911005C0225ADE774" AppID="822E8E5C1F54321D11AA1B6534AF0A6B" ParentFolderID="822E8E5C1F54321D11AA1B6534AF0A77" ProcGroupID="822E8E5C1F54321D11AA1B6534AF0A73" Description="" Version="1.11" Status="DRAFT" ContentType="user\email" CheckedOutBy="" CheckedOutDate="0001-01-01T00:00:00Z" CreatedDate="2025-11-14T18:18:43.06" CreatedBy="40001842" LastModifiedDate="2025-11-14T18:18:43.06" LastModifiedBy="40001842" ThemeID="" ExtraInfo="" DisplayName="Reminder" />
        </Folder>
        <Folder ID="822E8E5C1F54321D11AA1B6534AF0A81" Name="Yammer" ProcGroupID="822E8E5C1F54321D11AA1B6534AF0A73" AppID="822E8E5C1F54321D11AA1B6534AF0A6B" Description="" CreatedBy="Int00116" CreatedDate="0001-01-01T00:00:00Z" LastModifiedBy="Int00116" LastModifiedDate="0001-01-01T00:00:00Z" ContentType="application\yammer" ParentFolderID="822E8E5C1F54321D11AA1B6534AF0A76" DisplayName="Viva Engage" />
        <Folder ID="822E8E5C1F54321D11AA1B6534AF0A82" Name="Chatter" ProcGroupID="822E8E5C1F54321D11AA1B6534AF0A73" AppID="822E8E5C1F54321D11AA1B6534AF0A6B" Description="" CreatedBy="Int00116" CreatedDate="0001-01-01T00:00:00Z" LastModifiedBy="Int00116" LastModifiedDate="0001-01-01T00:00:00Z" ContentType="application\chatter" ParentFolderID="822E8E5C1F54321D11AA1B6534AF0A76" DisplayName="Chatter" />
        <Folder ID="822E8E5C1F54321D11AA1B6534AF0A83" Name="MicrosoftTeams" ProcGroupID="822E8E5C1F54321D11AA1B6534AF0A73" AppID="822E8E5C1F54321D11AA1B6534AF0A6B" Description="" CreatedBy="Int00116" CreatedDate="0001-01-01T00:00:00Z" LastModifiedBy="Int00116" LastModifiedDate="2023-04-28T22:50:10.833" ContentType="application\microsoftteams" ParentFolderID="822E8E5C1F54321D11AA1B6534AF0A76" DisplayName="Microsoft Teams" />
        <Folder ID="822E8E5C1F54321D11AA1B6534AF0A84" Name="SMS" ProcGroupID="822E8E5C1F54321D11AA1B6534AF0A73" AppID="822E8E5C1F54321D11AA1B6534AF0A6B" Description="" CreatedBy="Int00116" CreatedDate="0001-01-01T00:00:00Z" LastModifiedBy="Int00116" LastModifiedDate="0001-01-01T00:00:00Z" ContentType="application\sms" ParentFolderID="822E8E5C1F54321D11AA1B6534AF0A76" DisplayName="SMS" />
        <Folder ID="822E8E5C1F54321D11AA1B6534AF0A85" Name="Attachment Repository" ProcGroupID="822E8E5C1F54321D11AA1B6534AF0A73" AppID="822E8E5C1F54321D11AA1B6534AF0A6B" Description="" CreatedBy="Int00116" CreatedDate="0001-01-01T00:00:00Z" LastModifiedBy="Int00116" LastModifiedDate="0001-01-01T00:00:00Z" ContentType="application\attachmentrepository" ParentFolderID="822E8E5C1F54321D11AA1B6534AF0A76" DisplayName="Attachment Repository" />
      </Folder>
      <Folder ID="822E8E5C1F54321D11AA1B6534AF0A86" Name="Data Model" ProcGroupID="822E8E5C1F54321D11AA1B6534AF0A73" AppID="822E8E5C1F54321D11AA1B6534AF0A6B" Description="" CreatedBy="Int00116" CreatedDate="0001-01-01T00:00:00Z" LastModifiedBy="Int00116" LastModifiedDate="0001-01-01T00:00:00Z" ContentType="application\datamodel" ParentFolderID="822E8E5C1F54321D11AA1B6534AF0A73" DisplayName="Data Model">
        <File ID="BAFE12E420D57DA91100C1865944499C" Name="Schema.xsd" BaseFileID="822E8E5C1F54321D11AA1B6534AF0A87" PrevVerFileID="BAF70AFFE869EF2311005C02343DB02F" AppID="822E8E5C1F54321D11AA1B6534AF0A6B" ParentFolderID="822E8E5C1F54321D11AA1B6534AF0A86" ProcGroupID="822E8E5C1F54321D11AA1B6534AF0A73" Description="" Version="1.62" Status="DRAFT" ContentType="user\datamodel" CheckedOutBy="" CheckedOutDate="0001-01-01T00:00:00Z" CreatedDate="2025-11-14T18:18:43.153" CreatedBy="40001842" LastModifiedDate="2025-11-14T18:18:43.153" LastModifiedBy="40001842" ThemeID="" ExtraInfo="[{&quot;Name&quot; : &quot;NamespaceUpdated&quot; , &quot;Value&quot; : &quot;True&quot;}]" DisplayName="Schema.xsd" />
        <File ID="BAFE12E420D57DA91100C1865944499D" Name="DoITOvertimeRequests" BaseFileID="822E8E5C1F54321D11AA1B6534AF0A88" PrevVerFileID="BAF70AFFE869EF2311005C02343DB030" AppID="822E8E5C1F54321D11AA1B6534AF0A6B" ParentFolderID="822E8E5C1F54321D11AA1B6534AF0A86" ProcGroupID="822E8E5C1F54321D11AA1B6534AF0A73" Description="Datasource DoITOvertimeRequests Schema" Version="1.18" Status="DRAFT" ContentType="user\apdataentitydatamodel" CheckedOutBy="" CheckedOutDate="0001-01-01T00:00:00Z" CreatedDate="2025-11-14T18:18:43.153" CreatedBy="40001842" LastModifiedDate="2025-11-14T18:18:43.153" LastModifiedBy="40001842" ThemeID="" ExtraInfo="" DisplayName="DoITOvertimeRequests" />
      </Folder>
      <Folder ID="822E8E5C1F54321D11AA1B6534AF0A89" Name="Data Source" ProcGroupID="822E8E5C1F54321D11AA1B6534AF0A73" AppID="822E8E5C1F54321D11AA1B6534AF0A6B" Description="" CreatedBy="Int00116" CreatedDate="0001-01-01T00:00:00Z" LastModifiedBy="Int00116" LastModifiedDate="0001-01-01T00:00:00Z" ContentType="application\datasources" ParentFolderID="822E8E5C1F54321D11AA1B6534AF0A73" DisplayName="Data Source">
        <File ID="BAFE12E420D57DA91100C1865944499E" Name="DoITOvertimeRequests" BaseFileID="822E8E5C1F54321D11AA1B6534AF0A8A" PrevVerFileID="BAF70AFFE869EF2311005C022E3FCBFA" AppID="822E8E5C1F54321D11AA1B6534AF0A6B" ParentFolderID="822E8E5C1F54321D11AA1B6534AF0A89" ProcGroupID="822E8E5C1F54321D11AA1B6534AF0A73" Description="" Version="1.17" Status="DRAFT" ContentType="user\APDataEntityDataSource" CheckedOutBy="" CheckedOutDate="0001-01-01T00:00:00Z" CreatedDate="2025-11-14T18:18:43.17" CreatedBy="40001842" LastModifiedDate="2025-11-14T18:18:43.17" LastModifiedBy="40001842" ThemeID="" ExtraInfo="" DisplayName="DoITOvertimeRequests" />
      </Folder>
      <Folder ID="822E8E5C1F54321D11AA1B6534AF0A8B" Name="Library" ProcGroupID="822E8E5C1F54321D11AA1B6534AF0A73" AppID="822E8E5C1F54321D11AA1B6534AF0A6B" Description="" CreatedBy="Int00116" CreatedDate="0001-01-01T00:00:00Z" LastModifiedBy="Int00116" LastModifiedDate="0001-01-01T00:00:00Z" ContentType="application\taskformlibrary" ParentFolderID="822E8E5C1F54321D11AA1B6534AF0A73" DisplayName="Library">
        <File ID="BAFE12E420D57DA91100C1865944499F" Name="Form Library" BaseFileID="822E8E5C1F54321D11AA1B6534AF0A8C" PrevVerFileID="BAF712E420D57DA911005C0225ADE77A" AppID="822E8E5C1F54321D11AA1B6534AF0A6B" ParentFolderID="822E8E5C1F54321D11AA1B6534AF0A8B" ProcGroupID="822E8E5C1F54321D11AA1B6534AF0A73" Description="" Version="1.55" Status="DRAFT" ContentType="user\taskformlibrary" CheckedOutBy="" CheckedOutDate="0001-01-01T00:00:00Z" CreatedDate="2025-11-14T18:18:43.17" CreatedBy="40001842" LastModifiedDate="2025-11-14T18:18:43.17" LastModifiedBy="40001842" ThemeID="" ExtraInfo="" DisplayName="Form Library" />
      </Folder>
      <Folder ID="822E8E5C1F54321D11AA1B6534AF0A8D" Name="Forms" ProcGroupID="822E8E5C1F54321D11AA1B6534AF0A73" AppID="822E8E5C1F54321D11AA1B6534AF0A6B" Description="" CreatedBy="Int00116" CreatedDate="0001-01-01T00:00:00Z" LastModifiedBy="Int00116" LastModifiedDate="0001-01-01T00:00:00Z" ContentType="application\formsgroup" ParentFolderID="822E8E5C1F54321D11AA1B6534AF0A73" DisplayName="Forms">
        <Folder ID="822E8E5C1F54321D11AA1B6534AF0A8E" Name="Task Forms" ProcGroupID="822E8E5C1F54321D11AA1B6534AF0A73" AppID="822E8E5C1F54321D11AA1B6534AF0A6B" Description="" CreatedBy="Int00116" CreatedDate="0001-01-01T00:00:00Z" LastModifiedBy="Int00116" LastModifiedDate="0001-01-01T00:00:00Z" ContentType="application\taskforms" ParentFolderID="822E8E5C1F54321D11AA1B6534AF0A8D" DisplayName="Task Forms">
          <File ID="BAFE12E420D57DA91100C186594449A6" Name="Payroll Review" BaseFileID="822E8E5C1F54321D11AA1B6534AF0A90" PrevVerFileID="BAF712E420D57DA911005C0225ADE77F" AppID="822E8E5C1F54321D11AA1B6534AF0A6B" ParentFolderID="822E8E5C1F54321D11AA1B6534AF0A8E" ProcGroupID="822E8E5C1F54321D11AA1B6534AF0A73" Description="" Version="1.14" Status="DRAFT" ContentType="user\taskforms" CheckedOutBy="" CheckedOutDate="0001-01-01T00:00:00Z" CreatedDate="2025-11-14T18:18:43.25" CreatedBy="40001842" LastModifiedDate="2025-11-14T18:18:43.25" LastModifiedBy="40001842" ThemeID="" ExtraInfo="" DisplayName="Payroll Review" />
          <File ID="BAFE12E420D57DA91100C186594449A4" Name="Report View" BaseFileID="822E8E5C1F54321D11AA1B6534AF0A8F" PrevVerFileID="BAF712E420D57DA911005C0225ADE77E" AppID="822E8E5C1F54321D11AA1B6534AF0A6B" ParentFolderID="822E8E5C1F54321D11AA1B6534AF0A8E" ProcGroupID="822E8E5C1F54321D11AA1B6534AF0A73" Description="" Version="1.11" Status="DRAFT" ContentType="user\taskforms" CheckedOutBy="" CheckedOutDate="0001-01-01T00:00:00Z" CreatedDate="2025-11-14T18:18:43.233" CreatedBy="40001842" LastModifiedDate="2025-11-14T18:18:43.233" LastModifiedBy="40001842" ThemeID="" ExtraInfo="" DisplayName="Report View" />
          <File ID="BAFE12E420D57DA91100C186594449A5" Name="Division Mgr Review" BaseFileID="822E8E5C1F54321D11AA1B6534AF0A91" PrevVerFileID="BAF712E420D57DA911005C0225ADE77D" AppID="822E8E5C1F54321D11AA1B6534AF0A6B" ParentFolderID="822E8E5C1F54321D11AA1B6534AF0A8E" ProcGroupID="822E8E5C1F54321D11AA1B6534AF0A73" Description="" Version="1.16" Status="DRAFT" ContentType="user\taskforms" CheckedOutBy="" CheckedOutDate="0001-01-01T00:00:00Z" CreatedDate="2025-11-14T18:18:43.233" CreatedBy="40001842" LastModifiedDate="2025-11-14T18:18:43.233" LastModifiedBy="40001842" ThemeID="" ExtraInfo="" DisplayName="Division Mgr Review" />
          <File ID="BAFE12E420D57DA91100C186594449A2" Name="Future Submission" BaseFileID="822E8E5C1F54321D11AA1B6534AF0A94" PrevVerFileID="BAF712E420D57DA911005C0225ADE780" AppID="822E8E5C1F54321D11AA1B6534AF0A6B" ParentFolderID="822E8E5C1F54321D11AA1B6534AF0A8E" ProcGroupID="822E8E5C1F54321D11AA1B6534AF0A73" Description="" Version="1.16" Status="DRAFT" ContentType="user\taskforms" CheckedOutBy="" CheckedOutDate="0001-01-01T00:00:00Z" CreatedDate="2025-11-14T18:18:43.217" CreatedBy="40001842" LastModifiedDate="2025-11-14T18:18:43.217" LastModifiedBy="40001842" ThemeID="" ExtraInfo="" DisplayName="Future Submission" />
          <File ID="BAFE12E420D57DA91100C186594449A3" Name="Manager Review" BaseFileID="822E8E5C1F54321D11AA1B6534AF0A92" PrevVerFileID="BAF712E420D57DA911005C0225ADE781" AppID="822E8E5C1F54321D11AA1B6534AF0A6B" ParentFolderID="822E8E5C1F54321D11AA1B6534AF0A8E" ProcGroupID="822E8E5C1F54321D11AA1B6534AF0A73" Description="" Version="1.18" Status="DRAFT" ContentType="user\taskforms" CheckedOutBy="" CheckedOutDate="0001-01-01T00:00:00Z" CreatedDate="2025-11-14T18:18:43.217" CreatedBy="40001842" LastModifiedDate="2025-11-14T18:18:43.217" LastModifiedBy="40001842" ThemeID="" ExtraInfo="" DisplayName="Manager Review" />
          <File ID="BAFE12E420D57DA91100C186594449A0" Name="Initial Request" BaseFileID="822E8E5C1F54321D11AA1B6534AF0A93" PrevVerFileID="BAF712E420D57DA911005C0225ADE77B" AppID="822E8E5C1F54321D11AA1B6534AF0A6B" ParentFolderID="822E8E5C1F54321D11AA1B6534AF0A8E" ProcGroupID="822E8E5C1F54321D11AA1B6534AF0A73" Description="" Version="1.21" Status="DRAFT" ContentType="user\taskforms" CheckedOutBy="" CheckedOutDate="0001-01-01T00:00:00Z" CreatedDate="2025-11-14T18:18:43.2" CreatedBy="40001842" LastModifiedDate="2025-11-14T18:18:43.2" LastModifiedBy="40001842" ThemeID="" ExtraInfo="" DisplayName="Initial Request" />
          <File ID="BAFE12E420D57DA91100C186594449A1" Name="Rework or Update Request" BaseFileID="822E8E5C1F54321D11AA1B6534AF0A95" PrevVerFileID="BAF712E420D57DA911005C0225ADE77C" AppID="822E8E5C1F54321D11AA1B6534AF0A6B" ParentFolderID="822E8E5C1F54321D11AA1B6534AF0A8E" ProcGroupID="822E8E5C1F54321D11AA1B6534AF0A73" Description="" Version="1.21" Status="DRAFT" ContentType="user\taskforms" CheckedOutBy="" CheckedOutDate="0001-01-01T00:00:00Z" CreatedDate="2025-11-14T18:18:43.2" CreatedBy="40001842" LastModifiedDate="2025-11-14T18:18:43.2" LastModifiedBy="40001842" ThemeID="" ExtraInfo="" DisplayName="Rework or Update Request" />
        </Folder>
      </Folder>
      <Folder ID="822E8E5C1F54321D11AA1B6534AF0A96" Name="Lookups" ProcGroupID="822E8E5C1F54321D11AA1B6534AF0A73" AppID="822E8E5C1F54321D11AA1B6534AF0A6B" Description="" CreatedBy="Int00116" CreatedDate="0001-01-01T00:00:00Z" LastModifiedBy="Int00116" LastModifiedDate="0001-01-01T00:00:00Z" ContentType="application\lookup" ParentFolderID="822E8E5C1F54321D11AA1B6534AF0A73" DisplayName="Lookups">
        <File ID="BAFE12E420D57DA91100C186594449A7" Name="Get Division Manger ID" BaseFileID="822E8E5C1F54321D11AA1B6534AF0A97" PrevVerFileID="BAF712E420D57DA911005C0225ADE782" AppID="822E8E5C1F54321D11AA1B6534AF0A6B" ParentFolderID="822E8E5C1F54321D11AA1B6534AF0A96" ProcGroupID="822E8E5C1F54321D11AA1B6534AF0A73" Description="" Version="1.12" Status="DRAFT" ContentType="user\lookupmulticolumn" CheckedOutBy="" CheckedOutDate="0001-01-01T00:00:00Z" CreatedDate="2025-11-14T18:18:43.25" CreatedBy="40001842" LastModifiedDate="2025-11-14T18:18:43.25" LastModifiedBy="40001842" ThemeID="" ExtraInfo="" DisplayName="Get Division Manger ID" />
      </Folder>
      <Folder ID="822E8E5C1F54321D11AA1B6534AF0A98" Name="Translation" ProcGroupID="822E8E5C1F54321D11AA1B6534AF0A73" AppID="822E8E5C1F54321D11AA1B6534AF0A6B" Description="" CreatedBy="Int00116" CreatedDate="0001-01-01T00:00:00Z" LastModifiedBy="Int00116" LastModifiedDate="0001-01-01T00:00:00Z" ContentType="application\translation" ParentFolderID="822E8E5C1F54321D11AA1B6534AF0A73" DisplayName="Translation" />
      <Folder ID="822E8E5C1F54321D11AA1B6534AF0A99" Name="Document Repository" ProcGroupID="822E8E5C1F54321D11AA1B6534AF0A73" AppID="822E8E5C1F54321D11AA1B6534AF0A6B" Description="" CreatedBy="Int00116" CreatedDate="0001-01-01T00:00:00Z" LastModifiedBy="Int00116" LastModifiedDate="0001-01-01T00:00:00Z" ContentType="application\documentrepository" ParentFolderID="822E8E5C1F54321D11AA1B6534AF0A73" DisplayName="Document Repository" />
      <Folder ID="822E8E5C1F54321D11AA1B6534AF0A9A" Name="System Files" ProcGroupID="822E8E5C1F54321D11AA1B6534AF0A73" AppID="822E8E5C1F54321D11AA1B6534AF0A6B" Description="" CreatedBy="Int00116" CreatedDate="0001-01-01T00:00:00Z" LastModifiedBy="Int00116" LastModifiedDate="0001-01-01T00:00:00Z" ContentType="application\hidden" ParentFolderID="822E8E5C1F54321D11AA1B6534AF0A73" DisplayName="System Files" />
    </Folder>
  </Folder>
  <CoAuthored>false</CoAuthored>
  <IsAIGenerated>false</IsAIGenerated>
</WFEnabledApplication>