<?xml version="1.0"?>
<WFApplicationDynamicDependencies xmlns:xsd="http://www.w3.org/2001/XMLSchema" xmlns:xsi="http://www.w3.org/2001/XMLSchema-instance">
  <AppName>Graffiti Waiver App Form</AppName>
  <Version>1.02</Version>
  <DataEntities>
    <DataEntity>
      <EntityName>GraffitiWaiverForm__u</EntityName>
      <EntityDisplayName>Graffiti Waiver Form</EntityDisplayName>
      <UsedIn>
        <DependencyUsedIn>
          <FileName>GraffitiWaiverApp</FileName>
          <FileDisplayName>GraffitiWaiverApp</FileDisplayName>
          <Activities />
          <FileType>Data Source</FileType>
          <NumberOfTimesUsed>1</NumberOfTimesUsed>
        </DependencyUsedIn>
        <DependencyUsedIn>
          <FileName>GetGraffiti Waiver Forms</FileName>
          <FileDisplayName>GetGraffiti Waiver Forms</FileDisplayName>
          <Activities />
          <FileType>Lookup</FileType>
          <NumberOfTimesUsed>1</NumberOfTimesUsed>
        </DependencyUsedIn>
        <DependencyUsedIn>
          <FileName>GetGraffiti Waiver FormsRecentlyCreated</FileName>
          <FileDisplayName>GetGraffiti Waiver FormsRecentlyCreated</FileDisplayName>
          <Activities />
          <FileType>Lookup</FileType>
          <NumberOfTimesUsed>1</NumberOfTimesUsed>
        </DependencyUsedIn>
        <DependencyUsedIn>
          <FileName>GetGraffiti Waiver FormsRecentlyModified</FileName>
          <FileDisplayName>GetGraffiti Waiver FormsRecentlyModified</FileDisplayName>
          <Activities />
          <FileType>Lookup</FileType>
          <NumberOfTimesUsed>1</NumberOfTimesUsed>
        </DependencyUsedIn>
      </UsedIn>
      <IsExists>false</IsExists>
    </DataEntity>
  </DataEntities>
</WFApplicationDynamicDependencies>