<?xml version="1.0"?>
<ArrayOfDataSourceAndAppFileAssociation xmlns:xsd="http://www.w3.org/2001/XMLSchema" xmlns:xsi="http://www.w3.org/2001/XMLSchema-instance">
  <DataSourceAndAppFileAssociation>
    <ID>AAA0CACBC0CE09BC11FF5F07D6657C4E</ID>
    <AppName>Graffiti Waiver App Form</AppName>
    <FileName>All Graffiti Waiver Forms</FileName>
    <IsDefault>true</IsDefault>
    <ContentType>user\views</ContentType>
    <DataSourceName>GraffitiWaiverApp</DataSourceName>
    <DefName>Graffiti Waiver App Form_All Graffiti Waiver Forms</DefName>
    <CreatedBy>40001842</CreatedBy>
    <CreatedDate>2025-05-15T20:02:53.843</CreatedDate>
    <LastModifiedBy>40001842</LastModifiedBy>
    <LastModifiedDate>2025-05-15T20:03:42.683</LastModifiedDate>
  </DataSourceAndAppFileAssociation>
  <DataSourceAndAppFileAssociation>
    <ID>AAA0CACBC0CE09BC11FF5F07D6657C49</ID>
    <AppName>Graffiti Waiver App Form</AppName>
    <FileName>New Graffiti Waiver Form</FileName>
    <IsDefault>false</IsDefault>
    <ContentType>user\newforms</ContentType>
    <DataSourceName>GraffitiWaiverApp</DataSourceName>
    <DefName>Graffiti Waiver App Form_New Graffiti Waiver Form</DefName>
    <CreatedBy>40001842</CreatedBy>
    <CreatedDate>2025-05-15T20:02:53.843</CreatedDate>
    <LastModifiedBy />
    <LastModifiedDate>0001-01-01T00:00:00Z</LastModifiedDate>
  </DataSourceAndAppFileAssociation>
  <DataSourceAndAppFileAssociation>
    <ID>AAA0CACBC0CE09BC11FF5F07D6657C50</ID>
    <AppName>Graffiti Waiver App Form</AppName>
    <FileName>Recently Created Graffiti Waiver Forms</FileName>
    <IsDefault>false</IsDefault>
    <ContentType>user\views</ContentType>
    <DataSourceName>GraffitiWaiverApp</DataSourceName>
    <DefName>Graffiti Waiver App Form_Recently Created Graffiti Waiver Forms</DefName>
    <CreatedBy>40001842</CreatedBy>
    <CreatedDate>2025-05-15T20:02:53.843</CreatedDate>
    <LastModifiedBy />
    <LastModifiedDate>0001-01-01T00:00:00Z</LastModifiedDate>
  </DataSourceAndAppFileAssociation>
  <DataSourceAndAppFileAssociation>
    <ID>AAA0CACBC0CE09BC11FF5F07D6657C4F</ID>
    <AppName>Graffiti Waiver App Form</AppName>
    <FileName>Recently Modified Graffiti Waiver Forms</FileName>
    <IsDefault>false</IsDefault>
    <ContentType>user\views</ContentType>
    <DataSourceName>GraffitiWaiverApp</DataSourceName>
    <DefName>Graffiti Waiver App Form_Recently Modified Graffiti Waiver Forms</DefName>
    <CreatedBy>40001842</CreatedBy>
    <CreatedDate>2025-05-15T20:02:53.843</CreatedDate>
    <LastModifiedBy />
    <LastModifiedDate>0001-01-01T00:00:00Z</LastModifiedDate>
  </DataSourceAndAppFileAssociation>
  <DataSourceAndAppFileAssociation>
    <ID>AAA0CACBC0CE09BC11FF5F07D6657C4B</ID>
    <AppName>Graffiti Waiver App Form</AppName>
    <FileName>Update Graffiti Waiver Form</FileName>
    <IsDefault>false</IsDefault>
    <ContentType>user\updateforms</ContentType>
    <DataSourceName>GraffitiWaiverApp</DataSourceName>
    <DefName>Graffiti Waiver App Form_Update Graffiti Waiver Form</DefName>
    <CreatedBy>40001842</CreatedBy>
    <CreatedDate>2025-05-15T20:02:53.843</CreatedDate>
    <LastModifiedBy />
    <LastModifiedDate>0001-01-01T00:00:00Z</LastModifiedDate>
  </DataSourceAndAppFileAssociation>
</ArrayOfDataSourceAndAppFileAssociation>