<?xml version="1.0"?>
<WFEnabledApplication xmlns:xsd="http://www.w3.org/2001/XMLSchema" xmlns:xsi="http://www.w3.org/2001/XMLSchema-instance" ID="8279E3E176AF191C11FF927DFD2E128B" Name="Graffiti Waiver App Form" Description="" Status="DRAFT" CreatedDate="2024-10-24T23:05:38.93" CreatedBy="40001842" AppType="StandaloneForms" Visibility="PAAS" ContentType="application" DisplayName="Graffiti Waiver App Form" AppLocale="customlocale" ParentApplicationId="">
  <Folder ID="8279E3E176AF191C11FF927DFD2E128C" Name="Shared Resources" ProcGroupID="" AppID="8279E3E176AF191C11FF927DFD2E128B" Description="" CreatedBy="40001842" CreatedDate="0001-01-01T00:00:00Z" LastModifiedBy="40001842" LastModifiedDate="0001-01-01T00:00:00Z" ContentType="Any" ParentFolderID="8279E3E176AF191C11FF927DFD2E128B" DisplayName="Shared Resources">
    <Folder ID="8279E3E176AF191C11FF927DFD2E128D" Name="Style Sheets" ProcGroupID="" AppID="8279E3E176AF191C11FF927DFD2E128B" Description="" CreatedBy="40001842" CreatedDate="0001-01-01T00:00:00Z" LastModifiedBy="40001842" LastModifiedDate="0001-01-01T00:00:00Z" ContentType="application\CSS" ParentFolderID="8279E3E176AF191C11FF927DFD2E128C" DisplayName="Style Sheets" />
    <Folder ID="8279E3E176AF191C11FF927DFD2E128E" Name="JavaScript" ProcGroupID="" AppID="8279E3E176AF191C11FF927DFD2E128B" Description="" CreatedBy="40001842" CreatedDate="0001-01-01T00:00:00Z" LastModifiedBy="40001842" LastModifiedDate="0001-01-01T00:00:00Z" ContentType="application\js" ParentFolderID="8279E3E176AF191C11FF927DFD2E128C" DisplayName="JavaScript" />
    <Folder ID="8279E3E176AF191C11FF927DFD2E128F" Name="Images" ProcGroupID="" AppID="8279E3E176AF191C11FF927DFD2E128B" Description="" CreatedBy="40001842" CreatedDate="0001-01-01T00:00:00Z" LastModifiedBy="40001842" LastModifiedDate="0001-01-01T00:00:00Z" ContentType="application\image" ParentFolderID="8279E3E176AF191C11FF927DFD2E128C" DisplayName="Images" />
    <Folder ID="8279E3E176AF191C11FF927DFD2E1290" Name="Access Tokens" ProcGroupID="" AppID="8279E3E176AF191C11FF927DFD2E128B" Description="" CreatedBy="40001842" CreatedDate="0001-01-01T00:00:00Z" LastModifiedBy="40001842" LastModifiedDate="0001-01-01T00:00:00Z" ContentType="application\apptoken" ParentFolderID="8279E3E176AF191C11FF927DFD2E128C" DisplayName="Access Tokens" />
    <Folder ID="8279E3E176AF191C11FF927DFD2E1291" Name="Application Resources" ProcGroupID="" AppID="8279E3E176AF191C11FF927DFD2E128B" Description="" CreatedBy="40001842" CreatedDate="0001-01-01T00:00:00Z" LastModifiedBy="40001842" LastModifiedDate="0001-01-01T00:00:00Z" ContentType="application\applicationresources" ParentFolderID="8279E3E176AF191C11FF927DFD2E128C" DisplayName="Application Resources" />
    <Folder ID="8279E3E176AF191C11FF927DFD2E1292" Name="Comments" ProcGroupID="" AppID="8279E3E176AF191C11FF927DFD2E128B" Description="" CreatedBy="40001842" CreatedDate="0001-01-01T00:00:00Z" LastModifiedBy="40001842" LastModifiedDate="0001-01-01T00:00:00Z" ContentType="application\comments" ParentFolderID="8279E3E176AF191C11FF927DFD2E128C" DisplayName="Comments" />
  </Folder>
  <Folder ID="8279E3E176AF191C11FF927DFD2E1293" Name="App Model &amp; Resources" ProcGroupID="" AppID="8279E3E176AF191C11FF927DFD2E128B" Description="" CreatedBy="40001842" CreatedDate="0001-01-01T00:00:00Z" LastModifiedBy="40001842" LastModifiedDate="0001-01-01T00:00:00Z" ContentType="user\processgroup" ParentFolderID="8279E3E176AF191C11FF927DFD2E128B" DisplayName="App Model &amp; Resources">
    <Folder ID="8279E3E176AF191C11FF927DFD2E1294" Name="Notification" ProcGroupID="8279E3E176AF191C11FF927DFD2E1293" AppID="8279E3E176AF191C11FF927DFD2E128B" Description="" CreatedBy="40001842" CreatedDate="0001-01-01T00:00:00Z" LastModifiedBy="40001842" LastModifiedDate="0001-01-01T00:00:00Z" ContentType="application\notification" ParentFolderID="8279E3E176AF191C11FF927DFD2E1293" DisplayName="Notification">
      <Folder ID="8279E3E176AF191C11FF927DFD2E1295" Name="E-mails" ProcGroupID="8279E3E176AF191C11FF927DFD2E1293" AppID="8279E3E176AF191C11FF927DFD2E128B" Description="" CreatedBy="40001842" CreatedDate="0001-01-01T00:00:00Z" LastModifiedBy="40001842" LastModifiedDate="0001-01-01T00:00:00Z" ContentType="application\email" ParentFolderID="8279E3E176AF191C11FF927DFD2E1294" DisplayName="E-mails">
        <File ID="BAEE12DEFB27D0ED110031C792B8ADC8" Name="Record Edited" BaseFileID="8279E3E176AF191C11FF927DFD2E1297" PrevVerFileID="BAEE12DEFB27D0ED110031B5F16594B6" AppID="8279E3E176AF191C11FF927DFD2E128B" ParentFolderID="8279E3E176AF191C11FF927DFD2E1295" ProcGroupID="8279E3E176AF191C11FF927DFD2E1293" Description="" Version="1.01" Status="DRAFT" ContentType="user\email" CheckedOutBy="" CheckedOutDate="0001-01-01T00:00:00Z" CreatedDate="2025-05-15T20:02:53.657" CreatedBy="40001842" LastModifiedDate="2025-05-15T20:02:53.657" LastModifiedBy="40001842" ThemeID="" ExtraInfo="" DisplayName="Record Edited" />
        <File ID="BAEE12DEFB27D0ED110031C792B8ADC9" Name="Record Deleted" BaseFileID="8279E3E176AF191C11FF927DFD2E1298" PrevVerFileID="BAEE12DEFB27D0ED110031B5F16594B7" AppID="8279E3E176AF191C11FF927DFD2E128B" ParentFolderID="8279E3E176AF191C11FF927DFD2E1295" ProcGroupID="8279E3E176AF191C11FF927DFD2E1293" Description="" Version="1.01" Status="DRAFT" ContentType="user\email" CheckedOutBy="" CheckedOutDate="0001-01-01T00:00:00Z" CreatedDate="2025-05-15T20:02:53.657" CreatedBy="40001842" LastModifiedDate="2025-05-15T20:02:53.657" LastModifiedBy="40001842" ThemeID="" ExtraInfo="" DisplayName="Record Deleted" />
        <File ID="BAEE12DEFB27D0ED110031C792B8ADC7" Name="Record Added" BaseFileID="8279E3E176AF191C11FF927DFD2E1296" PrevVerFileID="BAEE12DEFB27D0ED110031B5F16594B5" AppID="8279E3E176AF191C11FF927DFD2E128B" ParentFolderID="8279E3E176AF191C11FF927DFD2E1295" ProcGroupID="8279E3E176AF191C11FF927DFD2E1293" Description="" Version="1.01" Status="DRAFT" ContentType="user\email" CheckedOutBy="" CheckedOutDate="0001-01-01T00:00:00Z" CreatedDate="2025-05-15T20:02:53.64" CreatedBy="40001842" LastModifiedDate="2025-05-15T20:02:53.64" LastModifiedBy="40001842" ThemeID="" ExtraInfo="" DisplayName="Record Added" />
      </Folder>
    </Folder>
    <Folder ID="8279E3E176AF191C11FF927DFD2E1299" Name="Data Model" ProcGroupID="8279E3E176AF191C11FF927DFD2E1293" AppID="8279E3E176AF191C11FF927DFD2E128B" Description="" CreatedBy="40001842" CreatedDate="0001-01-01T00:00:00Z" LastModifiedBy="40001842" LastModifiedDate="0001-01-01T00:00:00Z" ContentType="application\datamodel" ParentFolderID="8279E3E176AF191C11FF927DFD2E1293" DisplayName="Data Model">
      <File ID="BAEE12DEFB27D0ED110031C79EB54ACB" Name="Schema.xsd" BaseFileID="8279E3E176AF191C11FF927E0F36F858" PrevVerFileID="BAEE12DEFB27D0ED110031B64B35D718" AppID="8279E3E176AF191C11FF927DFD2E128B" ParentFolderID="8279E3E176AF191C11FF927DFD2E1299" ProcGroupID="8279E3E176AF191C11FF927DFD2E1293" Description="" Version="1.03" Status="DRAFT" ContentType="user\datamodel" CheckedOutBy="" CheckedOutDate="0001-01-01T00:00:00Z" CreatedDate="2025-05-15T20:03:16.117" CreatedBy="40001842" LastModifiedDate="2025-05-15T20:03:27.62" LastModifiedBy="40001842" ThemeID="" ExtraInfo="[{&quot;Name&quot; : &quot;NamespaceUpdated&quot; , &quot;Value&quot; : &quot;True&quot;}]" DisplayName="Schema.xsd" />
      <File ID="BAEE12DEFB27D0ED110031C79EB54ACC" Name="GraffitiWaiverApp" BaseFileID="8279E3E176AF191C11FF927E0F36F85A" PrevVerFileID="BAEE12DEFB27D0ED110031B64B35D719" AppID="8279E3E176AF191C11FF927DFD2E128B" ParentFolderID="8279E3E176AF191C11FF927DFD2E1299" ProcGroupID="8279E3E176AF191C11FF927DFD2E1293" Description="Datasource GraffitiWaiverApp Schema" Version="1.03" Status="DRAFT" ContentType="user\apdataentitydatamodel" CheckedOutBy="" CheckedOutDate="0001-01-01T00:00:00Z" CreatedDate="2025-05-15T20:03:16.287" CreatedBy="40001842" LastModifiedDate="2025-05-15T20:03:16.367" LastModifiedBy="40001842" ThemeID="" ExtraInfo="" DisplayName="GraffitiWaiverApp" />
    </Folder>
    <Folder ID="8279E3E176AF191C11FF927DFD2E129C" Name="Data Source" ProcGroupID="8279E3E176AF191C11FF927DFD2E1293" AppID="8279E3E176AF191C11FF927DFD2E128B" Description="" CreatedBy="40001842" CreatedDate="0001-01-01T00:00:00Z" LastModifiedBy="40001842" LastModifiedDate="0001-01-01T00:00:00Z" ContentType="application\datasources" ParentFolderID="8279E3E176AF191C11FF927DFD2E1293" DisplayName="Data Source">
      <File ID="BAEE12DEFB27D0ED110031C798BC74F5" Name="GraffitiWaiverApp" BaseFileID="8279E3E176AF191C11FF927E0F36F722" PrevVerFileID="BAEE12DEFB27D0ED110031B63F442A74" AppID="8279E3E176AF191C11FF927DFD2E128B" ParentFolderID="8279E3E176AF191C11FF927DFD2E129C" ProcGroupID="8279E3E176AF191C11FF927DFD2E1293" Description="" Version="1.03" Status="DRAFT" ContentType="user\APDataEntityDataSource" CheckedOutBy="" CheckedOutDate="0001-01-01T00:00:00Z" CreatedDate="2025-05-15T20:03:08.52" CreatedBy="40001842" LastModifiedDate="2025-05-15T20:03:27.573" LastModifiedBy="40001842" ThemeID="" ExtraInfo="" DisplayName="GraffitiWaiverApp" />
    </Folder>
    <Folder ID="8279E3E176AF191C11FF927DFD2E129E" Name="Library" ProcGroupID="8279E3E176AF191C11FF927DFD2E1293" AppID="8279E3E176AF191C11FF927DFD2E128B" Description="" CreatedBy="40001842" CreatedDate="0001-01-01T00:00:00Z" LastModifiedBy="40001842" LastModifiedDate="0001-01-01T00:00:00Z" ContentType="application\taskformlibrary" ParentFolderID="8279E3E176AF191C11FF927DFD2E1293" DisplayName="Library">
      <File ID="BAEE12DEFB27D0ED110031C792B8ADCD" Name="Form Library" BaseFileID="8279E3E176AF191C11FF927DFD2E129F" PrevVerFileID="BAEE12DEFB27D0ED110031B5F16594BB" AppID="8279E3E176AF191C11FF927DFD2E128B" ParentFolderID="8279E3E176AF191C11FF927DFD2E129E" ProcGroupID="8279E3E176AF191C11FF927DFD2E1293" Description="" Version="1.01" Status="DRAFT" ContentType="user\taskformlibrary" CheckedOutBy="" CheckedOutDate="0001-01-01T00:00:00Z" CreatedDate="2025-05-15T20:02:53.703" CreatedBy="40001842" LastModifiedDate="2025-05-15T20:02:53.703" LastModifiedBy="40001842" ThemeID="" ExtraInfo="" DisplayName="Form Library" />
    </Folder>
    <Folder ID="8279E3E176AF191C11FF927DFD2E12A0" Name="Forms" ProcGroupID="8279E3E176AF191C11FF927DFD2E1293" AppID="8279E3E176AF191C11FF927DFD2E128B" Description="" CreatedBy="40001842" CreatedDate="0001-01-01T00:00:00Z" LastModifiedBy="40001842" LastModifiedDate="0001-01-01T00:00:00Z" ContentType="application\formsgroup" ParentFolderID="8279E3E176AF191C11FF927DFD2E1293" DisplayName="Forms">
      <Folder ID="8279E3E176AF191C11FF927DFD2E12A1" Name="New" ProcGroupID="8279E3E176AF191C11FF927DFD2E1293" AppID="8279E3E176AF191C11FF927DFD2E128B" Description="" CreatedBy="40001842" CreatedDate="0001-01-01T00:00:00Z" LastModifiedBy="40001842" LastModifiedDate="0001-01-01T00:00:00Z" ContentType="application\newforms" ParentFolderID="8279E3E176AF191C11FF927DFD2E12A0" DisplayName="New">
        <File ID="BAEE12DEFB27D0ED110031C792B8ADCE" Name="New Graffiti Waiver Form" BaseFileID="8279E3E176AF191C11FF927DFD2E12A2" PrevVerFileID="BAEE12DEFB27D0ED110031B5F16594BE" AppID="8279E3E176AF191C11FF927DFD2E128B" ParentFolderID="8279E3E176AF191C11FF927DFD2E12A1" ProcGroupID="8279E3E176AF191C11FF927DFD2E1293" Description="" Version="1.01" Status="DRAFT" ContentType="user\newforms" CheckedOutBy="" CheckedOutDate="0001-01-01T00:00:00Z" CreatedDate="2025-05-15T20:02:53.72" CreatedBy="40001842" LastModifiedDate="2025-05-15T20:02:53.72" LastModifiedBy="40001842" ThemeID="" ExtraInfo="" DisplayName="New Graffiti Waiver Form" />
      </Folder>
      <Folder ID="8279E3E176AF191C11FF927DFD2E12A3" Name="Update" ProcGroupID="8279E3E176AF191C11FF927DFD2E1293" AppID="8279E3E176AF191C11FF927DFD2E128B" Description="" CreatedBy="40001842" CreatedDate="0001-01-01T00:00:00Z" LastModifiedBy="40001842" LastModifiedDate="0001-01-01T00:00:00Z" ContentType="application\updateforms" ParentFolderID="8279E3E176AF191C11FF927DFD2E12A0" DisplayName="Update">
        <File ID="BAEE12DEFB27D0ED110031C792B8ADCF" Name="Update Graffiti Waiver Form" BaseFileID="8279E3E176AF191C11FF927DFD2E12A4" PrevVerFileID="BAEE12DEFB27D0ED110031B5F16594BF" AppID="8279E3E176AF191C11FF927DFD2E128B" ParentFolderID="8279E3E176AF191C11FF927DFD2E12A3" ProcGroupID="8279E3E176AF191C11FF927DFD2E1293" Description="" Version="1.01" Status="DRAFT" ContentType="user\updateforms" CheckedOutBy="" CheckedOutDate="0001-01-01T00:00:00Z" CreatedDate="2025-05-15T20:02:53.733" CreatedBy="40001842" LastModifiedDate="2025-05-15T20:02:53.733" LastModifiedBy="40001842" ThemeID="" ExtraInfo="" DisplayName="Update Graffiti Waiver Form" />
      </Folder>
      <Folder ID="8279E3E176AF191C11FF927DFD2E12A5" Name="Widgets" ProcGroupID="8279E3E176AF191C11FF927DFD2E1293" AppID="8279E3E176AF191C11FF927DFD2E128B" Description="" CreatedBy="40001842" CreatedDate="0001-01-01T00:00:00Z" LastModifiedBy="40001842" LastModifiedDate="0001-01-01T00:00:00Z" ContentType="application\widgets" ParentFolderID="8279E3E176AF191C11FF927DFD2E12A0" DisplayName="Widgets" />
      <Folder ID="8279E3E176AF191C11FF927DFD2E12A6" Name="Views" ProcGroupID="8279E3E176AF191C11FF927DFD2E1293" AppID="8279E3E176AF191C11FF927DFD2E128B" Description="" CreatedBy="40001842" CreatedDate="0001-01-01T00:00:00Z" LastModifiedBy="40001842" LastModifiedDate="0001-01-01T00:00:00Z" ContentType="application\views" ParentFolderID="8279E3E176AF191C11FF927DFD2E12A0" DisplayName="Views">
        <File ID="BAEE12DEFB27D0ED110031C792B8ADD2" Name="Recently Created Graffiti Waiver Forms" BaseFileID="8279E3E176AF191C11FF927DFD2E12A7" PrevVerFileID="BAEE12DEFB27D0ED110031B5F16594C0" AppID="8279E3E176AF191C11FF927DFD2E128B" ParentFolderID="8279E3E176AF191C11FF927DFD2E12A6" ProcGroupID="8279E3E176AF191C11FF927DFD2E1293" Description="" Version="1.01" Status="DRAFT" ContentType="user\views" CheckedOutBy="" CheckedOutDate="0001-01-01T00:00:00Z" CreatedDate="2025-05-15T20:02:53.767" CreatedBy="40001842" LastModifiedDate="2025-05-15T20:02:53.767" LastModifiedBy="40001842" ThemeID="" ExtraInfo="" DisplayName="Recently Created Graffiti Waiver Forms" />
        <File ID="BAEE12DEFB27D0ED110031C792B8ADD0" Name="All Graffiti Waiver Forms" BaseFileID="8279E3E176AF191C11FF927DFD2E12A8" PrevVerFileID="BAEE12DEFB27D0ED110031B5F16594C1" AppID="8279E3E176AF191C11FF927DFD2E128B" ParentFolderID="8279E3E176AF191C11FF927DFD2E12A6" ProcGroupID="8279E3E176AF191C11FF927DFD2E1293" Description="" Version="1.01" Status="DRAFT" ContentType="user\views" CheckedOutBy="" CheckedOutDate="0001-01-01T00:00:00Z" CreatedDate="2025-05-15T20:02:53.75" CreatedBy="40001842" LastModifiedDate="2025-05-15T20:02:53.75" LastModifiedBy="40001842" ThemeID="" ExtraInfo="" DisplayName="All Graffiti Waiver Forms" />
        <File ID="BAEE12DEFB27D0ED110031C792B8ADD1" Name="Recently Modified Graffiti Waiver Forms" BaseFileID="8279E3E176AF191C11FF927DFD2E12A9" PrevVerFileID="BAEE12DEFB27D0ED110031B5F16594C2" AppID="8279E3E176AF191C11FF927DFD2E128B" ParentFolderID="8279E3E176AF191C11FF927DFD2E12A6" ProcGroupID="8279E3E176AF191C11FF927DFD2E1293" Description="" Version="1.01" Status="DRAFT" ContentType="user\views" CheckedOutBy="" CheckedOutDate="0001-01-01T00:00:00Z" CreatedDate="2025-05-15T20:02:53.75" CreatedBy="40001842" LastModifiedDate="2025-05-15T20:02:53.75" LastModifiedBy="40001842" ThemeID="" ExtraInfo="" DisplayName="Recently Modified Graffiti Waiver Forms" />
      </Folder>
    </Folder>
    <Folder ID="8279E3E176AF191C11FF927DFD2E12AA" Name="Lookups" ProcGroupID="8279E3E176AF191C11FF927DFD2E1293" AppID="8279E3E176AF191C11FF927DFD2E128B" Description="" CreatedBy="40001842" CreatedDate="0001-01-01T00:00:00Z" LastModifiedBy="40001842" LastModifiedDate="0001-01-01T00:00:00Z" ContentType="application\lookup" ParentFolderID="8279E3E176AF191C11FF927DFD2E1293" DisplayName="Lookups">
      <File ID="BAEE12DEFB27D0ED110031C792B8ADD4" Name="GetGraffiti Waiver Forms" BaseFileID="8279E3E176AF191C11FF927DFD2E12AC" PrevVerFileID="BAEE12DEFB27D0ED110031B5F16594C4" AppID="8279E3E176AF191C11FF927DFD2E128B" ParentFolderID="8279E3E176AF191C11FF927DFD2E12AA" ProcGroupID="8279E3E176AF191C11FF927DFD2E1293" Description="" Version="1.01" Status="DRAFT" ContentType="user\lookupmulticolumn" CheckedOutBy="" CheckedOutDate="0001-01-01T00:00:00Z" CreatedDate="2025-05-15T20:02:53.78" CreatedBy="40001842" LastModifiedDate="2025-05-15T20:02:53.78" LastModifiedBy="40001842" ThemeID="" ExtraInfo="" DisplayName="GetGraffiti Waiver Forms" />
      <File ID="BAEE12DEFB27D0ED110031C792B8ADD5" Name="GetGraffiti Waiver FormsRecentlyCreated" BaseFileID="8279E3E176AF191C11FF927DFD2E12AD" PrevVerFileID="BAEE12DEFB27D0ED110031B5F16594C5" AppID="8279E3E176AF191C11FF927DFD2E128B" ParentFolderID="8279E3E176AF191C11FF927DFD2E12AA" ProcGroupID="8279E3E176AF191C11FF927DFD2E1293" Description="" Version="1.01" Status="DRAFT" ContentType="user\lookupmulticolumn" CheckedOutBy="" CheckedOutDate="0001-01-01T00:00:00Z" CreatedDate="2025-05-15T20:02:53.78" CreatedBy="40001842" LastModifiedDate="2025-05-15T20:02:53.78" LastModifiedBy="40001842" ThemeID="" ExtraInfo="" DisplayName="GetGraffiti Waiver FormsRecentlyCreated" />
      <File ID="BAEE12DEFB27D0ED110031C792B8ADD3" Name="GetGraffiti Waiver FormsRecentlyModified" BaseFileID="8279E3E176AF191C11FF927DFD2E12AB" PrevVerFileID="BAEE12DEFB27D0ED110031B5F16594C3" AppID="8279E3E176AF191C11FF927DFD2E128B" ParentFolderID="8279E3E176AF191C11FF927DFD2E12AA" ProcGroupID="8279E3E176AF191C11FF927DFD2E1293" Description="" Version="1.01" Status="DRAFT" ContentType="user\lookupmulticolumn" CheckedOutBy="" CheckedOutDate="0001-01-01T00:00:00Z" CreatedDate="2025-05-15T20:02:53.767" CreatedBy="40001842" LastModifiedDate="2025-05-15T20:02:53.767" LastModifiedBy="40001842" ThemeID="" ExtraInfo="" DisplayName="GetGraffiti Waiver FormsRecentlyModified" />
    </Folder>
    <Folder ID="8279E3E176AF191C11FF927DFD2E12AE" Name="Translation" ProcGroupID="8279E3E176AF191C11FF927DFD2E1293" AppID="8279E3E176AF191C11FF927DFD2E128B" Description="" CreatedBy="40001842" CreatedDate="0001-01-01T00:00:00Z" LastModifiedBy="40001842" LastModifiedDate="0001-01-01T00:00:00Z" ContentType="application\translation" ParentFolderID="8279E3E176AF191C11FF927DFD2E1293" DisplayName="Translation" />
    <Folder ID="8279E3E176AF191C11FF927DFD2E12AF" Name="Document Repository" ProcGroupID="8279E3E176AF191C11FF927DFD2E1293" AppID="8279E3E176AF191C11FF927DFD2E128B" Description="" CreatedBy="40001842" CreatedDate="0001-01-01T00:00:00Z" LastModifiedBy="40001842" LastModifiedDate="0001-01-01T00:00:00Z" ContentType="application\documentrepository" ParentFolderID="8279E3E176AF191C11FF927DFD2E1293" DisplayName="Document Repository" />
    <Folder ID="8279E3E176AF191C11FF927DFD2E12B0" Name="System Files" ProcGroupID="8279E3E176AF191C11FF927DFD2E1293" AppID="8279E3E176AF191C11FF927DFD2E128B" Description="" CreatedBy="40001842" CreatedDate="0001-01-01T00:00:00Z" LastModifiedBy="40001842" LastModifiedDate="0001-01-01T00:00:00Z" ContentType="application\hidden" ParentFolderID="8279E3E176AF191C11FF927DFD2E1293" DisplayName="System Files" />
    <Folder ID="8279E3E176AF191C11FF927DFD2E12B1" Name="Process Model" ProcGroupID="8279E3E176AF191C11FF927DFD2E1293" AppID="8279E3E176AF191C11FF927DFD2E128B" Description="" CreatedBy="40001842" CreatedDate="0001-01-01T00:00:00Z" LastModifiedBy="40001842" LastModifiedDate="0001-01-01T00:00:00Z" ContentType="application\processmodel" ParentFolderID="8279E3E176AF191C11FF927DFD2E1293" DisplayName="Process Model">
      <File ID="BAEE12DEFB27D0ED110031C792B8ADD9" Name="Graffiti Waiver App Form_Recently Created Graffiti Waiver Forms" BaseFileID="8279E3E176AF191C11FF927DFD2E12B5" PrevVerFileID="BAEE12DEFB27D0ED110031B5F16594C9" AppID="8279E3E176AF191C11FF927DFD2E128B" ParentFolderID="8279E3E176AF191C11FF927DFD2E12B1" ProcGroupID="8279E3E176AF191C11FF927DFD2E1293" Description="" Version="1.01" Status="DRAFT" ContentType="user\processmodel" CheckedOutBy="" CheckedOutDate="0001-01-01T00:00:00Z" CreatedDate="2025-05-15T20:02:53.827" CreatedBy="40001842" LastModifiedDate="2025-05-15T20:02:53.827" LastModifiedBy="40001842" ThemeID="" ExtraInfo="" DisplayName="Graffiti Waiver App Form_Recently Created Graffiti Waiver Forms" />
      <File ID="BAEE12DEFB27D0ED110031C792B8ADDA" Name="Graffiti Waiver App Form_New Graffiti Waiver Form" BaseFileID="8279E3E176AF191C11FF927DFD2E12B6" PrevVerFileID="BAEE12DEFB27D0ED110031B5F16594CA" AppID="8279E3E176AF191C11FF927DFD2E128B" ParentFolderID="8279E3E176AF191C11FF927DFD2E12B1" ProcGroupID="8279E3E176AF191C11FF927DFD2E1293" Description="" Version="1.01" Status="DRAFT" ContentType="user\processmodel" CheckedOutBy="" CheckedOutDate="0001-01-01T00:00:00Z" CreatedDate="2025-05-15T20:02:53.827" CreatedBy="40001842" LastModifiedDate="2025-05-15T20:02:53.827" LastModifiedBy="40001842" ThemeID="" ExtraInfo="" DisplayName="Graffiti Waiver App Form_New Graffiti Waiver Form" />
      <File ID="BAEE12DEFB27D0ED110031C792B8ADD6" Name="Graffiti Waiver App Form_Recently Modified Graffiti Waiver Forms" BaseFileID="8279E3E176AF191C11FF927DFD2E12B2" PrevVerFileID="BAEE12DEFB27D0ED110031B5F16594C6" AppID="8279E3E176AF191C11FF927DFD2E128B" ParentFolderID="8279E3E176AF191C11FF927DFD2E12B1" ProcGroupID="8279E3E176AF191C11FF927DFD2E1293" Description="" Version="1.01" Status="DRAFT" ContentType="user\processmodel" CheckedOutBy="" CheckedOutDate="0001-01-01T00:00:00Z" CreatedDate="2025-05-15T20:02:53.813" CreatedBy="40001842" LastModifiedDate="2025-05-15T20:02:53.813" LastModifiedBy="40001842" ThemeID="" ExtraInfo="" DisplayName="Graffiti Waiver App Form_Recently Modified Graffiti Waiver Forms" />
      <File ID="BAEE12DEFB27D0ED110031C792B8ADD7" Name="Graffiti Waiver App Form_Update Graffiti Waiver Form" BaseFileID="8279E3E176AF191C11FF927DFD2E12B3" PrevVerFileID="BAEE12DEFB27D0ED110031B5F16594C7" AppID="8279E3E176AF191C11FF927DFD2E128B" ParentFolderID="8279E3E176AF191C11FF927DFD2E12B1" ProcGroupID="8279E3E176AF191C11FF927DFD2E1293" Description="" Version="1.01" Status="DRAFT" ContentType="user\processmodel" CheckedOutBy="" CheckedOutDate="0001-01-01T00:00:00Z" CreatedDate="2025-05-15T20:02:53.813" CreatedBy="40001842" LastModifiedDate="2025-05-15T20:02:53.813" LastModifiedBy="40001842" ThemeID="" ExtraInfo="" DisplayName="Graffiti Waiver App Form_Update Graffiti Waiver Form" />
      <File ID="BAEE12DEFB27D0ED110031C792B8ADD8" Name="Graffiti Waiver App Form_All Graffiti Waiver Forms" BaseFileID="8279E3E176AF191C11FF927DFD2E12B4" PrevVerFileID="BAEE12DEFB27D0ED110031B5F16594C8" AppID="8279E3E176AF191C11FF927DFD2E128B" ParentFolderID="8279E3E176AF191C11FF927DFD2E12B1" ProcGroupID="8279E3E176AF191C11FF927DFD2E1293" Description="" Version="1.01" Status="DRAFT" ContentType="user\processmodel" CheckedOutBy="" CheckedOutDate="0001-01-01T00:00:00Z" CreatedDate="2025-05-15T20:02:53.813" CreatedBy="40001842" LastModifiedDate="2025-05-15T20:02:53.813" LastModifiedBy="40001842" ThemeID="" ExtraInfo="" DisplayName="Graffiti Waiver App Form_All Graffiti Waiver Forms" />
    </Folder>
  </Folder>
  <CoAuthored>false</CoAuthored>
</WFEnabledApplication>