<?xml version="1.0"?>
<WFApplicationDynamicDependencies xmlns:xsd="http://www.w3.org/2001/XMLSchema" xmlns:xsi="http://www.w3.org/2001/XMLSchema-instance">
  <AppName>DND - Lottery Application Control Form</AppName>
  <Version>1.28</Version>
  <DataEntities>
    <DataEntity>
      <EntityName>DNDLotteryFormControls__u</EntityName>
      <EntityDisplayName>DND - Lottery Form Controls</EntityDisplayName>
      <UsedIn>
        <DependencyUsedIn>
          <FileName>DNDLotteryFormControls</FileName>
          <FileDisplayName>DNDLotteryFormControls</FileDisplayName>
          <Activities />
          <FileType>Data Source</FileType>
          <NumberOfTimesUsed>1</NumberOfTimesUsed>
        </DependencyUsedIn>
        <DependencyUsedIn>
          <FileName>GetDND - Lottery Form ControlssRecentlyCreated</FileName>
          <FileDisplayName>GetDND - Lottery Form ControlssRecentlyCreated</FileDisplayName>
          <Activities />
          <FileType>Lookup</FileType>
          <NumberOfTimesUsed>1</NumberOfTimesUsed>
        </DependencyUsedIn>
        <DependencyUsedIn>
          <FileName>GetDND - Lottery Form Controlss</FileName>
          <FileDisplayName>GetDND - Lottery Form Controlss</FileDisplayName>
          <Activities />
          <FileType>Lookup</FileType>
          <NumberOfTimesUsed>1</NumberOfTimesUsed>
        </DependencyUsedIn>
        <DependencyUsedIn>
          <FileName>GetDND - Lottery Form ControlssRecentlyModified</FileName>
          <FileDisplayName>GetDND - Lottery Form ControlssRecentlyModified</FileDisplayName>
          <Activities />
          <FileType>Lookup</FileType>
          <NumberOfTimesUsed>1</NumberOfTimesUsed>
        </DependencyUsedIn>
      </UsedIn>
      <IsExists>false</IsExists>
    </DataEntity>
    <DataEntity>
      <EntityName>dndlotteryformami__u</EntityName>
      <EntityDisplayName>DND - Lottery Form AMI</EntityDisplayName>
      <UsedIn>
        <DependencyUsedIn>
          <FileName>DNDLotteryFormControls</FileName>
          <FileDisplayName>DNDLotteryFormControls</FileDisplayName>
          <Activities />
          <FileType>Data Source</FileType>
          <NumberOfTimesUsed>1</NumberOfTimesUsed>
        </DependencyUsedIn>
      </UsedIn>
      <IsExists>false</IsExists>
    </DataEntity>
    <DataEntity>
      <EntityName>dndlotteryformroomtypes__u</EntityName>
      <EntityDisplayName>DND - Lottery Form Unit Types</EntityDisplayName>
      <UsedIn>
        <DependencyUsedIn>
          <FileName>DNDLotteryFormControls</FileName>
          <FileDisplayName>DNDLotteryFormControls</FileDisplayName>
          <Activities />
          <FileType>Data Source</FileType>
          <NumberOfTimesUsed>1</NumberOfTimesUsed>
        </DependencyUsedIn>
      </UsedIn>
      <IsExists>false</IsExists>
    </DataEntity>
  </DataEntities>
</WFApplicationDynamicDependencies>