<?xml version="1.0"?>
<WFEnabledApplication xmlns:xsd="http://www.w3.org/2001/XMLSchema" xmlns:xsi="http://www.w3.org/2001/XMLSchema-instance" ID="822BBB36E0EBD77E1199E618525DD1E2" Name="DND - Lottery Application Control Form" Description="" Status="DRAFT" CreatedDate="2019-10-03T12:59:42.387" CreatedBy="BOSTON-S-AS01\Bryan.Carroll" AppType="StandaloneForms" Visibility="PAAS" ContentType="application" DisplayName="DND - Lottery Application Control Form" AppLocale="customlocale" ParentApplicationId="">
  <Folder ID="822BBB36E0EBD77E1199E618525DD1E3" Name="Shared Resources" ProcGroupID="" AppID="822BBB36E0EBD77E1199E618525DD1E2" Description="" CreatedBy="BOSTON-S-AS01\Bryan.Carroll" CreatedDate="0001-01-01T00:00:00Z" LastModifiedBy="BOSTON-S-AS01\Bryan.Carroll" LastModifiedDate="0001-01-01T00:00:00Z" ContentType="Any" ParentFolderID="822BBB36E0EBD77E1199E618525DD1E2" DisplayName="Shared Resources">
    <Folder ID="822BBB36E0EBD77E1199E618525DD1E4" Name="Style Sheets" ProcGroupID="" AppID="822BBB36E0EBD77E1199E618525DD1E2" Description="" CreatedBy="BOSTON-S-AS01\Bryan.Carroll" CreatedDate="0001-01-01T00:00:00Z" LastModifiedBy="BOSTON-S-AS01\Bryan.Carroll" LastModifiedDate="0001-01-01T00:00:00Z" ContentType="application\CSS" ParentFolderID="822BBB36E0EBD77E1199E618525DD1E3" DisplayName="Style Sheets" />
    <Folder ID="822BBB36E0EBD77E1199E618525DD1E5" Name="JavaScript" ProcGroupID="" AppID="822BBB36E0EBD77E1199E618525DD1E2" Description="" CreatedBy="BOSTON-S-AS01\Bryan.Carroll" CreatedDate="0001-01-01T00:00:00Z" LastModifiedBy="BOSTON-S-AS01\Bryan.Carroll" LastModifiedDate="0001-01-01T00:00:00Z" ContentType="application\js" ParentFolderID="822BBB36E0EBD77E1199E618525DD1E3" DisplayName="JavaScript" />
    <Folder ID="822BBB36E0EBD77E1199E618525DD1E6" Name="Images" ProcGroupID="" AppID="822BBB36E0EBD77E1199E618525DD1E2" Description="" CreatedBy="BOSTON-S-AS01\Bryan.Carroll" CreatedDate="0001-01-01T00:00:00Z" LastModifiedBy="BOSTON-S-AS01\Bryan.Carroll" LastModifiedDate="0001-01-01T00:00:00Z" ContentType="application\image" ParentFolderID="822BBB36E0EBD77E1199E618525DD1E3" DisplayName="Images">
      <File ID="BAE612E420D57DA911FFB803AF4C482B" Name="neighborhood development - logo.png" BaseFileID="822DB70CC86CDBB41199F0E66D881A96" PrevVerFileID="BAE612E420D57DA911FFB704E8A54EAE" AppID="822BBB36E0EBD77E1199E618525DD1E2" ParentFolderID="822BBB36E0EBD77E1199E618525DD1E6" ProcGroupID="" Description="" Version="1.2" Status="RELEASED" ContentType="user\image" CheckedOutBy="" CheckedOutDate="0001-01-01T00:00:00Z" CreatedDate="2024-12-11T21:05:50.88" CreatedBy="40001842" LastModifiedDate="2024-12-11T21:05:50.88" LastModifiedBy="40001842" ThemeID="" ExtraInfo="" DisplayName="neighborhood development - logo.png" />
    </Folder>
    <Folder ID="822BBB36E0EBD77E1199E618525DD1E8" Name="Access Tokens" ProcGroupID="" AppID="822BBB36E0EBD77E1199E618525DD1E2" Description="" CreatedBy="BOSTON-S-AS01\Bryan.Carroll" CreatedDate="0001-01-01T00:00:00Z" LastModifiedBy="BOSTON-S-AS01\Bryan.Carroll" LastModifiedDate="0001-01-01T00:00:00Z" ContentType="application\apptoken" ParentFolderID="822BBB36E0EBD77E1199E618525DD1E3" DisplayName="Access Tokens" />
    <Folder ID="822BBB36E0EBD77E1199E618525DD1E9" Name="Application Resources" ProcGroupID="" AppID="822BBB36E0EBD77E1199E618525DD1E2" Description="" CreatedBy="BOSTON-S-AS01\Bryan.Carroll" CreatedDate="0001-01-01T00:00:00Z" LastModifiedBy="BOSTON-S-AS01\Bryan.Carroll" LastModifiedDate="0001-01-01T00:00:00Z" ContentType="application\applicationresources" ParentFolderID="822BBB36E0EBD77E1199E618525DD1E3" DisplayName="Application Resources" />
    <Folder ID="825FC2FFACA72A8211DDE63888F82673" Name="Comments" ProcGroupID="822BBB36E0EBD77E1199E618525DD1E3" AppID="822BBB36E0EBD77E1199E618525DD1E2" Description="" CreatedBy="BOSTON-S-AS01\Bryan.Carroll" CreatedDate="2023-04-28T22:50:10.6" LastModifiedBy="BOSTON-S-AS01\Bryan.Carroll" LastModifiedDate="2023-04-28T22:50:10.6" ContentType="application\comments" ParentFolderID="822BBB36E0EBD77E1199E618525DD1E3" DisplayName="Comments" />
    <Folder ID="BAF512E420D57DA9110053C5B8305E40" Name="ML Advisor" ProcGroupID="" AppID="822BBB36E0EBD77E1199E618525DD1E2" Description="" CreatedBy="BOSTON-S-AS01\Bryan.Carroll" CreatedDate="2025-06-28T02:15:16.553" LastModifiedBy="BOSTON-S-AS01\Bryan.Carroll" LastModifiedDate="2025-06-28T02:15:16.553" ContentType="application\mladvisor" ParentFolderID="822BBB36E0EBD77E1199E618525DD1E3" DisplayName="ML Advisor" />
  </Folder>
  <Folder ID="822BBB36E0EBD77E1199E618525DD1EA" Name="App Model &amp; Resources" ProcGroupID="" AppID="822BBB36E0EBD77E1199E618525DD1E2" Description="" CreatedBy="BOSTON-S-AS01\Bryan.Carroll" CreatedDate="0001-01-01T00:00:00Z" LastModifiedBy="BOSTON-S-AS01\Bryan.Carroll" LastModifiedDate="0001-01-01T00:00:00Z" ContentType="user\processgroup" ParentFolderID="822BBB36E0EBD77E1199E618525DD1E2" DisplayName="App Model &amp; Resources">
    <Folder ID="822BBB36E0EBD77E1199E618525DD1EB" Name="Data Model" ProcGroupID="822BBB36E0EBD77E1199E618525DD1EA" AppID="822BBB36E0EBD77E1199E618525DD1E2" Description="" CreatedBy="BOSTON-S-AS01\Bryan.Carroll" CreatedDate="0001-01-01T00:00:00Z" LastModifiedBy="BOSTON-S-AS01\Bryan.Carroll" LastModifiedDate="0001-01-01T00:00:00Z" ContentType="application\datamodel" ParentFolderID="822BBB36E0EBD77E1199E618525DD1EA" DisplayName="Data Model">
      <File ID="BB0112E420D57DA91100D11E32AA499D" Name="Schema.xsd" BaseFileID="822DB70CC86CDBB41199F0E66D881A97" PrevVerFileID="BB0112E420D57DA91100D084C159129B" AppID="822BBB36E0EBD77E1199E618525DD1E2" ParentFolderID="822BBB36E0EBD77E1199E618525DD1EB" ProcGroupID="822BBB36E0EBD77E1199E618525DD1EA" Description="" Version="1.5" Status="DRAFT" ContentType="user\datamodel" CheckedOutBy="" CheckedOutDate="0001-01-01T00:00:00Z" CreatedDate="2025-12-04T09:33:35.027" CreatedBy="40001842" LastModifiedDate="2025-12-04T09:33:53.86" LastModifiedBy="40001842" ThemeID="" ExtraInfo="[{&quot;Name&quot; : &quot;NamespaceUpdated&quot; , &quot;Value&quot; : &quot;True&quot;}]" DisplayName="Schema.xsd" />
      <File ID="BB010AFFE869EF231100D07CF8B36866" Name="DNDLotteryFormControls" BaseFileID="822DB70CC86CDBB41199F0E66D881A98" PrevVerFileID="BAE70AFFE869EF2311FFB803DFED9E57" AppID="822BBB36E0EBD77E1199E618525DD1E2" ParentFolderID="822BBB36E0EBD77E1199E618525DD1EB" ProcGroupID="822BBB36E0EBD77E1199E618525DD1EA" Description="Datasource DNDLotteryFormControls Schema" Version="1.33" Status="RELEASED" ContentType="user\apdataentitydatamodel" CheckedOutBy="" CheckedOutDate="0001-01-01T00:00:00Z" CreatedDate="2025-12-03T14:19:25.99" CreatedBy="40001842" LastModifiedDate="2025-12-03T14:19:26.067" LastModifiedBy="40001842" ThemeID="" ExtraInfo="" DisplayName="DNDLotteryFormControls" />
    </Folder>
    <Folder ID="822BBB36E0EBD77E1199E618525DD1EE" Name="Data Source" ProcGroupID="822BBB36E0EBD77E1199E618525DD1EA" AppID="822BBB36E0EBD77E1199E618525DD1E2" Description="" CreatedBy="BOSTON-S-AS01\Bryan.Carroll" CreatedDate="0001-01-01T00:00:00Z" LastModifiedBy="BOSTON-S-AS01\Bryan.Carroll" LastModifiedDate="0001-01-01T00:00:00Z" ContentType="application\datasources" ParentFolderID="822BBB36E0EBD77E1199E618525DD1EA" DisplayName="Data Source">
      <File ID="BB010AFFE869EF231100D07CE0BE5296" Name="DNDLotteryFormControls" BaseFileID="822DB70CC86CDBB41199F0E66D881A99" PrevVerFileID="BAE70AFFE869EF2311FFB803D9E95711" AppID="822BBB36E0EBD77E1199E618525DD1E2" ParentFolderID="822BBB36E0EBD77E1199E618525DD1EE" ProcGroupID="822BBB36E0EBD77E1199E618525DD1EA" Description="" Version="1.34" Status="RELEASED" ContentType="user\APDataEntityDataSource" CheckedOutBy="" CheckedOutDate="0001-01-01T00:00:00Z" CreatedDate="2025-12-03T14:18:50.473" CreatedBy="40001842" LastModifiedDate="2025-12-03T14:58:00.367" LastModifiedBy="40001842" ThemeID="" ExtraInfo="" DisplayName="DNDLotteryFormControls" />
    </Folder>
    <Folder ID="822BBB36E0EBD77E1199E618525DD1F0" Name="Library" ProcGroupID="822BBB36E0EBD77E1199E618525DD1EA" AppID="822BBB36E0EBD77E1199E618525DD1E2" Description="" CreatedBy="BOSTON-S-AS01\Bryan.Carroll" CreatedDate="0001-01-01T00:00:00Z" LastModifiedBy="BOSTON-S-AS01\Bryan.Carroll" LastModifiedDate="0001-01-01T00:00:00Z" ContentType="application\taskformlibrary" ParentFolderID="822BBB36E0EBD77E1199E618525DD1EA" DisplayName="Library">
      <File ID="BB0112E420D57DA91100D11E32AA499E" Name="Form Library" BaseFileID="822DB70CC86CDBB41199F0E66D881A9A" PrevVerFileID="BB0112E420D57DA91100D084C159129D" AppID="822BBB36E0EBD77E1199E618525DD1E2" ParentFolderID="822BBB36E0EBD77E1199E618525DD1F0" ProcGroupID="822BBB36E0EBD77E1199E618525DD1EA" Description="" Version="1.45" Status="DRAFT" ContentType="user\taskformlibrary" CheckedOutBy="" CheckedOutDate="0001-01-01T00:00:00Z" CreatedDate="2025-12-04T09:33:35.12" CreatedBy="40001842" LastModifiedDate="2025-12-04T09:33:53.8" LastModifiedBy="40001842" ThemeID="" ExtraInfo="" DisplayName="Form Library" />
    </Folder>
    <Folder ID="822BBB36E0EBD77E1199E618525DD1F2" Name="Forms" ProcGroupID="822BBB36E0EBD77E1199E618525DD1EA" AppID="822BBB36E0EBD77E1199E618525DD1E2" Description="" CreatedBy="BOSTON-S-AS01\Bryan.Carroll" CreatedDate="0001-01-01T00:00:00Z" LastModifiedBy="BOSTON-S-AS01\Bryan.Carroll" LastModifiedDate="0001-01-01T00:00:00Z" ContentType="application\formsgroup" ParentFolderID="822BBB36E0EBD77E1199E618525DD1EA" DisplayName="Forms">
      <Folder ID="822BBB36E0EBD77E1199E618525DD1F3" Name="New" ProcGroupID="822BBB36E0EBD77E1199E618525DD1EA" AppID="822BBB36E0EBD77E1199E618525DD1E2" Description="" CreatedBy="BOSTON-S-AS01\Bryan.Carroll" CreatedDate="0001-01-01T00:00:00Z" LastModifiedBy="BOSTON-S-AS01\Bryan.Carroll" LastModifiedDate="0001-01-01T00:00:00Z" ContentType="application\newforms" ParentFolderID="822BBB36E0EBD77E1199E618525DD1F2" DisplayName="New">
        <File ID="BB0112E420D57DA91100D11E32AA499F" Name="New DND - Lottery Form Controls" BaseFileID="822DB70CC86CDBB41199F0E66D881A9B" PrevVerFileID="BB0112E420D57DA91100D084C159129C" AppID="822BBB36E0EBD77E1199E618525DD1E2" ParentFolderID="822BBB36E0EBD77E1199E618525DD1F3" ProcGroupID="822BBB36E0EBD77E1199E618525DD1EA" Description="" Version="1.35" Status="DRAFT" ContentType="user\newforms" CheckedOutBy="" CheckedOutDate="0001-01-01T00:00:00Z" CreatedDate="2025-12-04T09:33:35.183" CreatedBy="40001842" LastModifiedDate="2025-12-04T09:33:53.847" LastModifiedBy="40001842" ThemeID="" ExtraInfo="" DisplayName="New DND - Lottery Form Controls" />
      </Folder>
      <Folder ID="822BBB36E0EBD77E1199E618525DD1F5" Name="Update" ProcGroupID="822BBB36E0EBD77E1199E618525DD1EA" AppID="822BBB36E0EBD77E1199E618525DD1E2" Description="" CreatedBy="BOSTON-S-AS01\Bryan.Carroll" CreatedDate="0001-01-01T00:00:00Z" LastModifiedBy="BOSTON-S-AS01\Bryan.Carroll" LastModifiedDate="0001-01-01T00:00:00Z" ContentType="application\updateforms" ParentFolderID="822BBB36E0EBD77E1199E618525DD1F2" DisplayName="Update">
        <File ID="BAFC0AFFE869EF231100B3695D9790C1" Name="Update DND - Lottery Form Controls" BaseFileID="822DB70CC86CDBB41199F0E66D881A9C" PrevVerFileID="BAE612E420D57DA911FFB803BB4B8865" AppID="822BBB36E0EBD77E1199E618525DD1E2" ParentFolderID="822BBB36E0EBD77E1199E618525DD1F5" ProcGroupID="822BBB36E0EBD77E1199E618525DD1EA" Description="" Version="1.29" Status="RELEASED" ContentType="user\updateforms" CheckedOutBy="" CheckedOutDate="0001-01-01T00:00:00Z" CreatedDate="2025-10-27T19:15:59.163" CreatedBy="40001842" LastModifiedDate="2025-12-03T14:58:00.43" LastModifiedBy="40001842" ThemeID="" ExtraInfo="" DisplayName="Update DND - Lottery Form Controls" />
      </Folder>
      <Folder ID="822BBB36E0EBD77E1199E618525DD1F7" Name="Widgets" ProcGroupID="822BBB36E0EBD77E1199E618525DD1EA" AppID="822BBB36E0EBD77E1199E618525DD1E2" Description="" CreatedBy="BOSTON-S-AS01\Bryan.Carroll" CreatedDate="0001-01-01T00:00:00Z" LastModifiedBy="BOSTON-S-AS01\Bryan.Carroll" LastModifiedDate="0001-01-01T00:00:00Z" ContentType="application\widgets" ParentFolderID="822BBB36E0EBD77E1199E618525DD1F2" DisplayName="Widgets" />
      <Folder ID="822BBB36E0EBD77E1199E618525DD1F8" Name="Views" ProcGroupID="822BBB36E0EBD77E1199E618525DD1EA" AppID="822BBB36E0EBD77E1199E618525DD1E2" Description="" CreatedBy="BOSTON-S-AS01\Bryan.Carroll" CreatedDate="0001-01-01T00:00:00Z" LastModifiedBy="BOSTON-S-AS01\Bryan.Carroll" LastModifiedDate="0001-01-01T00:00:00Z" ContentType="application\views" ParentFolderID="822BBB36E0EBD77E1199E618525DD1F2" DisplayName="Views">
        <File ID="BAFC12E420D57DA91100B369390D614A" Name="Recently Modified DND - Lottery Form Controlss" BaseFileID="822DB70CC86CDBB41199F0E66D881A9E" PrevVerFileID="BAE612E420D57DA911FFB803AF4C4834" AppID="822BBB36E0EBD77E1199E618525DD1E2" ParentFolderID="822BBB36E0EBD77E1199E618525DD1F8" ProcGroupID="822BBB36E0EBD77E1199E618525DD1EA" Description="" Version="1.21" Status="RELEASED" ContentType="user\views" CheckedOutBy="" CheckedOutDate="0001-01-01T00:00:00Z" CreatedDate="2025-10-27T19:14:58.407" CreatedBy="40001842" LastModifiedDate="2025-12-03T14:58:00.43" LastModifiedBy="40001842" ThemeID="" ExtraInfo="" DisplayName="Recently Modified DND - Lottery Form Controlss" />
        <File ID="BAFC12E420D57DA91100B3694502B30C" Name="Recently Created DND - Lottery Form Controlss" BaseFileID="822DB70CC86CDBB41199F0E66D881A9F" PrevVerFileID="BAE612E420D57DA911FFB803AF4C4832" AppID="822BBB36E0EBD77E1199E618525DD1E2" ParentFolderID="822BBB36E0EBD77E1199E618525DD1F8" ProcGroupID="822BBB36E0EBD77E1199E618525DD1EA" Description="" Version="1.21" Status="RELEASED" ContentType="user\views" CheckedOutBy="" CheckedOutDate="0001-01-01T00:00:00Z" CreatedDate="2025-10-27T19:15:17.69" CreatedBy="40001842" LastModifiedDate="2025-12-03T14:58:00.413" LastModifiedBy="40001842" ThemeID="" ExtraInfo="" DisplayName="Recently Created DND - Lottery Form Controlss" />
        <File ID="BAFC12E420D57DA91100B369B7431ADD" Name="All DND - Lottery Form Controlss" BaseFileID="822DB70CC86CDBB41199F0E66D881A9D" PrevVerFileID="BAE612E420D57DA911FFB803AF4C4833" AppID="822BBB36E0EBD77E1199E618525DD1E2" ParentFolderID="822BBB36E0EBD77E1199E618525DD1F8" ProcGroupID="822BBB36E0EBD77E1199E618525DD1EA" Description="" Version="1.22" Status="RELEASED" ContentType="user\views" CheckedOutBy="" CheckedOutDate="0001-01-01T00:00:00Z" CreatedDate="2025-10-27T19:18:28.863" CreatedBy="40001842" LastModifiedDate="2025-12-03T14:58:00.287" LastModifiedBy="40001842" ThemeID="" ExtraInfo="" DisplayName="All DND - Lottery Form Controlss" />
      </Folder>
    </Folder>
    <Folder ID="822BBB36E0EBD77E1199E618525DD1FC" Name="Lookups" ProcGroupID="822BBB36E0EBD77E1199E618525DD1EA" AppID="822BBB36E0EBD77E1199E618525DD1E2" Description="" CreatedBy="BOSTON-S-AS01\Bryan.Carroll" CreatedDate="0001-01-01T00:00:00Z" LastModifiedBy="BOSTON-S-AS01\Bryan.Carroll" LastModifiedDate="0001-01-01T00:00:00Z" ContentType="application\lookup" ParentFolderID="822BBB36E0EBD77E1199E618525DD1EA" DisplayName="Lookups">
      <File ID="BAE612E420D57DA911FFB803AF4C4836" Name="GetDND - Lottery Form ControlssRecentlyCreated" BaseFileID="822DB70CC86CDBB41199F0E66D881AA1" PrevVerFileID="BAE612E420D57DA911FFB72E4E8A3E17" AppID="822BBB36E0EBD77E1199E618525DD1E2" ParentFolderID="822BBB36E0EBD77E1199E618525DD1FC" ProcGroupID="822BBB36E0EBD77E1199E618525DD1EA" Description="" Version="1.22" Status="RELEASED" ContentType="user\lookupmulticolumn" CheckedOutBy="" CheckedOutDate="0001-01-01T00:00:00Z" CreatedDate="2024-12-11T21:05:51.053" CreatedBy="40001842" LastModifiedDate="2024-12-11T21:05:51.053" LastModifiedBy="40001842" ThemeID="" ExtraInfo="" DisplayName="GetDND - Lottery Form ControlssRecentlyCreated" />
      <File ID="BAE612E420D57DA911FFB803AF4C4837" Name="GetDND - Lottery Form Controlss" BaseFileID="822DB70CC86CDBB41199F0E66D881AA0" PrevVerFileID="BAE70AFFE869EF2311FFB7F256484F19" AppID="822BBB36E0EBD77E1199E618525DD1E2" ParentFolderID="822BBB36E0EBD77E1199E618525DD1FC" ProcGroupID="822BBB36E0EBD77E1199E618525DD1EA" Description="" Version="1.25" Status="RELEASED" ContentType="user\lookupmulticolumn" CheckedOutBy="" CheckedOutDate="0001-01-01T00:00:00Z" CreatedDate="2024-12-11T21:05:51.053" CreatedBy="40001842" LastModifiedDate="2024-12-11T21:05:51.053" LastModifiedBy="40001842" ThemeID="" ExtraInfo="" DisplayName="GetDND - Lottery Form Controlss" />
      <File ID="BAE612E420D57DA911FFB803AF4C4835" Name="GetDND - Lottery Form ControlssRecentlyModified" BaseFileID="822DB70CC86CDBB41199F0E66D881AA2" PrevVerFileID="BAE70AFFE869EF2311FFB7CEA3A85B11" AppID="822BBB36E0EBD77E1199E618525DD1E2" ParentFolderID="822BBB36E0EBD77E1199E618525DD1FC" ProcGroupID="822BBB36E0EBD77E1199E618525DD1EA" Description="" Version="1.23" Status="RELEASED" ContentType="user\lookupmulticolumn" CheckedOutBy="" CheckedOutDate="0001-01-01T00:00:00Z" CreatedDate="2024-12-11T21:05:51.037" CreatedBy="40001842" LastModifiedDate="2024-12-11T21:05:51.037" LastModifiedBy="40001842" ThemeID="" ExtraInfo="" DisplayName="GetDND - Lottery Form ControlssRecentlyModified" />
    </Folder>
    <Folder ID="822BBB36E0EBD77E1199E618525DD200" Name="Translation" ProcGroupID="822BBB36E0EBD77E1199E618525DD1EA" AppID="822BBB36E0EBD77E1199E618525DD1E2" Description="" CreatedBy="BOSTON-S-AS01\Bryan.Carroll" CreatedDate="0001-01-01T00:00:00Z" LastModifiedBy="BOSTON-S-AS01\Bryan.Carroll" LastModifiedDate="0001-01-01T00:00:00Z" ContentType="application\translation" ParentFolderID="822BBB36E0EBD77E1199E618525DD1EA" DisplayName="Translation" />
    <Folder ID="822BBB36E0EBD77E1199E618525DD201" Name="Document Repository" ProcGroupID="822BBB36E0EBD77E1199E618525DD1EA" AppID="822BBB36E0EBD77E1199E618525DD1E2" Description="" CreatedBy="BOSTON-S-AS01\Bryan.Carroll" CreatedDate="0001-01-01T00:00:00Z" LastModifiedBy="BOSTON-S-AS01\Bryan.Carroll" LastModifiedDate="0001-01-01T00:00:00Z" ContentType="application\documentrepository" ParentFolderID="822BBB36E0EBD77E1199E618525DD1EA" DisplayName="Document Repository" />
    <Folder ID="822BBB36E0EBD77E1199E618525DD202" Name="System Files" ProcGroupID="822BBB36E0EBD77E1199E618525DD1EA" AppID="822BBB36E0EBD77E1199E618525DD1E2" Description="" CreatedBy="BOSTON-S-AS01\Bryan.Carroll" CreatedDate="0001-01-01T00:00:00Z" LastModifiedBy="BOSTON-S-AS01\Bryan.Carroll" LastModifiedDate="0001-01-01T00:00:00Z" ContentType="application\hidden" ParentFolderID="822BBB36E0EBD77E1199E618525DD1EA" DisplayName="System Files" />
    <Folder ID="822BBB36E0EBD77E1199E618525DD203" Name="Process Model" ProcGroupID="822BBB36E0EBD77E1199E618525DD1EA" AppID="822BBB36E0EBD77E1199E618525DD1E2" Description="" CreatedBy="BOSTON-S-AS01\Bryan.Carroll" CreatedDate="0001-01-01T00:00:00Z" LastModifiedBy="BOSTON-S-AS01\Bryan.Carroll" LastModifiedDate="0001-01-01T00:00:00Z" ContentType="application\processmodel" ParentFolderID="822BBB36E0EBD77E1199E618525DD1EA" DisplayName="Process Model">
      <File ID="BAE612E420D57DA911FFB803AF4C483C" Name="DND - Lottery Application Control Form_Update Lottery Form Controls" BaseFileID="822DB70CC86CDBB41199F0E66D881AA6" PrevVerFileID="BAE612E420D57DA911FFB704EE9C5B20" AppID="822BBB36E0EBD77E1199E618525DD1E2" ParentFolderID="822BBB36E0EBD77E1199E618525DD203" ProcGroupID="822BBB36E0EBD77E1199E618525DD1EA" Description="" Version="1.2" Status="RELEASED" ContentType="user\processmodel" CheckedOutBy="" CheckedOutDate="0001-01-01T00:00:00Z" CreatedDate="2024-12-11T21:05:51.113" CreatedBy="40001842" LastModifiedDate="2024-12-11T21:05:51.113" LastModifiedBy="40001842" ThemeID="" ExtraInfo="" DisplayName="Update Lottery Form Controls" />
      <File ID="BAE612E420D57DA911FFB803AF4C483D" Name="DND - Lottery Application Control Form_New DND - Lottery Form Controls" BaseFileID="822DB70CC86CDBB41199F0E66D881AA5" PrevVerFileID="BAE612E420D57DA911FFB704EE9C5B1B" AppID="822BBB36E0EBD77E1199E618525DD1E2" ParentFolderID="822BBB36E0EBD77E1199E618525DD203" ProcGroupID="822BBB36E0EBD77E1199E618525DD1EA" Description="" Version="1.2" Status="RELEASED" ContentType="user\processmodel" CheckedOutBy="" CheckedOutDate="0001-01-01T00:00:00Z" CreatedDate="2024-12-11T21:05:51.113" CreatedBy="40001842" LastModifiedDate="2024-12-11T21:05:51.113" LastModifiedBy="40001842" ThemeID="" ExtraInfo="" DisplayName="New DND - Lottery Form Controls" />
      <File ID="BAE612E420D57DA911FFB803AF4C483E" Name="DND - Lottery Application Control Form_Recently Created DND - Lottery Form Controlss" BaseFileID="822DB70CC86CDBB41199F0E66D881AA4" PrevVerFileID="BAE612E420D57DA911FFB704EE9C5B1E" AppID="822BBB36E0EBD77E1199E618525DD1E2" ParentFolderID="822BBB36E0EBD77E1199E618525DD203" ProcGroupID="822BBB36E0EBD77E1199E618525DD1EA" Description="" Version="1.2" Status="RELEASED" ContentType="user\processmodel" CheckedOutBy="" CheckedOutDate="0001-01-01T00:00:00Z" CreatedDate="2024-12-11T21:05:51.113" CreatedBy="40001842" LastModifiedDate="2024-12-11T21:05:51.113" LastModifiedBy="40001842" ThemeID="" ExtraInfo="" DisplayName="Recently Created DND - Lottery Form Controlss" />
      <File ID="BAE612E420D57DA911FFB803AF4C4839" Name="DND - Lottery Application Control Form_All DND - Lottery Form Controlss" BaseFileID="822DB70CC86CDBB41199F0E66D881AA8" PrevVerFileID="BAE612E420D57DA911FFB704EE9C5B1D" AppID="822BBB36E0EBD77E1199E618525DD1E2" ParentFolderID="822BBB36E0EBD77E1199E618525DD203" ProcGroupID="822BBB36E0EBD77E1199E618525DD1EA" Description="" Version="1.2" Status="RELEASED" ContentType="user\processmodel" CheckedOutBy="" CheckedOutDate="0001-01-01T00:00:00Z" CreatedDate="2024-12-11T21:05:51.1" CreatedBy="40001842" LastModifiedDate="2024-12-11T21:05:51.1" LastModifiedBy="40001842" ThemeID="" ExtraInfo="" DisplayName="All DND - Lottery Form Controlss" />
      <File ID="BAE612E420D57DA911FFB803AF4C483B" Name="DND - Lottery Application Control Form_Recently Modified DND - Lottery Form Controlss" BaseFileID="822DB70CC86CDBB41199F0E66D881AA3" PrevVerFileID="BAE612E420D57DA911FFB704EE9C5B1F" AppID="822BBB36E0EBD77E1199E618525DD1E2" ParentFolderID="822BBB36E0EBD77E1199E618525DD203" ProcGroupID="822BBB36E0EBD77E1199E618525DD1EA" Description="" Version="1.2" Status="RELEASED" ContentType="user\processmodel" CheckedOutBy="" CheckedOutDate="0001-01-01T00:00:00Z" CreatedDate="2024-12-11T21:05:51.1" CreatedBy="40001842" LastModifiedDate="2024-12-11T21:05:51.1" LastModifiedBy="40001842" ThemeID="" ExtraInfo="" DisplayName="Recently Modified DND - Lottery Form Controlss" />
      <File ID="BAE612E420D57DA911FFB803AF4C4838" Name="DND - Lottery Application Control Form_Update DND - Lottery Form Controls" BaseFileID="822DB70CC86CDBB41199F0E66D881AA7" PrevVerFileID="BAE612E420D57DA911FFB704EE9C5B1C" AppID="822BBB36E0EBD77E1199E618525DD1E2" ParentFolderID="822BBB36E0EBD77E1199E618525DD203" ProcGroupID="822BBB36E0EBD77E1199E618525DD1EA" Description="" Version="1.2" Status="RELEASED" ContentType="user\processmodel" CheckedOutBy="" CheckedOutDate="0001-01-01T00:00:00Z" CreatedDate="2024-12-11T21:05:51.083" CreatedBy="40001842" LastModifiedDate="2024-12-11T21:05:51.083" LastModifiedBy="40001842" ThemeID="" ExtraInfo="" DisplayName="Update DND - Lottery Form Controls" />
    </Folder>
    <Folder ID="822BBB36E0EBD77E1199E618525DD20A" Name="Notification" ProcGroupID="822BBB36E0EBD77E1199E618525DD1EA" AppID="822BBB36E0EBD77E1199E618525DD1E2" Description="" CreatedBy="BOSTON-S-AS01\Bryan.Carroll" CreatedDate="0001-01-01T00:00:00Z" LastModifiedBy="BOSTON-S-AS01\Bryan.Carroll" LastModifiedDate="0001-01-01T00:00:00Z" ContentType="application\notification" ParentFolderID="822BBB36E0EBD77E1199E618525DD1EA" DisplayName="Notification">
      <Folder ID="822BBB36E0EBD77E1199E618525DD20E" Name="Attachment Repository" ProcGroupID="822BBB36E0EBD77E1199E618525DD1EA" AppID="822BBB36E0EBD77E1199E618525DD1E2" Description="" CreatedBy="BOSTON-S-AS01\Bryan.Carroll" CreatedDate="0001-01-01T00:00:00Z" LastModifiedBy="BOSTON-S-AS01\Bryan.Carroll" LastModifiedDate="0001-01-01T00:00:00Z" ContentType="application\attachmentrepository" ParentFolderID="822BBB36E0EBD77E1199E618525DD20A" DisplayName="Attachment Repository" />
      <Folder ID="825FC2FFACA72A8211DDE63888F826EE" Name="E-mails" ProcGroupID="822BBB36E0EBD77E1199E618525DD1EA" AppID="822BBB36E0EBD77E1199E618525DD1E2" Description="" CreatedBy="BOSTON-S-AS01\Bryan.Carroll" CreatedDate="2023-04-28T22:50:11.32" LastModifiedBy="BOSTON-S-AS01\Bryan.Carroll" LastModifiedDate="2023-04-28T22:50:11.32" ContentType="application\email" ParentFolderID="822BBB36E0EBD77E1199E618525DD20A" DisplayName="E-mails">
        <File ID="BAE612E420D57DA911FFB803AF4C483F" Name="Record Edited" BaseFileID="8262A786DECEB0B411EE09F5403D0875" PrevVerFileID="BAE612E420D57DA911FFB704EE9C5B21" AppID="822BBB36E0EBD77E1199E618525DD1E2" ParentFolderID="825FC2FFACA72A8211DDE63888F826EE" ProcGroupID="822BBB36E0EBD77E1199E618525DD1EA" Description="" Version="1.07" Status="RELEASED" ContentType="user\email" CheckedOutBy="" CheckedOutDate="0001-01-01T00:00:00Z" CreatedDate="2024-12-11T21:05:51.147" CreatedBy="40001842" LastModifiedDate="2024-12-11T21:05:51.147" LastModifiedBy="40001842" ThemeID="" ExtraInfo="" DisplayName="Record Edited" />
        <File ID="BAE612E420D57DA911FFB803AF4C4840" Name="Record Added" BaseFileID="8262A786DECEB0B411EE09F5403D0876" PrevVerFileID="BAE612E420D57DA911FFB704EE9C5B22" AppID="822BBB36E0EBD77E1199E618525DD1E2" ParentFolderID="825FC2FFACA72A8211DDE63888F826EE" ProcGroupID="822BBB36E0EBD77E1199E618525DD1EA" Description="" Version="1.07" Status="RELEASED" ContentType="user\email" CheckedOutBy="" CheckedOutDate="0001-01-01T00:00:00Z" CreatedDate="2024-12-11T21:05:51.147" CreatedBy="40001842" LastModifiedDate="2024-12-11T21:05:51.147" LastModifiedBy="40001842" ThemeID="" ExtraInfo="" DisplayName="Record Added" />
        <File ID="BAE612E420D57DA911FFB803AF4C4841" Name="Record Deleted" BaseFileID="8262A786DECEB0B411EE09F5403D0874" PrevVerFileID="BAE612E420D57DA911FFB704EE9C5B23" AppID="822BBB36E0EBD77E1199E618525DD1E2" ParentFolderID="825FC2FFACA72A8211DDE63888F826EE" ProcGroupID="822BBB36E0EBD77E1199E618525DD1EA" Description="" Version="1.07" Status="RELEASED" ContentType="user\email" CheckedOutBy="" CheckedOutDate="0001-01-01T00:00:00Z" CreatedDate="2024-12-11T21:05:51.147" CreatedBy="40001842" LastModifiedDate="2024-12-11T21:05:51.147" LastModifiedBy="40001842" ThemeID="" ExtraInfo="" DisplayName="Record Deleted" />
      </Folder>
    </Folder>
  </Folder>
  <CoAuthored>false</CoAuthored>
  <IsAIGenerated>false</IsAIGenerated>
</WFEnabledApplication>