<?xml version="1.0"?>
<WFEnabledApplication xmlns:xsd="http://www.w3.org/2001/XMLSchema" xmlns:xsi="http://www.w3.org/2001/XMLSchema-instance" ID="822BC26FCE8184E61199E6535CFF2B2D" Name="DND - Lottery Application" Description="" Status="DRAFT" CreatedDate="2019-10-04T03:02:17.153" CreatedBy="BOSTON-P-AS01\Bryan.Carroll" AppType="eForms" Visibility="PAAS" ContentType="application" DisplayName="DND - Lottery Application" AppLocale="customlocale" ParentApplicationId="">
  <Folder ID="822BC26FCE8184E61199E6535CFF2B2E" Name="Shared Resources" ProcGroupID="" AppID="822BC26FCE8184E61199E6535CFF2B2D" Description="" CreatedBy="BOSTON-P-AS01\Bryan.Carroll" CreatedDate="0001-01-01T00:00:00Z" LastModifiedBy="BOSTON-P-AS01\Bryan.Carroll" LastModifiedDate="0001-01-01T00:00:00Z" ContentType="Any" ParentFolderID="822BC26FCE8184E61199E6535CFF2B2D" DisplayName="Shared Resources">
    <Folder ID="822BC26FCE8184E61199E6535CFF2B2F" Name="Style Sheets" ProcGroupID="" AppID="822BC26FCE8184E61199E6535CFF2B2D" Description="" CreatedBy="BOSTON-P-AS01\Bryan.Carroll" CreatedDate="0001-01-01T00:00:00Z" LastModifiedBy="BOSTON-P-AS01\Bryan.Carroll" LastModifiedDate="0001-01-01T00:00:00Z" ContentType="application\CSS" ParentFolderID="822BC26FCE8184E61199E6535CFF2B2E" DisplayName="Style Sheets" />
    <Folder ID="822BC26FCE8184E61199E6535CFF2B30" Name="JavaScript" ProcGroupID="" AppID="822BC26FCE8184E61199E6535CFF2B2D" Description="" CreatedBy="BOSTON-P-AS01\Bryan.Carroll" CreatedDate="0001-01-01T00:00:00Z" LastModifiedBy="BOSTON-P-AS01\Bryan.Carroll" LastModifiedDate="0001-01-01T00:00:00Z" ContentType="application\js" ParentFolderID="822BC26FCE8184E61199E6535CFF2B2E" DisplayName="JavaScript" />
    <Folder ID="822BC26FCE8184E61199E6535CFF2B31" Name="Images" ProcGroupID="" AppID="822BC26FCE8184E61199E6535CFF2B2D" Description="" CreatedBy="BOSTON-P-AS01\Bryan.Carroll" CreatedDate="0001-01-01T00:00:00Z" LastModifiedBy="BOSTON-P-AS01\Bryan.Carroll" LastModifiedDate="0001-01-01T00:00:00Z" ContentType="application\image" ParentFolderID="822BC26FCE8184E61199E6535CFF2B2E" DisplayName="Images">
      <File ID="BAF80AFFF82C90671100B3429DC71499" Name="COB_B_Blue-01.png" BaseFileID="822BC26FCE8184E61199E6535CFF2B32" PrevVerFileID="BAEB0AFFF82C906711000E634E9C4348" AppID="822BC26FCE8184E61199E6535CFF2B2D" ParentFolderID="822BC26FCE8184E61199E6535CFF2B31" ProcGroupID="" Description="" Version="1.11" Status="DRAFT" ContentType="user\image" CheckedOutBy="" CheckedOutDate="0001-01-01T00:00:00Z" CreatedDate="2025-10-27T14:38:44.523" CreatedBy="40001842" LastModifiedDate="2025-10-27T14:38:44.523" LastModifiedBy="40001842" ThemeID="" ExtraInfo="" DisplayName="COB_B_Blue-01.png" />
    </Folder>
    <Folder ID="822BC26FCE8184E61199E6535CFF2B33" Name="Access Tokens" ProcGroupID="" AppID="822BC26FCE8184E61199E6535CFF2B2D" Description="" CreatedBy="BOSTON-P-AS01\Bryan.Carroll" CreatedDate="0001-01-01T00:00:00Z" LastModifiedBy="BOSTON-P-AS01\Bryan.Carroll" LastModifiedDate="0001-01-01T00:00:00Z" ContentType="application\apptoken" ParentFolderID="822BC26FCE8184E61199E6535CFF2B2E" DisplayName="Access Tokens" />
    <Folder ID="822BC26FCE8184E61199E6535CFF2B34" Name="Application Resources" ProcGroupID="" AppID="822BC26FCE8184E61199E6535CFF2B2D" Description="" CreatedBy="BOSTON-P-AS01\Bryan.Carroll" CreatedDate="0001-01-01T00:00:00Z" LastModifiedBy="BOSTON-P-AS01\Bryan.Carroll" LastModifiedDate="0001-01-01T00:00:00Z" ContentType="application\applicationresources" ParentFolderID="822BC26FCE8184E61199E6535CFF2B2E" DisplayName="Application Resources" />
    <Folder ID="8257D4CD9C2F4D1611DDF13AC1FAB0AA" Name="Comments" ProcGroupID="822BC26FCE8184E61199E6535CFF2B2E" AppID="822BC26FCE8184E61199E6535CFF2B2D" Description="" CreatedBy="BOSTON-P-AS01\Bryan.Carroll" CreatedDate="2023-05-12T23:03:43.087" LastModifiedBy="BOSTON-P-AS01\Bryan.Carroll" LastModifiedDate="2023-05-12T23:03:43.087" ContentType="application\comments" ParentFolderID="822BC26FCE8184E61199E6535CFF2B2E" DisplayName="Comments" />
    <Folder ID="BAF312DEFB27D0ED11006444AFB606FC" Name="ML Advisor" ProcGroupID="" AppID="822BC26FCE8184E61199E6535CFF2B2D" Description="" CreatedBy="BOSTON-P-AS01\Bryan.Carroll" CreatedDate="2025-07-19T02:04:23.95" LastModifiedBy="BOSTON-P-AS01\Bryan.Carroll" LastModifiedDate="2025-07-19T02:04:23.95" ContentType="application\mladvisor" ParentFolderID="822BC26FCE8184E61199E6535CFF2B2E" DisplayName="ML Advisor" />
  </Folder>
  <Folder ID="822BC26FCE8184E61199E6535CFF2B35" Name="Processes" ProcGroupID="" AppID="822BC26FCE8184E61199E6535CFF2B2D" Description="" CreatedBy="BOSTON-P-AS01\Bryan.Carroll" CreatedDate="0001-01-01T00:00:00Z" LastModifiedBy="BOSTON-P-AS01\Bryan.Carroll" LastModifiedDate="0001-01-01T00:00:00Z" ContentType="application\processgroup" ParentFolderID="822BC26FCE8184E61199E6535CFF2B2D" DisplayName="Processes">
    <Folder ID="822BC26FCE8184E61199E6535CFF2B36" Name="DND - Lottery Application" ProcGroupID="" AppID="822BC26FCE8184E61199E6535CFF2B2D" Description="" CreatedBy="BOSTON-P-AS01\Bryan.Carroll" CreatedDate="0001-01-01T00:00:00Z" LastModifiedBy="BOSTON-P-AS01\Bryan.Carroll" LastModifiedDate="0001-01-01T00:00:00Z" ContentType="user\processgroup" ParentFolderID="822BC26FCE8184E61199E6535CFF2B35" DisplayName="DND - Lottery Application">
      <Folder ID="822BC26FCE8184E61199E6535CFF2B37" Name="Process Model" ProcGroupID="822BC26FCE8184E61199E6535CFF2B36" AppID="822BC26FCE8184E61199E6535CFF2B2D" Description="" CreatedBy="BOSTON-P-AS01\Bryan.Carroll" CreatedDate="0001-01-01T00:00:00Z" LastModifiedBy="BOSTON-P-AS01\Bryan.Carroll" LastModifiedDate="0001-01-01T00:00:00Z" ContentType="application\processmodel" ParentFolderID="822BC26FCE8184E61199E6535CFF2B36" DisplayName="Process Model">
        <File ID="BAF80AFFF82C90671100B3429DC7149F" Name="DND Lotterty Application" BaseFileID="822BDCDF7567B6A81199E654FEA45995" PrevVerFileID="BAEB0AFFF82C906711000E634E9C4349" AppID="822BC26FCE8184E61199E6535CFF2B2D" ParentFolderID="822BC26FCE8184E61199E6535CFF2B37" ProcGroupID="822BC26FCE8184E61199E6535CFF2B36" Description="" Version="1.19" Status="DRAFT" ContentType="user\processmodel" CheckedOutBy="" CheckedOutDate="0001-01-01T00:00:00Z" CreatedDate="2025-10-27T14:38:44.57" CreatedBy="40001842" LastModifiedDate="2025-10-27T14:38:44.57" LastModifiedBy="40001842" ThemeID="" ExtraInfo="" DisplayName="DND Lottery Application" />
      </Folder>
      <Folder ID="822BC26FCE8184E61199E6535CFF2B39" Name="Notification" ProcGroupID="822BC26FCE8184E61199E6535CFF2B36" AppID="822BC26FCE8184E61199E6535CFF2B2D" Description="" CreatedBy="BOSTON-P-AS01\Bryan.Carroll" CreatedDate="0001-01-01T00:00:00Z" LastModifiedBy="BOSTON-P-AS01\Bryan.Carroll" LastModifiedDate="0001-01-01T00:00:00Z" ContentType="application\notification" ParentFolderID="822BC26FCE8184E61199E6535CFF2B36" DisplayName="Notification">
        <Folder ID="822BC26FCE8184E61199E6535CFF2B3A" Name="Attachment Repository" ProcGroupID="822BC26FCE8184E61199E6535CFF2B36" AppID="822BC26FCE8184E61199E6535CFF2B2D" Description="" CreatedBy="BOSTON-P-AS01\Bryan.Carroll" CreatedDate="0001-01-01T00:00:00Z" LastModifiedBy="BOSTON-P-AS01\Bryan.Carroll" LastModifiedDate="0001-01-01T00:00:00Z" ContentType="application\attachmentrepository" ParentFolderID="822BC26FCE8184E61199E6535CFF2B39" DisplayName="Attachment Repository" />
        <Folder ID="822BC26FCE8184E61199E6535CFF2B3B" Name="E-mails" ProcGroupID="822BC26FCE8184E61199E6535CFF2B36" AppID="822BC26FCE8184E61199E6535CFF2B2D" Description="" CreatedBy="BOSTON-P-AS01\Bryan.Carroll" CreatedDate="0001-01-01T00:00:00Z" LastModifiedBy="BOSTON-P-AS01\Bryan.Carroll" LastModifiedDate="0001-01-01T00:00:00Z" ContentType="application\email" ParentFolderID="822BC26FCE8184E61199E6535CFF2B39" DisplayName="E-mails">
          <File ID="BAF80AFFF82C90671100B3429DC714A3" Name="Notification" BaseFileID="822BC26FCE8184E61199E6535CFF2B3D" PrevVerFileID="BAEB0AFFF82C906711000E634E9C434C" AppID="822BC26FCE8184E61199E6535CFF2B2D" ParentFolderID="822BC26FCE8184E61199E6535CFF2B3B" ProcGroupID="822BC26FCE8184E61199E6535CFF2B36" Description="" Version="1.11" Status="DRAFT" ContentType="user\email" CheckedOutBy="" CheckedOutDate="0001-01-01T00:00:00Z" CreatedDate="2025-10-27T14:38:44.65" CreatedBy="40001842" LastModifiedDate="2025-10-27T14:38:44.65" LastModifiedBy="40001842" ThemeID="" ExtraInfo="" DisplayName="Notification" />
          <File ID="BAF80AFFF82C90671100B3429DC714A0" Name="Thank You" BaseFileID="822BC26FCE8184E61199E6535CFF2B3C" PrevVerFileID="BAEB0AFFF82C906711000E634E9C434B" AppID="822BC26FCE8184E61199E6535CFF2B2D" ParentFolderID="822BC26FCE8184E61199E6535CFF2B3B" ProcGroupID="822BC26FCE8184E61199E6535CFF2B36" Description="" Version="1.13" Status="DRAFT" ContentType="user\email" CheckedOutBy="" CheckedOutDate="0001-01-01T00:00:00Z" CreatedDate="2025-10-27T14:38:44.633" CreatedBy="40001842" LastModifiedDate="2025-10-27T14:38:44.633" LastModifiedBy="40001842" ThemeID="" ExtraInfo="" DisplayName="Thank You" />
          <File ID="BAF80AFFF82C90671100B3429DC714A1" Name="Confirmation" BaseFileID="822BC26FCE8184E61199E6535CFF2B3E" PrevVerFileID="BAEB0AFFF82C906711000E634E9C434D" AppID="822BC26FCE8184E61199E6535CFF2B2D" ParentFolderID="822BC26FCE8184E61199E6535CFF2B3B" ProcGroupID="822BC26FCE8184E61199E6535CFF2B36" Description="" Version="1.11" Status="DRAFT" ContentType="user\email" CheckedOutBy="" CheckedOutDate="0001-01-01T00:00:00Z" CreatedDate="2025-10-27T14:38:44.633" CreatedBy="40001842" LastModifiedDate="2025-10-27T14:38:44.633" LastModifiedBy="40001842" ThemeID="" ExtraInfo="" DisplayName="Confirmation" />
          <File ID="BAF80AFFF82C90671100B3429DC714A2" Name="Reminder" BaseFileID="822BC26FCE8184E61199E6535CFF2B3F" PrevVerFileID="BAEB0AFFF82C906711000E634E9C434A" AppID="822BC26FCE8184E61199E6535CFF2B2D" ParentFolderID="822BC26FCE8184E61199E6535CFF2B3B" ProcGroupID="822BC26FCE8184E61199E6535CFF2B36" Description="" Version="1.11" Status="DRAFT" ContentType="user\email" CheckedOutBy="" CheckedOutDate="0001-01-01T00:00:00Z" CreatedDate="2025-10-27T14:38:44.633" CreatedBy="40001842" LastModifiedDate="2025-10-27T14:38:44.633" LastModifiedBy="40001842" ThemeID="" ExtraInfo="" DisplayName="Reminder" />
        </Folder>
        <Folder ID="822BC26FCE8184E61199E6535CFF2B40" Name="Yammer" ProcGroupID="822BC26FCE8184E61199E6535CFF2B36" AppID="822BC26FCE8184E61199E6535CFF2B2D" Description="" CreatedBy="BOSTON-P-AS01\Bryan.Carroll" CreatedDate="0001-01-01T00:00:00Z" LastModifiedBy="BOSTON-P-AS01\Bryan.Carroll" LastModifiedDate="0001-01-01T00:00:00Z" ContentType="application\yammer" ParentFolderID="822BC26FCE8184E61199E6535CFF2B39" DisplayName="Viva Engage" />
        <Folder ID="822BC26FCE8184E61199E6535CFF2B41" Name="Chatter" ProcGroupID="822BC26FCE8184E61199E6535CFF2B36" AppID="822BC26FCE8184E61199E6535CFF2B2D" Description="" CreatedBy="BOSTON-P-AS01\Bryan.Carroll" CreatedDate="0001-01-01T00:00:00Z" LastModifiedBy="BOSTON-P-AS01\Bryan.Carroll" LastModifiedDate="0001-01-01T00:00:00Z" ContentType="application\chatter" ParentFolderID="822BC26FCE8184E61199E6535CFF2B39" DisplayName="Chatter" />
        <Folder ID="822BC26FCE8184E61199E6535CFF2B42" Name="MicrosoftTeams" ProcGroupID="822BC26FCE8184E61199E6535CFF2B36" AppID="822BC26FCE8184E61199E6535CFF2B2D" Description="" CreatedBy="BOSTON-P-AS01\Bryan.Carroll" CreatedDate="0001-01-01T00:00:00Z" LastModifiedBy="BOSTON-P-AS01\Bryan.Carroll" LastModifiedDate="2023-05-12T23:03:43.337" ContentType="application\microsoftteams" ParentFolderID="822BC26FCE8184E61199E6535CFF2B39" DisplayName="Microsoft Teams" />
        <Folder ID="822BC26FCE8184E61199E6535CFF2B43" Name="SMS" ProcGroupID="822BC26FCE8184E61199E6535CFF2B36" AppID="822BC26FCE8184E61199E6535CFF2B2D" Description="" CreatedBy="BOSTON-P-AS01\Bryan.Carroll" CreatedDate="0001-01-01T00:00:00Z" LastModifiedBy="BOSTON-P-AS01\Bryan.Carroll" LastModifiedDate="0001-01-01T00:00:00Z" ContentType="application\sms" ParentFolderID="822BC26FCE8184E61199E6535CFF2B39" DisplayName="SMS" />
      </Folder>
      <Folder ID="822BC26FCE8184E61199E6535CFF2B44" Name="Data Model" ProcGroupID="822BC26FCE8184E61199E6535CFF2B36" AppID="822BC26FCE8184E61199E6535CFF2B2D" Description="" CreatedBy="BOSTON-P-AS01\Bryan.Carroll" CreatedDate="0001-01-01T00:00:00Z" LastModifiedBy="BOSTON-P-AS01\Bryan.Carroll" LastModifiedDate="0001-01-01T00:00:00Z" ContentType="application\datamodel" ParentFolderID="822BC26FCE8184E61199E6535CFF2B36" DisplayName="Data Model">
        <File ID="BAF80AFFF82C90671100B342BBC56FE6" Name="Schema.xsd" BaseFileID="822BDCDF7567B6A81199E654ECA4B4FE" PrevVerFileID="BAEC12DEFB27D0ED11000E6359EDD748" AppID="822BC26FCE8184E61199E6535CFF2B2D" ParentFolderID="822BC26FCE8184E61199E6535CFF2B44" ProcGroupID="822BC26FCE8184E61199E6535CFF2B36" Description="" Version="1.37" Status="DRAFT" ContentType="user\datamodel" CheckedOutBy="" CheckedOutDate="0001-01-01T00:00:00Z" CreatedDate="2025-10-27T14:39:34.063" CreatedBy="40001842" LastModifiedDate="2025-10-27T14:40:04" LastModifiedBy="40001842" ThemeID="" ExtraInfo="[{&quot;Name&quot; : &quot;NamespaceUpdated&quot; , &quot;Value&quot; : &quot;True&quot;}]" DisplayName="Schema.xsd" />
        <File ID="BAF80AFFF82C90671100B342C7CBD0AB" Name="DNDRentalLotteryApp" BaseFileID="822BC26FCE8184E61199E6535CFF2B46" PrevVerFileID="BAEC12DEFB27D0ED11000E6359EDD749" AppID="822BC26FCE8184E61199E6535CFF2B2D" ParentFolderID="822BC26FCE8184E61199E6535CFF2B44" ProcGroupID="822BC26FCE8184E61199E6535CFF2B36" Description="Datasource DNDRentalLotteryApp Schema" Version="1.2" Status="DRAFT" ContentType="user\apdataentitydatamodel" CheckedOutBy="" CheckedOutDate="0001-01-01T00:00:00Z" CreatedDate="2025-10-27T14:39:46.393" CreatedBy="40001842" LastModifiedDate="2025-10-27T14:39:46.473" LastModifiedBy="40001842" ThemeID="" ExtraInfo="" DisplayName="DNDRentalLotteryApp" />
      </Folder>
      <Folder ID="822BC26FCE8184E61199E6535CFF2B47" Name="Data Source" ProcGroupID="822BC26FCE8184E61199E6535CFF2B36" AppID="822BC26FCE8184E61199E6535CFF2B2D" Description="" CreatedBy="BOSTON-P-AS01\Bryan.Carroll" CreatedDate="0001-01-01T00:00:00Z" LastModifiedBy="BOSTON-P-AS01\Bryan.Carroll" LastModifiedDate="0001-01-01T00:00:00Z" ContentType="application\datasources" ParentFolderID="822BC26FCE8184E61199E6535CFF2B36" DisplayName="Data Source">
        <File ID="BAF80AFFF82C90671100B342A3C1DD08" Name="DNDRentalLotteryApp" BaseFileID="822BC26FCE8184E61199E6535CFF2B48" PrevVerFileID="BAEB0AFFF82C906711000E63549EDF77" AppID="822BC26FCE8184E61199E6535CFF2B2D" ParentFolderID="822BC26FCE8184E61199E6535CFF2B47" ProcGroupID="822BC26FCE8184E61199E6535CFF2B36" Description="" Version="1.21" Status="DRAFT" ContentType="user\APDataEntityDataSource" CheckedOutBy="" CheckedOutDate="0001-01-01T00:00:00Z" CreatedDate="2025-10-27T14:38:55.073" CreatedBy="40001842" LastModifiedDate="2025-10-27T14:40:03.86" LastModifiedBy="40001842" ThemeID="" ExtraInfo="" DisplayName="DNDRentalLotteryApp" />
      </Folder>
      <Folder ID="822BC26FCE8184E61199E6535CFF2B49" Name="Library" ProcGroupID="822BC26FCE8184E61199E6535CFF2B36" AppID="822BC26FCE8184E61199E6535CFF2B2D" Description="" CreatedBy="BOSTON-P-AS01\Bryan.Carroll" CreatedDate="0001-01-01T00:00:00Z" LastModifiedBy="BOSTON-P-AS01\Bryan.Carroll" LastModifiedDate="0001-01-01T00:00:00Z" ContentType="application\taskformlibrary" ParentFolderID="822BC26FCE8184E61199E6535CFF2B36" DisplayName="Library">
        <File ID="BAF80AFFF82C90671100B3429DC714A7" Name="Form Library" BaseFileID="822BDCDF7567B6A81199E654ECA4B4FD" PrevVerFileID="BAEB0AFFF82C906711000E634E9C4351" AppID="822BC26FCE8184E61199E6535CFF2B2D" ParentFolderID="822BC26FCE8184E61199E6535CFF2B49" ProcGroupID="822BC26FCE8184E61199E6535CFF2B36" Description="" Version="1.26" Status="DRAFT" ContentType="user\taskformlibrary" CheckedOutBy="" CheckedOutDate="0001-01-01T00:00:00Z" CreatedDate="2025-10-27T14:38:44.727" CreatedBy="40001842" LastModifiedDate="2025-10-27T14:38:44.727" LastModifiedBy="40001842" ThemeID="" ExtraInfo="" DisplayName="Form Library" />
      </Folder>
      <Folder ID="822BC26FCE8184E61199E6535CFF2B4B" Name="Forms" ProcGroupID="822BC26FCE8184E61199E6535CFF2B36" AppID="822BC26FCE8184E61199E6535CFF2B2D" Description="" CreatedBy="BOSTON-P-AS01\Bryan.Carroll" CreatedDate="0001-01-01T00:00:00Z" LastModifiedBy="BOSTON-P-AS01\Bryan.Carroll" LastModifiedDate="0001-01-01T00:00:00Z" ContentType="application\formsgroup" ParentFolderID="822BC26FCE8184E61199E6535CFF2B36" DisplayName="Forms">
        <Folder ID="822BC26FCE8184E61199E6535CFF2B4C" Name="Task Forms" ProcGroupID="822BC26FCE8184E61199E6535CFF2B36" AppID="822BC26FCE8184E61199E6535CFF2B2D" Description="" CreatedBy="BOSTON-P-AS01\Bryan.Carroll" CreatedDate="0001-01-01T00:00:00Z" LastModifiedBy="BOSTON-P-AS01\Bryan.Carroll" LastModifiedDate="0001-01-01T00:00:00Z" ContentType="application\taskforms" ParentFolderID="822BC26FCE8184E61199E6535CFF2B4B" DisplayName="Task Forms">
          <File ID="BAF80AFFF82C90671100B3429DC714A8" Name="Lottery Application Submission" BaseFileID="822BC26FCE8184E61199E6535CFF2B4D" PrevVerFileID="BAEB0AFFF82C906711000E634E9C4352" AppID="822BC26FCE8184E61199E6535CFF2B2D" ParentFolderID="822BC26FCE8184E61199E6535CFF2B4C" ProcGroupID="822BC26FCE8184E61199E6535CFF2B36" Description="" Version="1.24" Status="DRAFT" ContentType="user\taskforms" CheckedOutBy="" CheckedOutDate="0001-01-01T00:00:00Z" CreatedDate="2025-10-27T14:38:44.807" CreatedBy="40001842" LastModifiedDate="2025-10-27T14:38:44.807" LastModifiedBy="40001842" ThemeID="" ExtraInfo="" DisplayName="Lottery Application Submission" />
        </Folder>
      </Folder>
      <Folder ID="822BC26FCE8184E61199E6535CFF2B4E" Name="Lookups" ProcGroupID="822BC26FCE8184E61199E6535CFF2B36" AppID="822BC26FCE8184E61199E6535CFF2B2D" Description="" CreatedBy="BOSTON-P-AS01\Bryan.Carroll" CreatedDate="0001-01-01T00:00:00Z" LastModifiedBy="BOSTON-P-AS01\Bryan.Carroll" LastModifiedDate="0001-01-01T00:00:00Z" ContentType="application\lookup" ParentFolderID="822BC26FCE8184E61199E6535CFF2B36" DisplayName="Lookups">
        <File ID="BAF80AFFF82C90671100B3429DC714B1" Name="Lookup Potential Available Hearing Units" BaseFileID="822BC26FCE8184E61199E6535CFF2B56" PrevVerFileID="BAEB0AFFF82C906711000E634E9C435C" AppID="822BC26FCE8184E61199E6535CFF2B2D" ParentFolderID="822BC26FCE8184E61199E6535CFF2B4E" ProcGroupID="822BC26FCE8184E61199E6535CFF2B36" Description="" Version="1.11" Status="DRAFT" ContentType="user\lookupnamevalue" CheckedOutBy="" CheckedOutDate="0001-01-01T00:00:00Z" CreatedDate="2025-10-27T14:38:44.9" CreatedBy="40001842" LastModifiedDate="2025-10-27T14:38:44.9" LastModifiedBy="40001842" ThemeID="" ExtraInfo="" DisplayName="Lookup Potential Available Hearing Units" />
        <File ID="BAF80AFFF82C90671100B3429DC714B2" Name="Available Bedroom Types" BaseFileID="822BC26FCE8184E61199E6535CFF2B58" PrevVerFileID="BAEB0AFFF82C906711000E634E9C4359" AppID="822BC26FCE8184E61199E6535CFF2B2D" ParentFolderID="822BC26FCE8184E61199E6535CFF2B4E" ProcGroupID="822BC26FCE8184E61199E6535CFF2B36" Description="" Version="1.11" Status="DRAFT" ContentType="user\lookupnamevalue" CheckedOutBy="" CheckedOutDate="0001-01-01T00:00:00Z" CreatedDate="2025-10-27T14:38:44.9" CreatedBy="40001842" LastModifiedDate="2025-10-27T14:38:44.9" LastModifiedBy="40001842" ThemeID="" ExtraInfo="" DisplayName="Available Bedroom Types" />
        <File ID="BAF80AFFF82C90671100B3429DC714AF" Name="LookupElderly65Setasides" BaseFileID="822CC049701F8A4811AA4E6E5C329CA1" PrevVerFileID="BAEB0AFFF82C906711000E634E9C4356" AppID="822BC26FCE8184E61199E6535CFF2B2D" ParentFolderID="822BC26FCE8184E61199E6535CFF2B4E" ProcGroupID="822BC26FCE8184E61199E6535CFF2B36" Description="" Version="1.1" Status="DRAFT" ContentType="user\lookupnamevalue" CheckedOutBy="" CheckedOutDate="0001-01-01T00:00:00Z" CreatedDate="2025-10-27T14:38:44.883" CreatedBy="40001842" LastModifiedDate="2025-10-27T14:38:44.883" LastModifiedBy="40001842" ThemeID="" ExtraInfo="" DisplayName="LookupElderly65Setasides" />
        <File ID="BAF80AFFF82C90671100B3429DC714B0" Name="Lookup Potential Available Vision Units" BaseFileID="822BC26FCE8184E61199E6535CFF2B57" PrevVerFileID="BAEB0AFFF82C906711000E634E9C4357" AppID="822BC26FCE8184E61199E6535CFF2B2D" ParentFolderID="822BC26FCE8184E61199E6535CFF2B4E" ProcGroupID="822BC26FCE8184E61199E6535CFF2B36" Description="" Version="1.11" Status="DRAFT" ContentType="user\lookupnamevalue" CheckedOutBy="" CheckedOutDate="0001-01-01T00:00:00Z" CreatedDate="2025-10-27T14:38:44.883" CreatedBy="40001842" LastModifiedDate="2025-10-27T14:38:44.883" LastModifiedBy="40001842" ThemeID="" ExtraInfo="" DisplayName="Lookup Potential Available Vision Units" />
        <File ID="BAF80AFFF82C90671100B3429DC714AC" Name="Lookup Potential Artist Unit Setasides" BaseFileID="822BC26FCE8184E61199E6535CFF2B55" PrevVerFileID="BAEB0AFFF82C906711000E634E9C435B" AppID="822BC26FCE8184E61199E6535CFF2B2D" ParentFolderID="822BC26FCE8184E61199E6535CFF2B4E" ProcGroupID="822BC26FCE8184E61199E6535CFF2B36" Description="" Version="1.11" Status="DRAFT" ContentType="user\lookupnamevalue" CheckedOutBy="" CheckedOutDate="0001-01-01T00:00:00Z" CreatedDate="2025-10-27T14:38:44.87" CreatedBy="40001842" LastModifiedDate="2025-10-27T14:38:44.87" LastModifiedBy="40001842" ThemeID="" ExtraInfo="" DisplayName="Lookup Potential Artist Unit Setasides" />
        <File ID="BAF80AFFF82C90671100B3429DC714AD" Name="Get Development Information" BaseFileID="822BC26FCE8184E61199E6535CFF2B51" PrevVerFileID="BAEB0AFFF82C906711000E634E9C4353" AppID="822BC26FCE8184E61199E6535CFF2B2D" ParentFolderID="822BC26FCE8184E61199E6535CFF2B4E" ProcGroupID="822BC26FCE8184E61199E6535CFF2B36" Description="" Version="1.13" Status="DRAFT" ContentType="user\lookupmulticolumn" CheckedOutBy="" CheckedOutDate="0001-01-01T00:00:00Z" CreatedDate="2025-10-27T14:38:44.87" CreatedBy="40001842" LastModifiedDate="2025-10-27T14:38:44.87" LastModifiedBy="40001842" ThemeID="" ExtraInfo="" DisplayName="Get Development Information" />
        <File ID="BAF80AFFF82C90671100B3429DC714AE" Name="Active Lotteries" BaseFileID="822BC26FCE8184E61199E6535CFF2B52" PrevVerFileID="BAEB0AFFF82C906711000E634E9C4354" AppID="822BC26FCE8184E61199E6535CFF2B2D" ParentFolderID="822BC26FCE8184E61199E6535CFF2B4E" ProcGroupID="822BC26FCE8184E61199E6535CFF2B36" Description="" Version="1.14" Status="DRAFT" ContentType="user\lookupnamevalue" CheckedOutBy="" CheckedOutDate="0001-01-01T00:00:00Z" CreatedDate="2025-10-27T14:38:44.87" CreatedBy="40001842" LastModifiedDate="2025-10-27T14:38:44.87" LastModifiedBy="40001842" ThemeID="" ExtraInfo="" DisplayName="Active Lotteries" />
        <File ID="BAF80AFFF82C90671100B3429DC714AA" Name="Potential Available Veteran Set Asides" BaseFileID="822BC26FCE8184E61199E6535CFF2B50" PrevVerFileID="BAEB0AFFF82C906711000E634E9C4355" AppID="822BC26FCE8184E61199E6535CFF2B2D" ParentFolderID="822BC26FCE8184E61199E6535CFF2B4E" ProcGroupID="822BC26FCE8184E61199E6535CFF2B36" Description="" Version="1.11" Status="DRAFT" ContentType="user\lookupnamevalue" CheckedOutBy="" CheckedOutDate="0001-01-01T00:00:00Z" CreatedDate="2025-10-27T14:38:44.853" CreatedBy="40001842" LastModifiedDate="2025-10-27T14:38:44.853" LastModifiedBy="40001842" ThemeID="" ExtraInfo="" DisplayName="Potential Available Veteran Set Asides" />
        <File ID="BAF80AFFF82C90671100B3429DC714AB" Name="Lookup Potential Available Elderly Setasides" BaseFileID="822BC26FCE8184E61199E6535CFF2B54" PrevVerFileID="BAEB0AFFF82C906711000E634E9C435A" AppID="822BC26FCE8184E61199E6535CFF2B2D" ParentFolderID="822BC26FCE8184E61199E6535CFF2B4E" ProcGroupID="822BC26FCE8184E61199E6535CFF2B36" Description="" Version="1.11" Status="DRAFT" ContentType="user\lookupnamevalue" CheckedOutBy="" CheckedOutDate="0001-01-01T00:00:00Z" CreatedDate="2025-10-27T14:38:44.853" CreatedBy="40001842" LastModifiedDate="2025-10-27T14:38:44.853" LastModifiedBy="40001842" ThemeID="" ExtraInfo="" DisplayName="Lookup Potential Available Elderly Setasides" />
        <File ID="BAF80AFFF82C90671100B3429DC714A9" Name="Lookup Potential Available Mobility Units" BaseFileID="822BC26FCE8184E61199E6535CFF2B4F" PrevVerFileID="BAEB0AFFF82C906711000E634E9C4358" AppID="822BC26FCE8184E61199E6535CFF2B2D" ParentFolderID="822BC26FCE8184E61199E6535CFF2B4E" ProcGroupID="822BC26FCE8184E61199E6535CFF2B36" Description="" Version="1.11" Status="DRAFT" ContentType="user\lookupnamevalue" CheckedOutBy="" CheckedOutDate="0001-01-01T00:00:00Z" CreatedDate="2025-10-27T14:38:44.837" CreatedBy="40001842" LastModifiedDate="2025-10-27T14:38:44.837" LastModifiedBy="40001842" ThemeID="" ExtraInfo="" DisplayName="Lookup Potential Available Mobility Units" />
      </Folder>
      <Folder ID="822BC26FCE8184E61199E6535CFF2B59" Name="Translation" ProcGroupID="822BC26FCE8184E61199E6535CFF2B36" AppID="822BC26FCE8184E61199E6535CFF2B2D" Description="" CreatedBy="BOSTON-P-AS01\Bryan.Carroll" CreatedDate="0001-01-01T00:00:00Z" LastModifiedBy="BOSTON-P-AS01\Bryan.Carroll" LastModifiedDate="0001-01-01T00:00:00Z" ContentType="application\translation" ParentFolderID="822BC26FCE8184E61199E6535CFF2B36" DisplayName="Translation" />
      <Folder ID="822BC26FCE8184E61199E6535CFF2B5A" Name="Document Repository" ProcGroupID="822BC26FCE8184E61199E6535CFF2B36" AppID="822BC26FCE8184E61199E6535CFF2B2D" Description="" CreatedBy="BOSTON-P-AS01\Bryan.Carroll" CreatedDate="0001-01-01T00:00:00Z" LastModifiedBy="BOSTON-P-AS01\Bryan.Carroll" LastModifiedDate="0001-01-01T00:00:00Z" ContentType="application\documentrepository" ParentFolderID="822BC26FCE8184E61199E6535CFF2B36" DisplayName="Document Repository" />
      <Folder ID="822BC26FCE8184E61199E6535CFF2B5B" Name="System Files" ProcGroupID="822BC26FCE8184E61199E6535CFF2B36" AppID="822BC26FCE8184E61199E6535CFF2B2D" Description="" CreatedBy="BOSTON-P-AS01\Bryan.Carroll" CreatedDate="0001-01-01T00:00:00Z" LastModifiedBy="BOSTON-P-AS01\Bryan.Carroll" LastModifiedDate="0001-01-01T00:00:00Z" ContentType="application\hidden" ParentFolderID="822BC26FCE8184E61199E6535CFF2B36" DisplayName="System Files" />
    </Folder>
  </Folder>
  <CoAuthored>false</CoAuthored>
  <IsAIGenerated>false</IsAIGenerated>
</WFEnabledApplication>