<?xml version="1.0"?>
<WFApplicationDynamicDependencies xmlns:xsd="http://www.w3.org/2001/XMLSchema" xmlns:xsi="http://www.w3.org/2001/XMLSchema-instance">
  <AppName>DND - Lottery Application</AppName>
  <Version>1.18</Version>
  <DataEntities>
    <DataEntity>
      <EntityName>DNDLotteryApplication__u</EntityName>
      <EntityDisplayName>DND - Lottery Application</EntityDisplayName>
      <UsedIn>
        <DependencyUsedIn>
          <FileName>DNDRentalLotteryApp</FileName>
          <FileDisplayName>DNDRentalLotteryApp</FileDisplayName>
          <Activities />
          <FileType>Data Source</FileType>
          <NumberOfTimesUsed>1</NumberOfTimesUsed>
        </DependencyUsedIn>
      </UsedIn>
      <IsExists>false</IsExists>
    </DataEntity>
    <DataEntity>
      <EntityName>DNDLotteryFormAMI__u</EntityName>
      <EntityDisplayName>DND - Lottery Form AMI</EntityDisplayName>
      <UsedIn>
        <DependencyUsedIn>
          <FileName>Lookup Potential Artist Unit Setasides</FileName>
          <FileDisplayName>Lookup Potential Artist Unit Setasides</FileDisplayName>
          <Activities />
          <FileType>Lookup</FileType>
          <NumberOfTimesUsed>1</NumberOfTimesUsed>
        </DependencyUsedIn>
        <DependencyUsedIn>
          <FileName>Lookup Potential Available Hearing Units</FileName>
          <FileDisplayName>Lookup Potential Available Hearing Units</FileDisplayName>
          <Activities />
          <FileType>Lookup</FileType>
          <NumberOfTimesUsed>1</NumberOfTimesUsed>
        </DependencyUsedIn>
        <DependencyUsedIn>
          <FileName>Lookup Potential Available Mobility Units</FileName>
          <FileDisplayName>Lookup Potential Available Mobility Units</FileDisplayName>
          <Activities />
          <FileType>Lookup</FileType>
          <NumberOfTimesUsed>1</NumberOfTimesUsed>
        </DependencyUsedIn>
        <DependencyUsedIn>
          <FileName>Lookup Potential Available Elderly Setasides</FileName>
          <FileDisplayName>Lookup Potential Available Elderly Setasides</FileDisplayName>
          <Activities />
          <FileType>Lookup</FileType>
          <NumberOfTimesUsed>1</NumberOfTimesUsed>
        </DependencyUsedIn>
        <DependencyUsedIn>
          <FileName>Lookup Potential Available Vision Units</FileName>
          <FileDisplayName>Lookup Potential Available Vision Units</FileDisplayName>
          <Activities />
          <FileType>Lookup</FileType>
          <NumberOfTimesUsed>1</NumberOfTimesUsed>
        </DependencyUsedIn>
        <DependencyUsedIn>
          <FileName>Potential Available Veteran Set Asides</FileName>
          <FileDisplayName>Potential Available Veteran Set Asides</FileDisplayName>
          <Activities />
          <FileType>Lookup</FileType>
          <NumberOfTimesUsed>1</NumberOfTimesUsed>
        </DependencyUsedIn>
        <DependencyUsedIn>
          <FileName>LookupElderly65Setasides</FileName>
          <FileDisplayName>LookupElderly65Setasides</FileDisplayName>
          <Activities />
          <FileType>Lookup</FileType>
          <NumberOfTimesUsed>1</NumberOfTimesUsed>
        </DependencyUsedIn>
      </UsedIn>
      <IsExists>false</IsExists>
    </DataEntity>
    <DataEntity>
      <EntityName>DNDLotteryFormRoomTypes__u</EntityName>
      <EntityDisplayName>DND - Lottery Form Unit Types</EntityDisplayName>
      <UsedIn>
        <DependencyUsedIn>
          <FileName>Available Bedroom Types</FileName>
          <FileDisplayName>Available Bedroom Types</FileDisplayName>
          <Activities />
          <FileType>Lookup</FileType>
          <NumberOfTimesUsed>1</NumberOfTimesUsed>
        </DependencyUsedIn>
      </UsedIn>
      <IsExists>false</IsExists>
    </DataEntity>
    <DataEntity>
      <EntityName>DNDLotteryFormControls__u</EntityName>
      <EntityDisplayName>DND - Lottery Form Controls</EntityDisplayName>
      <UsedIn>
        <DependencyUsedIn>
          <FileName>Get Development Information</FileName>
          <FileDisplayName>Get Development Information</FileDisplayName>
          <Activities />
          <FileType>Lookup</FileType>
          <NumberOfTimesUsed>1</NumberOfTimesUsed>
        </DependencyUsedIn>
        <DependencyUsedIn>
          <FileName>Active Lotteries</FileName>
          <FileDisplayName>Active Lotteries</FileDisplayName>
          <Activities />
          <FileType>Lookup</FileType>
          <NumberOfTimesUsed>1</NumberOfTimesUsed>
        </DependencyUsedIn>
      </UsedIn>
      <IsExists>false</IsExists>
    </DataEntity>
  </DataEntities>
  <PickLists>
    <PickList>
      <PickListName>USAStates</PickListName>
      <PickListDisplayName>USA States</PickListDisplayName>
      <UsedIn>
        <DependencyUsedIn>
          <FileName>Form Library</FileName>
          <FileDisplayName>Form Library</FileDisplayName>
          <Activities />
          <FileType>eForm Library</FileType>
          <NumberOfTimesUsed>2</NumberOfTimesUsed>
        </DependencyUsedIn>
      </UsedIn>
      <IsExists>false</IsExists>
    </PickList>
    <PickList>
      <PickListName>COBNeighborhoods__p</PickListName>
      <PickListDisplayName>COB - Neighborhood's</PickListDisplayName>
      <UsedIn>
        <DependencyUsedIn>
          <FileName>Form Library</FileName>
          <FileDisplayName>Form Library</FileDisplayName>
          <Activities />
          <FileType>eForm Library</FileType>
          <NumberOfTimesUsed>1</NumberOfTimesUsed>
        </DependencyUsedIn>
      </UsedIn>
      <IsExists>false</IsExists>
    </PickList>
  </PickLists>
  <ValidationMasks>
    <ValidationMask>
      <MaskName>Numeric Text Only Five Digits</MaskName>
      <UsedIn>
        <DependencyUsedIn>
          <FileName>Lottery Application Submission</FileName>
          <FileDisplayName>Lottery Application Submission</FileDisplayName>
          <Activities />
          <FileType>eForm</FileType>
          <NumberOfTimesUsed>1</NumberOfTimesUsed>
        </DependencyUsedIn>
      </UsedIn>
      <IsExists>false</IsExists>
    </ValidationMask>
  </ValidationMasks>
</WFApplicationDynamicDependencies>