<?xml version="1.0"?>
<WFEnabledApplication xmlns:xsd="http://www.w3.org/2001/XMLSchema" xmlns:xsi="http://www.w3.org/2001/XMLSchema-instance" ID="822BC26FCE8184E61199E6535CFF2B2D" Name="DND - Lottery Application" Description="" Status="DRAFT" CreatedDate="2019-10-04T03:02:17.153" CreatedBy="BOSTON-P-AS01\Bryan.Carroll" AppType="eForms" Visibility="PAAS" ContentType="application" DisplayName="DND - Lottery Application" AppLocale="customlocale" ParentApplicationId="">
  <Folder ID="822BC26FCE8184E61199E6535CFF2B2E" Name="Shared Resources" ProcGroupID="" AppID="822BC26FCE8184E61199E6535CFF2B2D" Description="" CreatedBy="BOSTON-P-AS01\Bryan.Carroll" CreatedDate="0001-01-01T00:00:00Z" LastModifiedBy="BOSTON-P-AS01\Bryan.Carroll" LastModifiedDate="0001-01-01T00:00:00Z" ContentType="Any" ParentFolderID="822BC26FCE8184E61199E6535CFF2B2D" DisplayName="Shared Resources">
    <Folder ID="822BC26FCE8184E61199E6535CFF2B2F" Name="Style Sheets" ProcGroupID="" AppID="822BC26FCE8184E61199E6535CFF2B2D" Description="" CreatedBy="BOSTON-P-AS01\Bryan.Carroll" CreatedDate="0001-01-01T00:00:00Z" LastModifiedBy="BOSTON-P-AS01\Bryan.Carroll" LastModifiedDate="0001-01-01T00:00:00Z" ContentType="application\CSS" ParentFolderID="822BC26FCE8184E61199E6535CFF2B2E" DisplayName="Style Sheets" />
    <Folder ID="822BC26FCE8184E61199E6535CFF2B30" Name="JavaScript" ProcGroupID="" AppID="822BC26FCE8184E61199E6535CFF2B2D" Description="" CreatedBy="BOSTON-P-AS01\Bryan.Carroll" CreatedDate="0001-01-01T00:00:00Z" LastModifiedBy="BOSTON-P-AS01\Bryan.Carroll" LastModifiedDate="0001-01-01T00:00:00Z" ContentType="application\js" ParentFolderID="822BC26FCE8184E61199E6535CFF2B2E" DisplayName="JavaScript" />
    <Folder ID="822BC26FCE8184E61199E6535CFF2B31" Name="Images" ProcGroupID="" AppID="822BC26FCE8184E61199E6535CFF2B2D" Description="" CreatedBy="BOSTON-P-AS01\Bryan.Carroll" CreatedDate="0001-01-01T00:00:00Z" LastModifiedBy="BOSTON-P-AS01\Bryan.Carroll" LastModifiedDate="0001-01-01T00:00:00Z" ContentType="application\image" ParentFolderID="822BC26FCE8184E61199E6535CFF2B2E" DisplayName="Images">
      <File ID="BAEB0AFFF82C906711000E634E9C4348" Name="COB_B_Blue-01.png" BaseFileID="822BC26FCE8184E61199E6535CFF2B32" PrevVerFileID="8275D4CA595610A111FF599C5320A27A" AppID="822BC26FCE8184E61199E6535CFF2B2D" ParentFolderID="822BC26FCE8184E61199E6535CFF2B31" ProcGroupID="" Description="" Version="1.1" Status="DRAFT" ContentType="user\image" CheckedOutBy="" CheckedOutDate="0001-01-01T00:00:00Z" CreatedDate="2025-03-31T19:06:54.61" CreatedBy="40001842" LastModifiedDate="2025-03-31T19:06:54.61" LastModifiedBy="40001842" ThemeID="" ExtraInfo="" DisplayName="COB_B_Blue-01.png" />
    </Folder>
    <Folder ID="822BC26FCE8184E61199E6535CFF2B33" Name="Access Tokens" ProcGroupID="" AppID="822BC26FCE8184E61199E6535CFF2B2D" Description="" CreatedBy="BOSTON-P-AS01\Bryan.Carroll" CreatedDate="0001-01-01T00:00:00Z" LastModifiedBy="BOSTON-P-AS01\Bryan.Carroll" LastModifiedDate="0001-01-01T00:00:00Z" ContentType="application\apptoken" ParentFolderID="822BC26FCE8184E61199E6535CFF2B2E" DisplayName="Access Tokens" />
    <Folder ID="822BC26FCE8184E61199E6535CFF2B34" Name="Application Resources" ProcGroupID="" AppID="822BC26FCE8184E61199E6535CFF2B2D" Description="" CreatedBy="BOSTON-P-AS01\Bryan.Carroll" CreatedDate="0001-01-01T00:00:00Z" LastModifiedBy="BOSTON-P-AS01\Bryan.Carroll" LastModifiedDate="0001-01-01T00:00:00Z" ContentType="application\applicationresources" ParentFolderID="822BC26FCE8184E61199E6535CFF2B2E" DisplayName="Application Resources" />
    <Folder ID="8257D4CD9C2F4D1611DDF13AC1FAB0AA" Name="Comments" ProcGroupID="822BC26FCE8184E61199E6535CFF2B2E" AppID="822BC26FCE8184E61199E6535CFF2B2D" Description="" CreatedBy="BOSTON-P-AS01\Bryan.Carroll" CreatedDate="2023-05-12T23:03:43.087" LastModifiedBy="BOSTON-P-AS01\Bryan.Carroll" LastModifiedDate="2023-05-12T23:03:43.087" ContentType="application\comments" ParentFolderID="822BC26FCE8184E61199E6535CFF2B2E" DisplayName="Comments" />
  </Folder>
  <Folder ID="822BC26FCE8184E61199E6535CFF2B35" Name="Processes" ProcGroupID="" AppID="822BC26FCE8184E61199E6535CFF2B2D" Description="" CreatedBy="BOSTON-P-AS01\Bryan.Carroll" CreatedDate="0001-01-01T00:00:00Z" LastModifiedBy="BOSTON-P-AS01\Bryan.Carroll" LastModifiedDate="0001-01-01T00:00:00Z" ContentType="application\processgroup" ParentFolderID="822BC26FCE8184E61199E6535CFF2B2D" DisplayName="Processes">
    <Folder ID="822BC26FCE8184E61199E6535CFF2B36" Name="DND - Lottery Application" ProcGroupID="" AppID="822BC26FCE8184E61199E6535CFF2B2D" Description="" CreatedBy="BOSTON-P-AS01\Bryan.Carroll" CreatedDate="0001-01-01T00:00:00Z" LastModifiedBy="BOSTON-P-AS01\Bryan.Carroll" LastModifiedDate="0001-01-01T00:00:00Z" ContentType="user\processgroup" ParentFolderID="822BC26FCE8184E61199E6535CFF2B35" DisplayName="DND - Lottery Application">
      <Folder ID="822BC26FCE8184E61199E6535CFF2B37" Name="Process Model" ProcGroupID="822BC26FCE8184E61199E6535CFF2B36" AppID="822BC26FCE8184E61199E6535CFF2B2D" Description="" CreatedBy="BOSTON-P-AS01\Bryan.Carroll" CreatedDate="0001-01-01T00:00:00Z" LastModifiedBy="BOSTON-P-AS01\Bryan.Carroll" LastModifiedDate="0001-01-01T00:00:00Z" ContentType="application\processmodel" ParentFolderID="822BC26FCE8184E61199E6535CFF2B36" DisplayName="Process Model">
        <File ID="BAEB0AFFF82C906711000E634E9C4349" Name="DND Lotterty Application" BaseFileID="822BDCDF7567B6A81199E654FEA45995" PrevVerFileID="8275D4CA595610A111FF599C5320A27B" AppID="822BC26FCE8184E61199E6535CFF2B2D" ParentFolderID="822BC26FCE8184E61199E6535CFF2B37" ProcGroupID="822BC26FCE8184E61199E6535CFF2B36" Description="" Version="1.17" Status="DRAFT" ContentType="user\processmodel" CheckedOutBy="" CheckedOutDate="0001-01-01T00:00:00Z" CreatedDate="2025-03-31T19:06:54.643" CreatedBy="40001842" LastModifiedDate="2025-03-31T19:06:54.643" LastModifiedBy="40001842" ThemeID="" ExtraInfo="" DisplayName="DND Lottery Application" />
      </Folder>
      <Folder ID="822BC26FCE8184E61199E6535CFF2B39" Name="Notification" ProcGroupID="822BC26FCE8184E61199E6535CFF2B36" AppID="822BC26FCE8184E61199E6535CFF2B2D" Description="" CreatedBy="BOSTON-P-AS01\Bryan.Carroll" CreatedDate="0001-01-01T00:00:00Z" LastModifiedBy="BOSTON-P-AS01\Bryan.Carroll" LastModifiedDate="0001-01-01T00:00:00Z" ContentType="application\notification" ParentFolderID="822BC26FCE8184E61199E6535CFF2B36" DisplayName="Notification">
        <Folder ID="822BC26FCE8184E61199E6535CFF2B3A" Name="Attachment Repository" ProcGroupID="822BC26FCE8184E61199E6535CFF2B36" AppID="822BC26FCE8184E61199E6535CFF2B2D" Description="" CreatedBy="BOSTON-P-AS01\Bryan.Carroll" CreatedDate="0001-01-01T00:00:00Z" LastModifiedBy="BOSTON-P-AS01\Bryan.Carroll" LastModifiedDate="0001-01-01T00:00:00Z" ContentType="application\attachmentrepository" ParentFolderID="822BC26FCE8184E61199E6535CFF2B39" DisplayName="Attachment Repository" />
        <Folder ID="822BC26FCE8184E61199E6535CFF2B3B" Name="E-mails" ProcGroupID="822BC26FCE8184E61199E6535CFF2B36" AppID="822BC26FCE8184E61199E6535CFF2B2D" Description="" CreatedBy="BOSTON-P-AS01\Bryan.Carroll" CreatedDate="0001-01-01T00:00:00Z" LastModifiedBy="BOSTON-P-AS01\Bryan.Carroll" LastModifiedDate="0001-01-01T00:00:00Z" ContentType="application\email" ParentFolderID="822BC26FCE8184E61199E6535CFF2B39" DisplayName="E-mails">
          <File ID="BAEB0AFFF82C906711000E634E9C434C" Name="Notification" BaseFileID="822BC26FCE8184E61199E6535CFF2B3D" PrevVerFileID="8275D4CA595610A111FF599C5320A27C" AppID="822BC26FCE8184E61199E6535CFF2B2D" ParentFolderID="822BC26FCE8184E61199E6535CFF2B3B" ProcGroupID="822BC26FCE8184E61199E6535CFF2B36" Description="" Version="1.1" Status="DRAFT" ContentType="user\email" CheckedOutBy="" CheckedOutDate="0001-01-01T00:00:00Z" CreatedDate="2025-03-31T19:06:54.72" CreatedBy="40001842" LastModifiedDate="2025-03-31T19:06:54.72" LastModifiedBy="40001842" ThemeID="" ExtraInfo="" DisplayName="Notification" />
          <File ID="BAEB0AFFF82C906711000E634E9C434D" Name="Confirmation" BaseFileID="822BC26FCE8184E61199E6535CFF2B3E" PrevVerFileID="8275D4CA595610A111FF599C5320A27D" AppID="822BC26FCE8184E61199E6535CFF2B2D" ParentFolderID="822BC26FCE8184E61199E6535CFF2B3B" ProcGroupID="822BC26FCE8184E61199E6535CFF2B36" Description="" Version="1.1" Status="DRAFT" ContentType="user\email" CheckedOutBy="" CheckedOutDate="0001-01-01T00:00:00Z" CreatedDate="2025-03-31T19:06:54.72" CreatedBy="40001842" LastModifiedDate="2025-03-31T19:06:54.72" LastModifiedBy="40001842" ThemeID="" ExtraInfo="" DisplayName="Confirmation" />
          <File ID="BAEB0AFFF82C906711000E634E9C434A" Name="Reminder" BaseFileID="822BC26FCE8184E61199E6535CFF2B3F" PrevVerFileID="8275D4CA595610A111FF599C5320A27F" AppID="822BC26FCE8184E61199E6535CFF2B2D" ParentFolderID="822BC26FCE8184E61199E6535CFF2B3B" ProcGroupID="822BC26FCE8184E61199E6535CFF2B36" Description="" Version="1.1" Status="DRAFT" ContentType="user\email" CheckedOutBy="" CheckedOutDate="0001-01-01T00:00:00Z" CreatedDate="2025-03-31T19:06:54.707" CreatedBy="40001842" LastModifiedDate="2025-03-31T19:06:54.707" LastModifiedBy="40001842" ThemeID="" ExtraInfo="" DisplayName="Reminder" />
          <File ID="BAEB0AFFF82C906711000E634E9C434B" Name="Thank You" BaseFileID="822BC26FCE8184E61199E6535CFF2B3C" PrevVerFileID="8275D4CA595610A111FF599C5320A27E" AppID="822BC26FCE8184E61199E6535CFF2B2D" ParentFolderID="822BC26FCE8184E61199E6535CFF2B3B" ProcGroupID="822BC26FCE8184E61199E6535CFF2B36" Description="" Version="1.12" Status="DRAFT" ContentType="user\email" CheckedOutBy="" CheckedOutDate="0001-01-01T00:00:00Z" CreatedDate="2025-03-31T19:06:54.707" CreatedBy="40001842" LastModifiedDate="2025-03-31T19:06:54.707" LastModifiedBy="40001842" ThemeID="" ExtraInfo="" DisplayName="Thank You" />
        </Folder>
        <Folder ID="822BC26FCE8184E61199E6535CFF2B40" Name="Yammer" ProcGroupID="822BC26FCE8184E61199E6535CFF2B36" AppID="822BC26FCE8184E61199E6535CFF2B2D" Description="" CreatedBy="BOSTON-P-AS01\Bryan.Carroll" CreatedDate="0001-01-01T00:00:00Z" LastModifiedBy="BOSTON-P-AS01\Bryan.Carroll" LastModifiedDate="0001-01-01T00:00:00Z" ContentType="application\yammer" ParentFolderID="822BC26FCE8184E61199E6535CFF2B39" DisplayName="Viva Engage" />
        <Folder ID="822BC26FCE8184E61199E6535CFF2B41" Name="Chatter" ProcGroupID="822BC26FCE8184E61199E6535CFF2B36" AppID="822BC26FCE8184E61199E6535CFF2B2D" Description="" CreatedBy="BOSTON-P-AS01\Bryan.Carroll" CreatedDate="0001-01-01T00:00:00Z" LastModifiedBy="BOSTON-P-AS01\Bryan.Carroll" LastModifiedDate="0001-01-01T00:00:00Z" ContentType="application\chatter" ParentFolderID="822BC26FCE8184E61199E6535CFF2B39" DisplayName="Chatter" />
        <Folder ID="822BC26FCE8184E61199E6535CFF2B42" Name="MicrosoftTeams" ProcGroupID="822BC26FCE8184E61199E6535CFF2B36" AppID="822BC26FCE8184E61199E6535CFF2B2D" Description="" CreatedBy="BOSTON-P-AS01\Bryan.Carroll" CreatedDate="0001-01-01T00:00:00Z" LastModifiedBy="BOSTON-P-AS01\Bryan.Carroll" LastModifiedDate="2023-05-12T23:03:43.337" ContentType="application\microsoftteams" ParentFolderID="822BC26FCE8184E61199E6535CFF2B39" DisplayName="Microsoft Teams" />
        <Folder ID="822BC26FCE8184E61199E6535CFF2B43" Name="SMS" ProcGroupID="822BC26FCE8184E61199E6535CFF2B36" AppID="822BC26FCE8184E61199E6535CFF2B2D" Description="" CreatedBy="BOSTON-P-AS01\Bryan.Carroll" CreatedDate="0001-01-01T00:00:00Z" LastModifiedBy="BOSTON-P-AS01\Bryan.Carroll" LastModifiedDate="0001-01-01T00:00:00Z" ContentType="application\sms" ParentFolderID="822BC26FCE8184E61199E6535CFF2B39" DisplayName="SMS" />
      </Folder>
      <Folder ID="822BC26FCE8184E61199E6535CFF2B44" Name="Data Model" ProcGroupID="822BC26FCE8184E61199E6535CFF2B36" AppID="822BC26FCE8184E61199E6535CFF2B2D" Description="" CreatedBy="BOSTON-P-AS01\Bryan.Carroll" CreatedDate="0001-01-01T00:00:00Z" LastModifiedBy="BOSTON-P-AS01\Bryan.Carroll" LastModifiedDate="0001-01-01T00:00:00Z" ContentType="application\datamodel" ParentFolderID="822BC26FCE8184E61199E6535CFF2B36" DisplayName="Data Model">
        <File ID="BAEC12DEFB27D0ED11000E6359EDD748" Name="Schema.xsd" BaseFileID="822BDCDF7567B6A81199E654ECA4B4FE" PrevVerFileID="8275D4CA595610A111FF599C895095D1" AppID="822BC26FCE8184E61199E6535CFF2B2D" ParentFolderID="822BC26FCE8184E61199E6535CFF2B44" ProcGroupID="822BC26FCE8184E61199E6535CFF2B36" Description="" Version="1.34" Status="DRAFT" ContentType="user\datamodel" CheckedOutBy="" CheckedOutDate="0001-01-01T00:00:00Z" CreatedDate="2025-03-31T19:07:22.7" CreatedBy="40001842" LastModifiedDate="2025-03-31T19:07:31.147" LastModifiedBy="40001842" ThemeID="" ExtraInfo="[{&quot;Name&quot; : &quot;NamespaceUpdated&quot; , &quot;Value&quot; : &quot;True&quot;}]" DisplayName="Schema.xsd" />
        <File ID="BAEC12DEFB27D0ED11000E6359EDD749" Name="DNDRentalLotteryApp" BaseFileID="822BC26FCE8184E61199E6535CFF2B46" PrevVerFileID="8275D4CA595610A111FF599C895095D2" AppID="822BC26FCE8184E61199E6535CFF2B2D" ParentFolderID="822BC26FCE8184E61199E6535CFF2B44" ProcGroupID="822BC26FCE8184E61199E6535CFF2B36" Description="Datasource DNDRentalLotteryApp Schema" Version="1.17" Status="DRAFT" ContentType="user\apdataentitydatamodel" CheckedOutBy="" CheckedOutDate="0001-01-01T00:00:00Z" CreatedDate="2025-03-31T19:07:22.857" CreatedBy="40001842" LastModifiedDate="2025-03-31T19:07:22.95" LastModifiedBy="40001842" ThemeID="" ExtraInfo="" DisplayName="DNDRentalLotteryApp" />
      </Folder>
      <Folder ID="822BC26FCE8184E61199E6535CFF2B47" Name="Data Source" ProcGroupID="822BC26FCE8184E61199E6535CFF2B36" AppID="822BC26FCE8184E61199E6535CFF2B2D" Description="" CreatedBy="BOSTON-P-AS01\Bryan.Carroll" CreatedDate="0001-01-01T00:00:00Z" LastModifiedBy="BOSTON-P-AS01\Bryan.Carroll" LastModifiedDate="0001-01-01T00:00:00Z" ContentType="application\datasources" ParentFolderID="822BC26FCE8184E61199E6535CFF2B36" DisplayName="Data Source">
        <File ID="BAEB0AFFF82C906711000E63549EDF77" Name="DNDRentalLotteryApp" BaseFileID="822BC26FCE8184E61199E6535CFF2B48" PrevVerFileID="8275D4CA595610A111FF599C7D4149E5" AppID="822BC26FCE8184E61199E6535CFF2B2D" ParentFolderID="822BC26FCE8184E61199E6535CFF2B47" ProcGroupID="822BC26FCE8184E61199E6535CFF2B36" Description="" Version="1.19" Status="DRAFT" ContentType="user\APDataEntityDataSource" CheckedOutBy="" CheckedOutDate="0001-01-01T00:00:00Z" CreatedDate="2025-03-31T19:07:08.027" CreatedBy="40001842" LastModifiedDate="2025-03-31T19:07:31.05" LastModifiedBy="40001842" ThemeID="" ExtraInfo="" DisplayName="DNDRentalLotteryApp" />
      </Folder>
      <Folder ID="822BC26FCE8184E61199E6535CFF2B49" Name="Library" ProcGroupID="822BC26FCE8184E61199E6535CFF2B36" AppID="822BC26FCE8184E61199E6535CFF2B2D" Description="" CreatedBy="BOSTON-P-AS01\Bryan.Carroll" CreatedDate="0001-01-01T00:00:00Z" LastModifiedBy="BOSTON-P-AS01\Bryan.Carroll" LastModifiedDate="0001-01-01T00:00:00Z" ContentType="application\taskformlibrary" ParentFolderID="822BC26FCE8184E61199E6535CFF2B36" DisplayName="Library">
        <File ID="BAEB0AFFF82C906711000E634E9C4351" Name="Form Library" BaseFileID="822BDCDF7567B6A81199E654ECA4B4FD" PrevVerFileID="8275D4CA595610A111FF599C5320A283" AppID="822BC26FCE8184E61199E6535CFF2B2D" ParentFolderID="822BC26FCE8184E61199E6535CFF2B49" ProcGroupID="822BC26FCE8184E61199E6535CFF2B36" Description="" Version="1.25" Status="DRAFT" ContentType="user\taskformlibrary" CheckedOutBy="" CheckedOutDate="0001-01-01T00:00:00Z" CreatedDate="2025-03-31T19:06:54.813" CreatedBy="40001842" LastModifiedDate="2025-03-31T19:06:54.813" LastModifiedBy="40001842" ThemeID="" ExtraInfo="" DisplayName="Form Library" />
      </Folder>
      <Folder ID="822BC26FCE8184E61199E6535CFF2B4B" Name="Forms" ProcGroupID="822BC26FCE8184E61199E6535CFF2B36" AppID="822BC26FCE8184E61199E6535CFF2B2D" Description="" CreatedBy="BOSTON-P-AS01\Bryan.Carroll" CreatedDate="0001-01-01T00:00:00Z" LastModifiedBy="BOSTON-P-AS01\Bryan.Carroll" LastModifiedDate="0001-01-01T00:00:00Z" ContentType="application\formsgroup" ParentFolderID="822BC26FCE8184E61199E6535CFF2B36" DisplayName="Forms">
        <Folder ID="822BC26FCE8184E61199E6535CFF2B4C" Name="Task Forms" ProcGroupID="822BC26FCE8184E61199E6535CFF2B36" AppID="822BC26FCE8184E61199E6535CFF2B2D" Description="" CreatedBy="BOSTON-P-AS01\Bryan.Carroll" CreatedDate="0001-01-01T00:00:00Z" LastModifiedBy="BOSTON-P-AS01\Bryan.Carroll" LastModifiedDate="0001-01-01T00:00:00Z" ContentType="application\taskforms" ParentFolderID="822BC26FCE8184E61199E6535CFF2B4B" DisplayName="Task Forms">
          <File ID="BAEB0AFFF82C906711000E634E9C4352" Name="Lottery Application Submission" BaseFileID="822BC26FCE8184E61199E6535CFF2B4D" PrevVerFileID="8275D4CA595610A111FF599C5320A284" AppID="822BC26FCE8184E61199E6535CFF2B2D" ParentFolderID="822BC26FCE8184E61199E6535CFF2B4C" ProcGroupID="822BC26FCE8184E61199E6535CFF2B36" Description="" Version="1.23" Status="DRAFT" ContentType="user\taskforms" CheckedOutBy="" CheckedOutDate="0001-01-01T00:00:00Z" CreatedDate="2025-03-31T19:06:54.917" CreatedBy="40001842" LastModifiedDate="2025-03-31T19:06:54.917" LastModifiedBy="40001842" ThemeID="" ExtraInfo="" DisplayName="Lottery Application Submission" />
        </Folder>
      </Folder>
      <Folder ID="822BC26FCE8184E61199E6535CFF2B4E" Name="Lookups" ProcGroupID="822BC26FCE8184E61199E6535CFF2B36" AppID="822BC26FCE8184E61199E6535CFF2B2D" Description="" CreatedBy="BOSTON-P-AS01\Bryan.Carroll" CreatedDate="0001-01-01T00:00:00Z" LastModifiedBy="BOSTON-P-AS01\Bryan.Carroll" LastModifiedDate="0001-01-01T00:00:00Z" ContentType="application\lookup" ParentFolderID="822BC26FCE8184E61199E6535CFF2B36" DisplayName="Lookups">
        <File ID="BAEB0AFFF82C906711000E634E9C435B" Name="Lookup Potential Artist Unit Setasides" BaseFileID="822BC26FCE8184E61199E6535CFF2B55" PrevVerFileID="8275D4CA595610A111FF599C5320A287" AppID="822BC26FCE8184E61199E6535CFF2B2D" ParentFolderID="822BC26FCE8184E61199E6535CFF2B4E" ProcGroupID="822BC26FCE8184E61199E6535CFF2B36" Description="" Version="1.1" Status="DRAFT" ContentType="user\lookupnamevalue" CheckedOutBy="" CheckedOutDate="0001-01-01T00:00:00Z" CreatedDate="2025-03-31T19:06:55.017" CreatedBy="40001842" LastModifiedDate="2025-03-31T19:06:55.017" LastModifiedBy="40001842" ThemeID="" ExtraInfo="" DisplayName="Lookup Potential Artist Unit Setasides" />
        <File ID="BAEB0AFFF82C906711000E634E9C435C" Name="Lookup Potential Available Hearing Units" BaseFileID="822BC26FCE8184E61199E6535CFF2B56" PrevVerFileID="8275D4CA595610A111FF599C5320A289" AppID="822BC26FCE8184E61199E6535CFF2B2D" ParentFolderID="822BC26FCE8184E61199E6535CFF2B4E" ProcGroupID="822BC26FCE8184E61199E6535CFF2B36" Description="" Version="1.1" Status="DRAFT" ContentType="user\lookupnamevalue" CheckedOutBy="" CheckedOutDate="0001-01-01T00:00:00Z" CreatedDate="2025-03-31T19:06:55.017" CreatedBy="40001842" LastModifiedDate="2025-03-31T19:06:55.017" LastModifiedBy="40001842" ThemeID="" ExtraInfo="" DisplayName="Lookup Potential Available Hearing Units" />
        <File ID="BAEB0AFFF82C906711000E634E9C4358" Name="Lookup Potential Available Mobility Units" BaseFileID="822BC26FCE8184E61199E6535CFF2B4F" PrevVerFileID="8275D4CA595610A111FF599C5320A28A" AppID="822BC26FCE8184E61199E6535CFF2B2D" ParentFolderID="822BC26FCE8184E61199E6535CFF2B4E" ProcGroupID="822BC26FCE8184E61199E6535CFF2B36" Description="" Version="1.1" Status="DRAFT" ContentType="user\lookupnamevalue" CheckedOutBy="" CheckedOutDate="0001-01-01T00:00:00Z" CreatedDate="2025-03-31T19:06:55.003" CreatedBy="40001842" LastModifiedDate="2025-03-31T19:06:55.003" LastModifiedBy="40001842" ThemeID="" ExtraInfo="" DisplayName="Lookup Potential Available Mobility Units" />
        <File ID="BAEB0AFFF82C906711000E634E9C4359" Name="Available Bedroom Types" BaseFileID="822BC26FCE8184E61199E6535CFF2B58" PrevVerFileID="8275D4CA595610A111FF599C5320A286" AppID="822BC26FCE8184E61199E6535CFF2B2D" ParentFolderID="822BC26FCE8184E61199E6535CFF2B4E" ProcGroupID="822BC26FCE8184E61199E6535CFF2B36" Description="" Version="1.1" Status="DRAFT" ContentType="user\lookupnamevalue" CheckedOutBy="" CheckedOutDate="0001-01-01T00:00:00Z" CreatedDate="2025-03-31T19:06:55.003" CreatedBy="40001842" LastModifiedDate="2025-03-31T19:06:55.003" LastModifiedBy="40001842" ThemeID="" ExtraInfo="" DisplayName="Available Bedroom Types" />
        <File ID="BAEB0AFFF82C906711000E634E9C435A" Name="Lookup Potential Available Elderly Setasides" BaseFileID="822BC26FCE8184E61199E6535CFF2B54" PrevVerFileID="8275D4CA595610A111FF599C5320A28E" AppID="822BC26FCE8184E61199E6535CFF2B2D" ParentFolderID="822BC26FCE8184E61199E6535CFF2B4E" ProcGroupID="822BC26FCE8184E61199E6535CFF2B36" Description="" Version="1.1" Status="DRAFT" ContentType="user\lookupnamevalue" CheckedOutBy="" CheckedOutDate="0001-01-01T00:00:00Z" CreatedDate="2025-03-31T19:06:55.003" CreatedBy="40001842" LastModifiedDate="2025-03-31T19:06:55.003" LastModifiedBy="40001842" ThemeID="" ExtraInfo="" DisplayName="Lookup Potential Available Elderly Setasides" />
        <File ID="BAEB0AFFF82C906711000E634E9C4357" Name="Lookup Potential Available Vision Units" BaseFileID="822BC26FCE8184E61199E6535CFF2B57" PrevVerFileID="8275D4CA595610A111FF599C5320A28B" AppID="822BC26FCE8184E61199E6535CFF2B2D" ParentFolderID="822BC26FCE8184E61199E6535CFF2B4E" ProcGroupID="822BC26FCE8184E61199E6535CFF2B36" Description="" Version="1.1" Status="DRAFT" ContentType="user\lookupnamevalue" CheckedOutBy="" CheckedOutDate="0001-01-01T00:00:00Z" CreatedDate="2025-03-31T19:06:54.987" CreatedBy="40001842" LastModifiedDate="2025-03-31T19:06:54.987" LastModifiedBy="40001842" ThemeID="" ExtraInfo="" DisplayName="Lookup Potential Available Vision Units" />
        <File ID="BAEB0AFFF82C906711000E634E9C4355" Name="Potential Available Veteran Set Asides" BaseFileID="822BC26FCE8184E61199E6535CFF2B50" PrevVerFileID="8275D4CA595610A111FF599C5320A28C" AppID="822BC26FCE8184E61199E6535CFF2B2D" ParentFolderID="822BC26FCE8184E61199E6535CFF2B4E" ProcGroupID="822BC26FCE8184E61199E6535CFF2B36" Description="" Version="1.1" Status="DRAFT" ContentType="user\lookupnamevalue" CheckedOutBy="" CheckedOutDate="0001-01-01T00:00:00Z" CreatedDate="2025-03-31T19:06:54.97" CreatedBy="40001842" LastModifiedDate="2025-03-31T19:06:54.97" LastModifiedBy="40001842" ThemeID="" ExtraInfo="" DisplayName="Potential Available Veteran Set Asides" />
        <File ID="BAEB0AFFF82C906711000E634E9C4356" Name="LookupElderly65Setasides" BaseFileID="822CC049701F8A4811AA4E6E5C329CA1" PrevVerFileID="8275D4CA595610A111FF599C5320A28D" AppID="822BC26FCE8184E61199E6535CFF2B2D" ParentFolderID="822BC26FCE8184E61199E6535CFF2B4E" ProcGroupID="822BC26FCE8184E61199E6535CFF2B36" Description="" Version="1.09" Status="DRAFT" ContentType="user\lookupnamevalue" CheckedOutBy="" CheckedOutDate="0001-01-01T00:00:00Z" CreatedDate="2025-03-31T19:06:54.97" CreatedBy="40001842" LastModifiedDate="2025-03-31T19:06:54.97" LastModifiedBy="40001842" ThemeID="" ExtraInfo="" DisplayName="LookupElderly65Setasides" />
        <File ID="BAEB0AFFF82C906711000E634E9C4353" Name="Get Development Information" BaseFileID="822BC26FCE8184E61199E6535CFF2B51" PrevVerFileID="8275D4CA595610A111FF599C5320A285" AppID="822BC26FCE8184E61199E6535CFF2B2D" ParentFolderID="822BC26FCE8184E61199E6535CFF2B4E" ProcGroupID="822BC26FCE8184E61199E6535CFF2B36" Description="" Version="1.12" Status="DRAFT" ContentType="user\lookupmulticolumn" CheckedOutBy="" CheckedOutDate="0001-01-01T00:00:00Z" CreatedDate="2025-03-31T19:06:54.957" CreatedBy="40001842" LastModifiedDate="2025-03-31T19:06:54.957" LastModifiedBy="40001842" ThemeID="" ExtraInfo="" DisplayName="Get Development Information" />
        <File ID="BAEB0AFFF82C906711000E634E9C4354" Name="Active Lotteries" BaseFileID="822BC26FCE8184E61199E6535CFF2B52" PrevVerFileID="8275D4CA595610A111FF599C5320A288" AppID="822BC26FCE8184E61199E6535CFF2B2D" ParentFolderID="822BC26FCE8184E61199E6535CFF2B4E" ProcGroupID="822BC26FCE8184E61199E6535CFF2B36" Description="" Version="1.13" Status="DRAFT" ContentType="user\lookupnamevalue" CheckedOutBy="" CheckedOutDate="0001-01-01T00:00:00Z" CreatedDate="2025-03-31T19:06:54.957" CreatedBy="40001842" LastModifiedDate="2025-03-31T19:06:54.957" LastModifiedBy="40001842" ThemeID="" ExtraInfo="" DisplayName="Active Lotteries" />
      </Folder>
      <Folder ID="822BC26FCE8184E61199E6535CFF2B59" Name="Translation" ProcGroupID="822BC26FCE8184E61199E6535CFF2B36" AppID="822BC26FCE8184E61199E6535CFF2B2D" Description="" CreatedBy="BOSTON-P-AS01\Bryan.Carroll" CreatedDate="0001-01-01T00:00:00Z" LastModifiedBy="BOSTON-P-AS01\Bryan.Carroll" LastModifiedDate="0001-01-01T00:00:00Z" ContentType="application\translation" ParentFolderID="822BC26FCE8184E61199E6535CFF2B36" DisplayName="Translation" />
      <Folder ID="822BC26FCE8184E61199E6535CFF2B5A" Name="Document Repository" ProcGroupID="822BC26FCE8184E61199E6535CFF2B36" AppID="822BC26FCE8184E61199E6535CFF2B2D" Description="" CreatedBy="BOSTON-P-AS01\Bryan.Carroll" CreatedDate="0001-01-01T00:00:00Z" LastModifiedBy="BOSTON-P-AS01\Bryan.Carroll" LastModifiedDate="0001-01-01T00:00:00Z" ContentType="application\documentrepository" ParentFolderID="822BC26FCE8184E61199E6535CFF2B36" DisplayName="Document Repository" />
      <Folder ID="822BC26FCE8184E61199E6535CFF2B5B" Name="System Files" ProcGroupID="822BC26FCE8184E61199E6535CFF2B36" AppID="822BC26FCE8184E61199E6535CFF2B2D" Description="" CreatedBy="BOSTON-P-AS01\Bryan.Carroll" CreatedDate="0001-01-01T00:00:00Z" LastModifiedBy="BOSTON-P-AS01\Bryan.Carroll" LastModifiedDate="0001-01-01T00:00:00Z" ContentType="application\hidden" ParentFolderID="822BC26FCE8184E61199E6535CFF2B36" DisplayName="System Files" />
    </Folder>
  </Folder>
  <CoAuthored>false</CoAuthored>
</WFEnabledApplication>