<?xml version="1.0"?>
<ArrayOfDataSourceAndAppFileAssociation xmlns:xsd="http://www.w3.org/2001/XMLSchema" xmlns:xsi="http://www.w3.org/2001/XMLSchema-instance">
  <DataSourceAndAppFileAssociation>
    <ID>AA5412F761F5622411AA7052C22E33BE</ID>
    <AppName>DND - Lottery Application DND Views</AppName>
    <FileName>CSV Export View by Lottery</FileName>
    <IsDefault>false</IsDefault>
    <ContentType>user\views</ContentType>
    <DataSourceName>DNDLotteryViews</DataSourceName>
    <DefName>DND - Lottery Application DND Views_CSV Export View by Lottery</DefName>
    <CreatedBy>40001842</CreatedBy>
    <CreatedDate>2025-03-31T19:21:59.727</CreatedDate>
    <LastModifiedBy />
    <LastModifiedDate>0001-01-01T00:00:00Z</LastModifiedDate>
  </DataSourceAndAppFileAssociation>
  <DataSourceAndAppFileAssociation>
    <ID>AA5412F761F5622411AA7F43E40203C5</ID>
    <AppName>DND - Lottery Application DND Views</AppName>
    <FileName>CSV Statistics Data Export by Date Period</FileName>
    <IsDefault>false</IsDefault>
    <ContentType>user\views</ContentType>
    <DataSourceName>DNDLotteryViews</DataSourceName>
    <DefName>DND - Lottery Application DND Views_CSV Statistics Data Export by Date Period</DefName>
    <CreatedBy>40001842</CreatedBy>
    <CreatedDate>2025-03-31T19:21:59.727</CreatedDate>
    <LastModifiedBy />
    <LastModifiedDate>0001-01-01T00:00:00Z</LastModifiedDate>
  </DataSourceAndAppFileAssociation>
  <DataSourceAndAppFileAssociation>
    <ID>AA5412F761F5622411AA704BDE0483EC</ID>
    <AppName>DND - Lottery Application DND Views</AppName>
    <FileName>New DND - Lottery Application</FileName>
    <IsDefault>false</IsDefault>
    <ContentType>user\newforms</ContentType>
    <DataSourceName>DNDLotteryViews</DataSourceName>
    <DefName>DND - Lottery Application DND Views_New DND - Lottery Application</DefName>
    <CreatedBy>40001842</CreatedBy>
    <CreatedDate>2025-03-31T19:21:59.727</CreatedDate>
    <LastModifiedBy />
    <LastModifiedDate>0001-01-01T00:00:00Z</LastModifiedDate>
  </DataSourceAndAppFileAssociation>
  <DataSourceAndAppFileAssociation>
    <ID>AA5412F761F5622411AA704BDE0483C9</ID>
    <AppName>DND - Lottery Application DND Views</AppName>
    <FileName>Update DND - Lottery Application</FileName>
    <IsDefault>false</IsDefault>
    <ContentType>user\updateforms</ContentType>
    <DataSourceName>DNDLotteryViews</DataSourceName>
    <DefName>DND - Lottery Application DND Views_Update DND - Lottery Application</DefName>
    <CreatedBy>40001842</CreatedBy>
    <CreatedDate>2025-03-31T19:21:59.727</CreatedDate>
    <LastModifiedBy />
    <LastModifiedDate>0001-01-01T00:00:00Z</LastModifiedDate>
  </DataSourceAndAppFileAssociation>
  <DataSourceAndAppFileAssociation>
    <ID>AA9EF1CAF1D03CF611FF397075D52DD3</ID>
    <AppName>DND - Lottery Application DND Views</AppName>
    <FileName>View All Lottery Applications</FileName>
    <IsDefault>false</IsDefault>
    <ContentType>user\views</ContentType>
    <DataSourceName>DNDLotteryViews</DataSourceName>
    <DefName>DND - Lottery Application DND Views_View All Lottery Applications</DefName>
    <CreatedBy>40001842</CreatedBy>
    <CreatedDate>2025-03-31T19:21:59.727</CreatedDate>
    <LastModifiedBy />
    <LastModifiedDate>0001-01-01T00:00:00Z</LastModifiedDate>
  </DataSourceAndAppFileAssociation>
  <DataSourceAndAppFileAssociation>
    <ID>AA5412F761F5622411AA7065856AAD1E</ID>
    <AppName>DND - Lottery Application DND Views</AppName>
    <FileName>View Applications by Lottery Name</FileName>
    <IsDefault>true</IsDefault>
    <ContentType>user\views</ContentType>
    <DataSourceName>DNDLotteryViews</DataSourceName>
    <DefName>DND - Lottery Application DND Views_View Applications by Lottery Name</DefName>
    <CreatedBy>40001842</CreatedBy>
    <CreatedDate>2025-03-31T19:21:59.727</CreatedDate>
    <LastModifiedBy>40001842</LastModifiedBy>
    <LastModifiedDate>2025-06-20T17:05:04.46</LastModifiedDate>
  </DataSourceAndAppFileAssociation>
</ArrayOfDataSourceAndAppFileAssociation>