<?xml version="1.0"?>
<WFEnabledApplication xmlns:xsd="http://www.w3.org/2001/XMLSchema" xmlns:xsi="http://www.w3.org/2001/XMLSchema-instance" ID="822EBAF92B6BFF7711AA706D3C0605AA" Name="DND - Lottery Application DND Views" Description="" Status="DRAFT" CreatedDate="2020-03-27T20:55:15.85" CreatedBy="40002000" AppType="StandaloneForms" Visibility="PAAS" ContentType="application" DisplayName="DND - Lottery Application DND Views" AppLocale="customlocale" ParentApplicationId="">
  <Folder ID="822EBAF92B6BFF7711AA706D3C0605AB" Name="Shared Resources" ProcGroupID="" AppID="822EBAF92B6BFF7711AA706D3C0605AA" Description="" CreatedBy="40002000" CreatedDate="0001-01-01T00:00:00Z" LastModifiedBy="40002000" LastModifiedDate="0001-01-01T00:00:00Z" ContentType="Any" ParentFolderID="822EBAF92B6BFF7711AA706D3C0605AA" DisplayName="Shared Resources">
    <Folder ID="822EBAF92B6BFF7711AA706D3C0605AC" Name="Style Sheets" ProcGroupID="" AppID="822EBAF92B6BFF7711AA706D3C0605AA" Description="" CreatedBy="40002000" CreatedDate="0001-01-01T00:00:00Z" LastModifiedBy="40002000" LastModifiedDate="0001-01-01T00:00:00Z" ContentType="application\CSS" ParentFolderID="822EBAF92B6BFF7711AA706D3C0605AB" DisplayName="Style Sheets" />
    <Folder ID="822EBAF92B6BFF7711AA706D3C0605AD" Name="JavaScript" ProcGroupID="" AppID="822EBAF92B6BFF7711AA706D3C0605AA" Description="" CreatedBy="40002000" CreatedDate="0001-01-01T00:00:00Z" LastModifiedBy="40002000" LastModifiedDate="0001-01-01T00:00:00Z" ContentType="application\js" ParentFolderID="822EBAF92B6BFF7711AA706D3C0605AB" DisplayName="JavaScript" />
    <Folder ID="822EBAF92B6BFF7711AA706D3C0605AE" Name="Images" ProcGroupID="" AppID="822EBAF92B6BFF7711AA706D3C0605AA" Description="" CreatedBy="40002000" CreatedDate="0001-01-01T00:00:00Z" LastModifiedBy="40002000" LastModifiedDate="0001-01-01T00:00:00Z" ContentType="application\image" ParentFolderID="822EBAF92B6BFF7711AA706D3C0605AB" DisplayName="Images" />
    <Folder ID="822EBAF92B6BFF7711AA706D3C0605AF" Name="Access Tokens" ProcGroupID="" AppID="822EBAF92B6BFF7711AA706D3C0605AA" Description="" CreatedBy="40002000" CreatedDate="0001-01-01T00:00:00Z" LastModifiedBy="40002000" LastModifiedDate="0001-01-01T00:00:00Z" ContentType="application\apptoken" ParentFolderID="822EBAF92B6BFF7711AA706D3C0605AB" DisplayName="Access Tokens" />
    <Folder ID="822EBAF92B6BFF7711AA706D3C0605B0" Name="Application Resources" ProcGroupID="" AppID="822EBAF92B6BFF7711AA706D3C0605AA" Description="" CreatedBy="40002000" CreatedDate="0001-01-01T00:00:00Z" LastModifiedBy="40002000" LastModifiedDate="0001-01-01T00:00:00Z" ContentType="application\applicationresources" ParentFolderID="822EBAF92B6BFF7711AA706D3C0605AB" DisplayName="Application Resources" />
    <Folder ID="8257D4CD9C2F4D1611DDF13AC1FAB0F0" Name="Comments" ProcGroupID="822EBAF92B6BFF7711AA706D3C0605AB" AppID="822EBAF92B6BFF7711AA706D3C0605AA" Description="" CreatedBy="40002000" CreatedDate="2023-05-12T23:03:43.197" LastModifiedBy="40002000" LastModifiedDate="2023-05-12T23:03:43.197" ContentType="application\comments" ParentFolderID="822EBAF92B6BFF7711AA706D3C0605AB" DisplayName="Comments" />
  </Folder>
  <Folder ID="822EBAF92B6BFF7711AA706D3C0605B1" Name="App Model &amp; Resources" ProcGroupID="" AppID="822EBAF92B6BFF7711AA706D3C0605AA" Description="" CreatedBy="40002000" CreatedDate="0001-01-01T00:00:00Z" LastModifiedBy="40002000" LastModifiedDate="0001-01-01T00:00:00Z" ContentType="user\processgroup" ParentFolderID="822EBAF92B6BFF7711AA706D3C0605AA" DisplayName="App Model &amp; Resources">
    <Folder ID="822EBAF92B6BFF7711AA706D3C0605B2" Name="Data Model" ProcGroupID="822EBAF92B6BFF7711AA706D3C0605B1" AppID="822EBAF92B6BFF7711AA706D3C0605AA" Description="" CreatedBy="40002000" CreatedDate="0001-01-01T00:00:00Z" LastModifiedBy="40002000" LastModifiedDate="0001-01-01T00:00:00Z" ContentType="application\datamodel" ParentFolderID="822EBAF92B6BFF7711AA706D3C0605B1" DisplayName="Data Model">
      <File ID="BAEF0AFFF82C906711004DF8776FCBB2" Name="Schema.xsd" BaseFileID="822EBAF92B6BFF7711AA706D3C0605B3" PrevVerFileID="BAEC12DEFB27D0ED11000E6576BB121E" AppID="822EBAF92B6BFF7711AA706D3C0605AA" ParentFolderID="822EBAF92B6BFF7711AA706D3C0605B2" ProcGroupID="822EBAF92B6BFF7711AA706D3C0605B1" Description="" Version="1.14" Status="DRAFT" ContentType="user\datamodel" CheckedOutBy="" CheckedOutDate="0001-01-01T00:00:00Z" CreatedDate="2025-06-20T17:03:24.533" CreatedBy="40001842" LastModifiedDate="2025-06-20T17:04:27.457" LastModifiedBy="40001842" ThemeID="" ExtraInfo="[{&quot;Name&quot; : &quot;NamespaceUpdated&quot; , &quot;Value&quot; : &quot;True&quot;}]" DisplayName="Schema.xsd" />
      <File ID="BAEC12DEFB27D0ED11000E6576BB121F" Name="DNDLotteryViews" BaseFileID="822EBAF92B6BFF7711AA706D3C0605B4" PrevVerFileID="8275D4CA595610A111FF599CA16937F3" AppID="822EBAF92B6BFF7711AA706D3C0605AA" ParentFolderID="822EBAF92B6BFF7711AA706D3C0605B2" ProcGroupID="822EBAF92B6BFF7711AA706D3C0605B1" Description="Datasource DNDLotteryViews Schema" Version="1.09" Status="RELEASED" ContentType="user\apdataentitydatamodel" CheckedOutBy="" CheckedOutDate="0001-01-01T00:00:00Z" CreatedDate="2025-03-31T19:22:25.73" CreatedBy="40001842" LastModifiedDate="2025-03-31T19:22:25.81" LastModifiedBy="40001842" ThemeID="" ExtraInfo="" DisplayName="DNDLotteryViews" />
    </Folder>
    <Folder ID="822EBAF92B6BFF7711AA706D3C0605B5" Name="Data Source" ProcGroupID="822EBAF92B6BFF7711AA706D3C0605B1" AppID="822EBAF92B6BFF7711AA706D3C0605AA" Description="" CreatedBy="40002000" CreatedDate="0001-01-01T00:00:00Z" LastModifiedBy="40002000" LastModifiedDate="0001-01-01T00:00:00Z" ContentType="application\datasources" ParentFolderID="822EBAF92B6BFF7711AA706D3C0605B1" DisplayName="Data Source">
      <File ID="BAEB0AFFF82C906711000E656A531F4A" Name="DNDLotteryViews" BaseFileID="822EBAF92B6BFF7711AA706D3C0605B6" PrevVerFileID="8275D4CA595610A111FF599C9B667139" AppID="822EBAF92B6BFF7711AA706D3C0605AA" ParentFolderID="822EBAF92B6BFF7711AA706D3C0605B5" ProcGroupID="822EBAF92B6BFF7711AA706D3C0605B1" Description="" Version="1.09" Status="RELEASED" ContentType="user\APDataEntityDataSource" CheckedOutBy="" CheckedOutDate="0001-01-01T00:00:00Z" CreatedDate="2025-03-31T19:22:09.047" CreatedBy="40001842" LastModifiedDate="2025-03-31T19:24:48.237" LastModifiedBy="40001842" ThemeID="" ExtraInfo="" DisplayName="DNDLotteryViews" />
    </Folder>
    <Folder ID="822EBAF92B6BFF7711AA706D3C0605B7" Name="Library" ProcGroupID="822EBAF92B6BFF7711AA706D3C0605B1" AppID="822EBAF92B6BFF7711AA706D3C0605AA" Description="" CreatedBy="40002000" CreatedDate="0001-01-01T00:00:00Z" LastModifiedBy="40002000" LastModifiedDate="0001-01-01T00:00:00Z" ContentType="application\taskformlibrary" ParentFolderID="822EBAF92B6BFF7711AA706D3C0605B1" DisplayName="Library">
      <File ID="BAEF0AFFF82C906711004DF8776FCBB3" Name="Form Library" BaseFileID="822EBAF92B6BFF7711AA706D3C0605B8" PrevVerFileID="BAEC12DEFB27D0ED11000E6582B479A1" AppID="822EBAF92B6BFF7711AA706D3C0605AA" ParentFolderID="822EBAF92B6BFF7711AA706D3C0605B7" ProcGroupID="822EBAF92B6BFF7711AA706D3C0605B1" Description="" Version="1.12" Status="DRAFT" ContentType="user\taskformlibrary" CheckedOutBy="" CheckedOutDate="0001-01-01T00:00:00Z" CreatedDate="2025-06-20T17:03:24.593" CreatedBy="40001842" LastModifiedDate="2025-06-20T17:04:27.36" LastModifiedBy="40001842" ThemeID="" ExtraInfo="" DisplayName="Form Library" />
    </Folder>
    <Folder ID="822EBAF92B6BFF7711AA706D41FDE721" Name="Forms" ProcGroupID="822EBAF92B6BFF7711AA706D3C0605B1" AppID="822EBAF92B6BFF7711AA706D3C0605AA" Description="" CreatedBy="40002000" CreatedDate="0001-01-01T00:00:00Z" LastModifiedBy="40002000" LastModifiedDate="0001-01-01T00:00:00Z" ContentType="application\formsgroup" ParentFolderID="822EBAF92B6BFF7711AA706D3C0605B1" DisplayName="Forms">
      <Folder ID="822EBAF92B6BFF7711AA706D41FDE722" Name="New" ProcGroupID="822EBAF92B6BFF7711AA706D3C0605B1" AppID="822EBAF92B6BFF7711AA706D3C0605AA" Description="" CreatedBy="40002000" CreatedDate="0001-01-01T00:00:00Z" LastModifiedBy="40002000" LastModifiedDate="0001-01-01T00:00:00Z" ContentType="application\newforms" ParentFolderID="822EBAF92B6BFF7711AA706D41FDE721" DisplayName="New">
        <File ID="BAEC12DEFB27D0ED11000E6582B479A0" Name="New DND - Lottery Application" BaseFileID="822EBAF92B6BFF7711AA706D41FDE723" PrevVerFileID="8275D4CA595610A111FF599C7741B09A" AppID="822EBAF92B6BFF7711AA706D3C0605AA" ParentFolderID="822EBAF92B6BFF7711AA706D41FDE722" ProcGroupID="822EBAF92B6BFF7711AA706D3C0605B1" Description="" Version="1.07" Status="RELEASED" ContentType="user\newforms" CheckedOutBy="" CheckedOutDate="0001-01-01T00:00:00Z" CreatedDate="2025-03-31T19:22:46.78" CreatedBy="40001842" LastModifiedDate="2025-03-31T19:24:48.19" LastModifiedBy="40001842" ThemeID="" ExtraInfo="" DisplayName="New DND - Lottery Application" />
      </Folder>
      <Folder ID="822EBAF92B6BFF7711AA706D41FDE724" Name="Update" ProcGroupID="822EBAF92B6BFF7711AA706D3C0605B1" AppID="822EBAF92B6BFF7711AA706D3C0605AA" Description="" CreatedBy="40002000" CreatedDate="0001-01-01T00:00:00Z" LastModifiedBy="40002000" LastModifiedDate="0001-01-01T00:00:00Z" ContentType="application\updateforms" ParentFolderID="822EBAF92B6BFF7711AA706D41FDE721" DisplayName="Update">
        <File ID="BAEB0AFFF82C906711000E656459DC2C" Name="Update DND - Lottery Application" BaseFileID="822EBAF92B6BFF7711AA706D41FDE725" PrevVerFileID="8275D4CA595610A111FF599C7741B09B" AppID="822EBAF92B6BFF7711AA706D3C0605AA" ParentFolderID="822EBAF92B6BFF7711AA706D41FDE724" ProcGroupID="822EBAF92B6BFF7711AA706D3C0605B1" Description="" Version="1.06" Status="RELEASED" ContentType="user\updateforms" CheckedOutBy="" CheckedOutDate="0001-01-01T00:00:00Z" CreatedDate="2025-03-31T19:21:59.477" CreatedBy="40001842" LastModifiedDate="2025-03-31T19:21:59.477" LastModifiedBy="40001842" ThemeID="" ExtraInfo="" DisplayName="Update DND - Lottery Application" />
      </Folder>
      <Folder ID="822EBAF92B6BFF7711AA706D41FDE726" Name="Widgets" ProcGroupID="822EBAF92B6BFF7711AA706D3C0605B1" AppID="822EBAF92B6BFF7711AA706D3C0605AA" Description="" CreatedBy="40002000" CreatedDate="0001-01-01T00:00:00Z" LastModifiedBy="40002000" LastModifiedDate="0001-01-01T00:00:00Z" ContentType="application\widgets" ParentFolderID="822EBAF92B6BFF7711AA706D41FDE721" DisplayName="Widgets" />
      <Folder ID="822EBAF92B6BFF7711AA706D41FDE727" Name="Views" ProcGroupID="822EBAF92B6BFF7711AA706D3C0605B1" AppID="822EBAF92B6BFF7711AA706D3C0605AA" Description="" CreatedBy="40002000" CreatedDate="0001-01-01T00:00:00Z" LastModifiedBy="40002000" LastModifiedDate="0001-01-01T00:00:00Z" ContentType="application\views" ParentFolderID="822EBAF92B6BFF7711AA706D41FDE721" DisplayName="Views">
        <File ID="BAEF0AFFF82C906711004DF8776FCBB4" Name="CSV Statistics Data Export by Date Period" BaseFileID="822FF817B17E405411AAC77B169725D5" PrevVerFileID="BAEB0AFFF82C906711000E656459DC2F" AppID="822EBAF92B6BFF7711AA706D3C0605AA" ParentFolderID="822EBAF92B6BFF7711AA706D41FDE727" ProcGroupID="822EBAF92B6BFF7711AA706D3C0605B1" Description="" Version="1.06" Status="DRAFT" ContentType="user\views" CheckedOutBy="" CheckedOutDate="0001-01-01T00:00:00Z" CreatedDate="2025-06-20T17:03:24.657" CreatedBy="40001842" LastModifiedDate="2025-06-20T17:04:26.283" LastModifiedBy="40001842" ThemeID="" ExtraInfo="" DisplayName="CSV Statistics Data Export by Date Period" />
        <File ID="BAF012DEFB27D0ED11004DF7EE979A54" Name="CSV Export View by Lottery" BaseFileID="822EBAF92B6BFF7711AA706D41FDE729" PrevVerFileID="BAEB0AFFF82C906711000E656459DC2D" AppID="822EBAF92B6BFF7711AA706D3C0605AA" ParentFolderID="822EBAF92B6BFF7711AA706D41FDE727" ProcGroupID="822EBAF92B6BFF7711AA706D3C0605B1" Description="" Version="1.08" Status="DRAFT" ContentType="user\views" CheckedOutBy="" CheckedOutDate="0001-01-01T00:00:00Z" CreatedDate="2025-06-20T16:59:37.15" CreatedBy="40001842" LastModifiedDate="2025-06-20T17:02:16.727" LastModifiedBy="40001842" ThemeID="" ExtraInfo="" DisplayName="CSV Export View by Lottery" />
        <File ID="BAEB0AFFF82C906711000E656459DC2E" Name="View All Lottery Applications" BaseFileID="8272C222362A5ECC11FF3E389F1F7537" PrevVerFileID="8275D4CA595610A111FF599C7741B09D" AppID="822EBAF92B6BFF7711AA706D3C0605AA" ParentFolderID="822EBAF92B6BFF7711AA706D41FDE727" ProcGroupID="822EBAF92B6BFF7711AA706D3C0605B1" Description="" Version="1.04" Status="RELEASED" ContentType="user\views" CheckedOutBy="" CheckedOutDate="0001-01-01T00:00:00Z" CreatedDate="2025-03-31T19:21:59.51" CreatedBy="40001842" LastModifiedDate="2025-03-31T19:21:59.51" LastModifiedBy="40001842" ThemeID="" ExtraInfo="" DisplayName="View All Lottery Applications" />
        <File ID="BAEB0AFFF82C906711000E656459DC30" Name="View Applications by Lottery Name" BaseFileID="822EBAF92B6BFF7711AA706D41FDE728" PrevVerFileID="8275D4CA595610A111FF599C7741B09F" AppID="822EBAF92B6BFF7711AA706D3C0605AA" ParentFolderID="822EBAF92B6BFF7711AA706D41FDE727" ProcGroupID="822EBAF92B6BFF7711AA706D3C0605B1" Description="" Version="1.07" Status="RELEASED" ContentType="user\views" CheckedOutBy="" CheckedOutDate="0001-01-01T00:00:00Z" CreatedDate="2025-03-31T19:21:59.51" CreatedBy="40001842" LastModifiedDate="2025-03-31T19:21:59.51" LastModifiedBy="40001842" ThemeID="" ExtraInfo="" DisplayName="View Applications by Lottery Name" />
      </Folder>
    </Folder>
    <Folder ID="822EBAF92B6BFF7711AA706D41FDE72A" Name="Lookups" ProcGroupID="822EBAF92B6BFF7711AA706D3C0605B1" AppID="822EBAF92B6BFF7711AA706D3C0605AA" Description="" CreatedBy="40002000" CreatedDate="0001-01-01T00:00:00Z" LastModifiedBy="40002000" LastModifiedDate="0001-01-01T00:00:00Z" ContentType="application\lookup" ParentFolderID="822EBAF92B6BFF7711AA706D3C0605B1" DisplayName="Lookups">
      <File ID="BAEF0AFFF82C906711004DF8058C511D" Name="Select Specific Lottery" BaseFileID="822EBAF92B6BFF7711AA706D41FDE72B" PrevVerFileID="BAEB0AFFF82C906711000E656459DC38" AppID="822EBAF92B6BFF7711AA706D3C0605AA" ParentFolderID="822EBAF92B6BFF7711AA706D41FDE72A" ProcGroupID="822EBAF92B6BFF7711AA706D3C0605B1" Description="" Version="1.07" Status="DRAFT" ContentType="user\lookupmulticolumn" CheckedOutBy="" CheckedOutDate="0001-01-01T00:00:00Z" CreatedDate="2025-06-20T17:00:19.21" CreatedBy="40001842" LastModifiedDate="2025-06-20T17:04:49.527" LastModifiedBy="40001842" ThemeID="" ExtraInfo="" DisplayName="Select Specific Lottery" />
      <File ID="BAF012DEFB27D0ED11004DF7F499F9E5" Name="Lottery Lookup" BaseFileID="822EBAF92B6BFF7711AA706D41FDE72D" PrevVerFileID="BAEB0AFFF82C906711000E656459DC36" AppID="822EBAF92B6BFF7711AA706D3C0605AA" ParentFolderID="822EBAF92B6BFF7711AA706D41FDE72A" ProcGroupID="822EBAF92B6BFF7711AA706D3C0605B1" Description="" Version="1.08" Status="DRAFT" ContentType="user\lookupnamevalue" CheckedOutBy="" CheckedOutDate="0001-01-01T00:00:00Z" CreatedDate="2025-06-20T16:59:50.857" CreatedBy="40001842" LastModifiedDate="2025-06-20T17:04:49.517" LastModifiedBy="40001842" ThemeID="" ExtraInfo="" DisplayName="Lottery Lookup" />
      <File ID="BAF012DEFB27D0ED11004DF87EDF1E8A" Name="Get Raw Data" BaseFileID="822FF817B17E405411AAC77B169725DD" PrevVerFileID="BAEB0AFFF82C906711000E656459DC33" AppID="822EBAF92B6BFF7711AA706D3C0605AA" ParentFolderID="822EBAF92B6BFF7711AA706D41FDE72A" ProcGroupID="822EBAF92B6BFF7711AA706D3C0605B1" Description="" Version="1.06" Status="DRAFT" ContentType="user\lookupmulticolumn" CheckedOutBy="" CheckedOutDate="0001-01-01T00:00:00Z" CreatedDate="2025-06-20T17:03:40.4" CreatedBy="40001842" LastModifiedDate="2025-06-20T17:04:49.43" LastModifiedBy="40001842" ThemeID="" ExtraInfo="" DisplayName="Get Raw Data" />
      <File ID="BAEB0AFFF82C906711000E656459DC35" Name="GetDND - Lottery Applications" BaseFileID="822EBAF92B6BFF7711AA706D41FDE72E" PrevVerFileID="8275D4CA595610A111FF599C7741B0A2" AppID="822EBAF92B6BFF7711AA706D3C0605AA" ParentFolderID="822EBAF92B6BFF7711AA706D41FDE72A" ProcGroupID="822EBAF92B6BFF7711AA706D3C0605B1" Description="" Version="1.06" Status="RELEASED" ContentType="user\lookupmulticolumn" CheckedOutBy="" CheckedOutDate="0001-01-01T00:00:00Z" CreatedDate="2025-03-31T19:21:59.57" CreatedBy="40001842" LastModifiedDate="2025-03-31T19:21:59.57" LastModifiedBy="40001842" ThemeID="" ExtraInfo="" DisplayName="GetDND - Lottery Applications" />
      <File ID="BAEB0AFFF82C906711000E656459DC37" Name="All Lotteries Applicantions" BaseFileID="8272C222362A5ECC11FF3E389F1F753A" PrevVerFileID="8275D4CA595610A111FF599C7741B0A4" AppID="822EBAF92B6BFF7711AA706D3C0605AA" ParentFolderID="822EBAF92B6BFF7711AA706D41FDE72A" ProcGroupID="822EBAF92B6BFF7711AA706D3C0605B1" Description="" Version="1.01" Status="RELEASED" ContentType="user\lookupmulticolumn" CheckedOutBy="" CheckedOutDate="0001-01-01T00:00:00Z" CreatedDate="2025-03-31T19:21:59.57" CreatedBy="40001842" LastModifiedDate="2025-03-31T19:21:59.57" LastModifiedBy="40001842" ThemeID="" ExtraInfo="" DisplayName="All Lotteries Applicantions" />
      <File ID="BAEB0AFFF82C906711000E656459DC34" Name="Select Lottery Name" BaseFileID="822EBAF92B6BFF7711AA706D41FDE72C" PrevVerFileID="8275D4CA595610A111FF599C7741B0A5" AppID="822EBAF92B6BFF7711AA706D3C0605AA" ParentFolderID="822EBAF92B6BFF7711AA706D41FDE72A" ProcGroupID="822EBAF92B6BFF7711AA706D3C0605B1" Description="" Version="1.07" Status="RELEASED" ContentType="user\lookupmulticolumn" CheckedOutBy="" CheckedOutDate="0001-01-01T00:00:00Z" CreatedDate="2025-03-31T19:21:59.557" CreatedBy="40001842" LastModifiedDate="2025-03-31T19:21:59.557" LastModifiedBy="40001842" ThemeID="" ExtraInfo="" DisplayName="Select Lottery Name" />
      <File ID="BAEB0AFFF82C906711000E656459DC31" Name="GetDND - Lottery ApplicationsRecentlyModified" BaseFileID="822EBAF92B6BFF7711AA706D41FDE730" PrevVerFileID="8275D4CA595610A111FF599C7741B0A1" AppID="822EBAF92B6BFF7711AA706D3C0605AA" ParentFolderID="822EBAF92B6BFF7711AA706D41FDE72A" ProcGroupID="822EBAF92B6BFF7711AA706D3C0605B1" Description="" Version="1.06" Status="RELEASED" ContentType="user\lookupmulticolumn" CheckedOutBy="" CheckedOutDate="0001-01-01T00:00:00Z" CreatedDate="2025-03-31T19:21:59.54" CreatedBy="40001842" LastModifiedDate="2025-03-31T19:21:59.54" LastModifiedBy="40001842" ThemeID="" ExtraInfo="" DisplayName="GetDND - Lottery ApplicationsRecentlyModified" />
      <File ID="BAEB0AFFF82C906711000E656459DC32" Name="GetDND - Lottery ApplicationsRecentlyCreated" BaseFileID="822EBAF92B6BFF7711AA706D41FDE72F" PrevVerFileID="8275D4CA595610A111FF599C7741B0A0" AppID="822EBAF92B6BFF7711AA706D3C0605AA" ParentFolderID="822EBAF92B6BFF7711AA706D41FDE72A" ProcGroupID="822EBAF92B6BFF7711AA706D3C0605B1" Description="" Version="1.06" Status="RELEASED" ContentType="user\lookupmulticolumn" CheckedOutBy="" CheckedOutDate="0001-01-01T00:00:00Z" CreatedDate="2025-03-31T19:21:59.54" CreatedBy="40001842" LastModifiedDate="2025-03-31T19:21:59.54" LastModifiedBy="40001842" ThemeID="" ExtraInfo="" DisplayName="GetDND - Lottery ApplicationsRecentlyCreated" />
    </Folder>
    <Folder ID="822EBAF92B6BFF7711AA706D41FDE731" Name="Translation" ProcGroupID="822EBAF92B6BFF7711AA706D3C0605B1" AppID="822EBAF92B6BFF7711AA706D3C0605AA" Description="" CreatedBy="40002000" CreatedDate="0001-01-01T00:00:00Z" LastModifiedBy="40002000" LastModifiedDate="0001-01-01T00:00:00Z" ContentType="application\translation" ParentFolderID="822EBAF92B6BFF7711AA706D3C0605B1" DisplayName="Translation" />
    <Folder ID="822EBAF92B6BFF7711AA706D41FDE732" Name="Document Repository" ProcGroupID="822EBAF92B6BFF7711AA706D3C0605B1" AppID="822EBAF92B6BFF7711AA706D3C0605AA" Description="" CreatedBy="40002000" CreatedDate="0001-01-01T00:00:00Z" LastModifiedBy="40002000" LastModifiedDate="0001-01-01T00:00:00Z" ContentType="application\documentrepository" ParentFolderID="822EBAF92B6BFF7711AA706D3C0605B1" DisplayName="Document Repository" />
    <Folder ID="822EBAF92B6BFF7711AA706D41FDE733" Name="System Files" ProcGroupID="822EBAF92B6BFF7711AA706D3C0605B1" AppID="822EBAF92B6BFF7711AA706D3C0605AA" Description="" CreatedBy="40002000" CreatedDate="0001-01-01T00:00:00Z" LastModifiedBy="40002000" LastModifiedDate="0001-01-01T00:00:00Z" ContentType="application\hidden" ParentFolderID="822EBAF92B6BFF7711AA706D3C0605B1" DisplayName="System Files" />
    <Folder ID="822EBAF92B6BFF7711AA706D41FDE734" Name="Process Model" ProcGroupID="822EBAF92B6BFF7711AA706D3C0605B1" AppID="822EBAF92B6BFF7711AA706D3C0605AA" Description="" CreatedBy="40002000" CreatedDate="0001-01-01T00:00:00Z" LastModifiedBy="40002000" LastModifiedDate="0001-01-01T00:00:00Z" ContentType="application\processmodel" ParentFolderID="822EBAF92B6BFF7711AA706D3C0605B1" DisplayName="Process Model">
      <File ID="BAEB0AFFF82C906711000E656459DC40" Name="DND - Lottery Application DND Views_Update DND - Lottery Application" BaseFileID="822EBAF92B6BFF7711AA706D41FDE737" PrevVerFileID="8275D4CA595610A111FF599C7741B0B1" AppID="822EBAF92B6BFF7711AA706D3C0605AA" ParentFolderID="822EBAF92B6BFF7711AA706D41FDE734" ProcGroupID="822EBAF92B6BFF7711AA706D3C0605B1" Description="" Version="1.06" Status="RELEASED" ContentType="user\processmodel" CheckedOutBy="" CheckedOutDate="0001-01-01T00:00:00Z" CreatedDate="2025-03-31T19:21:59.663" CreatedBy="40001842" LastModifiedDate="2025-03-31T19:21:59.663" LastModifiedBy="40001842" ThemeID="" ExtraInfo="" DisplayName="Update DND - Lottery Application" />
      <File ID="BAEB0AFFF82C906711000E656459DC41" Name="DND - Lottery Application DND Views_Recently Created DND - Lottery Applications" BaseFileID="822EBAF92B6BFF7711AA706D41FDE73A" PrevVerFileID="8275D4CA595610A111FF599C7741B0B2" AppID="822EBAF92B6BFF7711AA706D3C0605AA" ParentFolderID="822EBAF92B6BFF7711AA706D41FDE734" ProcGroupID="822EBAF92B6BFF7711AA706D3C0605B1" Description="" Version="1.06" Status="RELEASED" ContentType="user\processmodel" CheckedOutBy="" CheckedOutDate="0001-01-01T00:00:00Z" CreatedDate="2025-03-31T19:21:59.663" CreatedBy="40001842" LastModifiedDate="2025-03-31T19:21:59.663" LastModifiedBy="40001842" ThemeID="" ExtraInfo="" DisplayName="Recently Created DND - Lottery Applications" />
      <File ID="BAEB0AFFF82C906711000E656459DC3D" Name="DND - Lottery Application DND Views_New DND - Lottery Application" BaseFileID="822EBAF92B6BFF7711AA706D41FDE73B" PrevVerFileID="8275D4CA595610A111FF599C7741B0AD" AppID="822EBAF92B6BFF7711AA706D3C0605AA" ParentFolderID="822EBAF92B6BFF7711AA706D41FDE734" ProcGroupID="822EBAF92B6BFF7711AA706D3C0605B1" Description="" Version="1.06" Status="RELEASED" ContentType="user\processmodel" CheckedOutBy="" CheckedOutDate="0001-01-01T00:00:00Z" CreatedDate="2025-03-31T19:21:59.65" CreatedBy="40001842" LastModifiedDate="2025-03-31T19:21:59.65" LastModifiedBy="40001842" ThemeID="" ExtraInfo="" DisplayName="New DND - Lottery Application" />
      <File ID="BAEB0AFFF82C906711000E656459DC3E" Name="DND - Lottery Application DND Views_View All Lottery Applications" BaseFileID="8272C222362A5ECC11FF3E389F1F7544" PrevVerFileID="8275D4CA595610A111FF599C7741B0B0" AppID="822EBAF92B6BFF7711AA706D3C0605AA" ParentFolderID="822EBAF92B6BFF7711AA706D41FDE734" ProcGroupID="822EBAF92B6BFF7711AA706D3C0605B1" Description="" Version="1.01" Status="RELEASED" ContentType="user\processmodel" CheckedOutBy="" CheckedOutDate="0001-01-01T00:00:00Z" CreatedDate="2025-03-31T19:21:59.65" CreatedBy="40001842" LastModifiedDate="2025-03-31T19:21:59.65" LastModifiedBy="40001842" ThemeID="" ExtraInfo="" DisplayName="View All Lottery Applications" />
      <File ID="BAEB0AFFF82C906711000E656459DC3F" Name="DND - Lottery Application DND Views_CSV Statistics Data Export by Date Period" BaseFileID="822FF817B17E405411AAC77B169725E6" PrevVerFileID="8275D4CA595610A111FF599C7741B0AF" AppID="822EBAF92B6BFF7711AA706D3C0605AA" ParentFolderID="822EBAF92B6BFF7711AA706D41FDE734" ProcGroupID="822EBAF92B6BFF7711AA706D3C0605B1" Description="" Version="1.05" Status="RELEASED" ContentType="user\processmodel" CheckedOutBy="" CheckedOutDate="0001-01-01T00:00:00Z" CreatedDate="2025-03-31T19:21:59.65" CreatedBy="40001842" LastModifiedDate="2025-03-31T19:21:59.65" LastModifiedBy="40001842" ThemeID="" ExtraInfo="" DisplayName="CSV Statistics Data Export by Date Period" />
      <File ID="BAEB0AFFF82C906711000E656459DC3A" Name="DND - Lottery Application DND Views_CSV Export View by Lottery" BaseFileID="822EBAF92B6BFF7711AA706D41FDE736" PrevVerFileID="8275D4CA595610A111FF599C7741B0A8" AppID="822EBAF92B6BFF7711AA706D3C0605AA" ParentFolderID="822EBAF92B6BFF7711AA706D41FDE734" ProcGroupID="822EBAF92B6BFF7711AA706D3C0605B1" Description="" Version="1.06" Status="RELEASED" ContentType="user\processmodel" CheckedOutBy="" CheckedOutDate="0001-01-01T00:00:00Z" CreatedDate="2025-03-31T19:21:59.633" CreatedBy="40001842" LastModifiedDate="2025-03-31T19:21:59.633" LastModifiedBy="40001842" ThemeID="" ExtraInfo="" DisplayName="CSV Export View by Lottery" />
      <File ID="BAEB0AFFF82C906711000E656459DC3B" Name="DND - Lottery Application DND Views_All DND - Lottery Applications" BaseFileID="822EBAF92B6BFF7711AA706D41FDE738" PrevVerFileID="8275D4CA595610A111FF599C7741B0A9" AppID="822EBAF92B6BFF7711AA706D3C0605AA" ParentFolderID="822EBAF92B6BFF7711AA706D41FDE734" ProcGroupID="822EBAF92B6BFF7711AA706D3C0605B1" Description="" Version="1.06" Status="RELEASED" ContentType="user\processmodel" CheckedOutBy="" CheckedOutDate="0001-01-01T00:00:00Z" CreatedDate="2025-03-31T19:21:59.633" CreatedBy="40001842" LastModifiedDate="2025-03-31T19:21:59.633" LastModifiedBy="40001842" ThemeID="" ExtraInfo="" DisplayName="All DND - Lottery Applications" />
      <File ID="BAEB0AFFF82C906711000E656459DC3C" Name="DND - Lottery Application DND Views_Recently Modified DND - Lottery Applications" BaseFileID="822EBAF92B6BFF7711AA706D41FDE739" PrevVerFileID="8275D4CA595610A111FF599C7741B0AE" AppID="822EBAF92B6BFF7711AA706D3C0605AA" ParentFolderID="822EBAF92B6BFF7711AA706D41FDE734" ProcGroupID="822EBAF92B6BFF7711AA706D3C0605B1" Description="" Version="1.06" Status="RELEASED" ContentType="user\processmodel" CheckedOutBy="" CheckedOutDate="0001-01-01T00:00:00Z" CreatedDate="2025-03-31T19:21:59.633" CreatedBy="40001842" LastModifiedDate="2025-03-31T19:21:59.633" LastModifiedBy="40001842" ThemeID="" ExtraInfo="" DisplayName="Recently Modified DND - Lottery Applications" />
      <File ID="BAEB0AFFF82C906711000E656459DC39" Name="DND - Lottery Application DND Views_View Applications by Lottery Name" BaseFileID="822EBAF92B6BFF7711AA706D41FDE735" PrevVerFileID="8275D4CA595610A111FF599C7741B0AA" AppID="822EBAF92B6BFF7711AA706D3C0605AA" ParentFolderID="822EBAF92B6BFF7711AA706D41FDE734" ProcGroupID="822EBAF92B6BFF7711AA706D3C0605B1" Description="" Version="1.06" Status="RELEASED" ContentType="user\processmodel" CheckedOutBy="" CheckedOutDate="0001-01-01T00:00:00Z" CreatedDate="2025-03-31T19:21:59.617" CreatedBy="40001842" LastModifiedDate="2025-03-31T19:21:59.617" LastModifiedBy="40001842" ThemeID="" ExtraInfo="" DisplayName="View Applications by Lottery Name" />
    </Folder>
    <Folder ID="822EBAF92B6BFF7711AA706D41FDE73C" Name="Notification" ProcGroupID="822EBAF92B6BFF7711AA706D3C0605B1" AppID="822EBAF92B6BFF7711AA706D3C0605AA" Description="" CreatedBy="40002000" CreatedDate="2020-03-27T20:55:16.057" LastModifiedBy="40002000" LastModifiedDate="2020-03-27T20:55:16.057" ContentType="application\notification" ParentFolderID="822EBAF92B6BFF7711AA706D3C0605B1" DisplayName="Notification">
      <Folder ID="822EBAF92B6BFF7711AA706D41FDE741" Name="Attachment Repository" ProcGroupID="822EBAF92B6BFF7711AA706D3C0605B1" AppID="822EBAF92B6BFF7711AA706D3C0605AA" Description="" CreatedBy="40002000" CreatedDate="2020-03-27T20:55:16.163" LastModifiedBy="40002000" LastModifiedDate="2020-03-27T20:55:16.163" ContentType="application\attachmentrepository" ParentFolderID="822EBAF92B6BFF7711AA706D41FDE73C" DisplayName="Attachment Repository" />
      <Folder ID="8257D4CD9C2F4D1611DDF13AC1FAB173" Name="E-mails" ProcGroupID="822EBAF92B6BFF7711AA706D3C0605B1" AppID="822EBAF92B6BFF7711AA706D3C0605AA" Description="" CreatedBy="40002000" CreatedDate="2023-05-12T23:03:44.21" LastModifiedBy="40002000" LastModifiedDate="2023-05-12T23:03:44.21" ContentType="application\email" ParentFolderID="822EBAF92B6BFF7711AA706D41FDE73C" DisplayName="E-mails">
        <File ID="BAEB0AFFF82C906711000E656A531EF5" Name="Record Edited" BaseFileID="8272C222362A5ECC11FF3E389F1F754E" PrevVerFileID="8275D4CA595610A111FF599C7741B0B3" AppID="822EBAF92B6BFF7711AA706D3C0605AA" ParentFolderID="8257D4CD9C2F4D1611DDF13AC1FAB173" ProcGroupID="822EBAF92B6BFF7711AA706D3C0605B1" Description="" Version="1.01" Status="RELEASED" ContentType="user\email" CheckedOutBy="" CheckedOutDate="0001-01-01T00:00:00Z" CreatedDate="2025-03-31T19:21:59.697" CreatedBy="40001842" LastModifiedDate="2025-03-31T19:21:59.697" LastModifiedBy="40001842" ThemeID="" ExtraInfo="" DisplayName="Record Edited" />
        <File ID="BAEB0AFFF82C906711000E656A531EF6" Name="Record Deleted" BaseFileID="8272C222362A5ECC11FF3E389F1F754D" PrevVerFileID="8275D4CA595610A111FF599C7741B0B4" AppID="822EBAF92B6BFF7711AA706D3C0605AA" ParentFolderID="8257D4CD9C2F4D1611DDF13AC1FAB173" ProcGroupID="822EBAF92B6BFF7711AA706D3C0605B1" Description="" Version="1.01" Status="RELEASED" ContentType="user\email" CheckedOutBy="" CheckedOutDate="0001-01-01T00:00:00Z" CreatedDate="2025-03-31T19:21:59.697" CreatedBy="40001842" LastModifiedDate="2025-03-31T19:21:59.697" LastModifiedBy="40001842" ThemeID="" ExtraInfo="" DisplayName="Record Deleted" />
        <File ID="BAEB0AFFF82C906711000E656A531EEE" Name="Record Added" BaseFileID="8272C222362A5ECC11FF3E389F1F754F" PrevVerFileID="8275D4CA595610A111FF599C7741B0B5" AppID="822EBAF92B6BFF7711AA706D3C0605AA" ParentFolderID="8257D4CD9C2F4D1611DDF13AC1FAB173" ProcGroupID="822EBAF92B6BFF7711AA706D3C0605B1" Description="" Version="1.01" Status="RELEASED" ContentType="user\email" CheckedOutBy="" CheckedOutDate="0001-01-01T00:00:00Z" CreatedDate="2025-03-31T19:21:59.68" CreatedBy="40001842" LastModifiedDate="2025-03-31T19:21:59.68" LastModifiedBy="40001842" ThemeID="" ExtraInfo="" DisplayName="Record Added" />
      </Folder>
    </Folder>
  </Folder>
  <CoAuthored>false</CoAuthored>
</WFEnabledApplication>