<?xml version="1.0"?>
<WFApplicationDynamicDependencies xmlns:xsd="http://www.w3.org/2001/XMLSchema" xmlns:xsi="http://www.w3.org/2001/XMLSchema-instance">
  <AppName>Graffiti Waiver Application Process</AppName>
  <Version>1.11</Version>
  <SharedAttributes>
    <SharedCustomAttribute>
      <AttributeName>CurrentYear</AttributeName>
      <UsedIn>
        <DependencyUsedIn>
          <FileName>Graffiti Waiver Application Process</FileName>
          <FileDisplayName>Graffiti Waiver Application Process</FileDisplayName>
          <Activities>
            <Activity>
              <InternalName>UpdateCustomAttributes.1</InternalName>
              <DisplayName>Create File Name</DisplayName>
            </Activity>
          </Activities>
          <FileType>Process Model</FileType>
          <NumberOfTimesUsed>1</NumberOfTimesUsed>
        </DependencyUsedIn>
        <DependencyUsedIn>
          <FileName>Form Library</FileName>
          <FileDisplayName>Form Library</FileDisplayName>
          <Activities />
          <FileType>eForm Library</FileType>
          <NumberOfTimesUsed>1</NumberOfTimesUsed>
        </DependencyUsedIn>
      </UsedIn>
      <IsExists>false</IsExists>
    </SharedCustomAttribute>
  </SharedAttributes>
  <Groups>
    <Group>
      <GroupName>Graffiti Waiver</GroupName>
      <UsedIn>
        <DependencyUsedIn>
          <FileName>Notification</FileName>
          <FileDisplayName>Notification</FileDisplayName>
          <Activities />
          <FileType>Email Notification</FileType>
          <NumberOfTimesUsed>1</NumberOfTimesUsed>
        </DependencyUsedIn>
      </UsedIn>
      <IsExists>false</IsExists>
    </Group>
  </Groups>
  <DataEntities>
    <DataEntity>
      <EntityName>GraffitiWaiverForm__u</EntityName>
      <EntityDisplayName>Graffiti Waiver Form</EntityDisplayName>
      <UsedIn>
        <DependencyUsedIn>
          <FileName>Graffiti Waiver Application Process</FileName>
          <FileDisplayName>Graffiti Waiver Application Process</FileDisplayName>
          <Activities>
            <Activity>
              <InternalName>UpdateAPDataEntity.1</InternalName>
              <DisplayName>Save Information to Data Entity</DisplayName>
            </Activity>
          </Activities>
          <FileType>Process Model</FileType>
          <NumberOfTimesUsed>1</NumberOfTimesUsed>
        </DependencyUsedIn>
        <DependencyUsedIn>
          <FileName>GraffitiWaiverForm</FileName>
          <FileDisplayName>GraffitiWaiverForm</FileDisplayName>
          <Activities />
          <FileType>Data Source</FileType>
          <NumberOfTimesUsed>1</NumberOfTimesUsed>
        </DependencyUsedIn>
      </UsedIn>
      <IsExists>false</IsExists>
    </DataEntity>
  </DataEntities>
  <GlobalAppTokens>
    <GlobalAppToken>
      <TokenName>AgilePoint Google Drive</TokenName>
      <UsedIn>
        <DependencyUsedIn>
          <FileName>Graffiti Waiver Application Process</FileName>
          <FileDisplayName>Graffiti Waiver Application Process</FileDisplayName>
          <Activities>
            <Activity>
              <InternalName>MicrosoftWord.1</InternalName>
              <DisplayName>Create Word Document</DisplayName>
            </Activity>
          </Activities>
          <FileType>Process Model</FileType>
          <NumberOfTimesUsed>2</NumberOfTimesUsed>
        </DependencyUsedIn>
        <DependencyUsedIn>
          <FileName>Graffiti Waiver File Upload</FileName>
          <FileDisplayName>Graffiti Waiver File Upload</FileDisplayName>
          <Activities />
          <FileType>Document Repository</FileType>
          <NumberOfTimesUsed>1</NumberOfTimesUsed>
        </DependencyUsedIn>
      </UsedIn>
      <IsExists>false</IsExists>
    </GlobalAppToken>
  </GlobalAppTokens>
  <FileTypeGroups />
</WFApplicationDynamicDependencies>