<?xml version="1.0"?>
<ArrayOfDataSourceAndAppFileAssociation xmlns:xsd="http://www.w3.org/2001/XMLSchema" xmlns:xsi="http://www.w3.org/2001/XMLSchema-instance">
  <DataSourceAndAppFileAssociation>
    <ID>AA5212F761F5622411AA15D7D5A2B65E</ID>
    <AppName>DoIT - Payroll Overtime Requests View</AppName>
    <FileName>All DoIT - Overtime Requestss</FileName>
    <IsDefault>true</IsDefault>
    <ContentType>user\views</ContentType>
    <DataSourceName>DoITPayrollOvertimeRequest</DataSourceName>
    <DefName>DoIT - Payroll Overtime Requests View_All DoIT - Overtime Requestss</DefName>
    <CreatedBy>INT00116</CreatedBy>
    <CreatedDate>2019-12-03T06:19:00.473</CreatedDate>
    <LastModifiedBy>40001842</LastModifiedBy>
    <LastModifiedDate>2025-01-23T14:26:44.313</LastModifiedDate>
  </DataSourceAndAppFileAssociation>
  <DataSourceAndAppFileAssociation>
    <ID>AA6DBA982F96838F11CCD236688E7EF4</ID>
    <AppName>DoIT - Payroll Overtime Requests View</AppName>
    <FileName>DoIT Overtime - Last 7 Days</FileName>
    <IsDefault>false</IsDefault>
    <ContentType>user\views</ContentType>
    <DataSourceName>DoITPayrollOvertimeRequest</DataSourceName>
    <DefName>DoIT - Payroll Overtime Requests View_DoIT Overtime - Last 7 Days</DefName>
    <CreatedBy>BOSTON-D-APP01\Bryan.Carroll</CreatedBy>
    <CreatedDate>2022-05-12T16:59:28.733</CreatedDate>
    <LastModifiedBy />
    <LastModifiedDate>0001-01-01T00:00:00Z</LastModifiedDate>
  </DataSourceAndAppFileAssociation>
  <DataSourceAndAppFileAssociation>
    <ID>AA5212F761F5622411AA15DC9DF8EC1C</ID>
    <AppName>DoIT - Payroll Overtime Requests View</AppName>
    <FileName>Export all records to a CSV file</FileName>
    <IsDefault>false</IsDefault>
    <ContentType>user\views</ContentType>
    <DataSourceName>DoITPayrollOvertimeRequest</DataSourceName>
    <DefName>DoIT - Payroll Overtime Requests View_Export all records to a CSV file</DefName>
    <CreatedBy>INT00116</CreatedBy>
    <CreatedDate>2019-12-03T06:53:08.867</CreatedDate>
    <LastModifiedBy />
    <LastModifiedDate>0001-01-01T00:00:00Z</LastModifiedDate>
  </DataSourceAndAppFileAssociation>
  <DataSourceAndAppFileAssociation>
    <ID>AA5212F761F5622411AA15D7D5A2B679</ID>
    <AppName>DoIT - Payroll Overtime Requests View</AppName>
    <FileName>New DoIT - Overtime Requests</FileName>
    <IsDefault>false</IsDefault>
    <ContentType>user\newforms</ContentType>
    <DataSourceName>DoITPayrollOvertimeRequest</DataSourceName>
    <DefName>DoIT - Payroll Overtime Requests View_New DoIT - Overtime Requests</DefName>
    <CreatedBy>INT00116</CreatedBy>
    <CreatedDate>2019-12-03T06:19:02.02</CreatedDate>
    <LastModifiedBy />
    <LastModifiedDate>0001-01-01T00:00:00Z</LastModifiedDate>
  </DataSourceAndAppFileAssociation>
  <DataSourceAndAppFileAssociation>
    <ID>AA5212F761F5622411AA15D7D5A2B656</ID>
    <AppName>DoIT - Payroll Overtime Requests View</AppName>
    <FileName>Update DoIT - Overtime Requests</FileName>
    <IsDefault>false</IsDefault>
    <ContentType>user\updateforms</ContentType>
    <DataSourceName>DoITPayrollOvertimeRequest</DataSourceName>
    <DefName>DoIT - Payroll Overtime Requests View_Update DoIT - Overtime Requests</DefName>
    <CreatedBy>INT00116</CreatedBy>
    <CreatedDate>2019-12-03T06:18:59.973</CreatedDate>
    <LastModifiedBy />
    <LastModifiedDate>0001-01-01T00:00:00Z</LastModifiedDate>
  </DataSourceAndAppFileAssociation>
</ArrayOfDataSourceAndAppFileAssociation>