<?xml version="1.0"?>
<WFEnabledApplication xmlns:xsd="http://www.w3.org/2001/XMLSchema" xmlns:xsi="http://www.w3.org/2001/XMLSchema-instance" ID="AA5212F761F5622411AA15D7BD7EE693" Name="DoIT - Payroll Overtime Requests View" Description="" Status="DRAFT" CreatedDate="2019-12-03T06:18:19.443" CreatedBy="INT00116" AppType="StandaloneForms" Visibility="PAAS" ContentType="application" DisplayName="DoIT - Payroll Overtime Requests View" AppLocale="customlocale" ParentApplicationId="">
  <Folder ID="AA5212F761F5622411AA15D7BD7EE694" Name="Shared Resources" ProcGroupID="" AppID="AA5212F761F5622411AA15D7BD7EE693" Description="" CreatedBy="INT00116" CreatedDate="2019-12-03T06:18:19.443" LastModifiedBy="" LastModifiedDate="0001-01-01T00:00:00Z" ContentType="Any" ParentFolderID="AA5212F761F5622411AA15D7BD7EE693" DisplayName="Shared Resources">
    <Folder ID="AA5212F761F5622411AA15D7BD7EE695" Name="Style Sheets" ProcGroupID="" AppID="AA5212F761F5622411AA15D7BD7EE693" Description="" CreatedBy="INT00116" CreatedDate="2019-12-03T06:18:19.443" LastModifiedBy="" LastModifiedDate="0001-01-01T00:00:00Z" ContentType="application\CSS" ParentFolderID="AA5212F761F5622411AA15D7BD7EE694" DisplayName="Style Sheets">
      <File ID="BAE4122DC7151DEB11FFD995CA1B7463" Name="Button  Edit Hide.css" BaseFileID="BAE4122DC7151DEB11FFD995CA1B7463" PrevVerFileID="" AppID="AA5212F761F5622411AA15D7BD7EE693" ParentFolderID="AA5212F761F5622411AA15D7BD7EE695" ProcGroupID="" Description="" Version="1.01" Status="RELEASED" ContentType="user\CSS" CheckedOutBy="" CheckedOutDate="0001-01-01T00:00:00Z" CreatedDate="2025-01-23T14:24:44.797" CreatedBy="40001842" LastModifiedDate="2025-01-23T14:25:00.617" LastModifiedBy="40001842" ThemeID="" ExtraInfo="" DisplayName="Button  Edit Hide.css" />
    </Folder>
    <Folder ID="AA5212F761F5622411AA15D7BD7EE696" Name="JavaScript" ProcGroupID="" AppID="AA5212F761F5622411AA15D7BD7EE693" Description="" CreatedBy="INT00116" CreatedDate="2019-12-03T06:18:19.443" LastModifiedBy="" LastModifiedDate="0001-01-01T00:00:00Z" ContentType="application\js" ParentFolderID="AA5212F761F5622411AA15D7BD7EE694" DisplayName="JavaScript" />
    <Folder ID="AA5212F761F5622411AA15D7BD7EE697" Name="Images" ProcGroupID="" AppID="AA5212F761F5622411AA15D7BD7EE693" Description="" CreatedBy="INT00116" CreatedDate="2019-12-03T06:18:19.443" LastModifiedBy="" LastModifiedDate="0001-01-01T00:00:00Z" ContentType="application\image" ParentFolderID="AA5212F761F5622411AA15D7BD7EE694" DisplayName="Images" />
    <Folder ID="AA5212F761F5622411AA15D7BD7EE698" Name="Access Tokens" ProcGroupID="" AppID="AA5212F761F5622411AA15D7BD7EE693" Description="" CreatedBy="INT00116" CreatedDate="2019-12-03T06:18:19.443" LastModifiedBy="" LastModifiedDate="0001-01-01T00:00:00Z" ContentType="application\apptoken" ParentFolderID="AA5212F761F5622411AA15D7BD7EE694" DisplayName="Access Tokens" />
    <Folder ID="AA5212F761F5622411AA15D7BD7EE699" Name="Application Resources" ProcGroupID="" AppID="AA5212F761F5622411AA15D7BD7EE693" Description="" CreatedBy="INT00116" CreatedDate="2019-12-03T06:18:19.443" LastModifiedBy="" LastModifiedDate="0001-01-01T00:00:00Z" ContentType="application\applicationresources" ParentFolderID="AA5212F761F5622411AA15D7BD7EE694" DisplayName="Application Resources" />
    <Folder ID="AA7D9C33EB30899511DDDB34E646BF11" Name="Comments" ProcGroupID="AA5212F761F5622411AA15D7BD7EE694" AppID="AA5212F761F5622411AA15D7BD7EE693" Description="" CreatedBy="INT00116" CreatedDate="2023-04-14T22:26:21.183" LastModifiedBy="INT00116" LastModifiedDate="2023-04-14T22:26:21.183" ContentType="application\comments" ParentFolderID="AA5212F761F5622411AA15D7BD7EE694" DisplayName="Comments" />
  </Folder>
  <Folder ID="AA5212F761F5622411AA15D7BD7EE6B8" Name="App Model &amp; Resources" ProcGroupID="" AppID="AA5212F761F5622411AA15D7BD7EE693" Description="" CreatedBy="INT00116" CreatedDate="2019-12-03T06:18:19.71" LastModifiedBy="" LastModifiedDate="0001-01-01T00:00:00Z" ContentType="user\processgroup" ParentFolderID="AA5212F761F5622411AA15D7BD7EE693" DisplayName="App Model &amp; Resources">
    <Folder ID="AA5212F761F5622411AA15D7BD7EE6B9" Name="Data Model" ProcGroupID="AA5212F761F5622411AA15D7BD7EE6B8" AppID="AA5212F761F5622411AA15D7BD7EE693" Description="" CreatedBy="INT00116" CreatedDate="2019-12-03T06:18:19.71" LastModifiedBy="" LastModifiedDate="0001-01-01T00:00:00Z" ContentType="application\datamodel" ParentFolderID="AA5212F761F5622411AA15D7BD7EE6B8" DisplayName="Data Model">
      <File ID="BAE4122DC7151DEB11FFD995FA416DE5" Name="Schema.xsd" BaseFileID="AA5212F761F5622411AA15D987EE3816" PrevVerFileID="BAE4122DC7151DEB11FFD99575CF85F6" AppID="AA5212F761F5622411AA15D7BD7EE693" ParentFolderID="AA5212F761F5622411AA15D7BD7EE6B9" ProcGroupID="AA5212F761F5622411AA15D7BD7EE6B8" Description="" Version="1.16" Status="DRAFT" ContentType="user\datamodel" CheckedOutBy="" CheckedOutDate="0001-01-01T00:00:00Z" CreatedDate="2025-01-23T14:26:10.08" CreatedBy="INT00116" LastModifiedDate="2025-01-23T14:26:35.803" LastModifiedBy="40001842" ThemeID="" ExtraInfo="[{&quot;Name&quot; : &quot;NamespaceUpdated&quot; , &quot;Value&quot; : &quot;True&quot;}]" DisplayName="Schema.xsd" />
      <File ID="BAE2122DC7151DEB11FFB19B75C37581" Name="DoITPayrollOvertimeRequest" BaseFileID="AA5212F761F5622411AA15D7D5A2B683" PrevVerFileID="AA5F12F761F5622411BBF3BF74E09DD9" AppID="AA5212F761F5622411AA15D7BD7EE693" ParentFolderID="AA5212F761F5622411AA15D7BD7EE6B9" ProcGroupID="AA5212F761F5622411AA15D7BD7EE6B8" Description="Datasource DoITPayrollOvertimeRequest Schema" Version="1.04" Status="RELEASED" ContentType="user\apdataentitydatamodel" CheckedOutBy="" CheckedOutDate="0001-01-01T00:00:00Z" CreatedDate="2024-12-03T17:24:35.61" CreatedBy="INT00116" LastModifiedDate="2024-12-03T17:24:35.687" LastModifiedBy="40001842" ThemeID="" ExtraInfo="" DisplayName="DoITPayrollOvertimeRequest" />
    </Folder>
    <Folder ID="AA5212F761F5622411AA15D7BD7EE6BA" Name="Data Source" ProcGroupID="AA5212F761F5622411AA15D7BD7EE6B8" AppID="AA5212F761F5622411AA15D7BD7EE693" Description="" CreatedBy="INT00116" CreatedDate="2019-12-03T06:18:19.71" LastModifiedBy="" LastModifiedDate="0001-01-01T00:00:00Z" ContentType="application\datasources" ParentFolderID="AA5212F761F5622411AA15D7BD7EE6B8" DisplayName="Data Source">
      <File ID="BAE2122DC7151DEB11FFB19B69CCF23E" Name="DoITPayrollOvertimeRequest" BaseFileID="AA5212F761F5622411AA15D7D5A2B680" PrevVerFileID="AA5F12F761F5622411BBF3BF74E09C77" AppID="AA5212F761F5622411AA15D7BD7EE693" ParentFolderID="AA5212F761F5622411AA15D7BD7EE6BA" ProcGroupID="AA5212F761F5622411AA15D7BD7EE6B8" Description="" Version="1.04" Status="RELEASED" ContentType="user\APDataEntityDataSource" CheckedOutBy="" CheckedOutDate="0001-01-01T00:00:00Z" CreatedDate="2024-12-03T17:24:18.677" CreatedBy="INT00116" LastModifiedDate="2024-12-03T17:24:44.043" LastModifiedBy="40001842" ThemeID="" ExtraInfo="" DisplayName="DoITPayrollOvertimeRequest" />
    </Folder>
    <Folder ID="AA5212F761F5622411AA15D7BD7EE6BB" Name="Library" ProcGroupID="AA5212F761F5622411AA15D7BD7EE6B8" AppID="AA5212F761F5622411AA15D7BD7EE693" Description="" CreatedBy="INT00116" CreatedDate="2019-12-03T06:18:19.71" LastModifiedBy="" LastModifiedDate="0001-01-01T00:00:00Z" ContentType="application\taskformlibrary" ParentFolderID="AA5212F761F5622411AA15D7BD7EE6B8" DisplayName="Library">
      <File ID="BAE4122DC7151DEB11FFD995FA416DE7" Name="Form Library" BaseFileID="AA5212F761F5622411AA15D987EE3817" PrevVerFileID="BAE4122DC7151DEB11FFD99575CF85F8" AppID="AA5212F761F5622411AA15D7BD7EE693" ParentFolderID="AA5212F761F5622411AA15D7BD7EE6BB" ProcGroupID="AA5212F761F5622411AA15D7BD7EE6B8" Description="" Version="1.16" Status="DRAFT" ContentType="user\taskformlibrary" CheckedOutBy="" CheckedOutDate="0001-01-01T00:00:00Z" CreatedDate="2025-01-23T14:26:10.207" CreatedBy="INT00116" LastModifiedDate="2025-01-23T14:26:35.74" LastModifiedBy="40001842" ThemeID="" ExtraInfo="" DisplayName="Form Library" />
    </Folder>
    <Folder ID="AA5212F761F5622411AA15D7BD7EE6BC" Name="Forms" ProcGroupID="AA5212F761F5622411AA15D7BD7EE6B8" AppID="AA5212F761F5622411AA15D7BD7EE693" Description="" CreatedBy="INT00116" CreatedDate="2019-12-03T06:18:19.71" LastModifiedBy="" LastModifiedDate="0001-01-01T00:00:00Z" ContentType="application\formsgroup" ParentFolderID="AA5212F761F5622411AA15D7BD7EE6B8" DisplayName="Forms">
      <Folder ID="AA5212F761F5622411AA15D7BD7EE6BD" Name="New" ProcGroupID="AA5212F761F5622411AA15D7BD7EE6B8" AppID="AA5212F761F5622411AA15D7BD7EE693" Description="" CreatedBy="INT00116" CreatedDate="2019-12-03T06:18:19.71" LastModifiedBy="" LastModifiedDate="0001-01-01T00:00:00Z" ContentType="application\newforms" ParentFolderID="AA5212F761F5622411AA15D7BD7EE6BC" DisplayName="New">
        <File ID="AA5212F761F5622411AA15D7D5A2B678" Name="New DoIT - Overtime Requests" BaseFileID="AA5212F761F5622411AA15D7D5A2B678" PrevVerFileID="" AppID="AA5212F761F5622411AA15D7BD7EE693" ParentFolderID="AA5212F761F5622411AA15D7BD7EE6BD" ProcGroupID="AA5212F761F5622411AA15D7BD7EE6B8" Description="" Version="1.01" Status="RELEASED" ContentType="user\newforms" CheckedOutBy="" CheckedOutDate="0001-01-01T00:00:00Z" CreatedDate="2019-12-03T06:19:01.927" CreatedBy="INT00116" LastModifiedDate="2019-12-03T06:30:43.257" LastModifiedBy="INT00116" ThemeID="" ExtraInfo="" DisplayName="New DoIT - Overtime Requests" />
      </Folder>
      <Folder ID="AA5212F761F5622411AA15D7BD7EE6BE" Name="Update" ProcGroupID="AA5212F761F5622411AA15D7BD7EE6B8" AppID="AA5212F761F5622411AA15D7BD7EE693" Description="" CreatedBy="INT00116" CreatedDate="2019-12-03T06:18:19.71" LastModifiedBy="" LastModifiedDate="0001-01-01T00:00:00Z" ContentType="application\updateforms" ParentFolderID="AA5212F761F5622411AA15D7BD7EE6BC" DisplayName="Update">
        <File ID="BAE4122DC7151DEB11FFD995FA416DE8" Name="Update DoIT - Overtime Requests" BaseFileID="AA5212F761F5622411AA15D7D5A2B655" PrevVerFileID="BAE4122DC7151DEB11FFD99575CF85FF" AppID="AA5212F761F5622411AA15D7BD7EE693" ParentFolderID="AA5212F761F5622411AA15D7BD7EE6BE" ProcGroupID="AA5212F761F5622411AA15D7BD7EE6B8" Description="" Version="1.08" Status="DRAFT" ContentType="user\updateforms" CheckedOutBy="" CheckedOutDate="0001-01-01T00:00:00Z" CreatedDate="2025-01-23T14:26:10.253" CreatedBy="INT00116" LastModifiedDate="2025-01-23T14:26:35.38" LastModifiedBy="40001842" ThemeID="" ExtraInfo="" DisplayName="Update DoIT - Overtime Requests" />
      </Folder>
      <Folder ID="AA5212F761F5622411AA15D7BD7EE6BF" Name="Widgets" ProcGroupID="AA5212F761F5622411AA15D7BD7EE6B8" AppID="AA5212F761F5622411AA15D7BD7EE693" Description="" CreatedBy="INT00116" CreatedDate="2019-12-03T06:18:19.71" LastModifiedBy="" LastModifiedDate="0001-01-01T00:00:00Z" ContentType="application\widgets" ParentFolderID="AA5212F761F5622411AA15D7BD7EE6BC" DisplayName="Widgets" />
      <Folder ID="AA5212F761F5622411AA15D7BD7EE6C0" Name="Views" ProcGroupID="AA5212F761F5622411AA15D7BD7EE6B8" AppID="AA5212F761F5622411AA15D7BD7EE693" Description="" CreatedBy="INT00116" CreatedDate="2019-12-03T06:18:19.71" LastModifiedBy="" LastModifiedDate="0001-01-01T00:00:00Z" ContentType="application\views" ParentFolderID="AA5212F761F5622411AA15D7BD7EE6BC" DisplayName="Views">
        <File ID="BAE2122DC7151DEB11FFB19B45EBEEA6" Name="All DoIT - Overtime Requestss" BaseFileID="AA5212F761F5622411AA15D7D5A2B65D" PrevVerFileID="AA5212F761F5622411AA1B60F92786C6" AppID="AA5212F761F5622411AA15D7BD7EE693" ParentFolderID="AA5212F761F5622411AA15D7BD7EE6C0" ProcGroupID="AA5212F761F5622411AA15D7BD7EE6B8" Description="" Version="1.05" Status="RELEASED" ContentType="user\views" CheckedOutBy="" CheckedOutDate="0001-01-01T00:00:00Z" CreatedDate="2024-12-03T17:23:18.123" CreatedBy="INT00116" LastModifiedDate="2024-12-03T17:24:44.12" LastModifiedBy="40001842" ThemeID="" ExtraInfo="" DisplayName="All DoIT - Overtime Requestss" />
        <File ID="AA6DBA982F96838F11CCD236688E7EEB" Name="DoIT Overtime - Last 7 Days" BaseFileID="AA6DBA982F96838F11CCD236688E7EEB" PrevVerFileID="" AppID="AA5212F761F5622411AA15D7BD7EE693" ParentFolderID="AA5212F761F5622411AA15D7BD7EE6C0" ProcGroupID="AA5212F761F5622411AA15D7BD7EE6B8" Description="" Version="1.01" Status="RELEASED" ContentType="user\views" CheckedOutBy="" CheckedOutDate="0001-01-01T00:00:00Z" CreatedDate="2022-05-12T16:59:27.697" CreatedBy="BOSTON-D-APP01\Bryan.Carroll" LastModifiedDate="2022-05-12T17:42:43.13" LastModifiedBy="BOSTON-D-APP01\Bryan.Carroll" ThemeID="" ExtraInfo="" DisplayName="DoIT Overtime - Last 7 Days" />
        <File ID="AA5212F761F5622411AA15DC9DF8EC1B" Name="Export all records to a CSV file" BaseFileID="AA5212F761F5622411AA15DC9DF8EC1B" PrevVerFileID="" AppID="AA5212F761F5622411AA15D7BD7EE693" ParentFolderID="AA5212F761F5622411AA15D7BD7EE6C0" ProcGroupID="AA5212F761F5622411AA15D7BD7EE6B8" Description="" Version="1.01" Status="RELEASED" ContentType="user\views" CheckedOutBy="" CheckedOutDate="0001-01-01T00:00:00Z" CreatedDate="2019-12-03T06:53:08.757" CreatedBy="INT00116" LastModifiedDate="2019-12-03T07:04:17.477" LastModifiedBy="INT00116" ThemeID="" ExtraInfo="" DisplayName="Export all records to a CSV file" />
      </Folder>
    </Folder>
    <Folder ID="AA5212F761F5622411AA15D7BD7EE6C1" Name="Lookups" ProcGroupID="AA5212F761F5622411AA15D7BD7EE6B8" AppID="AA5212F761F5622411AA15D7BD7EE693" Description="" CreatedBy="INT00116" CreatedDate="2019-12-03T06:18:19.71" LastModifiedBy="" LastModifiedDate="0001-01-01T00:00:00Z" ContentType="application\lookup" ParentFolderID="AA5212F761F5622411AA15D7BD7EE6B8" DisplayName="Lookups">
      <File ID="AA6DBA982F96838F11CCD236E06EA4E4" Name="OvertimeLast7Days" BaseFileID="AA6DBA982F96838F11CCD236E06EA4E4" PrevVerFileID="" AppID="AA5212F761F5622411AA15D7BD7EE693" ParentFolderID="AA5212F761F5622411AA15D7BD7EE6C1" ProcGroupID="AA5212F761F5622411AA15D7BD7EE6B8" Description="" Version="1.01" Status="RELEASED" ContentType="user\lookupmulticolumn" CheckedOutBy="" CheckedOutDate="0001-01-01T00:00:00Z" CreatedDate="2022-05-12T17:02:57.39" CreatedBy="BOSTON-D-APP01\Bryan.Carroll" LastModifiedDate="2022-05-12T17:43:29.02" LastModifiedBy="BOSTON-D-APP01\Bryan.Carroll" ThemeID="" ExtraInfo="" DisplayName="OvertimeLast7Days" />
      <File ID="AA5212F761F5622411AA15D7D5A2B687" Name="GetDoIT - Overtime Requestss" BaseFileID="AA5212F761F5622411AA15D7D5A2B687" PrevVerFileID="" AppID="AA5212F761F5622411AA15D7BD7EE693" ParentFolderID="AA5212F761F5622411AA15D7BD7EE6C1" ProcGroupID="AA5212F761F5622411AA15D7BD7EE6B8" Description="" Version="1.01" Status="RELEASED" ContentType="user\lookupmulticolumn" CheckedOutBy="" CheckedOutDate="0001-01-01T00:00:00Z" CreatedDate="2019-12-03T06:19:02.66" CreatedBy="INT00116" LastModifiedDate="2019-12-03T06:45:39.133" LastModifiedBy="INT00116" ThemeID="" ExtraInfo="" DisplayName="GetDoIT - Overtime Requestss" />
    </Folder>
    <Folder ID="AA5212F761F5622411AA15D7BD7EE6C2" Name="Translation" ProcGroupID="AA5212F761F5622411AA15D7BD7EE6B8" AppID="AA5212F761F5622411AA15D7BD7EE693" Description="" CreatedBy="INT00116" CreatedDate="2019-12-03T06:18:19.71" LastModifiedBy="" LastModifiedDate="0001-01-01T00:00:00Z" ContentType="application\translation" ParentFolderID="AA5212F761F5622411AA15D7BD7EE6B8" DisplayName="Translation" />
    <Folder ID="AA5212F761F5622411AA15D7BD7EE6C3" Name="Document Repository" ProcGroupID="AA5212F761F5622411AA15D7BD7EE6B8" AppID="AA5212F761F5622411AA15D7BD7EE693" Description="" CreatedBy="INT00116" CreatedDate="2019-12-03T06:18:19.71" LastModifiedBy="" LastModifiedDate="0001-01-01T00:00:00Z" ContentType="application\documentrepository" ParentFolderID="AA5212F761F5622411AA15D7BD7EE6B8" DisplayName="Document Repository" />
    <Folder ID="AA5212F761F5622411AA15D7BD7EE6C4" Name="System Files" ProcGroupID="AA5212F761F5622411AA15D7BD7EE6B8" AppID="AA5212F761F5622411AA15D7BD7EE693" Description="" CreatedBy="INT00116" CreatedDate="2019-12-03T06:18:19.71" LastModifiedBy="" LastModifiedDate="0001-01-01T00:00:00Z" ContentType="application\hidden" ParentFolderID="AA5212F761F5622411AA15D7BD7EE6B8" DisplayName="System Files" />
    <Folder ID="AA5212F761F5622411AA15D7BD7EE6C5" Name="Process Model" ProcGroupID="AA5212F761F5622411AA15D7BD7EE6B8" AppID="AA5212F761F5622411AA15D7BD7EE693" Description="" CreatedBy="INT00116" CreatedDate="2019-12-03T06:18:19.71" LastModifiedBy="" LastModifiedDate="0001-01-01T00:00:00Z" ContentType="application\processmodel" ParentFolderID="AA5212F761F5622411AA15D7BD7EE6B8" DisplayName="Process Model">
      <File ID="AA6DBA982F96838F11CCD236688E7EF7" Name="DoIT - Payroll Overtime Requests View_DoIT Overtime - Last 7 Days" BaseFileID="AA6DBA982F96838F11CCD236688E7EF7" PrevVerFileID="" AppID="AA5212F761F5622411AA15D7BD7EE693" ParentFolderID="AA5212F761F5622411AA15D7BD7EE6C5" ProcGroupID="AA5212F761F5622411AA15D7BD7EE6B8" Description="" Version="1.01" Status="RELEASED" ContentType="user\processmodel" CheckedOutBy="" CheckedOutDate="0001-01-01T00:00:00Z" CreatedDate="2022-05-12T16:59:29.42" CreatedBy="BOSTON-D-APP01\Bryan.Carroll" LastModifiedDate="2022-05-12T17:43:29.127" LastModifiedBy="BOSTON-D-APP01\Bryan.Carroll" ThemeID="" ExtraInfo="" DisplayName="DoIT Overtime - Last 7 Days" />
      <File ID="AA5212F761F5622411AA15DC9DF8EC1F" Name="DoIT - Payroll Overtime Requests View_Export all records to a CSV file" BaseFileID="AA5212F761F5622411AA15DC9DF8EC1F" PrevVerFileID="" AppID="AA5212F761F5622411AA15D7BD7EE693" ParentFolderID="AA5212F761F5622411AA15D7BD7EE6C5" ProcGroupID="AA5212F761F5622411AA15D7BD7EE6B8" Description="" Version="1.01" Status="RELEASED" ContentType="user\processmodel" CheckedOutBy="" CheckedOutDate="0001-01-01T00:00:00Z" CreatedDate="2019-12-03T06:53:08.96" CreatedBy="INT00116" LastModifiedDate="2019-12-03T07:05:05.37" LastModifiedBy="INT00116" ThemeID="" ExtraInfo="" DisplayName="Export all records to a CSV file" />
      <File ID="AA5212F761F5622411AA15D7D5A2B65A" Name="DoIT - Payroll Overtime Requests View_Update DoIT - Overtime Requests" BaseFileID="AA5212F761F5622411AA15D7D5A2B65A" PrevVerFileID="" AppID="AA5212F761F5622411AA15D7BD7EE693" ParentFolderID="AA5212F761F5622411AA15D7BD7EE6C5" ProcGroupID="AA5212F761F5622411AA15D7BD7EE6B8" Description="" Version="1.01" Status="RELEASED" ContentType="user\processmodel" CheckedOutBy="" CheckedOutDate="0001-01-01T00:00:00Z" CreatedDate="2019-12-03T06:19:00.147" CreatedBy="INT00116" LastModifiedDate="2019-12-03T06:45:39.197" LastModifiedBy="INT00116" ThemeID="" ExtraInfo="" DisplayName="Update DoIT - Overtime Requests" />
      <File ID="AA5212F761F5622411AA15D7D5A2B662" Name="DoIT - Payroll Overtime Requests View_All DoIT - Overtime Requestss" BaseFileID="AA5212F761F5622411AA15D7D5A2B662" PrevVerFileID="" AppID="AA5212F761F5622411AA15D7BD7EE693" ParentFolderID="AA5212F761F5622411AA15D7BD7EE6C5" ProcGroupID="AA5212F761F5622411AA15D7BD7EE6B8" Description="" Version="1.01" Status="RELEASED" ContentType="user\processmodel" CheckedOutBy="" CheckedOutDate="0001-01-01T00:00:00Z" CreatedDate="2019-12-03T06:19:00.583" CreatedBy="INT00116" LastModifiedDate="2019-12-03T06:45:39.197" LastModifiedBy="INT00116" ThemeID="" ExtraInfo="" DisplayName="All DoIT - Overtime Requestss" />
      <File ID="AA5212F761F5622411AA15D7D5A2B669" Name="DoIT - Payroll Overtime Requests View_Recently Modified DoIT - Overtime Requestss" BaseFileID="AA5212F761F5622411AA15D7D5A2B669" PrevVerFileID="" AppID="AA5212F761F5622411AA15D7BD7EE693" ParentFolderID="AA5212F761F5622411AA15D7BD7EE6C5" ProcGroupID="AA5212F761F5622411AA15D7BD7EE6B8" Description="" Version="1.01" Status="RELEASED" ContentType="user\processmodel" CheckedOutBy="" CheckedOutDate="0001-01-01T00:00:00Z" CreatedDate="2019-12-03T06:19:00.99" CreatedBy="INT00116" LastModifiedDate="2019-12-03T06:45:39.18" LastModifiedBy="INT00116" ThemeID="" ExtraInfo="" DisplayName="Recently Modified DoIT - Overtime Requestss" />
      <File ID="AA5212F761F5622411AA15D7D5A2B671" Name="DoIT - Payroll Overtime Requests View_Recently Created DoIT - Overtime Requestss" BaseFileID="AA5212F761F5622411AA15D7D5A2B671" PrevVerFileID="" AppID="AA5212F761F5622411AA15D7BD7EE693" ParentFolderID="AA5212F761F5622411AA15D7BD7EE6C5" ProcGroupID="AA5212F761F5622411AA15D7BD7EE6B8" Description="" Version="1.01" Status="RELEASED" ContentType="user\processmodel" CheckedOutBy="" CheckedOutDate="0001-01-01T00:00:00Z" CreatedDate="2019-12-03T06:19:01.397" CreatedBy="INT00116" LastModifiedDate="2019-12-03T06:45:39.163" LastModifiedBy="INT00116" ThemeID="" ExtraInfo="" DisplayName="Recently Created DoIT - Overtime Requestss" />
      <File ID="AA5212F761F5622411AA15D7D5A2B67D" Name="DoIT - Payroll Overtime Requests View_New DoIT - Overtime Requests" BaseFileID="AA5212F761F5622411AA15D7D5A2B67D" PrevVerFileID="" AppID="AA5212F761F5622411AA15D7BD7EE693" ParentFolderID="AA5212F761F5622411AA15D7BD7EE6C5" ProcGroupID="AA5212F761F5622411AA15D7BD7EE6B8" Description="" Version="1.01" Status="RELEASED" ContentType="user\processmodel" CheckedOutBy="" CheckedOutDate="0001-01-01T00:00:00Z" CreatedDate="2019-12-03T06:19:02.13" CreatedBy="INT00116" LastModifiedDate="2019-12-03T06:45:39.147" LastModifiedBy="INT00116" ThemeID="" ExtraInfo="" DisplayName="New DoIT - Overtime Requests" />
    </Folder>
    <Folder ID="AA5212F761F5622411AA176C902CDAF3" Name="Notification" ProcGroupID="AA5212F761F5622411AA15D7BD7EE6B8" AppID="AA5212F761F5622411AA15D7BD7EE693" Description="" CreatedBy="INT00116" CreatedDate="2019-12-05T06:36:07.177" LastModifiedBy="INT00116" LastModifiedDate="2019-12-05T06:36:07.177" ContentType="application\notification" ParentFolderID="AA5212F761F5622411AA15D7BD7EE6B8" DisplayName="Notification">
      <Folder ID="AA5212F761F5622411AA176C902CDAFD" Name="Attachment Repository" ProcGroupID="AA5212F761F5622411AA15D7BD7EE6B8" AppID="AA5212F761F5622411AA15D7BD7EE693" Description="" CreatedBy="INT00116" CreatedDate="2019-12-05T06:36:07.24" LastModifiedBy="INT00116" LastModifiedDate="2019-12-05T06:36:07.24" ContentType="application\attachmentrepository" ParentFolderID="AA5212F761F5622411AA176C902CDAF3" DisplayName="Attachment Repository" />
      <Folder ID="AA7D9C33EB30899511DDDB34E646BFF0" Name="E-mails" ProcGroupID="AA5212F761F5622411AA15D7BD7EE6B8" AppID="AA5212F761F5622411AA15D7BD7EE693" Description="" CreatedBy="INT00116" CreatedDate="2023-04-14T22:26:22.577" LastModifiedBy="INT00116" LastModifiedDate="2023-04-14T22:26:22.577" ContentType="application\email" ParentFolderID="AA5212F761F5622411AA176C902CDAF3" DisplayName="E-mails">
        <File ID="AA7D9C33EB30899511DDDB34F2573F25" Name="Record Deleted" BaseFileID="AA7D9C33EB30899511DDDB34F2573F25" PrevVerFileID="" AppID="AA5212F761F5622411AA15D7BD7EE693" ParentFolderID="AA7D9C33EB30899511DDDB34E646BFF0" ProcGroupID="AA5212F761F5622411AA15D7BD7EE6B8" Description="" Version="1.01" Status="RELEASED" ContentType="user\email" CheckedOutBy="" CheckedOutDate="0001-01-01T00:00:00Z" CreatedDate="2023-04-14T22:26:45.013" CreatedBy="BOSTON-D-APP01\svc_agpdev" LastModifiedDate="2023-04-14T22:26:45.077" LastModifiedBy="BOSTON-D-APP01\svc_agpdev" ThemeID="" ExtraInfo="" DisplayName="Record Deleted" />
        <File ID="AA7D9C33EB30899511DDDB34F2573F22" Name="Record Edited" BaseFileID="AA7D9C33EB30899511DDDB34F2573F22" PrevVerFileID="" AppID="AA5212F761F5622411AA15D7BD7EE693" ParentFolderID="AA7D9C33EB30899511DDDB34E646BFF0" ProcGroupID="AA5212F761F5622411AA15D7BD7EE6B8" Description="" Version="1.01" Status="RELEASED" ContentType="user\email" CheckedOutBy="" CheckedOutDate="0001-01-01T00:00:00Z" CreatedDate="2023-04-14T22:26:44.857" CreatedBy="BOSTON-D-APP01\svc_agpdev" LastModifiedDate="2023-04-14T22:26:44.903" LastModifiedBy="BOSTON-D-APP01\svc_agpdev" ThemeID="" ExtraInfo="" DisplayName="Record Edited" />
        <File ID="AA7D9C33EB30899511DDDB34F2573F1F" Name="Record Added" BaseFileID="AA7D9C33EB30899511DDDB34F2573F1F" PrevVerFileID="" AppID="AA5212F761F5622411AA15D7BD7EE693" ParentFolderID="AA7D9C33EB30899511DDDB34E646BFF0" ProcGroupID="AA5212F761F5622411AA15D7BD7EE6B8" Description="" Version="1.01" Status="RELEASED" ContentType="user\email" CheckedOutBy="" CheckedOutDate="0001-01-01T00:00:00Z" CreatedDate="2023-04-14T22:26:44.653" CreatedBy="BOSTON-D-APP01\svc_agpdev" LastModifiedDate="2023-04-14T22:26:44.73" LastModifiedBy="BOSTON-D-APP01\svc_agpdev" ThemeID="" ExtraInfo="" DisplayName="Record Added" />
      </Folder>
    </Folder>
  </Folder>
  <CoAuthored>false</CoAuthored>
</WFEnabledApplication>