<?xml version="1.0"?>
<WFEnabledApplication xmlns:xsd="http://www.w3.org/2001/XMLSchema" xmlns:xsi="http://www.w3.org/2001/XMLSchema-instance" ID="8262BE8FC5A3AB5511EE0A0B5FD95B0C" Name="DND - Lottery Application" Description="" Status="DRAFT" CreatedDate="2023-06-13T12:57:36.527" CreatedBy="40003040" AppType="eForms" Visibility="PAAS" ContentType="application" DisplayName="DND - Lottery Application" AppLocale="customlocale" ParentApplicationId="">
  <Folder ID="8262BE8FC5A3AB5511EE0A0B5FD95B0D" Name="Shared Resources" ProcGroupID="" AppID="8262BE8FC5A3AB5511EE0A0B5FD95B0C" Description="" CreatedBy="40003040" CreatedDate="0001-01-01T00:00:00Z" LastModifiedBy="40003040" LastModifiedDate="0001-01-01T00:00:00Z" ContentType="Any" ParentFolderID="8262BE8FC5A3AB5511EE0A0B5FD95B0C" DisplayName="Shared Resources">
    <Folder ID="8262BE8FC5A3AB5511EE0A0B5FD95B0E" Name="Style Sheets" ProcGroupID="" AppID="8262BE8FC5A3AB5511EE0A0B5FD95B0C" Description="" CreatedBy="40003040" CreatedDate="0001-01-01T00:00:00Z" LastModifiedBy="40003040" LastModifiedDate="0001-01-01T00:00:00Z" ContentType="application\CSS" ParentFolderID="8262BE8FC5A3AB5511EE0A0B5FD95B0D" DisplayName="Style Sheets" />
    <Folder ID="8262BE8FC5A3AB5511EE0A0B5FD95B0F" Name="JavaScript" ProcGroupID="" AppID="8262BE8FC5A3AB5511EE0A0B5FD95B0C" Description="" CreatedBy="40003040" CreatedDate="0001-01-01T00:00:00Z" LastModifiedBy="40003040" LastModifiedDate="0001-01-01T00:00:00Z" ContentType="application\js" ParentFolderID="8262BE8FC5A3AB5511EE0A0B5FD95B0D" DisplayName="JavaScript" />
    <Folder ID="8262BE8FC5A3AB5511EE0A0B5FD95B10" Name="Images" ProcGroupID="" AppID="8262BE8FC5A3AB5511EE0A0B5FD95B0C" Description="" CreatedBy="40003040" CreatedDate="0001-01-01T00:00:00Z" LastModifiedBy="40003040" LastModifiedDate="0001-01-01T00:00:00Z" ContentType="application\image" ParentFolderID="8262BE8FC5A3AB5511EE0A0B5FD95B0D" DisplayName="Images">
      <File ID="BB010AFFE869EF231100D056AB5DB03E" Name="COB_B_Blue-01.png" BaseFileID="8262BE8FC5A3AB5511EE0A0B5FD95B11" PrevVerFileID="BAFC12E420D57DA911009ECDB1828027" AppID="8262BE8FC5A3AB5511EE0A0B5FD95B0C" ParentFolderID="8262BE8FC5A3AB5511EE0A0B5FD95B10" ProcGroupID="" Description="" Version="1.02" Status="RELEASED" ContentType="user\image" CheckedOutBy="" CheckedOutDate="0001-01-01T00:00:00Z" CreatedDate="2025-12-03T09:45:14.653" CreatedBy="40001842" LastModifiedDate="2025-12-03T09:45:14.653" LastModifiedBy="40001842" ThemeID="" ExtraInfo="" DisplayName="COB_B_Blue-01.png" />
    </Folder>
    <Folder ID="8262BE8FC5A3AB5511EE0A0B5FD95B12" Name="Access Tokens" ProcGroupID="" AppID="8262BE8FC5A3AB5511EE0A0B5FD95B0C" Description="" CreatedBy="40003040" CreatedDate="0001-01-01T00:00:00Z" LastModifiedBy="40003040" LastModifiedDate="0001-01-01T00:00:00Z" ContentType="application\apptoken" ParentFolderID="8262BE8FC5A3AB5511EE0A0B5FD95B0D" DisplayName="Access Tokens" />
    <Folder ID="8262BE8FC5A3AB5511EE0A0B5FD95B13" Name="Application Resources" ProcGroupID="" AppID="8262BE8FC5A3AB5511EE0A0B5FD95B0C" Description="" CreatedBy="40003040" CreatedDate="0001-01-01T00:00:00Z" LastModifiedBy="40003040" LastModifiedDate="0001-01-01T00:00:00Z" ContentType="application\applicationresources" ParentFolderID="8262BE8FC5A3AB5511EE0A0B5FD95B0D" DisplayName="Application Resources" />
    <Folder ID="8262BE8FC5A3AB5511EE0A0B5FD95B14" Name="Comments" ProcGroupID="8262BE8FC5A3AB5511EE0A0B5FD95B0D" AppID="8262BE8FC5A3AB5511EE0A0B5FD95B0C" Description="" CreatedBy="40003040" CreatedDate="0001-01-01T00:00:00Z" LastModifiedBy="40003040" LastModifiedDate="0001-01-01T00:00:00Z" ContentType="application\comments" ParentFolderID="8262BE8FC5A3AB5511EE0A0B5FD95B0D" DisplayName="Comments" />
    <Folder ID="BAF512E420D57DA9110053C5B8305EB9" Name="ML Advisor" ProcGroupID="" AppID="8262BE8FC5A3AB5511EE0A0B5FD95B0C" Description="" CreatedBy="40003040" CreatedDate="2025-06-28T02:15:17.157" LastModifiedBy="40003040" LastModifiedDate="2025-06-28T02:15:17.157" ContentType="application\mladvisor" ParentFolderID="8262BE8FC5A3AB5511EE0A0B5FD95B0D" DisplayName="ML Advisor" />
  </Folder>
  <Folder ID="8262BE8FC5A3AB5511EE0A0B5FD95B15" Name="Processes" ProcGroupID="" AppID="8262BE8FC5A3AB5511EE0A0B5FD95B0C" Description="" CreatedBy="40003040" CreatedDate="0001-01-01T00:00:00Z" LastModifiedBy="40003040" LastModifiedDate="0001-01-01T00:00:00Z" ContentType="application\processgroup" ParentFolderID="8262BE8FC5A3AB5511EE0A0B5FD95B0C" DisplayName="Processes">
    <Folder ID="8262BE8FC5A3AB5511EE0A0B5FD95B16" Name="DND - Lottery Application" ProcGroupID="" AppID="8262BE8FC5A3AB5511EE0A0B5FD95B0C" Description="" CreatedBy="40003040" CreatedDate="0001-01-01T00:00:00Z" LastModifiedBy="40003040" LastModifiedDate="0001-01-01T00:00:00Z" ContentType="user\processgroup" ParentFolderID="8262BE8FC5A3AB5511EE0A0B5FD95B15" DisplayName="DND - Lottery Application">
      <Folder ID="8262BE8FC5A3AB5511EE0A0B5FD95B17" Name="Process Model" ProcGroupID="8262BE8FC5A3AB5511EE0A0B5FD95B16" AppID="8262BE8FC5A3AB5511EE0A0B5FD95B0C" Description="" CreatedBy="40003040" CreatedDate="0001-01-01T00:00:00Z" LastModifiedBy="40003040" LastModifiedDate="0001-01-01T00:00:00Z" ContentType="application\processmodel" ParentFolderID="8262BE8FC5A3AB5511EE0A0B5FD95B16" DisplayName="Process Model">
        <File ID="BB0112E420D57DA91100D083D158A430" Name="DND Lotterty Application" BaseFileID="8262BE8FC5A3AB5511EE0A0B5FD95B18" PrevVerFileID="BB0112E420D57DA91100D07E1FE34FE2" AppID="8262BE8FC5A3AB5511EE0A0B5FD95B0C" ParentFolderID="8262BE8FC5A3AB5511EE0A0B5FD95B17" ProcGroupID="8262BE8FC5A3AB5511EE0A0B5FD95B16" Description="" Version="1.04" Status="RELEASED" ContentType="user\processmodel" CheckedOutBy="" CheckedOutDate="0001-01-01T00:00:00Z" CreatedDate="2025-12-03T15:08:27.847" CreatedBy="40001842" LastModifiedDate="2025-12-03T16:07:09.3" LastModifiedBy="40001842" ThemeID="" ExtraInfo="" DisplayName="DND Lottery Application" />
      </Folder>
      <Folder ID="8262BE8FC5A3AB5511EE0A0B5FD95B19" Name="Notification" ProcGroupID="8262BE8FC5A3AB5511EE0A0B5FD95B16" AppID="8262BE8FC5A3AB5511EE0A0B5FD95B0C" Description="" CreatedBy="40003040" CreatedDate="0001-01-01T00:00:00Z" LastModifiedBy="40003040" LastModifiedDate="0001-01-01T00:00:00Z" ContentType="application\notification" ParentFolderID="8262BE8FC5A3AB5511EE0A0B5FD95B16" DisplayName="Notification">
        <Folder ID="8262BE8FC5A3AB5511EE0A0B5FD95B1A" Name="Attachment Repository" ProcGroupID="8262BE8FC5A3AB5511EE0A0B5FD95B16" AppID="8262BE8FC5A3AB5511EE0A0B5FD95B0C" Description="" CreatedBy="40003040" CreatedDate="0001-01-01T00:00:00Z" LastModifiedBy="40003040" LastModifiedDate="0001-01-01T00:00:00Z" ContentType="application\attachmentrepository" ParentFolderID="8262BE8FC5A3AB5511EE0A0B5FD95B19" DisplayName="Attachment Repository" />
        <Folder ID="8262BE8FC5A3AB5511EE0A0B5FD95B1B" Name="E-mails" ProcGroupID="8262BE8FC5A3AB5511EE0A0B5FD95B16" AppID="8262BE8FC5A3AB5511EE0A0B5FD95B0C" Description="" CreatedBy="40003040" CreatedDate="0001-01-01T00:00:00Z" LastModifiedBy="40003040" LastModifiedDate="0001-01-01T00:00:00Z" ContentType="application\email" ParentFolderID="8262BE8FC5A3AB5511EE0A0B5FD95B19" DisplayName="E-mails">
          <File ID="BB010AFFE869EF231100D056AB5DB042" Name="Confirmation" BaseFileID="8262BE8FC5A3AB5511EE0A0B5FD95B1C" PrevVerFileID="BAFC12E420D57DA911009ECDB182802A" AppID="8262BE8FC5A3AB5511EE0A0B5FD95B0C" ParentFolderID="8262BE8FC5A3AB5511EE0A0B5FD95B1B" ProcGroupID="8262BE8FC5A3AB5511EE0A0B5FD95B16" Description="" Version="1.02" Status="RELEASED" ContentType="user\email" CheckedOutBy="" CheckedOutDate="0001-01-01T00:00:00Z" CreatedDate="2025-12-03T09:45:14.733" CreatedBy="40001842" LastModifiedDate="2025-12-03T09:45:14.733" LastModifiedBy="40001842" ThemeID="" ExtraInfo="" DisplayName="Confirmation" />
          <File ID="BB010AFFE869EF231100D056AB5DB043" Name="Reminder" BaseFileID="8262BE8FC5A3AB5511EE0A0B5FD95B1E" PrevVerFileID="BAFC12E420D57DA911009ECDB182802B" AppID="8262BE8FC5A3AB5511EE0A0B5FD95B0C" ParentFolderID="8262BE8FC5A3AB5511EE0A0B5FD95B1B" ProcGroupID="8262BE8FC5A3AB5511EE0A0B5FD95B16" Description="" Version="1.02" Status="RELEASED" ContentType="user\email" CheckedOutBy="" CheckedOutDate="0001-01-01T00:00:00Z" CreatedDate="2025-12-03T09:45:14.733" CreatedBy="40001842" LastModifiedDate="2025-12-03T09:45:14.733" LastModifiedBy="40001842" ThemeID="" ExtraInfo="" DisplayName="Reminder" />
          <File ID="BB010AFFE869EF231100D056AB5DB040" Name="Notification" BaseFileID="8262BE8FC5A3AB5511EE0A0B5FD95B1D" PrevVerFileID="BAFC12E420D57DA911009ECDB1828029" AppID="8262BE8FC5A3AB5511EE0A0B5FD95B0C" ParentFolderID="8262BE8FC5A3AB5511EE0A0B5FD95B1B" ProcGroupID="8262BE8FC5A3AB5511EE0A0B5FD95B16" Description="" Version="1.02" Status="RELEASED" ContentType="user\email" CheckedOutBy="" CheckedOutDate="0001-01-01T00:00:00Z" CreatedDate="2025-12-03T09:45:14.717" CreatedBy="40001842" LastModifiedDate="2025-12-03T09:45:14.717" LastModifiedBy="40001842" ThemeID="" ExtraInfo="" DisplayName="Notification" />
          <File ID="BB010AFFE869EF231100D056AB5DB041" Name="Thank You" BaseFileID="8262BE8FC5A3AB5511EE0A0B5FD95B1F" PrevVerFileID="BAFC12E420D57DA911009ECDB182802C" AppID="8262BE8FC5A3AB5511EE0A0B5FD95B0C" ParentFolderID="8262BE8FC5A3AB5511EE0A0B5FD95B1B" ProcGroupID="8262BE8FC5A3AB5511EE0A0B5FD95B16" Description="" Version="1.02" Status="RELEASED" ContentType="user\email" CheckedOutBy="" CheckedOutDate="0001-01-01T00:00:00Z" CreatedDate="2025-12-03T09:45:14.717" CreatedBy="40001842" LastModifiedDate="2025-12-03T09:45:14.717" LastModifiedBy="40001842" ThemeID="" ExtraInfo="" DisplayName="Thank You" />
        </Folder>
        <Folder ID="8262BE8FC5A3AB5511EE0A0B5FD95B20" Name="Yammer" ProcGroupID="8262BE8FC5A3AB5511EE0A0B5FD95B16" AppID="8262BE8FC5A3AB5511EE0A0B5FD95B0C" Description="" CreatedBy="40003040" CreatedDate="0001-01-01T00:00:00Z" LastModifiedBy="40003040" LastModifiedDate="0001-01-01T00:00:00Z" ContentType="application\yammer" ParentFolderID="8262BE8FC5A3AB5511EE0A0B5FD95B19" DisplayName="Viva Engage" />
        <Folder ID="8262BE8FC5A3AB5511EE0A0B5FD95B21" Name="Chatter" ProcGroupID="8262BE8FC5A3AB5511EE0A0B5FD95B16" AppID="8262BE8FC5A3AB5511EE0A0B5FD95B0C" Description="" CreatedBy="40003040" CreatedDate="0001-01-01T00:00:00Z" LastModifiedBy="40003040" LastModifiedDate="0001-01-01T00:00:00Z" ContentType="application\chatter" ParentFolderID="8262BE8FC5A3AB5511EE0A0B5FD95B19" DisplayName="Chatter" />
        <Folder ID="8262BE8FC5A3AB5511EE0A0B5FD95B22" Name="MicrosoftTeams" ProcGroupID="8262BE8FC5A3AB5511EE0A0B5FD95B16" AppID="8262BE8FC5A3AB5511EE0A0B5FD95B0C" Description="" CreatedBy="40003040" CreatedDate="0001-01-01T00:00:00Z" LastModifiedBy="40003040" LastModifiedDate="0001-01-01T00:00:00Z" ContentType="application\microsoftteams" ParentFolderID="8262BE8FC5A3AB5511EE0A0B5FD95B19" DisplayName="Microsoft Teams" />
        <Folder ID="8262BE8FC5A3AB5511EE0A0B5FD95B23" Name="SMS" ProcGroupID="8262BE8FC5A3AB5511EE0A0B5FD95B16" AppID="8262BE8FC5A3AB5511EE0A0B5FD95B0C" Description="" CreatedBy="40003040" CreatedDate="0001-01-01T00:00:00Z" LastModifiedBy="40003040" LastModifiedDate="0001-01-01T00:00:00Z" ContentType="application\sms" ParentFolderID="8262BE8FC5A3AB5511EE0A0B5FD95B19" DisplayName="SMS" />
      </Folder>
      <Folder ID="8262BE8FC5A3AB5511EE0A0B5FD95B24" Name="Data Model" ProcGroupID="8262BE8FC5A3AB5511EE0A0B5FD95B16" AppID="8262BE8FC5A3AB5511EE0A0B5FD95B0C" Description="" CreatedBy="40003040" CreatedDate="0001-01-01T00:00:00Z" LastModifiedBy="40003040" LastModifiedDate="0001-01-01T00:00:00Z" ContentType="application\datamodel" ParentFolderID="8262BE8FC5A3AB5511EE0A0B5FD95B16" DisplayName="Data Model">
        <File ID="BB010AFFE869EF231100D1285155F61E" Name="Schema.xsd" BaseFileID="8262BE8FC5A3AB5511EE0A0B5FD95B25" PrevVerFileID="BB010AFFE869EF231100D127858C67E6" AppID="8262BE8FC5A3AB5511EE0A0B5FD95B0C" ParentFolderID="8262BE8FC5A3AB5511EE0A0B5FD95B24" ProcGroupID="8262BE8FC5A3AB5511EE0A0B5FD95B16" Description="" Version="1.13" Status="DRAFT" ContentType="user\datamodel" CheckedOutBy="" CheckedOutDate="0001-01-01T00:00:00Z" CreatedDate="2025-12-04T10:46:03.08" CreatedBy="40001842" LastModifiedDate="2025-12-04T11:00:25.95" LastModifiedBy="40001842" ThemeID="" ExtraInfo="[{&quot;Name&quot; : &quot;NamespaceUpdated&quot; , &quot;Value&quot; : &quot;True&quot;}]" DisplayName="Schema.xsd" />
        <File ID="BB010AFFE869EF231100D05C6DFDC3F3" Name="DNDRentalLotteryApp" BaseFileID="8262BE8FC5A3AB5511EE0A0B5FD95B26" PrevVerFileID="BAFC0AFFE869EF2311009ECE1F4D3DD0" AppID="8262BE8FC5A3AB5511EE0A0B5FD95B0C" ParentFolderID="8262BE8FC5A3AB5511EE0A0B5FD95B24" ProcGroupID="8262BE8FC5A3AB5511EE0A0B5FD95B16" Description="Datasource DNDRentalLotteryApp Schema" Version="1.06" Status="RELEASED" ContentType="user\apdataentitydatamodel" CheckedOutBy="" CheckedOutDate="0001-01-01T00:00:00Z" CreatedDate="2025-12-03T10:26:33.43" CreatedBy="40001842" LastModifiedDate="2025-12-03T10:26:33.51" LastModifiedBy="40001842" ThemeID="" ExtraInfo="" DisplayName="DNDRentalLotteryApp" />
      </Folder>
      <Folder ID="8262BE8FC5A3AB5511EE0A0B5FD95B27" Name="Data Source" ProcGroupID="8262BE8FC5A3AB5511EE0A0B5FD95B16" AppID="8262BE8FC5A3AB5511EE0A0B5FD95B0C" Description="" CreatedBy="40003040" CreatedDate="0001-01-01T00:00:00Z" LastModifiedBy="40003040" LastModifiedDate="0001-01-01T00:00:00Z" ContentType="application\datasources" ParentFolderID="8262BE8FC5A3AB5511EE0A0B5FD95B16" DisplayName="Data Source">
        <File ID="BB0112E420D57DA91100D0862E97335D" Name="DNDRentalLotteryApp" BaseFileID="8262BE8FC5A3AB5511EE0A0B5FD95B28" PrevVerFileID="BB010AFFE869EF231100D059C2DDB96D" AppID="8262BE8FC5A3AB5511EE0A0B5FD95B0C" ParentFolderID="8262BE8FC5A3AB5511EE0A0B5FD95B27" ProcGroupID="8262BE8FC5A3AB5511EE0A0B5FD95B16" Description="" Version="1.07" Status="RELEASED" ContentType="user\APDataEntityDataSource" CheckedOutBy="" CheckedOutDate="0001-01-01T00:00:00Z" CreatedDate="2025-12-03T15:25:20.093" CreatedBy="40001842" LastModifiedDate="2025-12-03T16:07:09.317" LastModifiedBy="40001842" ThemeID="" ExtraInfo="" DisplayName="DNDRentalLotteryApp" />
      </Folder>
      <Folder ID="8262BE8FC5A3AB5511EE0A0B5FD95B29" Name="Library" ProcGroupID="8262BE8FC5A3AB5511EE0A0B5FD95B16" AppID="8262BE8FC5A3AB5511EE0A0B5FD95B0C" Description="" CreatedBy="40003040" CreatedDate="0001-01-01T00:00:00Z" LastModifiedBy="40003040" LastModifiedDate="0001-01-01T00:00:00Z" ContentType="application\taskformlibrary" ParentFolderID="8262BE8FC5A3AB5511EE0A0B5FD95B16" DisplayName="Library">
        <File ID="BB010AFFE869EF231100D1285155F626" Name="Form Library" BaseFileID="8262BE8FC5A3AB5511EE0A0B5FD95B2A" PrevVerFileID="BB010AFFE869EF231100D127858C67EE" AppID="8262BE8FC5A3AB5511EE0A0B5FD95B0C" ParentFolderID="8262BE8FC5A3AB5511EE0A0B5FD95B29" ProcGroupID="8262BE8FC5A3AB5511EE0A0B5FD95B16" Description="" Version="1.12" Status="DRAFT" ContentType="user\taskformlibrary" CheckedOutBy="" CheckedOutDate="0001-01-01T00:00:00Z" CreatedDate="2025-12-04T10:46:03.457" CreatedBy="40001842" LastModifiedDate="2025-12-04T11:00:25.81" LastModifiedBy="40001842" ThemeID="" ExtraInfo="" DisplayName="Form Library" />
      </Folder>
      <Folder ID="8262BE8FC5A3AB5511EE0A0B5FD95B2B" Name="Forms" ProcGroupID="8262BE8FC5A3AB5511EE0A0B5FD95B16" AppID="8262BE8FC5A3AB5511EE0A0B5FD95B0C" Description="" CreatedBy="40003040" CreatedDate="0001-01-01T00:00:00Z" LastModifiedBy="40003040" LastModifiedDate="0001-01-01T00:00:00Z" ContentType="application\formsgroup" ParentFolderID="8262BE8FC5A3AB5511EE0A0B5FD95B16" DisplayName="Forms">
        <Folder ID="8262BE8FC5A3AB5511EE0A0B5FD95B2C" Name="Task Forms" ProcGroupID="8262BE8FC5A3AB5511EE0A0B5FD95B16" AppID="8262BE8FC5A3AB5511EE0A0B5FD95B0C" Description="" CreatedBy="40003040" CreatedDate="0001-01-01T00:00:00Z" LastModifiedBy="40003040" LastModifiedDate="0001-01-01T00:00:00Z" ContentType="application\taskforms" ParentFolderID="8262BE8FC5A3AB5511EE0A0B5FD95B2B" DisplayName="Task Forms">
          <File ID="BB010AFFE869EF231100D1285155F627" Name="Lottery Application Submission" BaseFileID="8262BE8FC5A3AB5511EE0A0B5FD95B2D" PrevVerFileID="BB010AFFE869EF231100D127858C67EF" AppID="8262BE8FC5A3AB5511EE0A0B5FD95B0C" ParentFolderID="8262BE8FC5A3AB5511EE0A0B5FD95B2C" ProcGroupID="8262BE8FC5A3AB5511EE0A0B5FD95B16" Description="" Version="1.12" Status="DRAFT" ContentType="user\taskforms" CheckedOutBy="" CheckedOutDate="0001-01-01T00:00:00Z" CreatedDate="2025-12-04T10:46:03.643" CreatedBy="40001842" LastModifiedDate="2025-12-04T11:00:22.417" LastModifiedBy="40001842" ThemeID="" ExtraInfo="" DisplayName="Lottery Application Submission" />
        </Folder>
      </Folder>
      <Folder ID="8262BE8FC5A3AB5511EE0A0B5FD95B2E" Name="Lookups" ProcGroupID="8262BE8FC5A3AB5511EE0A0B5FD95B16" AppID="8262BE8FC5A3AB5511EE0A0B5FD95B0C" Description="" CreatedBy="40003040" CreatedDate="0001-01-01T00:00:00Z" LastModifiedBy="40003040" LastModifiedDate="0001-01-01T00:00:00Z" ContentType="application\lookup" ParentFolderID="8262BE8FC5A3AB5511EE0A0B5FD95B16" DisplayName="Lookups">
        <File ID="BB0112E420D57DA91100D125C9201D9C" Name="Get Development Information" BaseFileID="8262BE8FC5A3AB5511EE0A0B5FD95B32" PrevVerFileID="BB010AFFE869EF231100D1203781861E" AppID="8262BE8FC5A3AB5511EE0A0B5FD95B0C" ParentFolderID="8262BE8FC5A3AB5511EE0A0B5FD95B2E" ProcGroupID="8262BE8FC5A3AB5511EE0A0B5FD95B16" Description="" Version="1.06" Status="RELEASED" ContentType="user\lookupmulticolumn" CheckedOutBy="" CheckedOutDate="0001-01-01T00:00:00Z" CreatedDate="2025-12-04T10:27:52.793" CreatedBy="40001842" LastModifiedDate="2025-12-04T10:37:54.633" LastModifiedBy="40001842" ThemeID="" ExtraInfo="" DisplayName="Get Development Information" />
        <File ID="BB010AFFE869EF231100D083FFAE9717" Name="Active Lotteries" BaseFileID="8262BE8FC5A3AB5511EE0A0B5FD95B2F" PrevVerFileID="BB010AFFE869EF231100D056AB5DB050" AppID="8262BE8FC5A3AB5511EE0A0B5FD95B0C" ParentFolderID="8262BE8FC5A3AB5511EE0A0B5FD95B2E" ProcGroupID="8262BE8FC5A3AB5511EE0A0B5FD95B16" Description="" Version="1.05" Status="RELEASED" ContentType="user\lookupnamevalue" CheckedOutBy="" CheckedOutDate="0001-01-01T00:00:00Z" CreatedDate="2025-12-03T15:09:50.463" CreatedBy="40001842" LastModifiedDate="2025-12-03T16:07:09.253" LastModifiedBy="40001842" ThemeID="" ExtraInfo="" DisplayName="Active Lotteries" />
        <File ID="BB010AFFE869EF231100D056AB5DB053" Name="Lookup Potential Available Mobility Units" BaseFileID="8262BE8FC5A3AB5511EE0A0B5FD95B34" PrevVerFileID="BAFC12E420D57DA911009ED42877ABD4" AppID="8262BE8FC5A3AB5511EE0A0B5FD95B0C" ParentFolderID="8262BE8FC5A3AB5511EE0A0B5FD95B2E" ProcGroupID="8262BE8FC5A3AB5511EE0A0B5FD95B16" Description="" Version="1.04" Status="RELEASED" ContentType="user\lookupnamevalue" CheckedOutBy="" CheckedOutDate="0001-01-01T00:00:00Z" CreatedDate="2025-12-03T09:45:15.013" CreatedBy="40001842" LastModifiedDate="2025-12-03T09:45:15.013" LastModifiedBy="40001842" ThemeID="" ExtraInfo="" DisplayName="Lookup Potential Available Mobility Units" />
        <File ID="BB010AFFE869EF231100D056AB5DB051" Name="Potential Available Veteran Set Asides" BaseFileID="8262BE8FC5A3AB5511EE0A0B5FD95B30" PrevVerFileID="BAFC12E420D57DA911009ED43A6E7CAE" AppID="8262BE8FC5A3AB5511EE0A0B5FD95B0C" ParentFolderID="8262BE8FC5A3AB5511EE0A0B5FD95B2E" ProcGroupID="8262BE8FC5A3AB5511EE0A0B5FD95B16" Description="" Version="1.04" Status="RELEASED" ContentType="user\lookupnamevalue" CheckedOutBy="" CheckedOutDate="0001-01-01T00:00:00Z" CreatedDate="2025-12-03T09:45:14.997" CreatedBy="40001842" LastModifiedDate="2025-12-03T09:45:14.997" LastModifiedBy="40001842" ThemeID="" ExtraInfo="" DisplayName="Potential Available Veteran Set Asides" />
        <File ID="BB010AFFE869EF231100D056AB5DB052" Name="Lookup Potential Available Elderly Setasides" BaseFileID="8262BE8FC5A3AB5511EE0A0B5FD95B31" PrevVerFileID="BAFC12E420D57DA911009ED46A4F55F8" AppID="8262BE8FC5A3AB5511EE0A0B5FD95B0C" ParentFolderID="8262BE8FC5A3AB5511EE0A0B5FD95B2E" ProcGroupID="8262BE8FC5A3AB5511EE0A0B5FD95B16" Description="" Version="1.04" Status="RELEASED" ContentType="user\lookupnamevalue" CheckedOutBy="" CheckedOutDate="0001-01-01T00:00:00Z" CreatedDate="2025-12-03T09:45:14.997" CreatedBy="40001842" LastModifiedDate="2025-12-03T09:45:14.997" LastModifiedBy="40001842" ThemeID="" ExtraInfo="" DisplayName="Lookup Potential Available Elderly Setasides" />
        <File ID="BB010AFFE869EF231100D056AB5DB04C" Name="LookupElderly65Setasides" BaseFileID="8262BE8FC5A3AB5511EE0A0B5FD95B35" PrevVerFileID="BAFC12E420D57DA911009ED237128795" AppID="8262BE8FC5A3AB5511EE0A0B5FD95B0C" ParentFolderID="8262BE8FC5A3AB5511EE0A0B5FD95B2E" ProcGroupID="8262BE8FC5A3AB5511EE0A0B5FD95B16" Description="" Version="1.03" Status="RELEASED" ContentType="user\lookupnamevalue" CheckedOutBy="" CheckedOutDate="0001-01-01T00:00:00Z" CreatedDate="2025-12-03T09:45:14.967" CreatedBy="40001842" LastModifiedDate="2025-12-03T09:45:14.967" LastModifiedBy="40001842" ThemeID="" ExtraInfo="" DisplayName="LookupElderly65Setasides" />
        <File ID="BB010AFFE869EF231100D056AB5DB04D" Name="Lookup Potential Available Vision Units" BaseFileID="8262BE8FC5A3AB5511EE0A0B5FD95B38" PrevVerFileID="BAFC0AFFE869EF2311009ED25637466A" AppID="8262BE8FC5A3AB5511EE0A0B5FD95B0C" ParentFolderID="8262BE8FC5A3AB5511EE0A0B5FD95B2E" ProcGroupID="8262BE8FC5A3AB5511EE0A0B5FD95B16" Description="" Version="1.03" Status="RELEASED" ContentType="user\lookupnamevalue" CheckedOutBy="" CheckedOutDate="0001-01-01T00:00:00Z" CreatedDate="2025-12-03T09:45:14.967" CreatedBy="40001842" LastModifiedDate="2025-12-03T09:45:14.967" LastModifiedBy="40001842" ThemeID="" ExtraInfo="" DisplayName="Lookup Potential Available Vision Units" />
        <File ID="BB010AFFE869EF231100D056AB5DB04E" Name="Lookup Potential Artist Unit Setasides" BaseFileID="8262BE8FC5A3AB5511EE0A0B5FD95B37" PrevVerFileID="BAFC12E420D57DA911009ED446674A48" AppID="8262BE8FC5A3AB5511EE0A0B5FD95B0C" ParentFolderID="8262BE8FC5A3AB5511EE0A0B5FD95B2E" ProcGroupID="8262BE8FC5A3AB5511EE0A0B5FD95B16" Description="" Version="1.05" Status="RELEASED" ContentType="user\lookupnamevalue" CheckedOutBy="" CheckedOutDate="0001-01-01T00:00:00Z" CreatedDate="2025-12-03T09:45:14.967" CreatedBy="40001842" LastModifiedDate="2025-12-03T09:45:14.967" LastModifiedBy="40001842" ThemeID="" ExtraInfo="" DisplayName="Lookup Potential Artist Unit Setasides" />
        <File ID="BB010AFFE869EF231100D056AB5DB04A" Name="Lookup Potential Available Hearing Units" BaseFileID="8262BE8FC5A3AB5511EE0A0B5FD95B36" PrevVerFileID="BAFC0AFFE869EF2311009ED2622CA6B3" AppID="8262BE8FC5A3AB5511EE0A0B5FD95B0C" ParentFolderID="8262BE8FC5A3AB5511EE0A0B5FD95B2E" ProcGroupID="8262BE8FC5A3AB5511EE0A0B5FD95B16" Description="" Version="1.03" Status="RELEASED" ContentType="user\lookupnamevalue" CheckedOutBy="" CheckedOutDate="0001-01-01T00:00:00Z" CreatedDate="2025-12-03T09:45:14.95" CreatedBy="40001842" LastModifiedDate="2025-12-03T09:45:14.95" LastModifiedBy="40001842" ThemeID="" ExtraInfo="" DisplayName="Lookup Potential Available Hearing Units" />
        <File ID="BB010AFFE869EF231100D056AB5DB04B" Name="Available Bedroom Types" BaseFileID="8262BE8FC5A3AB5511EE0A0B5FD95B33" PrevVerFileID="BAFC0AFFE869EF2311009ED27420BCD7" AppID="8262BE8FC5A3AB5511EE0A0B5FD95B0C" ParentFolderID="8262BE8FC5A3AB5511EE0A0B5FD95B2E" ProcGroupID="8262BE8FC5A3AB5511EE0A0B5FD95B16" Description="" Version="1.03" Status="RELEASED" ContentType="user\lookupnamevalue" CheckedOutBy="" CheckedOutDate="0001-01-01T00:00:00Z" CreatedDate="2025-12-03T09:45:14.95" CreatedBy="40001842" LastModifiedDate="2025-12-03T09:45:14.95" LastModifiedBy="40001842" ThemeID="" ExtraInfo="" DisplayName="Available Bedroom Types" />
      </Folder>
      <Folder ID="8262BE8FC5A3AB5511EE0A0B5FD95B39" Name="Translation" ProcGroupID="8262BE8FC5A3AB5511EE0A0B5FD95B16" AppID="8262BE8FC5A3AB5511EE0A0B5FD95B0C" Description="" CreatedBy="40003040" CreatedDate="0001-01-01T00:00:00Z" LastModifiedBy="40003040" LastModifiedDate="0001-01-01T00:00:00Z" ContentType="application\translation" ParentFolderID="8262BE8FC5A3AB5511EE0A0B5FD95B16" DisplayName="Translation" />
      <Folder ID="8262BE8FC5A3AB5511EE0A0B5FD95B3A" Name="Document Repository" ProcGroupID="8262BE8FC5A3AB5511EE0A0B5FD95B16" AppID="8262BE8FC5A3AB5511EE0A0B5FD95B0C" Description="" CreatedBy="40003040" CreatedDate="0001-01-01T00:00:00Z" LastModifiedBy="40003040" LastModifiedDate="0001-01-01T00:00:00Z" ContentType="application\documentrepository" ParentFolderID="8262BE8FC5A3AB5511EE0A0B5FD95B16" DisplayName="Document Repository" />
      <Folder ID="8262BE8FC5A3AB5511EE0A0B5FD95B3B" Name="System Files" ProcGroupID="8262BE8FC5A3AB5511EE0A0B5FD95B16" AppID="8262BE8FC5A3AB5511EE0A0B5FD95B0C" Description="" CreatedBy="40003040" CreatedDate="0001-01-01T00:00:00Z" LastModifiedBy="40003040" LastModifiedDate="0001-01-01T00:00:00Z" ContentType="application\hidden" ParentFolderID="8262BE8FC5A3AB5511EE0A0B5FD95B16" DisplayName="System Files" />
    </Folder>
  </Folder>
  <CoAuthored>false</CoAuthored>
  <IsAIGenerated>false</IsAIGenerated>
</WFEnabledApplication>