<?xml version="1.0"?>
<ArrayOfDataSourceAndAppFileAssociation xmlns:xsd="http://www.w3.org/2001/XMLSchema" xmlns:xsi="http://www.w3.org/2001/XMLSchema-instance">
  <DataSourceAndAppFileAssociation>
    <ID>AA6693252735B48211CC62E6AC992937</ID>
    <AppName>OPAT - View Complaints</AppName>
    <FileName>All Cases Under Investigation</FileName>
    <IsDefault>false</IsDefault>
    <ContentType>user\views</ContentType>
    <DataSourceName>OPATComplaints</DataSourceName>
    <DefName>OPAT - View Complaints_All Cases Under Investigation</DefName>
    <CreatedBy>40001842</CreatedBy>
    <CreatedDate>2025-05-16T16:53:38.783</CreatedDate>
    <LastModifiedBy />
    <LastModifiedDate>0001-01-01T00:00:00Z</LastModifiedDate>
  </DataSourceAndAppFileAssociation>
  <DataSourceAndAppFileAssociation>
    <ID>AA6693252735B48211CC62EA352A9881</ID>
    <AppName>OPAT - View Complaints</AppName>
    <FileName>All Initial Submissions</FileName>
    <IsDefault>false</IsDefault>
    <ContentType>user\views</ContentType>
    <DataSourceName>OPATComplaints</DataSourceName>
    <DefName>OPAT - View Complaints_All Initial Submissions</DefName>
    <CreatedBy>40001842</CreatedBy>
    <CreatedDate>2025-05-16T16:53:38.783</CreatedDate>
    <LastModifiedBy />
    <LastModifiedDate>0001-01-01T00:00:00Z</LastModifiedDate>
  </DataSourceAndAppFileAssociation>
  <DataSourceAndAppFileAssociation>
    <ID>AA6693252735B48211CC62DF1628E683</ID>
    <AppName>OPAT - View Complaints</AppName>
    <FileName>All OPAT  Complaints</FileName>
    <IsDefault>true</IsDefault>
    <ContentType>user\views</ContentType>
    <DataSourceName>OPATComplaints</DataSourceName>
    <DefName>OPAT - View Complaints_All OPAT  Complaints</DefName>
    <CreatedBy>40001842</CreatedBy>
    <CreatedDate>2025-05-16T16:53:38.783</CreatedDate>
    <LastModifiedBy>40001842</LastModifiedBy>
    <LastModifiedDate>2025-05-16T19:11:47.8</LastModifiedDate>
  </DataSourceAndAppFileAssociation>
  <DataSourceAndAppFileAssociation>
    <ID>AA6693252735B48211CC62DF1C343B8F</ID>
    <AppName>OPAT - View Complaints</AppName>
    <FileName>New OPAT Complaints</FileName>
    <IsDefault>false</IsDefault>
    <ContentType>user\newforms</ContentType>
    <DataSourceName>OPATComplaints</DataSourceName>
    <DefName>OPAT - View Complaints_New OPAT Complaints</DefName>
    <CreatedBy>40001842</CreatedBy>
    <CreatedDate>2025-05-16T16:53:38.783</CreatedDate>
    <LastModifiedBy />
    <LastModifiedDate>0001-01-01T00:00:00Z</LastModifiedDate>
  </DataSourceAndAppFileAssociation>
  <DataSourceAndAppFileAssociation>
    <ID>AA6693252735B48211CC62DF1628E6B1</ID>
    <AppName>OPAT - View Complaints</AppName>
    <FileName>Recently Created OPAT  Complaints</FileName>
    <IsDefault>false</IsDefault>
    <ContentType>user\views</ContentType>
    <DataSourceName>OPATComplaints</DataSourceName>
    <DefName>OPAT - View Complaints_Recently Created OPAT  Complaints</DefName>
    <CreatedBy>40001842</CreatedBy>
    <CreatedDate>2025-05-16T16:53:38.783</CreatedDate>
    <LastModifiedBy />
    <LastModifiedDate>0001-01-01T00:00:00Z</LastModifiedDate>
  </DataSourceAndAppFileAssociation>
  <DataSourceAndAppFileAssociation>
    <ID>AA6693252735B48211CC62DF1628E69A</ID>
    <AppName>OPAT - View Complaints</AppName>
    <FileName>Recently Modified OPAT  Complaints</FileName>
    <IsDefault>false</IsDefault>
    <ContentType>user\views</ContentType>
    <DataSourceName>OPATComplaints</DataSourceName>
    <DefName>OPAT - View Complaints_Recently Modified OPAT  Complaints</DefName>
    <CreatedBy>40001842</CreatedBy>
    <CreatedDate>2025-05-16T16:53:38.783</CreatedDate>
    <LastModifiedBy />
    <LastModifiedDate>0001-01-01T00:00:00Z</LastModifiedDate>
  </DataSourceAndAppFileAssociation>
  <DataSourceAndAppFileAssociation>
    <ID>AA6693252735B48211CC62DF1628E660</ID>
    <AppName>OPAT - View Complaints</AppName>
    <FileName>Update OPAT Complaints</FileName>
    <IsDefault>false</IsDefault>
    <ContentType>user\updateforms</ContentType>
    <DataSourceName>OPATComplaints</DataSourceName>
    <DefName>OPAT - View Complaints_Update OPAT Complaints</DefName>
    <CreatedBy>40001842</CreatedBy>
    <CreatedDate>2025-05-16T16:53:38.783</CreatedDate>
    <LastModifiedBy />
    <LastModifiedDate>0001-01-01T00:00:00Z</LastModifiedDate>
  </DataSourceAndAppFileAssociation>
</ArrayOfDataSourceAndAppFileAssociation>