<?xml version="1.0"?>
<WFEnabledApplication xmlns:xsd="http://www.w3.org/2001/XMLSchema" xmlns:xsi="http://www.w3.org/2001/XMLSchema-instance" ID="823FAC2EA9E9284C11CC7F17233ED3F4" Name="OPAT - View Complaints" Description="" Status="DRAFT" CreatedDate="2022-01-26T21:16:40.287" CreatedBy="162157" AppType="StandaloneForms" Visibility="PAAS" ContentType="application" DisplayName="OPAT - View Complaints" AppLocale="customlocale" ParentApplicationId="">
  <Folder ID="823FAC2EA9E9284C11CC7F17233ED3F5" Name="Shared Resources" ProcGroupID="" AppID="823FAC2EA9E9284C11CC7F17233ED3F4" Description="" CreatedBy="162157" CreatedDate="0001-01-01T00:00:00Z" LastModifiedBy="162157" LastModifiedDate="0001-01-01T00:00:00Z" ContentType="Any" ParentFolderID="823FAC2EA9E9284C11CC7F17233ED3F4" DisplayName="Shared Resources">
    <Folder ID="823FAC2EA9E9284C11CC7F17233ED3F6" Name="Style Sheets" ProcGroupID="" AppID="823FAC2EA9E9284C11CC7F17233ED3F4" Description="" CreatedBy="162157" CreatedDate="0001-01-01T00:00:00Z" LastModifiedBy="162157" LastModifiedDate="0001-01-01T00:00:00Z" ContentType="application\CSS" ParentFolderID="823FAC2EA9E9284C11CC7F17233ED3F5" DisplayName="Style Sheets" />
    <Folder ID="823FAC2EA9E9284C11CC7F17233ED3F7" Name="JavaScript" ProcGroupID="" AppID="823FAC2EA9E9284C11CC7F17233ED3F4" Description="" CreatedBy="162157" CreatedDate="0001-01-01T00:00:00Z" LastModifiedBy="162157" LastModifiedDate="0001-01-01T00:00:00Z" ContentType="application\js" ParentFolderID="823FAC2EA9E9284C11CC7F17233ED3F5" DisplayName="JavaScript" />
    <Folder ID="823FAC2EA9E9284C11CC7F17233ED3F8" Name="Images" ProcGroupID="" AppID="823FAC2EA9E9284C11CC7F17233ED3F4" Description="" CreatedBy="162157" CreatedDate="0001-01-01T00:00:00Z" LastModifiedBy="162157" LastModifiedDate="0001-01-01T00:00:00Z" ContentType="application\image" ParentFolderID="823FAC2EA9E9284C11CC7F17233ED3F5" DisplayName="Images" />
    <Folder ID="823FAC2EA9E9284C11CC7F17233ED3F9" Name="Access Tokens" ProcGroupID="" AppID="823FAC2EA9E9284C11CC7F17233ED3F4" Description="" CreatedBy="162157" CreatedDate="0001-01-01T00:00:00Z" LastModifiedBy="162157" LastModifiedDate="0001-01-01T00:00:00Z" ContentType="application\apptoken" ParentFolderID="823FAC2EA9E9284C11CC7F17233ED3F5" DisplayName="Access Tokens" />
    <Folder ID="823FAC2EA9E9284C11CC7F17233ED3FA" Name="Application Resources" ProcGroupID="" AppID="823FAC2EA9E9284C11CC7F17233ED3F4" Description="" CreatedBy="162157" CreatedDate="0001-01-01T00:00:00Z" LastModifiedBy="162157" LastModifiedDate="0001-01-01T00:00:00Z" ContentType="application\applicationresources" ParentFolderID="823FAC2EA9E9284C11CC7F17233ED3F5" DisplayName="Application Resources" />
    <Folder ID="8257D4CD9C2F4D1611DDF13AC1FAB11A" Name="Comments" ProcGroupID="823FAC2EA9E9284C11CC7F17233ED3F5" AppID="823FAC2EA9E9284C11CC7F17233ED3F4" Description="" CreatedBy="162157" CreatedDate="2023-05-12T23:03:43.26" LastModifiedBy="162157" LastModifiedDate="2023-05-12T23:03:43.26" ContentType="application\comments" ParentFolderID="823FAC2EA9E9284C11CC7F17233ED3F5" DisplayName="Comments" />
  </Folder>
  <Folder ID="823FAC2EA9E9284C11CC7F17233ED3FB" Name="App Model &amp; Resources" ProcGroupID="" AppID="823FAC2EA9E9284C11CC7F17233ED3F4" Description="" CreatedBy="162157" CreatedDate="0001-01-01T00:00:00Z" LastModifiedBy="162157" LastModifiedDate="0001-01-01T00:00:00Z" ContentType="user\processgroup" ParentFolderID="823FAC2EA9E9284C11CC7F17233ED3F4" DisplayName="App Model &amp; Resources">
    <Folder ID="823FAC2EA9E9284C11CC7F17233ED3FC" Name="Data Model" ProcGroupID="823FAC2EA9E9284C11CC7F17233ED3FB" AppID="823FAC2EA9E9284C11CC7F17233ED3F4" Description="" CreatedBy="162157" CreatedDate="0001-01-01T00:00:00Z" LastModifiedBy="162157" LastModifiedDate="0001-01-01T00:00:00Z" ContentType="application\datamodel" ParentFolderID="823FAC2EA9E9284C11CC7F17233ED3FB" DisplayName="Data Model">
      <File ID="BAEE12DEFB27D0ED11003284BA8B2F80" Name="Schema.xsd" BaseFileID="823FAC2EA9E9284C11CC7F17233ED3FD" PrevVerFileID="BAE70AFFF82C906711FFE4957545A798" AppID="823FAC2EA9E9284C11CC7F17233ED3F4" ParentFolderID="823FAC2EA9E9284C11CC7F17233ED3FC" ProcGroupID="823FAC2EA9E9284C11CC7F17233ED3FB" Description="" Version="1.05" Status="DRAFT" ContentType="user\datamodel" CheckedOutBy="" CheckedOutDate="0001-01-01T00:00:00Z" CreatedDate="2025-05-16T18:36:53.79" CreatedBy="40001842" LastModifiedDate="2025-05-16T18:48:16.823" LastModifiedBy="40001842" ThemeID="" ExtraInfo="[{&quot;Name&quot; : &quot;NamespaceUpdated&quot; , &quot;Value&quot; : &quot;True&quot;}]" DisplayName="Schema.xsd" />
      <File ID="BAEE12DEFB27D0ED110032764F7795DF" Name="OPATComplaints" BaseFileID="823FAC2EA9E9284C11CC7F17233ED3FE" PrevVerFileID="BAE70AFFF82C906711FFE4957545A79C" AppID="823FAC2EA9E9284C11CC7F17233ED3F4" ParentFolderID="823FAC2EA9E9284C11CC7F17233ED3FC" ProcGroupID="823FAC2EA9E9284C11CC7F17233ED3FB" Description="Datasource OPATComplaints Schema" Version="1.03" Status="DRAFT" ContentType="user\apdataentitydatamodel" CheckedOutBy="" CheckedOutDate="0001-01-01T00:00:00Z" CreatedDate="2025-05-16T16:53:38.487" CreatedBy="40001842" LastModifiedDate="2025-05-16T16:53:38.487" LastModifiedBy="40001842" ThemeID="" ExtraInfo="" DisplayName="OPATComplaints" />
    </Folder>
    <Folder ID="823FAC2EA9E9284C11CC7F17233ED3FF" Name="Data Source" ProcGroupID="823FAC2EA9E9284C11CC7F17233ED3FB" AppID="823FAC2EA9E9284C11CC7F17233ED3F4" Description="" CreatedBy="162157" CreatedDate="0001-01-01T00:00:00Z" LastModifiedBy="162157" LastModifiedDate="0001-01-01T00:00:00Z" ContentType="application\datasources" ParentFolderID="823FAC2EA9E9284C11CC7F17233ED3FB" DisplayName="Data Source">
      <File ID="BAED0AFFF82C9067110032847298FBD9" Name="OPATComplaints" BaseFileID="823FAC2EA9E9284C11CC7F17233ED400" PrevVerFileID="BAE70AFFF82C906711FFE4956F47BBF4" AppID="823FAC2EA9E9284C11CC7F17233ED3F4" ParentFolderID="823FAC2EA9E9284C11CC7F17233ED3FF" ProcGroupID="823FAC2EA9E9284C11CC7F17233ED3FB" Description="" Version="1.06" Status="DRAFT" ContentType="user\APDataEntityDataSource" CheckedOutBy="" CheckedOutDate="0001-01-01T00:00:00Z" CreatedDate="2025-05-16T18:34:57.34" CreatedBy="40001842" LastModifiedDate="2025-05-16T18:48:16.793" LastModifiedBy="40001842" ThemeID="" ExtraInfo="" DisplayName="OPATComplaints" />
    </Folder>
    <Folder ID="823FAC2EA9E9284C11CC7F17293791D2" Name="Library" ProcGroupID="823FAC2EA9E9284C11CC7F17233ED3FB" AppID="823FAC2EA9E9284C11CC7F17233ED3F4" Description="" CreatedBy="162157" CreatedDate="0001-01-01T00:00:00Z" LastModifiedBy="162157" LastModifiedDate="0001-01-01T00:00:00Z" ContentType="application\taskformlibrary" ParentFolderID="823FAC2EA9E9284C11CC7F17233ED3FB" DisplayName="Library">
      <File ID="BAEE12DEFB27D0ED11003284BA8B2F7D" Name="Form Library" BaseFileID="823FAC2EA9E9284C11CC7F17293791D3" PrevVerFileID="BAE70AFFF82C906711FFE495694E610F" AppID="823FAC2EA9E9284C11CC7F17233ED3F4" ParentFolderID="823FAC2EA9E9284C11CC7F17293791D2" ProcGroupID="823FAC2EA9E9284C11CC7F17233ED3FB" Description="" Version="1.04" Status="DRAFT" ContentType="user\taskformlibrary" CheckedOutBy="" CheckedOutDate="0001-01-01T00:00:00Z" CreatedDate="2025-05-16T18:36:53.697" CreatedBy="40001842" LastModifiedDate="2025-05-16T18:48:16.73" LastModifiedBy="40001842" ThemeID="" ExtraInfo="" DisplayName="Form Library" />
    </Folder>
    <Folder ID="823FAC2EA9E9284C11CC7F17293791D5" Name="Forms" ProcGroupID="823FAC2EA9E9284C11CC7F17233ED3FB" AppID="823FAC2EA9E9284C11CC7F17233ED3F4" Description="" CreatedBy="162157" CreatedDate="0001-01-01T00:00:00Z" LastModifiedBy="162157" LastModifiedDate="0001-01-01T00:00:00Z" ContentType="application\formsgroup" ParentFolderID="823FAC2EA9E9284C11CC7F17233ED3FB" DisplayName="Forms">
      <Folder ID="823FAC2EA9E9284C11CC7F17293791D6" Name="New" ProcGroupID="823FAC2EA9E9284C11CC7F17233ED3FB" AppID="823FAC2EA9E9284C11CC7F17233ED3F4" Description="" CreatedBy="162157" CreatedDate="0001-01-01T00:00:00Z" LastModifiedBy="162157" LastModifiedDate="0001-01-01T00:00:00Z" ContentType="application\newforms" ParentFolderID="823FAC2EA9E9284C11CC7F17293791D5" DisplayName="New">
        <File ID="BAEE12DEFB27D0ED110032764F7795E7" Name="New OPAT Complaints" BaseFileID="823FAC2EA9E9284C11CC7F17293791D7" PrevVerFileID="BAE70AFFF82C906711FFE495694E6110" AppID="823FAC2EA9E9284C11CC7F17233ED3F4" ParentFolderID="823FAC2EA9E9284C11CC7F17293791D6" ProcGroupID="823FAC2EA9E9284C11CC7F17233ED3FB" Description="" Version="1.02" Status="DRAFT" ContentType="user\newforms" CheckedOutBy="" CheckedOutDate="0001-01-01T00:00:00Z" CreatedDate="2025-05-16T16:53:38.567" CreatedBy="40001842" LastModifiedDate="2025-05-16T16:53:38.567" LastModifiedBy="40001842" ThemeID="" ExtraInfo="" DisplayName="New OPAT Complaints" />
      </Folder>
      <Folder ID="823FAC2EA9E9284C11CC7F17293791D8" Name="Update" ProcGroupID="823FAC2EA9E9284C11CC7F17233ED3FB" AppID="823FAC2EA9E9284C11CC7F17233ED3F4" Description="" CreatedBy="162157" CreatedDate="0001-01-01T00:00:00Z" LastModifiedBy="162157" LastModifiedDate="0001-01-01T00:00:00Z" ContentType="application\updateforms" ParentFolderID="823FAC2EA9E9284C11CC7F17293791D5" DisplayName="Update">
        <File ID="BAEE12DEFB27D0ED11003284BA8B2F7A" Name="Update OPAT Complaints" BaseFileID="823FAC2EA9E9284C11CC7F17293791D9" PrevVerFileID="BAE70AFFF82C906711FFE495694E6111" AppID="823FAC2EA9E9284C11CC7F17233ED3F4" ParentFolderID="823FAC2EA9E9284C11CC7F17293791D8" ProcGroupID="823FAC2EA9E9284C11CC7F17233ED3FB" Description="" Version="1.03" Status="DRAFT" ContentType="user\updateforms" CheckedOutBy="" CheckedOutDate="0001-01-01T00:00:00Z" CreatedDate="2025-05-16T18:36:53.587" CreatedBy="40001842" LastModifiedDate="2025-05-16T18:48:16.807" LastModifiedBy="40001842" ThemeID="" ExtraInfo="" DisplayName="Update OPAT Complaints" />
      </Folder>
      <Folder ID="823FAC2EA9E9284C11CC7F17293791DA" Name="Widgets" ProcGroupID="823FAC2EA9E9284C11CC7F17233ED3FB" AppID="823FAC2EA9E9284C11CC7F17233ED3F4" Description="" CreatedBy="162157" CreatedDate="0001-01-01T00:00:00Z" LastModifiedBy="162157" LastModifiedDate="0001-01-01T00:00:00Z" ContentType="application\widgets" ParentFolderID="823FAC2EA9E9284C11CC7F17293791D5" DisplayName="Widgets" />
      <Folder ID="823FAC2EA9E9284C11CC7F17293791DB" Name="Views" ProcGroupID="823FAC2EA9E9284C11CC7F17233ED3FB" AppID="823FAC2EA9E9284C11CC7F17233ED3F4" Description="" CreatedBy="162157" CreatedDate="0001-01-01T00:00:00Z" LastModifiedBy="162157" LastModifiedDate="0001-01-01T00:00:00Z" ContentType="application\views" ParentFolderID="823FAC2EA9E9284C11CC7F17293791D5" DisplayName="Views">
        <File ID="BAEE12DEFB27D0ED110032764F7795EB" Name="All Cases Under Investigation" BaseFileID="823FAC2EA9E9284C11CC7F17293791E1" PrevVerFileID="BAE70AFFF82C906711FFE495694E6115" AppID="823FAC2EA9E9284C11CC7F17233ED3F4" ParentFolderID="823FAC2EA9E9284C11CC7F17293791DB" ProcGroupID="823FAC2EA9E9284C11CC7F17233ED3FB" Description="" Version="1.02" Status="DRAFT" ContentType="user\views" CheckedOutBy="" CheckedOutDate="0001-01-01T00:00:00Z" CreatedDate="2025-05-16T16:53:38.613" CreatedBy="40001842" LastModifiedDate="2025-05-16T16:53:38.613" LastModifiedBy="40001842" ThemeID="" ExtraInfo="" DisplayName="All Cases Under Investigation" />
        <File ID="BAEE12DEFB27D0ED110032764F7795EC" Name="Recently Created OPAT  Complaints" BaseFileID="823FAC2EA9E9284C11CC7F17293791DE" PrevVerFileID="BAE70AFFF82C906711FFE495694E6117" AppID="823FAC2EA9E9284C11CC7F17233ED3F4" ParentFolderID="823FAC2EA9E9284C11CC7F17293791DB" ProcGroupID="823FAC2EA9E9284C11CC7F17233ED3FB" Description="" Version="1.02" Status="DRAFT" ContentType="user\views" CheckedOutBy="" CheckedOutDate="0001-01-01T00:00:00Z" CreatedDate="2025-05-16T16:53:38.613" CreatedBy="40001842" LastModifiedDate="2025-05-16T16:53:38.613" LastModifiedBy="40001842" ThemeID="" ExtraInfo="" DisplayName="Recently Created OPAT  Complaints" />
        <File ID="BAEE12DEFB27D0ED110032764F7795ED" Name="All OPAT  Complaints" BaseFileID="823FAC2EA9E9284C11CC7F17293791DC" PrevVerFileID="BAE70AFFF82C906711FFE495694E6112" AppID="823FAC2EA9E9284C11CC7F17233ED3F4" ParentFolderID="823FAC2EA9E9284C11CC7F17293791DB" ProcGroupID="823FAC2EA9E9284C11CC7F17233ED3FB" Description="" Version="1.03" Status="DRAFT" ContentType="user\views" CheckedOutBy="" CheckedOutDate="0001-01-01T00:00:00Z" CreatedDate="2025-05-16T16:53:38.613" CreatedBy="40001842" LastModifiedDate="2025-05-16T16:53:38.613" LastModifiedBy="40001842" ThemeID="" ExtraInfo="" DisplayName="All OPAT  Complaints" />
        <File ID="BAEE12DEFB27D0ED110032764F7795E9" Name="Recently Modified OPAT  Complaints" BaseFileID="823FAC2EA9E9284C11CC7F17293791DF" PrevVerFileID="BAE70AFFF82C906711FFE495694E6114" AppID="823FAC2EA9E9284C11CC7F17233ED3F4" ParentFolderID="823FAC2EA9E9284C11CC7F17293791DB" ProcGroupID="823FAC2EA9E9284C11CC7F17233ED3FB" Description="" Version="1.02" Status="DRAFT" ContentType="user\views" CheckedOutBy="" CheckedOutDate="0001-01-01T00:00:00Z" CreatedDate="2025-05-16T16:53:38.597" CreatedBy="40001842" LastModifiedDate="2025-05-16T16:53:38.597" LastModifiedBy="40001842" ThemeID="" ExtraInfo="" DisplayName="Recently Modified OPAT  Complaints" />
        <File ID="BAEE12DEFB27D0ED110032764F7795EA" Name="All Initial Submissions" BaseFileID="823FAC2EA9E9284C11CC7F17293791E0" PrevVerFileID="BAE70AFFF82C906711FFE495694E6116" AppID="823FAC2EA9E9284C11CC7F17233ED3F4" ParentFolderID="823FAC2EA9E9284C11CC7F17293791DB" ProcGroupID="823FAC2EA9E9284C11CC7F17233ED3FB" Description="" Version="1.02" Status="DRAFT" ContentType="user\views" CheckedOutBy="" CheckedOutDate="0001-01-01T00:00:00Z" CreatedDate="2025-05-16T16:53:38.597" CreatedBy="40001842" LastModifiedDate="2025-05-16T16:53:38.597" LastModifiedBy="40001842" ThemeID="" ExtraInfo="" DisplayName="All Initial Submissions" />
      </Folder>
    </Folder>
    <Folder ID="823FAC2EA9E9284C11CC7F17293791E2" Name="Lookups" ProcGroupID="823FAC2EA9E9284C11CC7F17233ED3FB" AppID="823FAC2EA9E9284C11CC7F17233ED3F4" Description="" CreatedBy="162157" CreatedDate="0001-01-01T00:00:00Z" LastModifiedBy="162157" LastModifiedDate="0001-01-01T00:00:00Z" ContentType="application\lookup" ParentFolderID="823FAC2EA9E9284C11CC7F17233ED3FB" DisplayName="Lookups">
      <File ID="BAEE12DEFB27D0ED110032764F7795F1" Name="GetOPAT  ComplaintsRecentlyCreated" BaseFileID="823FAC2EA9E9284C11CC7F17293791E4" PrevVerFileID="BAE70AFFF82C906711FFE495694E611B" AppID="823FAC2EA9E9284C11CC7F17233ED3F4" ParentFolderID="823FAC2EA9E9284C11CC7F17293791E2" ProcGroupID="823FAC2EA9E9284C11CC7F17233ED3FB" Description="" Version="1.02" Status="DRAFT" ContentType="user\lookupmulticolumn" CheckedOutBy="" CheckedOutDate="0001-01-01T00:00:00Z" CreatedDate="2025-05-16T16:53:38.66" CreatedBy="40001842" LastModifiedDate="2025-05-16T16:53:38.66" LastModifiedBy="40001842" ThemeID="" ExtraInfo="" DisplayName="GetOPAT  ComplaintsRecentlyCreated" />
      <File ID="BAEE12DEFB27D0ED110032764F7795F2" Name="GetOPAT  Complaints" BaseFileID="823FAC2EA9E9284C11CC7F17293791E3" PrevVerFileID="BAE70AFFF82C906711FFE495694E6119" AppID="823FAC2EA9E9284C11CC7F17233ED3F4" ParentFolderID="823FAC2EA9E9284C11CC7F17293791E2" ProcGroupID="823FAC2EA9E9284C11CC7F17233ED3FB" Description="" Version="1.02" Status="DRAFT" ContentType="user\lookupmulticolumn" CheckedOutBy="" CheckedOutDate="0001-01-01T00:00:00Z" CreatedDate="2025-05-16T16:53:38.66" CreatedBy="40001842" LastModifiedDate="2025-05-16T16:53:38.66" LastModifiedBy="40001842" ThemeID="" ExtraInfo="" DisplayName="GetOPAT  Complaints" />
      <File ID="BAEE12DEFB27D0ED110032764F7795EF" Name="UnderInvestigation" BaseFileID="823FAC2EA9E9284C11CC7F17293791E7" PrevVerFileID="BAE70AFFF82C906711FFE495694E6118" AppID="823FAC2EA9E9284C11CC7F17233ED3F4" ParentFolderID="823FAC2EA9E9284C11CC7F17293791E2" ProcGroupID="823FAC2EA9E9284C11CC7F17233ED3FB" Description="" Version="1.02" Status="DRAFT" ContentType="user\lookupmulticolumn" CheckedOutBy="" CheckedOutDate="0001-01-01T00:00:00Z" CreatedDate="2025-05-16T16:53:38.643" CreatedBy="40001842" LastModifiedDate="2025-05-16T16:53:38.643" LastModifiedBy="40001842" ThemeID="" ExtraInfo="" DisplayName="UnderInvestigation" />
      <File ID="BAEE12DEFB27D0ED110032764F7795F0" Name="GetOPAT  ComplaintsRecentlyModified" BaseFileID="823FAC2EA9E9284C11CC7F17293791E5" PrevVerFileID="BAE70AFFF82C906711FFE495694E611A" AppID="823FAC2EA9E9284C11CC7F17233ED3F4" ParentFolderID="823FAC2EA9E9284C11CC7F17293791E2" ProcGroupID="823FAC2EA9E9284C11CC7F17233ED3FB" Description="" Version="1.02" Status="DRAFT" ContentType="user\lookupmulticolumn" CheckedOutBy="" CheckedOutDate="0001-01-01T00:00:00Z" CreatedDate="2025-05-16T16:53:38.643" CreatedBy="40001842" LastModifiedDate="2025-05-16T16:53:38.643" LastModifiedBy="40001842" ThemeID="" ExtraInfo="" DisplayName="GetOPAT  ComplaintsRecentlyModified" />
      <File ID="BAEE12DEFB27D0ED110032764F7795EE" Name="InitialSubmissions" BaseFileID="823FAC2EA9E9284C11CC7F17293791E6" PrevVerFileID="BAE70AFFF82C906711FFE495694E611C" AppID="823FAC2EA9E9284C11CC7F17233ED3F4" ParentFolderID="823FAC2EA9E9284C11CC7F17293791E2" ProcGroupID="823FAC2EA9E9284C11CC7F17233ED3FB" Description="" Version="1.02" Status="DRAFT" ContentType="user\lookupmulticolumn" CheckedOutBy="" CheckedOutDate="0001-01-01T00:00:00Z" CreatedDate="2025-05-16T16:53:38.63" CreatedBy="40001842" LastModifiedDate="2025-05-16T16:53:38.63" LastModifiedBy="40001842" ThemeID="" ExtraInfo="" DisplayName="InitialSubmissions" />
    </Folder>
    <Folder ID="823FAC2EA9E9284C11CC7F17293791E8" Name="Translation" ProcGroupID="823FAC2EA9E9284C11CC7F17233ED3FB" AppID="823FAC2EA9E9284C11CC7F17233ED3F4" Description="" CreatedBy="162157" CreatedDate="0001-01-01T00:00:00Z" LastModifiedBy="162157" LastModifiedDate="0001-01-01T00:00:00Z" ContentType="application\translation" ParentFolderID="823FAC2EA9E9284C11CC7F17233ED3FB" DisplayName="Translation" />
    <Folder ID="823FAC2EA9E9284C11CC7F17293791E9" Name="Document Repository" ProcGroupID="823FAC2EA9E9284C11CC7F17233ED3FB" AppID="823FAC2EA9E9284C11CC7F17233ED3F4" Description="" CreatedBy="162157" CreatedDate="0001-01-01T00:00:00Z" LastModifiedBy="162157" LastModifiedDate="0001-01-01T00:00:00Z" ContentType="application\documentrepository" ParentFolderID="823FAC2EA9E9284C11CC7F17233ED3FB" DisplayName="Document Repository" />
    <Folder ID="823FAC2EA9E9284C11CC7F17293791EA" Name="System Files" ProcGroupID="823FAC2EA9E9284C11CC7F17233ED3FB" AppID="823FAC2EA9E9284C11CC7F17233ED3F4" Description="" CreatedBy="162157" CreatedDate="0001-01-01T00:00:00Z" LastModifiedBy="162157" LastModifiedDate="0001-01-01T00:00:00Z" ContentType="application\hidden" ParentFolderID="823FAC2EA9E9284C11CC7F17233ED3FB" DisplayName="System Files" />
    <Folder ID="823FAC2EA9E9284C11CC7F17293791EB" Name="Process Model" ProcGroupID="823FAC2EA9E9284C11CC7F17233ED3FB" AppID="823FAC2EA9E9284C11CC7F17233ED3F4" Description="" CreatedBy="162157" CreatedDate="0001-01-01T00:00:00Z" LastModifiedBy="162157" LastModifiedDate="0001-01-01T00:00:00Z" ContentType="application\processmodel" ParentFolderID="823FAC2EA9E9284C11CC7F17233ED3FB" DisplayName="Process Model">
      <File ID="BAEE12DEFB27D0ED110032764F7795F9" Name="OPAT - View Complaints_Recently Modified OPAT  Complaints" BaseFileID="823FAC2EA9E9284C11CC7F17293791F1" PrevVerFileID="BAE70AFFF82C906711FFE495694E6123" AppID="823FAC2EA9E9284C11CC7F17233ED3F4" ParentFolderID="823FAC2EA9E9284C11CC7F17293791EB" ProcGroupID="823FAC2EA9E9284C11CC7F17233ED3FB" Description="" Version="1.02" Status="DRAFT" ContentType="user\processmodel" CheckedOutBy="" CheckedOutDate="0001-01-01T00:00:00Z" CreatedDate="2025-05-16T16:53:38.737" CreatedBy="40001842" LastModifiedDate="2025-05-16T16:53:38.737" LastModifiedBy="40001842" ThemeID="" ExtraInfo="" DisplayName="Recently Modified OPAT  Complaints" />
      <File ID="BAEE12DEFB27D0ED110032764F7795F6" Name="OPAT - View Complaints_All OPAT  Complaints" BaseFileID="823FAC2EA9E9284C11CC7F17293791EE" PrevVerFileID="BAE70AFFF82C906711FFE495694E6120" AppID="823FAC2EA9E9284C11CC7F17233ED3F4" ParentFolderID="823FAC2EA9E9284C11CC7F17293791EB" ProcGroupID="823FAC2EA9E9284C11CC7F17233ED3FB" Description="" Version="1.02" Status="DRAFT" ContentType="user\processmodel" CheckedOutBy="" CheckedOutDate="0001-01-01T00:00:00Z" CreatedDate="2025-05-16T16:53:38.723" CreatedBy="40001842" LastModifiedDate="2025-05-16T16:53:38.723" LastModifiedBy="40001842" ThemeID="" ExtraInfo="" DisplayName="All OPAT  Complaints" />
      <File ID="BAEE12DEFB27D0ED110032764F7795F7" Name="OPAT - View Complaints_Update OPAT Complaints" BaseFileID="823FAC2EA9E9284C11CC7F17293791F2" PrevVerFileID="BAE70AFFF82C906711FFE495694E6121" AppID="823FAC2EA9E9284C11CC7F17233ED3F4" ParentFolderID="823FAC2EA9E9284C11CC7F17293791EB" ProcGroupID="823FAC2EA9E9284C11CC7F17233ED3FB" Description="" Version="1.02" Status="DRAFT" ContentType="user\processmodel" CheckedOutBy="" CheckedOutDate="0001-01-01T00:00:00Z" CreatedDate="2025-05-16T16:53:38.723" CreatedBy="40001842" LastModifiedDate="2025-05-16T16:53:38.723" LastModifiedBy="40001842" ThemeID="" ExtraInfo="" DisplayName="Update OPAT Complaints" />
      <File ID="BAEE12DEFB27D0ED110032764F7795F8" Name="OPAT - View Complaints_Recently Created OPAT  Complaints" BaseFileID="823FAC2EA9E9284C11CC7F17293791F0" PrevVerFileID="BAE70AFFF82C906711FFE495694E6122" AppID="823FAC2EA9E9284C11CC7F17233ED3F4" ParentFolderID="823FAC2EA9E9284C11CC7F17293791EB" ProcGroupID="823FAC2EA9E9284C11CC7F17233ED3FB" Description="" Version="1.02" Status="DRAFT" ContentType="user\processmodel" CheckedOutBy="" CheckedOutDate="0001-01-01T00:00:00Z" CreatedDate="2025-05-16T16:53:38.723" CreatedBy="40001842" LastModifiedDate="2025-05-16T16:53:38.723" LastModifiedBy="40001842" ThemeID="" ExtraInfo="" DisplayName="Recently Created OPAT  Complaints" />
      <File ID="BAEE12DEFB27D0ED110032764F7795F5" Name="OPAT - View Complaints_New OPAT Complaints" BaseFileID="823FAC2EA9E9284C11CC7F17293791EF" PrevVerFileID="BAE70AFFF82C906711FFE495694E611F" AppID="823FAC2EA9E9284C11CC7F17233ED3F4" ParentFolderID="823FAC2EA9E9284C11CC7F17293791EB" ProcGroupID="823FAC2EA9E9284C11CC7F17233ED3FB" Description="" Version="1.02" Status="DRAFT" ContentType="user\processmodel" CheckedOutBy="" CheckedOutDate="0001-01-01T00:00:00Z" CreatedDate="2025-05-16T16:53:38.707" CreatedBy="40001842" LastModifiedDate="2025-05-16T16:53:38.707" LastModifiedBy="40001842" ThemeID="" ExtraInfo="" DisplayName="New OPAT Complaints" />
      <File ID="BAEE12DEFB27D0ED110032764F7795F3" Name="OPAT - View Complaints_All Cases Under Investigation" BaseFileID="823FAC2EA9E9284C11CC7F17293791EC" PrevVerFileID="BAE70AFFF82C906711FFE495694E611D" AppID="823FAC2EA9E9284C11CC7F17233ED3F4" ParentFolderID="823FAC2EA9E9284C11CC7F17293791EB" ProcGroupID="823FAC2EA9E9284C11CC7F17233ED3FB" Description="" Version="1.02" Status="DRAFT" ContentType="user\processmodel" CheckedOutBy="" CheckedOutDate="0001-01-01T00:00:00Z" CreatedDate="2025-05-16T16:53:38.69" CreatedBy="40001842" LastModifiedDate="2025-05-16T16:53:38.69" LastModifiedBy="40001842" ThemeID="" ExtraInfo="" DisplayName="All Cases Under Investigation" />
      <File ID="BAEE12DEFB27D0ED110032764F7795F4" Name="OPAT - View Complaints_All Initial Submissions" BaseFileID="823FAC2EA9E9284C11CC7F17293791ED" PrevVerFileID="BAE70AFFF82C906711FFE495694E611E" AppID="823FAC2EA9E9284C11CC7F17233ED3F4" ParentFolderID="823FAC2EA9E9284C11CC7F17293791EB" ProcGroupID="823FAC2EA9E9284C11CC7F17233ED3FB" Description="" Version="1.02" Status="DRAFT" ContentType="user\processmodel" CheckedOutBy="" CheckedOutDate="0001-01-01T00:00:00Z" CreatedDate="2025-05-16T16:53:38.69" CreatedBy="40001842" LastModifiedDate="2025-05-16T16:53:38.69" LastModifiedBy="40001842" ThemeID="" ExtraInfo="" DisplayName="All Initial Submissions" />
    </Folder>
    <Folder ID="823FAC2EA9E9284C11CC7F17293791F4" Name="Notification" ProcGroupID="823FAC2EA9E9284C11CC7F17233ED3FB" AppID="823FAC2EA9E9284C11CC7F17233ED3F4" Description="" CreatedBy="162157" CreatedDate="2022-01-26T21:16:40.717" LastModifiedBy="162157" LastModifiedDate="2022-01-26T21:16:40.717" ContentType="application\notification" ParentFolderID="823FAC2EA9E9284C11CC7F17233ED3FB" DisplayName="Notification">
      <Folder ID="823FAC2EA9E9284C11CC7F17293791F8" Name="Attachment Repository" ProcGroupID="823FAC2EA9E9284C11CC7F17233ED3FB" AppID="823FAC2EA9E9284C11CC7F17233ED3F4" Description="" CreatedBy="162157" CreatedDate="2022-01-26T21:16:40.797" LastModifiedBy="162157" LastModifiedDate="2022-01-26T21:16:40.797" ContentType="application\attachmentrepository" ParentFolderID="823FAC2EA9E9284C11CC7F17293791F4" DisplayName="Attachment Repository" />
      <Folder ID="8257D4CD9C2F4D1611DDF13AC1FAB188" Name="E-mails" ProcGroupID="823FAC2EA9E9284C11CC7F17233ED3FB" AppID="823FAC2EA9E9284C11CC7F17233ED3F4" Description="" CreatedBy="162157" CreatedDate="2023-05-12T23:03:44.307" LastModifiedBy="162157" LastModifiedDate="2023-05-12T23:03:44.307" ContentType="application\email" ParentFolderID="823FAC2EA9E9284C11CC7F17293791F4" DisplayName="E-mails">
        <File ID="BAEE12DEFB27D0ED110032764F7795FB" Name="Record Added" BaseFileID="BAE70AFFF82C906711FFE495694E6125" PrevVerFileID="BAE70AFFF82C906711FFE495694E6125" AppID="823FAC2EA9E9284C11CC7F17233ED3F4" ParentFolderID="8257D4CD9C2F4D1611DDF13AC1FAB188" ProcGroupID="823FAC2EA9E9284C11CC7F17233ED3FB" Description="" Version="1.0" Status="DRAFT" ContentType="user\email" CheckedOutBy="" CheckedOutDate="0001-01-01T00:00:00Z" CreatedDate="2025-05-16T16:53:38.77" CreatedBy="40001842" LastModifiedDate="2025-05-16T16:53:38.77" LastModifiedBy="40001842" ThemeID="" ExtraInfo="" DisplayName="Record Added" />
        <File ID="BAEE12DEFB27D0ED110032764F7795FC" Name="Record Deleted" BaseFileID="BAE70AFFF82C906711FFE495694E6126" PrevVerFileID="BAE70AFFF82C906711FFE495694E6126" AppID="823FAC2EA9E9284C11CC7F17233ED3F4" ParentFolderID="8257D4CD9C2F4D1611DDF13AC1FAB188" ProcGroupID="823FAC2EA9E9284C11CC7F17233ED3FB" Description="" Version="1.0" Status="DRAFT" ContentType="user\email" CheckedOutBy="" CheckedOutDate="0001-01-01T00:00:00Z" CreatedDate="2025-05-16T16:53:38.77" CreatedBy="40001842" LastModifiedDate="2025-05-16T16:53:38.77" LastModifiedBy="40001842" ThemeID="" ExtraInfo="" DisplayName="Record Deleted" />
        <File ID="BAEE12DEFB27D0ED110032764F7795FA" Name="Record Edited" BaseFileID="BAE70AFFF82C906711FFE495694E6124" PrevVerFileID="BAE70AFFF82C906711FFE495694E6124" AppID="823FAC2EA9E9284C11CC7F17233ED3F4" ParentFolderID="8257D4CD9C2F4D1611DDF13AC1FAB188" ProcGroupID="823FAC2EA9E9284C11CC7F17233ED3FB" Description="" Version="1.0" Status="DRAFT" ContentType="user\email" CheckedOutBy="" CheckedOutDate="0001-01-01T00:00:00Z" CreatedDate="2025-05-16T16:53:38.753" CreatedBy="40001842" LastModifiedDate="2025-05-16T16:53:38.753" LastModifiedBy="40001842" ThemeID="" ExtraInfo="" DisplayName="Record Edited" />
      </Folder>
    </Folder>
  </Folder>
  <CoAuthored>false</CoAuthored>
</WFEnabledApplication>