<?xml version="1.0"?>
<WFApplicationDynamicDependencies xmlns:xsd="http://www.w3.org/2001/XMLSchema" xmlns:xsi="http://www.w3.org/2001/XMLSchema-instance">
  <AppName>DND - Lottery Application DND Views</AppName>
  <Version>1.10</Version>
  <DataEntities>
    <DataEntity>
      <EntityName>DNDLotteryApplication__u</EntityName>
      <EntityDisplayName>DND - Lottery Application</EntityDisplayName>
      <UsedIn>
        <DependencyUsedIn>
          <FileName>DNDLotteryViews</FileName>
          <FileDisplayName>DNDLotteryViews</FileDisplayName>
          <Activities />
          <FileType>Data Source</FileType>
          <NumberOfTimesUsed>1</NumberOfTimesUsed>
        </DependencyUsedIn>
        <DependencyUsedIn>
          <FileName>GetDND - Lottery ApplicationsRecentlyModified</FileName>
          <FileDisplayName>GetDND - Lottery ApplicationsRecentlyModified</FileDisplayName>
          <Activities />
          <FileType>Lookup</FileType>
          <NumberOfTimesUsed>1</NumberOfTimesUsed>
        </DependencyUsedIn>
        <DependencyUsedIn>
          <FileName>GetDND - Lottery ApplicationsRecentlyCreated</FileName>
          <FileDisplayName>GetDND - Lottery ApplicationsRecentlyCreated</FileDisplayName>
          <Activities />
          <FileType>Lookup</FileType>
          <NumberOfTimesUsed>1</NumberOfTimesUsed>
        </DependencyUsedIn>
        <DependencyUsedIn>
          <FileName>Get Raw Data</FileName>
          <FileDisplayName>Get Raw Data</FileDisplayName>
          <Activities />
          <FileType>Lookup</FileType>
          <NumberOfTimesUsed>1</NumberOfTimesUsed>
        </DependencyUsedIn>
        <DependencyUsedIn>
          <FileName>Select Lottery Name</FileName>
          <FileDisplayName>Select Lottery Name</FileDisplayName>
          <Activities />
          <FileType>Lookup</FileType>
          <NumberOfTimesUsed>1</NumberOfTimesUsed>
        </DependencyUsedIn>
        <DependencyUsedIn>
          <FileName>GetDND - Lottery Applications</FileName>
          <FileDisplayName>GetDND - Lottery Applications</FileDisplayName>
          <Activities />
          <FileType>Lookup</FileType>
          <NumberOfTimesUsed>1</NumberOfTimesUsed>
        </DependencyUsedIn>
        <DependencyUsedIn>
          <FileName>All Lotteries Applicantions</FileName>
          <FileDisplayName>All Lotteries Applicantions</FileDisplayName>
          <Activities />
          <FileType>Lookup</FileType>
          <NumberOfTimesUsed>1</NumberOfTimesUsed>
        </DependencyUsedIn>
        <DependencyUsedIn>
          <FileName>Select Specific Lottery</FileName>
          <FileDisplayName>Select Specific Lottery</FileDisplayName>
          <Activities />
          <FileType>Lookup</FileType>
          <NumberOfTimesUsed>1</NumberOfTimesUsed>
        </DependencyUsedIn>
      </UsedIn>
      <IsExists>false</IsExists>
    </DataEntity>
    <DataEntity>
      <EntityName>DNDLotteryFormControls__u</EntityName>
      <EntityDisplayName>DND - Lottery Form Controls</EntityDisplayName>
      <UsedIn>
        <DependencyUsedIn>
          <FileName>Lottery Lookup</FileName>
          <FileDisplayName>Lottery Lookup</FileDisplayName>
          <Activities />
          <FileType>Lookup</FileType>
          <NumberOfTimesUsed>1</NumberOfTimesUsed>
        </DependencyUsedIn>
      </UsedIn>
      <IsExists>false</IsExists>
    </DataEntity>
  </DataEntities>
</WFApplicationDynamicDependencies>