<?xml version="1.0"?>
<WFEnabledApplication xmlns:xsd="http://www.w3.org/2001/XMLSchema" xmlns:xsi="http://www.w3.org/2001/XMLSchema-instance" ID="822FB09D87A3EC2A11AA7068F9AD9984" Name="DND - Lottery Application DND Views" Description="" Status="DRAFT" CreatedDate="2020-03-27T13:24:43.587" CreatedBy="Int00116" AppType="StandaloneForms" Visibility="PAAS" ContentType="application" DisplayName="DND - Lottery Application DND Views" AppLocale="customlocale" ParentApplicationId="">
  <Folder ID="822FB09D87A3EC2A11AA7068F9AD9985" Name="Shared Resources" ProcGroupID="" AppID="822FB09D87A3EC2A11AA7068F9AD9984" Description="" CreatedBy="Int00116" CreatedDate="0001-01-01T00:00:00Z" LastModifiedBy="Int00116" LastModifiedDate="0001-01-01T00:00:00Z" ContentType="Any" ParentFolderID="822FB09D87A3EC2A11AA7068F9AD9984" DisplayName="Shared Resources">
    <Folder ID="822FB09D87A3EC2A11AA7068F9AD9986" Name="Style Sheets" ProcGroupID="" AppID="822FB09D87A3EC2A11AA7068F9AD9984" Description="" CreatedBy="Int00116" CreatedDate="0001-01-01T00:00:00Z" LastModifiedBy="Int00116" LastModifiedDate="0001-01-01T00:00:00Z" ContentType="application\CSS" ParentFolderID="822FB09D87A3EC2A11AA7068F9AD9985" DisplayName="Style Sheets" />
    <Folder ID="822FB09D87A3EC2A11AA7068F9AD9987" Name="JavaScript" ProcGroupID="" AppID="822FB09D87A3EC2A11AA7068F9AD9984" Description="" CreatedBy="Int00116" CreatedDate="0001-01-01T00:00:00Z" LastModifiedBy="Int00116" LastModifiedDate="0001-01-01T00:00:00Z" ContentType="application\js" ParentFolderID="822FB09D87A3EC2A11AA7068F9AD9985" DisplayName="JavaScript" />
    <Folder ID="822FB09D87A3EC2A11AA7068F9AD9988" Name="Images" ProcGroupID="" AppID="822FB09D87A3EC2A11AA7068F9AD9984" Description="" CreatedBy="Int00116" CreatedDate="0001-01-01T00:00:00Z" LastModifiedBy="Int00116" LastModifiedDate="0001-01-01T00:00:00Z" ContentType="application\image" ParentFolderID="822FB09D87A3EC2A11AA7068F9AD9985" DisplayName="Images" />
    <Folder ID="822FB09D87A3EC2A11AA7068F9AD9989" Name="Access Tokens" ProcGroupID="" AppID="822FB09D87A3EC2A11AA7068F9AD9984" Description="" CreatedBy="Int00116" CreatedDate="0001-01-01T00:00:00Z" LastModifiedBy="Int00116" LastModifiedDate="0001-01-01T00:00:00Z" ContentType="application\apptoken" ParentFolderID="822FB09D87A3EC2A11AA7068F9AD9985" DisplayName="Access Tokens" />
    <Folder ID="822FB09D87A3EC2A11AA7068F9AD998A" Name="Application Resources" ProcGroupID="" AppID="822FB09D87A3EC2A11AA7068F9AD9984" Description="" CreatedBy="Int00116" CreatedDate="0001-01-01T00:00:00Z" LastModifiedBy="Int00116" LastModifiedDate="0001-01-01T00:00:00Z" ContentType="application\applicationresources" ParentFolderID="822FB09D87A3EC2A11AA7068F9AD9985" DisplayName="Application Resources" />
    <Folder ID="825FC2FFACA72A8211DDE63888F8268E" Name="Comments" ProcGroupID="822FB09D87A3EC2A11AA7068F9AD9985" AppID="822FB09D87A3EC2A11AA7068F9AD9984" Description="" CreatedBy="Int00116" CreatedDate="2023-04-28T22:50:10.63" LastModifiedBy="Int00116" LastModifiedDate="2023-04-28T22:50:10.63" ContentType="application\comments" ParentFolderID="822FB09D87A3EC2A11AA7068F9AD9985" DisplayName="Comments" />
  </Folder>
  <Folder ID="822FB09D87A3EC2A11AA7068F9AD998B" Name="App Model &amp; Resources" ProcGroupID="" AppID="822FB09D87A3EC2A11AA7068F9AD9984" Description="" CreatedBy="Int00116" CreatedDate="0001-01-01T00:00:00Z" LastModifiedBy="Int00116" LastModifiedDate="0001-01-01T00:00:00Z" ContentType="user\processgroup" ParentFolderID="822FB09D87A3EC2A11AA7068F9AD9984" DisplayName="App Model &amp; Resources">
    <Folder ID="822FB09D87A3EC2A11AA7068F9AD998C" Name="Data Model" ProcGroupID="822FB09D87A3EC2A11AA7068F9AD998B" AppID="822FB09D87A3EC2A11AA7068F9AD9984" Description="" CreatedBy="Int00116" CreatedDate="0001-01-01T00:00:00Z" LastModifiedBy="Int00116" LastModifiedDate="0001-01-01T00:00:00Z" ContentType="application\datamodel" ParentFolderID="822FB09D87A3EC2A11AA7068F9AD998B" DisplayName="Data Model">
      <File ID="BAE90AFFE869EF2311FFC3CEABB0FAA2" Name="Schema.xsd" BaseFileID="822FB09D87A3EC2A11AA70690BCADFBA" PrevVerFileID="8279F331A30556F011FF4AB54AAF4E1C" AppID="822FB09D87A3EC2A11AA7068F9AD9984" ParentFolderID="822FB09D87A3EC2A11AA7068F9AD998C" ProcGroupID="822FB09D87A3EC2A11AA7068F9AD998B" Description="" Version="1.14" Status="DRAFT" ContentType="user\datamodel" CheckedOutBy="" CheckedOutDate="0001-01-01T00:00:00Z" CreatedDate="2024-12-26T21:16:32.31" CreatedBy="40001842" LastModifiedDate="2024-12-26T21:35:19.143" LastModifiedBy="40001842" ThemeID="" ExtraInfo="[{&quot;Name&quot; : &quot;NamespaceUpdated&quot; , &quot;Value&quot; : &quot;True&quot;}]" DisplayName="Schema.xsd" />
      <File ID="BAE90AFFE869EF2311FFC3D11561DEE6" Name="DNDLotteryViews" BaseFileID="822FB09D87A3EC2A11AA7068F9AD998E" PrevVerFileID="8279F331A30556F011FF4AB54AAF4E1D" AppID="822FB09D87A3EC2A11AA7068F9AD9984" ParentFolderID="822FB09D87A3EC2A11AA7068F9AD998C" ProcGroupID="822FB09D87A3EC2A11AA7068F9AD998B" Description="Datasource DNDLotteryViews Schema" Version="1.14" Status="DRAFT" ContentType="user\apdataentitydatamodel" CheckedOutBy="" CheckedOutDate="0001-01-01T00:00:00Z" CreatedDate="2024-12-26T21:33:47.27" CreatedBy="40001842" LastModifiedDate="2024-12-26T21:33:47.35" LastModifiedBy="40001842" ThemeID="" ExtraInfo="" DisplayName="DNDLotteryViews" />
    </Folder>
    <Folder ID="822FB09D87A3EC2A11AA7068F9AD998F" Name="Data Source" ProcGroupID="822FB09D87A3EC2A11AA7068F9AD998B" AppID="822FB09D87A3EC2A11AA7068F9AD9984" Description="" CreatedBy="Int00116" CreatedDate="0001-01-01T00:00:00Z" LastModifiedBy="Int00116" LastModifiedDate="0001-01-01T00:00:00Z" ContentType="application\datasources" ParentFolderID="822FB09D87A3EC2A11AA7068F9AD998B" DisplayName="Data Source">
      <File ID="BAE90AFFE869EF2311FFC3D10370E11E" Name="DNDLotteryViews" BaseFileID="822FB09D87A3EC2A11AA7068F9AD9990" PrevVerFileID="8279F331A30556F011FF4AB544A90004" AppID="822FB09D87A3EC2A11AA7068F9AD9984" ParentFolderID="822FB09D87A3EC2A11AA7068F9AD998F" ProcGroupID="822FB09D87A3EC2A11AA7068F9AD998B" Description="" Version="1.13" Status="DRAFT" ContentType="user\APDataEntityDataSource" CheckedOutBy="" CheckedOutDate="0001-01-01T00:00:00Z" CreatedDate="2024-12-26T21:33:22.327" CreatedBy="40001842" LastModifiedDate="2024-12-26T21:36:22.013" LastModifiedBy="40001842" ThemeID="" ExtraInfo="" DisplayName="DNDLotteryViews" />
    </Folder>
    <Folder ID="822FB09D87A3EC2A11AA7068F9AD9991" Name="Library" ProcGroupID="822FB09D87A3EC2A11AA7068F9AD998B" AppID="822FB09D87A3EC2A11AA7068F9AD9984" Description="" CreatedBy="Int00116" CreatedDate="0001-01-01T00:00:00Z" LastModifiedBy="Int00116" LastModifiedDate="0001-01-01T00:00:00Z" ContentType="application\taskformlibrary" ParentFolderID="822FB09D87A3EC2A11AA7068F9AD998B" DisplayName="Library">
      <File ID="BAE90AFFE869EF2311FFC3CEABB0FA9F" Name="Form Library" BaseFileID="822FB09D87A3EC2A11AA70690BCADFB9" PrevVerFileID="8279F331A30556F011FF4AB51470D3B7" AppID="822FB09D87A3EC2A11AA7068F9AD9984" ParentFolderID="822FB09D87A3EC2A11AA7068F9AD9991" ProcGroupID="822FB09D87A3EC2A11AA7068F9AD998B" Description="" Version="1.11" Status="DRAFT" ContentType="user\taskformlibrary" CheckedOutBy="" CheckedOutDate="0001-01-01T00:00:00Z" CreatedDate="2024-12-26T21:16:32.217" CreatedBy="40001842" LastModifiedDate="2024-12-26T21:35:19.05" LastModifiedBy="40001842" ThemeID="" ExtraInfo="" DisplayName="Form Library" />
    </Folder>
    <Folder ID="822FB09D87A3EC2A11AA7068F9AD9993" Name="Forms" ProcGroupID="822FB09D87A3EC2A11AA7068F9AD998B" AppID="822FB09D87A3EC2A11AA7068F9AD9984" Description="" CreatedBy="Int00116" CreatedDate="0001-01-01T00:00:00Z" LastModifiedBy="Int00116" LastModifiedDate="0001-01-01T00:00:00Z" ContentType="application\formsgroup" ParentFolderID="822FB09D87A3EC2A11AA7068F9AD998B" DisplayName="Forms">
      <Folder ID="822FB09D87A3EC2A11AA7068F9AD9994" Name="New" ProcGroupID="822FB09D87A3EC2A11AA7068F9AD998B" AppID="822FB09D87A3EC2A11AA7068F9AD9984" Description="" CreatedBy="Int00116" CreatedDate="0001-01-01T00:00:00Z" LastModifiedBy="Int00116" LastModifiedDate="0001-01-01T00:00:00Z" ContentType="application\newforms" ParentFolderID="822FB09D87A3EC2A11AA7068F9AD9993" DisplayName="New">
        <File ID="827F9EDFD5C6728C11FF96154C570F8C" Name="New DND - Lottery Application" BaseFileID="822FB09D87A3EC2A11AA7068F9AD9995" PrevVerFileID="8279F331A30556F011FF4AB51470D3B8" AppID="822FB09D87A3EC2A11AA7068F9AD9984" ParentFolderID="822FB09D87A3EC2A11AA7068F9AD9994" ProcGroupID="822FB09D87A3EC2A11AA7068F9AD998B" Description="" Version="1.08" Status="DRAFT" ContentType="user\newforms" CheckedOutBy="" CheckedOutDate="0001-01-01T00:00:00Z" CreatedDate="2024-10-29T12:46:11.09" CreatedBy="40001842" LastModifiedDate="2024-10-29T12:46:11.09" LastModifiedBy="40001842" ThemeID="" ExtraInfo="" DisplayName="New DND - Lottery Application" />
      </Folder>
      <Folder ID="822FB09D87A3EC2A11AA7068F9AD9996" Name="Update" ProcGroupID="822FB09D87A3EC2A11AA7068F9AD998B" AppID="822FB09D87A3EC2A11AA7068F9AD9984" Description="" CreatedBy="Int00116" CreatedDate="0001-01-01T00:00:00Z" LastModifiedBy="Int00116" LastModifiedDate="0001-01-01T00:00:00Z" ContentType="application\updateforms" ParentFolderID="822FB09D87A3EC2A11AA7068F9AD9993" DisplayName="Update">
        <File ID="BAE90AFFE869EF2311FFC3CEF38CF88B" Name="Update DND - Lottery Application" BaseFileID="822FB09D87A3EC2A11AA7068F9AD9998" PrevVerFileID="8279F331A30556F011FF4AB51470D3B9" AppID="822FB09D87A3EC2A11AA7068F9AD9984" ParentFolderID="822FB09D87A3EC2A11AA7068F9AD9996" ProcGroupID="822FB09D87A3EC2A11AA7068F9AD998B" Description="" Version="1.09" Status="DRAFT" ContentType="user\updateforms" CheckedOutBy="" CheckedOutDate="0001-01-01T00:00:00Z" CreatedDate="2024-12-26T21:18:31.607" CreatedBy="40001842" LastModifiedDate="2024-12-26T21:35:17.877" LastModifiedBy="40001842" ThemeID="" ExtraInfo="" DisplayName="Update DND - Lottery Application" />
      </Folder>
      <Folder ID="822FB09D87A3EC2A11AA7068F9AD9999" Name="Widgets" ProcGroupID="822FB09D87A3EC2A11AA7068F9AD998B" AppID="822FB09D87A3EC2A11AA7068F9AD9984" Description="" CreatedBy="Int00116" CreatedDate="0001-01-01T00:00:00Z" LastModifiedBy="Int00116" LastModifiedDate="0001-01-01T00:00:00Z" ContentType="application\widgets" ParentFolderID="822FB09D87A3EC2A11AA7068F9AD9993" DisplayName="Widgets" />
      <Folder ID="822FB09D87A3EC2A11AA7068F9AD999A" Name="Views" ProcGroupID="822FB09D87A3EC2A11AA7068F9AD998B" AppID="822FB09D87A3EC2A11AA7068F9AD9984" Description="" CreatedBy="Int00116" CreatedDate="0001-01-01T00:00:00Z" LastModifiedBy="Int00116" LastModifiedDate="0001-01-01T00:00:00Z" ContentType="application\views" ParentFolderID="822FB09D87A3EC2A11AA7068F9AD9993" DisplayName="Views">
        <File ID="827F9EDFD5C6728C11FF96154C570F90" Name="CSV Export View by Lottery" BaseFileID="822FB09D87A3EC2A11AA7068F9AD999C" PrevVerFileID="8279F331A30556F011FF4AB51470D3BD" AppID="822FB09D87A3EC2A11AA7068F9AD9984" ParentFolderID="822FB09D87A3EC2A11AA7068F9AD999A" ProcGroupID="822FB09D87A3EC2A11AA7068F9AD998B" Description="" Version="1.09" Status="DRAFT" ContentType="user\views" CheckedOutBy="" CheckedOutDate="0001-01-01T00:00:00Z" CreatedDate="2024-10-29T12:46:11.137" CreatedBy="40001842" LastModifiedDate="2024-10-29T12:46:11.137" LastModifiedBy="40001842" ThemeID="" ExtraInfo="" DisplayName="CSV Export View by Lottery" />
        <File ID="827F9EDFD5C6728C11FF96154C570F97" Name="View All Lottery Applications" BaseFileID="8279F331A30556F011FF3DFF8C7FBFA5" PrevVerFileID="8279F331A30556F011FF4AB51470D3BB" AppID="822FB09D87A3EC2A11AA7068F9AD9984" ParentFolderID="822FB09D87A3EC2A11AA7068F9AD999A" ProcGroupID="822FB09D87A3EC2A11AA7068F9AD998B" Description="" Version="1.02" Status="DRAFT" ContentType="user\views" CheckedOutBy="" CheckedOutDate="0001-01-01T00:00:00Z" CreatedDate="2024-10-29T12:46:11.137" CreatedBy="40001842" LastModifiedDate="2024-10-29T12:46:11.137" LastModifiedBy="40001842" ThemeID="" ExtraInfo="" DisplayName="View All Lottery Applications" />
        <File ID="827F9EDFD5C6728C11FF96154C570F8E" Name="CSV Statistics Data Export by Date Period" BaseFileID="822FB09D87A3EC2A11AA7F5F431E5CC5" PrevVerFileID="8279F331A30556F011FF4AB51470D3BC" AppID="822FB09D87A3EC2A11AA7068F9AD9984" ParentFolderID="822FB09D87A3EC2A11AA7068F9AD999A" ProcGroupID="822FB09D87A3EC2A11AA7068F9AD998B" Description="" Version="1.07" Status="DRAFT" ContentType="user\views" CheckedOutBy="" CheckedOutDate="0001-01-01T00:00:00Z" CreatedDate="2024-10-29T12:46:11.12" CreatedBy="40001842" LastModifiedDate="2024-10-29T12:46:11.12" LastModifiedBy="40001842" ThemeID="" ExtraInfo="" DisplayName="CSV Statistics Data Export by Date Period" />
        <File ID="827F9EDFD5C6728C11FF96154C570F8F" Name="View Applications by Lottery Name" BaseFileID="822FB09D87A3EC2A11AA7068F9AD999B" PrevVerFileID="8279F331A30556F011FF4AB51470D3BA" AppID="822FB09D87A3EC2A11AA7068F9AD9984" ParentFolderID="822FB09D87A3EC2A11AA7068F9AD999A" ProcGroupID="822FB09D87A3EC2A11AA7068F9AD998B" Description="" Version="1.08" Status="DRAFT" ContentType="user\views" CheckedOutBy="" CheckedOutDate="0001-01-01T00:00:00Z" CreatedDate="2024-10-29T12:46:11.12" CreatedBy="40001842" LastModifiedDate="2024-10-29T12:46:11.12" LastModifiedBy="40001842" ThemeID="" ExtraInfo="" DisplayName="View Applications by Lottery Name" />
      </Folder>
    </Folder>
    <Folder ID="822FB09D87A3EC2A11AA7068F9AD999D" Name="Lookups" ProcGroupID="822FB09D87A3EC2A11AA7068F9AD998B" AppID="822FB09D87A3EC2A11AA7068F9AD9984" Description="" CreatedBy="Int00116" CreatedDate="0001-01-01T00:00:00Z" LastModifiedBy="Int00116" LastModifiedDate="0001-01-01T00:00:00Z" ContentType="application\lookup" ParentFolderID="822FB09D87A3EC2A11AA7068F9AD998B" DisplayName="Lookups">
      <File ID="827F9EDFD5C6728C11FF96154C570F9E" Name="GetDND - Lottery ApplicationsRecentlyModified" BaseFileID="822FB09D87A3EC2A11AA7068F9AD99A3" PrevVerFileID="8279F331A30556F011FF4AB51470D3C3" AppID="822FB09D87A3EC2A11AA7068F9AD9984" ParentFolderID="822FB09D87A3EC2A11AA7068F9AD999D" ProcGroupID="822FB09D87A3EC2A11AA7068F9AD998B" Description="" Version="1.08" Status="DRAFT" ContentType="user\lookupmulticolumn" CheckedOutBy="" CheckedOutDate="0001-01-01T00:00:00Z" CreatedDate="2024-10-29T12:46:11.23" CreatedBy="40001842" LastModifiedDate="2024-10-29T12:46:11.23" LastModifiedBy="40001842" ThemeID="" ExtraInfo="" DisplayName="GetDND - Lottery ApplicationsRecentlyModified" />
      <File ID="827F9EDFD5C6728C11FF96154C570F9F" Name="GetDND - Lottery ApplicationsRecentlyCreated" BaseFileID="822FB09D87A3EC2A11AA7068F9AD99A2" PrevVerFileID="8279F331A30556F011FF4AB51470D3C5" AppID="822FB09D87A3EC2A11AA7068F9AD9984" ParentFolderID="822FB09D87A3EC2A11AA7068F9AD999D" ProcGroupID="822FB09D87A3EC2A11AA7068F9AD998B" Description="" Version="1.08" Status="DRAFT" ContentType="user\lookupmulticolumn" CheckedOutBy="" CheckedOutDate="0001-01-01T00:00:00Z" CreatedDate="2024-10-29T12:46:11.23" CreatedBy="40001842" LastModifiedDate="2024-10-29T12:46:11.23" LastModifiedBy="40001842" ThemeID="" ExtraInfo="" DisplayName="GetDND - Lottery ApplicationsRecentlyCreated" />
      <File ID="827F9EDFD5C6728C11FF96154C570F9D" Name="Get Raw Data" BaseFileID="822FB09D87A3EC2A11AA7F5F431E5CC9" PrevVerFileID="8279F331A30556F011FF4AB51470D3C0" AppID="822FB09D87A3EC2A11AA7068F9AD9984" ParentFolderID="822FB09D87A3EC2A11AA7068F9AD999D" ProcGroupID="822FB09D87A3EC2A11AA7068F9AD998B" Description="" Version="1.07" Status="DRAFT" ContentType="user\lookupmulticolumn" CheckedOutBy="" CheckedOutDate="0001-01-01T00:00:00Z" CreatedDate="2024-10-29T12:46:11.217" CreatedBy="40001842" LastModifiedDate="2024-10-29T12:46:11.217" LastModifiedBy="40001842" ThemeID="" ExtraInfo="" DisplayName="Get Raw Data" />
      <File ID="827F9EDFD5C6728C11FF96154C570F9B" Name="Select Lottery Name" BaseFileID="822FB09D87A3EC2A11AA7068F9AD999F" PrevVerFileID="8279F331A30556F011FF4AB51470D3C2" AppID="822FB09D87A3EC2A11AA7068F9AD9984" ParentFolderID="822FB09D87A3EC2A11AA7068F9AD999D" ProcGroupID="822FB09D87A3EC2A11AA7068F9AD998B" Description="" Version="1.08" Status="DRAFT" ContentType="user\lookupmulticolumn" CheckedOutBy="" CheckedOutDate="0001-01-01T00:00:00Z" CreatedDate="2024-10-29T12:46:11.2" CreatedBy="40001842" LastModifiedDate="2024-10-29T12:46:11.2" LastModifiedBy="40001842" ThemeID="" ExtraInfo="" DisplayName="Select Lottery Name" />
      <File ID="827F9EDFD5C6728C11FF96154C570F9C" Name="GetDND - Lottery Applications" BaseFileID="822FB09D87A3EC2A11AA7068F9AD99A1" PrevVerFileID="8279F331A30556F011FF4AB51470D3C4" AppID="822FB09D87A3EC2A11AA7068F9AD9984" ParentFolderID="822FB09D87A3EC2A11AA7068F9AD999D" ProcGroupID="822FB09D87A3EC2A11AA7068F9AD998B" Description="" Version="1.08" Status="DRAFT" ContentType="user\lookupmulticolumn" CheckedOutBy="" CheckedOutDate="0001-01-01T00:00:00Z" CreatedDate="2024-10-29T12:46:11.2" CreatedBy="40001842" LastModifiedDate="2024-10-29T12:46:11.2" LastModifiedBy="40001842" ThemeID="" ExtraInfo="" DisplayName="GetDND - Lottery Applications" />
      <File ID="827F9EDFD5C6728C11FF96154C570F99" Name="Lottery Lookup" BaseFileID="822FB09D87A3EC2A11AA7068F9AD99A0" PrevVerFileID="8279F331A30556F011FF4AB51470D3BE" AppID="822FB09D87A3EC2A11AA7068F9AD9984" ParentFolderID="822FB09D87A3EC2A11AA7068F9AD999D" ProcGroupID="822FB09D87A3EC2A11AA7068F9AD998B" Description="" Version="1.08" Status="DRAFT" ContentType="user\lookupnamevalue" CheckedOutBy="" CheckedOutDate="0001-01-01T00:00:00Z" CreatedDate="2024-10-29T12:46:11.183" CreatedBy="40001842" LastModifiedDate="2024-10-29T12:46:11.183" LastModifiedBy="40001842" ThemeID="" ExtraInfo="" DisplayName="Lottery Lookup" />
      <File ID="827F9EDFD5C6728C11FF96154C570F9A" Name="All Lotteries Applicantions" BaseFileID="8279F331A30556F011FF3DFF8C7FBFA8" PrevVerFileID="8279F331A30556F011FF4AB51470D3C1" AppID="822FB09D87A3EC2A11AA7068F9AD9984" ParentFolderID="822FB09D87A3EC2A11AA7068F9AD999D" ProcGroupID="822FB09D87A3EC2A11AA7068F9AD998B" Description="" Version="1.02" Status="DRAFT" ContentType="user\lookupmulticolumn" CheckedOutBy="" CheckedOutDate="0001-01-01T00:00:00Z" CreatedDate="2024-10-29T12:46:11.183" CreatedBy="40001842" LastModifiedDate="2024-10-29T12:46:11.183" LastModifiedBy="40001842" ThemeID="" ExtraInfo="" DisplayName="All Lotteries Applicantions" />
      <File ID="827F9EDFD5C6728C11FF96154C570F98" Name="Select Specific Lottery" BaseFileID="822FB09D87A3EC2A11AA7068F9AD999E" PrevVerFileID="8279F331A30556F011FF4AB51470D3BF" AppID="822FB09D87A3EC2A11AA7068F9AD9984" ParentFolderID="822FB09D87A3EC2A11AA7068F9AD999D" ProcGroupID="822FB09D87A3EC2A11AA7068F9AD998B" Description="" Version="1.09" Status="DRAFT" ContentType="user\lookupmulticolumn" CheckedOutBy="" CheckedOutDate="0001-01-01T00:00:00Z" CreatedDate="2024-10-29T12:46:11.167" CreatedBy="40001842" LastModifiedDate="2024-10-29T12:46:11.167" LastModifiedBy="40001842" ThemeID="" ExtraInfo="" DisplayName="Select Specific Lottery" />
    </Folder>
    <Folder ID="822FB09D87A3EC2A11AA7068F9AD99A4" Name="Translation" ProcGroupID="822FB09D87A3EC2A11AA7068F9AD998B" AppID="822FB09D87A3EC2A11AA7068F9AD9984" Description="" CreatedBy="Int00116" CreatedDate="0001-01-01T00:00:00Z" LastModifiedBy="Int00116" LastModifiedDate="0001-01-01T00:00:00Z" ContentType="application\translation" ParentFolderID="822FB09D87A3EC2A11AA7068F9AD998B" DisplayName="Translation" />
    <Folder ID="822FB09D87A3EC2A11AA7068F9AD99A5" Name="Document Repository" ProcGroupID="822FB09D87A3EC2A11AA7068F9AD998B" AppID="822FB09D87A3EC2A11AA7068F9AD9984" Description="" CreatedBy="Int00116" CreatedDate="0001-01-01T00:00:00Z" LastModifiedBy="Int00116" LastModifiedDate="0001-01-01T00:00:00Z" ContentType="application\documentrepository" ParentFolderID="822FB09D87A3EC2A11AA7068F9AD998B" DisplayName="Document Repository" />
    <Folder ID="822FB09D87A3EC2A11AA7068F9AD99A6" Name="System Files" ProcGroupID="822FB09D87A3EC2A11AA7068F9AD998B" AppID="822FB09D87A3EC2A11AA7068F9AD9984" Description="" CreatedBy="Int00116" CreatedDate="0001-01-01T00:00:00Z" LastModifiedBy="Int00116" LastModifiedDate="0001-01-01T00:00:00Z" ContentType="application\hidden" ParentFolderID="822FB09D87A3EC2A11AA7068F9AD998B" DisplayName="System Files" />
    <Folder ID="822FB09D87A3EC2A11AA7068F9AD99A7" Name="Process Model" ProcGroupID="822FB09D87A3EC2A11AA7068F9AD998B" AppID="822FB09D87A3EC2A11AA7068F9AD9984" Description="" CreatedBy="Int00116" CreatedDate="0001-01-01T00:00:00Z" LastModifiedBy="Int00116" LastModifiedDate="0001-01-01T00:00:00Z" ContentType="application\processmodel" ParentFolderID="822FB09D87A3EC2A11AA7068F9AD998B" DisplayName="Process Model">
      <File ID="827F9EDFD5C6728C11FF96154C570FA7" Name="DND - Lottery Application DND Views_View Applications by Lottery Name" BaseFileID="822FB09D87A3EC2A11AA7068F9AD99A8" PrevVerFileID="8279F331A30556F011FF4AB51470D3CE" AppID="822FB09D87A3EC2A11AA7068F9AD9984" ParentFolderID="822FB09D87A3EC2A11AA7068F9AD99A7" ProcGroupID="822FB09D87A3EC2A11AA7068F9AD998B" Description="" Version="1.08" Status="DRAFT" ContentType="user\processmodel" CheckedOutBy="" CheckedOutDate="0001-01-01T00:00:00Z" CreatedDate="2024-10-29T12:46:11.373" CreatedBy="40001842" LastModifiedDate="2024-10-29T12:46:11.373" LastModifiedBy="40001842" ThemeID="" ExtraInfo="" DisplayName="View Applications by Lottery Name" />
      <File ID="827F9EDFD5C6728C11FF96154C570FA8" Name="DND - Lottery Application DND Views_CSV Export View by Lottery" BaseFileID="822FB09D87A3EC2A11AA7068F9AD99A9" PrevVerFileID="8279F331A30556F011FF4AB51470D3CC" AppID="822FB09D87A3EC2A11AA7068F9AD9984" ParentFolderID="822FB09D87A3EC2A11AA7068F9AD99A7" ProcGroupID="822FB09D87A3EC2A11AA7068F9AD998B" Description="" Version="1.08" Status="DRAFT" ContentType="user\processmodel" CheckedOutBy="" CheckedOutDate="0001-01-01T00:00:00Z" CreatedDate="2024-10-29T12:46:11.373" CreatedBy="40001842" LastModifiedDate="2024-10-29T12:46:11.373" LastModifiedBy="40001842" ThemeID="" ExtraInfo="" DisplayName="CSV Export View by Lottery" />
      <File ID="827F9EDFD5C6728C11FF96154C570FA6" Name="DND - Lottery Application DND Views_All DND - Lottery Applications" BaseFileID="822FB09D87A3EC2A11AA7068F9AD99AB" PrevVerFileID="8279F331A30556F011FF4AB51470D3CD" AppID="822FB09D87A3EC2A11AA7068F9AD9984" ParentFolderID="822FB09D87A3EC2A11AA7068F9AD99A7" ProcGroupID="822FB09D87A3EC2A11AA7068F9AD998B" Description="" Version="1.08" Status="DRAFT" ContentType="user\processmodel" CheckedOutBy="" CheckedOutDate="0001-01-01T00:00:00Z" CreatedDate="2024-10-29T12:46:11.357" CreatedBy="40001842" LastModifiedDate="2024-10-29T12:46:11.357" LastModifiedBy="40001842" ThemeID="" ExtraInfo="" DisplayName="All DND - Lottery Applications" />
      <File ID="827F9EDFD5C6728C11FF96154C570FA5" Name="DND - Lottery Application DND Views_Recently Modified DND - Lottery Applications" BaseFileID="822FB09D87A3EC2A11AA7068F9AD99AC" PrevVerFileID="8279F331A30556F011FF4AB51470D3CB" AppID="822FB09D87A3EC2A11AA7068F9AD9984" ParentFolderID="822FB09D87A3EC2A11AA7068F9AD99A7" ProcGroupID="822FB09D87A3EC2A11AA7068F9AD998B" Description="" Version="1.08" Status="DRAFT" ContentType="user\processmodel" CheckedOutBy="" CheckedOutDate="0001-01-01T00:00:00Z" CreatedDate="2024-10-29T12:46:11.34" CreatedBy="40001842" LastModifiedDate="2024-10-29T12:46:11.34" LastModifiedBy="40001842" ThemeID="" ExtraInfo="" DisplayName="Recently Modified DND - Lottery Applications" />
      <File ID="827F9EDFD5C6728C11FF96154C570FA4" Name="DND - Lottery Application DND Views_New DND - Lottery Application" BaseFileID="822FB09D87A3EC2A11AA7068F9AD99AE" PrevVerFileID="8279F331A30556F011FF4AB51470D3CA" AppID="822FB09D87A3EC2A11AA7068F9AD9984" ParentFolderID="822FB09D87A3EC2A11AA7068F9AD99A7" ProcGroupID="822FB09D87A3EC2A11AA7068F9AD998B" Description="" Version="1.08" Status="DRAFT" ContentType="user\processmodel" CheckedOutBy="" CheckedOutDate="0001-01-01T00:00:00Z" CreatedDate="2024-10-29T12:46:11.32" CreatedBy="40001842" LastModifiedDate="2024-10-29T12:46:11.32" LastModifiedBy="40001842" ThemeID="" ExtraInfo="" DisplayName="New DND - Lottery Application" />
      <File ID="827F9EDFD5C6728C11FF96154C570FA2" Name="DND - Lottery Application DND Views_View All Lottery Applications" BaseFileID="8279F331A30556F011FF3DFF8C7FBFB0" PrevVerFileID="8279F331A30556F011FF4AB51470D3C9" AppID="822FB09D87A3EC2A11AA7068F9AD9984" ParentFolderID="822FB09D87A3EC2A11AA7068F9AD99A7" ProcGroupID="822FB09D87A3EC2A11AA7068F9AD998B" Description="" Version="1.02" Status="DRAFT" ContentType="user\processmodel" CheckedOutBy="" CheckedOutDate="0001-01-01T00:00:00Z" CreatedDate="2024-10-29T12:46:11.3" CreatedBy="40001842" LastModifiedDate="2024-10-29T12:46:11.3" LastModifiedBy="40001842" ThemeID="" ExtraInfo="" DisplayName="View All Lottery Applications" />
      <File ID="827F9EDFD5C6728C11FF96154C570FA3" Name="DND - Lottery Application DND Views_CSV Statistics Data Export by Date Period" BaseFileID="822FB09D87A3EC2A11AA7F5F431E5CD0" PrevVerFileID="8279F331A30556F011FF4AB51470D3C8" AppID="822FB09D87A3EC2A11AA7068F9AD9984" ParentFolderID="822FB09D87A3EC2A11AA7068F9AD99A7" ProcGroupID="822FB09D87A3EC2A11AA7068F9AD998B" Description="" Version="1.07" Status="DRAFT" ContentType="user\processmodel" CheckedOutBy="" CheckedOutDate="0001-01-01T00:00:00Z" CreatedDate="2024-10-29T12:46:11.3" CreatedBy="40001842" LastModifiedDate="2024-10-29T12:46:11.3" LastModifiedBy="40001842" ThemeID="" ExtraInfo="" DisplayName="CSV Statistics Data Export by Date Period" />
      <File ID="827F9EDFD5C6728C11FF96154C570FA1" Name="DND - Lottery Application DND Views_Update DND - Lottery Application" BaseFileID="822FB09D87A3EC2A11AA7068F9AD99AA" PrevVerFileID="8279F331A30556F011FF4AB51470D3C6" AppID="822FB09D87A3EC2A11AA7068F9AD9984" ParentFolderID="822FB09D87A3EC2A11AA7068F9AD99A7" ProcGroupID="822FB09D87A3EC2A11AA7068F9AD998B" Description="" Version="1.08" Status="DRAFT" ContentType="user\processmodel" CheckedOutBy="" CheckedOutDate="0001-01-01T00:00:00Z" CreatedDate="2024-10-29T12:46:11.293" CreatedBy="40001842" LastModifiedDate="2024-10-29T12:46:11.293" LastModifiedBy="40001842" ThemeID="" ExtraInfo="" DisplayName="Update DND - Lottery Application" />
      <File ID="827F9EDFD5C6728C11FF96154C570FA0" Name="DND - Lottery Application DND Views_Recently Created DND - Lottery Applications" BaseFileID="822FB09D87A3EC2A11AA7068F9AD99AD" PrevVerFileID="8279F331A30556F011FF4AB51470D3C7" AppID="822FB09D87A3EC2A11AA7068F9AD9984" ParentFolderID="822FB09D87A3EC2A11AA7068F9AD99A7" ProcGroupID="822FB09D87A3EC2A11AA7068F9AD998B" Description="" Version="1.08" Status="DRAFT" ContentType="user\processmodel" CheckedOutBy="" CheckedOutDate="0001-01-01T00:00:00Z" CreatedDate="2024-10-29T12:46:11.277" CreatedBy="40001842" LastModifiedDate="2024-10-29T12:46:11.277" LastModifiedBy="40001842" ThemeID="" ExtraInfo="" DisplayName="Recently Created DND - Lottery Applications" />
    </Folder>
    <Folder ID="822FB09D87A3EC2A11AA7068F9AD99AF" Name="Notification" ProcGroupID="822FB09D87A3EC2A11AA7068F9AD998B" AppID="822FB09D87A3EC2A11AA7068F9AD9984" Description="" CreatedBy="Int00116" CreatedDate="2020-03-27T13:24:43.76" LastModifiedBy="Int00116" LastModifiedDate="2020-03-27T13:24:43.76" ContentType="application\notification" ParentFolderID="822FB09D87A3EC2A11AA7068F9AD998B" DisplayName="Notification">
      <Folder ID="822FB09D87A3EC2A11AA7068F9AD99B3" Name="Attachment Repository" ProcGroupID="822FB09D87A3EC2A11AA7068F9AD998B" AppID="822FB09D87A3EC2A11AA7068F9AD9984" Description="" CreatedBy="Int00116" CreatedDate="2020-03-27T13:24:43.79" LastModifiedBy="Int00116" LastModifiedDate="2020-03-27T13:24:43.79" ContentType="application\attachmentrepository" ParentFolderID="822FB09D87A3EC2A11AA7068F9AD99AF" DisplayName="Attachment Repository" />
      <Folder ID="825FC2FFACA72A8211DDE63888F826FE" Name="E-mails" ProcGroupID="822FB09D87A3EC2A11AA7068F9AD998B" AppID="822FB09D87A3EC2A11AA7068F9AD9984" Description="" CreatedBy="Int00116" CreatedDate="2023-04-28T22:50:11.447" LastModifiedBy="Int00116" LastModifiedDate="2023-04-28T22:50:11.447" ContentType="application\email" ParentFolderID="822FB09D87A3EC2A11AA7068F9AD99AF" DisplayName="E-mails">
        <File ID="827F9EDFD5C6728C11FF96154C570FAA" Name="Record Added" BaseFileID="8262BE8FC5A3AB5511EE09FA69C0723F" PrevVerFileID="8279F331A30556F011FF4AB51470D3D1" AppID="822FB09D87A3EC2A11AA7068F9AD9984" ParentFolderID="825FC2FFACA72A8211DDE63888F826FE" ProcGroupID="822FB09D87A3EC2A11AA7068F9AD998B" Description="" Version="1.04" Status="DRAFT" ContentType="user\email" CheckedOutBy="" CheckedOutDate="0001-01-01T00:00:00Z" CreatedDate="2024-10-29T12:46:11.403" CreatedBy="40001842" LastModifiedDate="2024-10-29T12:46:11.403" LastModifiedBy="40001842" ThemeID="" ExtraInfo="" DisplayName="Record Added" />
        <File ID="827F9EDFD5C6728C11FF96154C570FAB" Name="Record Edited" BaseFileID="8262BE8FC5A3AB5511EE09FA69C0723E" PrevVerFileID="8279F331A30556F011FF4AB51470D3CF" AppID="822FB09D87A3EC2A11AA7068F9AD9984" ParentFolderID="825FC2FFACA72A8211DDE63888F826FE" ProcGroupID="822FB09D87A3EC2A11AA7068F9AD998B" Description="" Version="1.04" Status="DRAFT" ContentType="user\email" CheckedOutBy="" CheckedOutDate="0001-01-01T00:00:00Z" CreatedDate="2024-10-29T12:46:11.403" CreatedBy="40001842" LastModifiedDate="2024-10-29T12:46:11.403" LastModifiedBy="40001842" ThemeID="" ExtraInfo="" DisplayName="Record Edited" />
        <File ID="827F9EDFD5C6728C11FF96154C570FA9" Name="Record Deleted" BaseFileID="8262BE8FC5A3AB5511EE09FA69C0723D" PrevVerFileID="8279F331A30556F011FF4AB51470D3D0" AppID="822FB09D87A3EC2A11AA7068F9AD9984" ParentFolderID="825FC2FFACA72A8211DDE63888F826FE" ProcGroupID="822FB09D87A3EC2A11AA7068F9AD998B" Description="" Version="1.04" Status="DRAFT" ContentType="user\email" CheckedOutBy="" CheckedOutDate="0001-01-01T00:00:00Z" CreatedDate="2024-10-29T12:46:11.387" CreatedBy="40001842" LastModifiedDate="2024-10-29T12:46:11.387" LastModifiedBy="40001842" ThemeID="" ExtraInfo="" DisplayName="Record Deleted" />
      </Folder>
    </Folder>
  </Folder>
  <CoAuthored>false</CoAuthored>
</WFEnabledApplication>