<?xml version="1.0"?>
<WFApplicationDynamicDependencies xmlns:xsd="http://www.w3.org/2001/XMLSchema" xmlns:xsi="http://www.w3.org/2001/XMLSchema-instance">
  <AppName>LAW - Statement Of Financial Interest</AppName>
  <Version>1.10</Version>
  <Groups>
    <Group>
      <GroupName>LAW - Statement of Financial Interest</GroupName>
      <UsedIn>
        <DependencyUsedIn>
          <FileName>Notification Email</FileName>
          <FileDisplayName>Notification Email</FileDisplayName>
          <Activities />
          <FileType>Email Notification</FileType>
          <NumberOfTimesUsed>1</NumberOfTimesUsed>
        </DependencyUsedIn>
      </UsedIn>
      <IsExists>false</IsExists>
    </Group>
  </Groups>
  <DataEntities>
    <DataEntity>
      <EntityName>LawFinancialInterestStmts__u</EntityName>
      <EntityDisplayName>LAW - Financial Interest Stmts</EntityDisplayName>
      <UsedIn>
        <DependencyUsedIn>
          <FileName>LAW - Statement Of Financial Interest</FileName>
          <FileDisplayName>LAW - Statement Of Financial Interest</FileDisplayName>
          <Activities>
            <Activity>
              <InternalName>UpdateAPDataEntity.1</InternalName>
              <DisplayName>Save Information to Data Entity</DisplayName>
            </Activity>
          </Activities>
          <FileType>Process Model</FileType>
          <NumberOfTimesUsed>1</NumberOfTimesUsed>
        </DependencyUsedIn>
        <DependencyUsedIn>
          <FileName>LAWFinancialInterest</FileName>
          <FileDisplayName>LAWFinancialInterest</FileDisplayName>
          <Activities />
          <FileType>Data Source</FileType>
          <NumberOfTimesUsed>1</NumberOfTimesUsed>
        </DependencyUsedIn>
      </UsedIn>
      <IsExists>false</IsExists>
    </DataEntity>
  </DataEntities>
  <PickLists>
    <PickList>
      <PickListName>USAStates</PickListName>
      <PickListDisplayName>USA States</PickListDisplayName>
      <UsedIn>
        <DependencyUsedIn>
          <FileName>Form Library</FileName>
          <FileDisplayName>Form Library</FileDisplayName>
          <Activities />
          <FileType>eForm Library</FileType>
          <NumberOfTimesUsed>30</NumberOfTimesUsed>
        </DependencyUsedIn>
      </UsedIn>
      <IsExists>false</IsExists>
    </PickList>
  </PickLists>
</WFApplicationDynamicDependencies>