<?xml version="1.0"?>
<WFEnabledApplication xmlns:xsd="http://www.w3.org/2001/XMLSchema" xmlns:xsi="http://www.w3.org/2001/XMLSchema-instance" ID="822FF817B17E405411AAA41B42D9860A" Name="LAW - Statement Of Financial Interest" Description="" Status="DRAFT" CreatedDate="2020-06-01T11:19:27.447" CreatedBy="143525" AppType="eForms" Visibility="PAAS" ContentType="application" DisplayName="LAW - Statement Of Financial Interest" AppLocale="customlocale" ParentApplicationId="">
  <Folder ID="822FF817B17E405411AAA41B42D9860B" Name="Shared Resources" ProcGroupID="" AppID="822FF817B17E405411AAA41B42D9860A" Description="" CreatedBy="143525" CreatedDate="0001-01-01T00:00:00Z" LastModifiedBy="143525" LastModifiedDate="0001-01-01T00:00:00Z" ContentType="Any" ParentFolderID="822FF817B17E405411AAA41B42D9860A" DisplayName="Shared Resources">
    <Folder ID="822FF817B17E405411AAA41B42D9860C" Name="Style Sheets" ProcGroupID="" AppID="822FF817B17E405411AAA41B42D9860A" Description="" CreatedBy="143525" CreatedDate="0001-01-01T00:00:00Z" LastModifiedBy="143525" LastModifiedDate="0001-01-01T00:00:00Z" ContentType="application\CSS" ParentFolderID="822FF817B17E405411AAA41B42D9860B" DisplayName="Style Sheets">
      <File ID="BAEE12DEFB27D0ED11002CDF355935A5" Name="Statement of Financial Interest Stylesheet.css" BaseFileID="822FF817B17E405411AAA41B42D9860D" PrevVerFileID="8270E1B36DB8E41F11FF1F81A3066CFF" AppID="822FF817B17E405411AAA41B42D9860A" ParentFolderID="822FF817B17E405411AAA41B42D9860C" ProcGroupID="" Description="" Version="1.1" Status="DRAFT" ContentType="user\CSS" CheckedOutBy="" CheckedOutDate="0001-01-01T00:00:00Z" CreatedDate="2025-05-09T14:09:29.037" CreatedBy="40001842" LastModifiedDate="2025-05-09T14:09:29.037" LastModifiedBy="40001842" ThemeID="" ExtraInfo="" DisplayName="Statement of Financial Interest Stylesheet.css" />
    </Folder>
    <Folder ID="822FF817B17E405411AAA41B42D9860E" Name="JavaScript" ProcGroupID="" AppID="822FF817B17E405411AAA41B42D9860A" Description="" CreatedBy="143525" CreatedDate="0001-01-01T00:00:00Z" LastModifiedBy="143525" LastModifiedDate="0001-01-01T00:00:00Z" ContentType="application\js" ParentFolderID="822FF817B17E405411AAA41B42D9860B" DisplayName="JavaScript" />
    <Folder ID="822FF817B17E405411AAA41B42D9860F" Name="Images" ProcGroupID="" AppID="822FF817B17E405411AAA41B42D9860A" Description="" CreatedBy="143525" CreatedDate="0001-01-01T00:00:00Z" LastModifiedBy="143525" LastModifiedDate="0001-01-01T00:00:00Z" ContentType="application\image" ParentFolderID="822FF817B17E405411AAA41B42D9860B" DisplayName="Images" />
    <Folder ID="822FF817B17E405411AAA41B42D98610" Name="Access Tokens" ProcGroupID="" AppID="822FF817B17E405411AAA41B42D9860A" Description="" CreatedBy="143525" CreatedDate="0001-01-01T00:00:00Z" LastModifiedBy="143525" LastModifiedDate="0001-01-01T00:00:00Z" ContentType="application\apptoken" ParentFolderID="822FF817B17E405411AAA41B42D9860B" DisplayName="Access Tokens" />
    <Folder ID="822FF817B17E405411AAA41B42D98611" Name="Application Resources" ProcGroupID="" AppID="822FF817B17E405411AAA41B42D9860A" Description="" CreatedBy="143525" CreatedDate="0001-01-01T00:00:00Z" LastModifiedBy="143525" LastModifiedDate="0001-01-01T00:00:00Z" ContentType="application\applicationresources" ParentFolderID="822FF817B17E405411AAA41B42D9860B" DisplayName="Application Resources" />
    <Folder ID="8257D4CD9C2F4D1611DDF13AC1FAB0F3" Name="Comments" ProcGroupID="822FF817B17E405411AAA41B42D9860B" AppID="822FF817B17E405411AAA41B42D9860A" Description="" CreatedBy="143525" CreatedDate="2023-05-12T23:03:43.197" LastModifiedBy="143525" LastModifiedDate="2023-05-12T23:03:43.197" ContentType="application\comments" ParentFolderID="822FF817B17E405411AAA41B42D9860B" DisplayName="Comments" />
  </Folder>
  <Folder ID="822FF817B17E405411AAA41B42D98612" Name="Processes" ProcGroupID="" AppID="822FF817B17E405411AAA41B42D9860A" Description="" CreatedBy="143525" CreatedDate="0001-01-01T00:00:00Z" LastModifiedBy="143525" LastModifiedDate="0001-01-01T00:00:00Z" ContentType="application\processgroup" ParentFolderID="822FF817B17E405411AAA41B42D9860A" DisplayName="Processes">
    <Folder ID="822FF817B17E405411AAA41B42D98613" Name="LAW - Statement Of Financial Interest" ProcGroupID="" AppID="822FF817B17E405411AAA41B42D9860A" Description="" CreatedBy="143525" CreatedDate="0001-01-01T00:00:00Z" LastModifiedBy="143525" LastModifiedDate="0001-01-01T00:00:00Z" ContentType="user\processgroup" ParentFolderID="822FF817B17E405411AAA41B42D98612" DisplayName="LAW - Statement Of Financial Interest">
      <Folder ID="822FF817B17E405411AAA41B42D98614" Name="Process Model" ProcGroupID="822FF817B17E405411AAA41B42D98613" AppID="822FF817B17E405411AAA41B42D9860A" Description="" CreatedBy="143525" CreatedDate="0001-01-01T00:00:00Z" LastModifiedBy="143525" LastModifiedDate="0001-01-01T00:00:00Z" ContentType="application\processmodel" ParentFolderID="822FF817B17E405411AAA41B42D98613" DisplayName="Process Model">
        <File ID="BAEE12DEFB27D0ED11002CDF355935A6" Name="LAW - Statement Of Financial Interest" BaseFileID="822FF817B17E405411AAA41B42D98615" PrevVerFileID="8270E1B36DB8E41F11FF1F81C6E4239F" AppID="822FF817B17E405411AAA41B42D9860A" ParentFolderID="822FF817B17E405411AAA41B42D98614" ProcGroupID="822FF817B17E405411AAA41B42D98613" Description="" Version="1.19" Status="DRAFT" ContentType="user\processmodel" CheckedOutBy="" CheckedOutDate="0001-01-01T00:00:00Z" CreatedDate="2025-05-09T14:09:29.067" CreatedBy="40001842" LastModifiedDate="2025-05-09T14:09:29.067" LastModifiedBy="40001842" ThemeID="" ExtraInfo="" DisplayName="LAW - Statement Of Financial Interest" />
      </Folder>
      <Folder ID="822FF817B17E405411AAA41B42D98616" Name="Notification" ProcGroupID="822FF817B17E405411AAA41B42D98613" AppID="822FF817B17E405411AAA41B42D9860A" Description="" CreatedBy="143525" CreatedDate="0001-01-01T00:00:00Z" LastModifiedBy="143525" LastModifiedDate="0001-01-01T00:00:00Z" ContentType="application\notification" ParentFolderID="822FF817B17E405411AAA41B42D98613" DisplayName="Notification">
        <Folder ID="822FF817B17E405411AAA41B42D98617" Name="E-mails" ProcGroupID="822FF817B17E405411AAA41B42D98613" AppID="822FF817B17E405411AAA41B42D9860A" Description="" CreatedBy="143525" CreatedDate="0001-01-01T00:00:00Z" LastModifiedBy="143525" LastModifiedDate="0001-01-01T00:00:00Z" ContentType="application\email" ParentFolderID="822FF817B17E405411AAA41B42D98616" DisplayName="E-mails">
          <File ID="BAEE12DEFB27D0ED11002CDF355935A7" Name="Notification Email" BaseFileID="822FF817B17E405411AAA41B42D98618" PrevVerFileID="8270E1B36DB8E41F11FF1F81A3066D01" AppID="822FF817B17E405411AAA41B42D9860A" ParentFolderID="822FF817B17E405411AAA41B42D98617" ProcGroupID="822FF817B17E405411AAA41B42D98613" Description="" Version="1.12" Status="DRAFT" ContentType="user\email" CheckedOutBy="" CheckedOutDate="0001-01-01T00:00:00Z" CreatedDate="2025-05-09T14:09:29.257" CreatedBy="40001842" LastModifiedDate="2025-05-09T14:09:29.257" LastModifiedBy="40001842" ThemeID="" ExtraInfo="" DisplayName="Notification Email" />
          <File ID="BAEE12DEFB27D0ED11002CDF355935A8" Name="Thank You to Submitter" BaseFileID="822FF817B17E405411AAA41B42D98619" PrevVerFileID="8270E1B36DB8E41F11FF1F81A3066D02" AppID="822FF817B17E405411AAA41B42D9860A" ParentFolderID="822FF817B17E405411AAA41B42D98617" ProcGroupID="822FF817B17E405411AAA41B42D98613" Description="" Version="1.11" Status="DRAFT" ContentType="user\email" CheckedOutBy="" CheckedOutDate="0001-01-01T00:00:00Z" CreatedDate="2025-05-09T14:09:29.257" CreatedBy="40001842" LastModifiedDate="2025-05-09T14:09:29.257" LastModifiedBy="40001842" ThemeID="" ExtraInfo="" DisplayName="Thank You to Submitter" />
        </Folder>
        <Folder ID="822FF817B17E405411AAA41B42D9861A" Name="Yammer" ProcGroupID="822FF817B17E405411AAA41B42D98613" AppID="822FF817B17E405411AAA41B42D9860A" Description="" CreatedBy="143525" CreatedDate="0001-01-01T00:00:00Z" LastModifiedBy="143525" LastModifiedDate="0001-01-01T00:00:00Z" ContentType="application\yammer" ParentFolderID="822FF817B17E405411AAA41B42D98616" DisplayName="Viva Engage" />
        <Folder ID="822FF817B17E405411AAA41B42D9861B" Name="Chatter" ProcGroupID="822FF817B17E405411AAA41B42D98613" AppID="822FF817B17E405411AAA41B42D9860A" Description="" CreatedBy="143525" CreatedDate="0001-01-01T00:00:00Z" LastModifiedBy="143525" LastModifiedDate="0001-01-01T00:00:00Z" ContentType="application\chatter" ParentFolderID="822FF817B17E405411AAA41B42D98616" DisplayName="Chatter" />
        <Folder ID="822FF817B17E405411AAA41B42D9861C" Name="MicrosoftTeams" ProcGroupID="822FF817B17E405411AAA41B42D98613" AppID="822FF817B17E405411AAA41B42D9860A" Description="" CreatedBy="143525" CreatedDate="0001-01-01T00:00:00Z" LastModifiedBy="143525" LastModifiedDate="2023-05-12T23:03:43.65" ContentType="application\microsoftteams" ParentFolderID="822FF817B17E405411AAA41B42D98616" DisplayName="Microsoft Teams" />
        <Folder ID="822FF817B17E405411AAA41B42D9861D" Name="SMS" ProcGroupID="822FF817B17E405411AAA41B42D98613" AppID="822FF817B17E405411AAA41B42D9860A" Description="" CreatedBy="143525" CreatedDate="0001-01-01T00:00:00Z" LastModifiedBy="143525" LastModifiedDate="0001-01-01T00:00:00Z" ContentType="application\sms" ParentFolderID="822FF817B17E405411AAA41B42D98616" DisplayName="SMS" />
        <Folder ID="822FF817B17E405411AAA41B42D9861E" Name="Attachment Repository" ProcGroupID="822FF817B17E405411AAA41B42D98613" AppID="822FF817B17E405411AAA41B42D9860A" Description="" CreatedBy="143525" CreatedDate="0001-01-01T00:00:00Z" LastModifiedBy="143525" LastModifiedDate="0001-01-01T00:00:00Z" ContentType="application\attachmentrepository" ParentFolderID="822FF817B17E405411AAA41B42D98616" DisplayName="Attachment Repository" />
      </Folder>
      <Folder ID="822FF817B17E405411AAA41B42D9861F" Name="Data Model" ProcGroupID="822FF817B17E405411AAA41B42D98613" AppID="822FF817B17E405411AAA41B42D9860A" Description="" CreatedBy="143525" CreatedDate="0001-01-01T00:00:00Z" LastModifiedBy="143525" LastModifiedDate="0001-01-01T00:00:00Z" ContentType="application\datamodel" ParentFolderID="822FF817B17E405411AAA41B42D98613" DisplayName="Data Model">
        <File ID="BAED0AFFF82C906711002CDF4687EE08" Name="Schema.xsd" BaseFileID="822FF817B17E405411AAA41B42D98620" PrevVerFileID="8270E1B36DB8E41F11FF1F82270ED16D" AppID="822FF817B17E405411AAA41B42D9860A" ParentFolderID="822FF817B17E405411AAA41B42D9861F" ProcGroupID="822FF817B17E405411AAA41B42D98613" Description="" Version="1.24" Status="DRAFT" ContentType="user\datamodel" CheckedOutBy="" CheckedOutDate="0001-01-01T00:00:00Z" CreatedDate="2025-05-09T14:09:56.773" CreatedBy="40001842" LastModifiedDate="2025-05-09T14:10:57.383" LastModifiedBy="40001842" ThemeID="" ExtraInfo="[{&quot;Name&quot; : &quot;NamespaceUpdated&quot; , &quot;Value&quot; : &quot;True&quot;}]" DisplayName="Schema.xsd" />
        <File ID="BAED0AFFF82C906711002CDF4687EE0A" Name="LAWFinancialInterest" BaseFileID="822FF817B17E405411AAAA5559C5FD62" PrevVerFileID="8270E1B36DB8E41F11FF1F82270ED16E" AppID="822FF817B17E405411AAA41B42D9860A" ParentFolderID="822FF817B17E405411AAA41B42D9861F" ProcGroupID="822FF817B17E405411AAA41B42D98613" Description="Datasource LAWFinancialInterest Schema" Version="1.12" Status="DRAFT" ContentType="user\apdataentitydatamodel" CheckedOutBy="" CheckedOutDate="0001-01-01T00:00:00Z" CreatedDate="2025-05-09T14:09:56.93" CreatedBy="40001842" LastModifiedDate="2025-05-09T14:09:57.007" LastModifiedBy="40001842" ThemeID="" ExtraInfo="" DisplayName="LAWFinancialInterest" />
      </Folder>
      <Folder ID="822FF817B17E405411AAA41B42D98621" Name="Data Source" ProcGroupID="822FF817B17E405411AAA41B42D98613" AppID="822FF817B17E405411AAA41B42D9860A" Description="" CreatedBy="143525" CreatedDate="0001-01-01T00:00:00Z" LastModifiedBy="143525" LastModifiedDate="0001-01-01T00:00:00Z" ContentType="application\datasources" ParentFolderID="822FF817B17E405411AAA41B42D98613" DisplayName="Data Source">
        <File ID="BAEE12DEFB27D0ED11002CDF415017B3" Name="LAWFinancialInterest" BaseFileID="822FF817B17E405411AAAA5559C5FD65" PrevVerFileID="8270E1B36DB8E41F11FF1F82270ED069" AppID="822FF817B17E405411AAA41B42D9860A" ParentFolderID="822FF817B17E405411AAA41B42D98621" ProcGroupID="822FF817B17E405411AAA41B42D98613" Description="" Version="1.13" Status="DRAFT" ContentType="user\APDataEntityDataSource" CheckedOutBy="" CheckedOutDate="0001-01-01T00:00:00Z" CreatedDate="2025-05-09T14:09:46.123" CreatedBy="40001842" LastModifiedDate="2025-05-09T14:10:57.353" LastModifiedBy="40001842" ThemeID="" ExtraInfo="" DisplayName="LAWFinancialInterest" />
      </Folder>
      <Folder ID="822FF817B17E405411AAA41B42D98622" Name="Library" ProcGroupID="822FF817B17E405411AAA41B42D98613" AppID="822FF817B17E405411AAA41B42D9860A" Description="" CreatedBy="143525" CreatedDate="0001-01-01T00:00:00Z" LastModifiedBy="143525" LastModifiedDate="0001-01-01T00:00:00Z" ContentType="application\taskformlibrary" ParentFolderID="822FF817B17E405411AAA41B42D98613" DisplayName="Library">
        <File ID="BAEE12DEFB27D0ED11002CDF355935AD" Name="Form Library" BaseFileID="822FF817B17E405411AAA41B42D98623" PrevVerFileID="8270E1B36DB8E41F11FF1F81A3066D0C" AppID="822FF817B17E405411AAA41B42D9860A" ParentFolderID="822FF817B17E405411AAA41B42D98622" ProcGroupID="822FF817B17E405411AAA41B42D98613" Description="" Version="1.13" Status="DRAFT" ContentType="user\taskformlibrary" CheckedOutBy="" CheckedOutDate="0001-01-01T00:00:00Z" CreatedDate="2025-05-09T14:09:29.317" CreatedBy="40001842" LastModifiedDate="2025-05-09T14:09:29.317" LastModifiedBy="40001842" ThemeID="" ExtraInfo="" DisplayName="Form Library" />
      </Folder>
      <Folder ID="822FF817B17E405411AAA41B42D98624" Name="Forms" ProcGroupID="822FF817B17E405411AAA41B42D98613" AppID="822FF817B17E405411AAA41B42D9860A" Description="" CreatedBy="143525" CreatedDate="0001-01-01T00:00:00Z" LastModifiedBy="143525" LastModifiedDate="0001-01-01T00:00:00Z" ContentType="application\formsgroup" ParentFolderID="822FF817B17E405411AAA41B42D98613" DisplayName="Forms">
        <Folder ID="822FF817B17E405411AAA41B42D98625" Name="Task Forms" ProcGroupID="822FF817B17E405411AAA41B42D98613" AppID="822FF817B17E405411AAA41B42D9860A" Description="" CreatedBy="143525" CreatedDate="0001-01-01T00:00:00Z" LastModifiedBy="143525" LastModifiedDate="0001-01-01T00:00:00Z" ContentType="application\taskforms" ParentFolderID="822FF817B17E405411AAA41B42D98624" DisplayName="Task Forms">
          <File ID="BAEE12DEFB27D0ED11002CDF355935AE" Name="Statement of Financial Interest" BaseFileID="822FF817B17E405411AAA41B42D98626" PrevVerFileID="8270E1B36DB8E41F11FF1F81A3066D0D" AppID="822FF817B17E405411AAA41B42D9860A" ParentFolderID="822FF817B17E405411AAA41B42D98625" ProcGroupID="822FF817B17E405411AAA41B42D98613" Description="" Version="1.13" Status="DRAFT" ContentType="user\taskforms" CheckedOutBy="" CheckedOutDate="0001-01-01T00:00:00Z" CreatedDate="2025-05-09T14:09:29.397" CreatedBy="40001842" LastModifiedDate="2025-05-09T14:09:29.397" LastModifiedBy="40001842" ThemeID="" ExtraInfo="" DisplayName="Statement of Financial Interest" />
        </Folder>
      </Folder>
      <Folder ID="822FF817B17E405411AAA41B42D98627" Name="Lookups" ProcGroupID="822FF817B17E405411AAA41B42D98613" AppID="822FF817B17E405411AAA41B42D9860A" Description="" CreatedBy="143525" CreatedDate="0001-01-01T00:00:00Z" LastModifiedBy="143525" LastModifiedDate="0001-01-01T00:00:00Z" ContentType="application\lookup" ParentFolderID="822FF817B17E405411AAA41B42D98613" DisplayName="Lookups" />
      <Folder ID="822FF817B17E405411AAA41B42D98628" Name="Translation" ProcGroupID="822FF817B17E405411AAA41B42D98613" AppID="822FF817B17E405411AAA41B42D9860A" Description="" CreatedBy="143525" CreatedDate="0001-01-01T00:00:00Z" LastModifiedBy="143525" LastModifiedDate="0001-01-01T00:00:00Z" ContentType="application\translation" ParentFolderID="822FF817B17E405411AAA41B42D98613" DisplayName="Translation" />
      <Folder ID="822FF817B17E405411AAA41B42D98629" Name="Document Repository" ProcGroupID="822FF817B17E405411AAA41B42D98613" AppID="822FF817B17E405411AAA41B42D9860A" Description="" CreatedBy="143525" CreatedDate="0001-01-01T00:00:00Z" LastModifiedBy="143525" LastModifiedDate="0001-01-01T00:00:00Z" ContentType="application\documentrepository" ParentFolderID="822FF817B17E405411AAA41B42D98613" DisplayName="Document Repository" />
      <Folder ID="822FF817B17E405411AAA41B42D9862A" Name="System Files" ProcGroupID="822FF817B17E405411AAA41B42D98613" AppID="822FF817B17E405411AAA41B42D9860A" Description="" CreatedBy="143525" CreatedDate="0001-01-01T00:00:00Z" LastModifiedBy="143525" LastModifiedDate="0001-01-01T00:00:00Z" ContentType="application\hidden" ParentFolderID="822FF817B17E405411AAA41B42D98613" DisplayName="System Files" />
    </Folder>
  </Folder>
  <CoAuthored>false</CoAuthored>
</WFEnabledApplication>