<?xml version="1.0"?>
<ArrayOfDataSourceAndAppFileAssociation xmlns:xsd="http://www.w3.org/2001/XMLSchema" xmlns:xsi="http://www.w3.org/2001/XMLSchema-instance">
  <DataSourceAndAppFileAssociation>
    <ID>A9D8F025D70F7D991199AFE3863E4E38</ID>
    <AppName>DND - Lottery Application Control Form</AppName>
    <FileName>All DND - Lottery Form Controlss</FileName>
    <IsDefault>true</IsDefault>
    <ContentType>user\views</ContentType>
    <DataSourceName>DNDLotteryFormControls</DataSourceName>
    <DefName>DND - Lottery Application Control Form_All DND - Lottery Form Controlss</DefName>
    <CreatedBy>40001842</CreatedBy>
    <CreatedDate>2024-12-11T21:05:51.177</CreatedDate>
    <LastModifiedBy>40001842</LastModifiedBy>
    <LastModifiedDate>2024-12-26T22:10:12.13</LastModifiedDate>
  </DataSourceAndAppFileAssociation>
  <DataSourceAndAppFileAssociation>
    <ID>A9D8F025D70F7D991199AFE38C4E1C36</ID>
    <AppName>DND - Lottery Application Control Form</AppName>
    <FileName>New DND - Lottery Form Controls</FileName>
    <IsDefault>false</IsDefault>
    <ContentType>user\newforms</ContentType>
    <DataSourceName>DNDLotteryFormControls</DataSourceName>
    <DefName>DND - Lottery Application Control Form_New DND - Lottery Form Controls</DefName>
    <CreatedBy>40001842</CreatedBy>
    <CreatedDate>2024-12-11T21:05:51.177</CreatedDate>
    <LastModifiedBy />
    <LastModifiedDate>0001-01-01T00:00:00Z</LastModifiedDate>
  </DataSourceAndAppFileAssociation>
  <DataSourceAndAppFileAssociation>
    <ID>A9D8F025D70F7D991199AFE38C4E1C2C</ID>
    <AppName>DND - Lottery Application Control Form</AppName>
    <FileName>Recently Created DND - Lottery Form Controlss</FileName>
    <IsDefault>false</IsDefault>
    <ContentType>user\views</ContentType>
    <DataSourceName>DNDLotteryFormControls</DataSourceName>
    <DefName>DND - Lottery Application Control Form_Recently Created DND - Lottery Form Controlss</DefName>
    <CreatedBy>40001842</CreatedBy>
    <CreatedDate>2024-12-11T21:05:51.177</CreatedDate>
    <LastModifiedBy />
    <LastModifiedDate>0001-01-01T00:00:00Z</LastModifiedDate>
  </DataSourceAndAppFileAssociation>
  <DataSourceAndAppFileAssociation>
    <ID>A9D8F025D70F7D991199AFE38C4E1C25</ID>
    <AppName>DND - Lottery Application Control Form</AppName>
    <FileName>Recently Modified DND - Lottery Form Controlss</FileName>
    <IsDefault>false</IsDefault>
    <ContentType>user\views</ContentType>
    <DataSourceName>DNDLotteryFormControls</DataSourceName>
    <DefName>DND - Lottery Application Control Form_Recently Modified DND - Lottery Form Controlss</DefName>
    <CreatedBy>40001842</CreatedBy>
    <CreatedDate>2024-12-11T21:05:51.177</CreatedDate>
    <LastModifiedBy />
    <LastModifiedDate>0001-01-01T00:00:00Z</LastModifiedDate>
  </DataSourceAndAppFileAssociation>
  <DataSourceAndAppFileAssociation>
    <ID>A9D8F025D70F7D991199AFE3863E4E31</ID>
    <AppName>DND - Lottery Application Control Form</AppName>
    <FileName>Update DND - Lottery Form Controls</FileName>
    <IsDefault>false</IsDefault>
    <ContentType>user\updateforms</ContentType>
    <DataSourceName>DNDLotteryFormControls</DataSourceName>
    <DefName>DND - Lottery Application Control Form_Update DND - Lottery Form Controls</DefName>
    <CreatedBy>40001842</CreatedBy>
    <CreatedDate>2024-12-11T21:05:51.177</CreatedDate>
    <LastModifiedBy />
    <LastModifiedDate>0001-01-01T00:00:00Z</LastModifiedDate>
  </DataSourceAndAppFileAssociation>
</ArrayOfDataSourceAndAppFileAssociation>