<?xml version="1.0"?>
<WFApplicationDynamicDependencies xmlns:xsd="http://www.w3.org/2001/XMLSchema" xmlns:xsi="http://www.w3.org/2001/XMLSchema-instance">
  <AppName>DoIT - Firewall Change Request</AppName>
  <Version>1.03</Version>
  <Groups>
    <Group>
      <GroupName>DoIT - IT Security Firewall Change Requests</GroupName>
      <UsedIn>
        <DependencyUsedIn>
          <FileName>DoIT Firewall Change Request</FileName>
          <FileDisplayName>DoIT Firewall Change Request</FileDisplayName>
          <Activities>
            <Activity>
              <InternalName>eForms_StandardTask.3</InternalName>
              <DisplayName>IT Security review</DisplayName>
            </Activity>
          </Activities>
          <FileType>Process Model</FileType>
          <NumberOfTimesUsed>1</NumberOfTimesUsed>
        </DependencyUsedIn>
        <DependencyUsedIn>
          <FileName>Notification - IT Security</FileName>
          <FileDisplayName>Notification - IT Security</FileDisplayName>
          <Activities />
          <FileType>Email Notification</FileType>
          <NumberOfTimesUsed>1</NumberOfTimesUsed>
        </DependencyUsedIn>
      </UsedIn>
      <IsExists>false</IsExists>
    </Group>
    <Group>
      <GroupName>DoIT - Network Firewall Change Requests</GroupName>
      <UsedIn>
        <DependencyUsedIn>
          <FileName>DoIT Firewall Change Request</FileName>
          <FileDisplayName>DoIT Firewall Change Request</FileDisplayName>
          <Activities>
            <Activity>
              <InternalName>eForms_StandardTask.1</InternalName>
              <DisplayName>Network review</DisplayName>
            </Activity>
          </Activities>
          <FileType>Process Model</FileType>
          <NumberOfTimesUsed>1</NumberOfTimesUsed>
        </DependencyUsedIn>
        <DependencyUsedIn>
          <FileName>Notification - Network Operations</FileName>
          <FileDisplayName>Notification - Network Operations</FileDisplayName>
          <Activities />
          <FileType>Email Notification</FileType>
          <NumberOfTimesUsed>1</NumberOfTimesUsed>
        </DependencyUsedIn>
      </UsedIn>
      <IsExists>false</IsExists>
    </Group>
  </Groups>
  <DataEntities>
    <DataEntity>
      <EntityName>DoITFirewallChangeRequests__u</EntityName>
      <EntityDisplayName>DoIT Firewall Change Requests</EntityDisplayName>
      <UsedIn>
        <DependencyUsedIn>
          <FileName>DoITFirewallRequests</FileName>
          <FileDisplayName>DoITFirewallRequests</FileDisplayName>
          <Activities />
          <FileType>Data Source</FileType>
          <NumberOfTimesUsed>1</NumberOfTimesUsed>
        </DependencyUsedIn>
      </UsedIn>
      <IsExists>false</IsExists>
    </DataEntity>
  </DataEntities>
</WFApplicationDynamicDependencies>