<?xml version="1.0"?>
<WFEnabledApplication xmlns:xsd="http://www.w3.org/2001/XMLSchema" xmlns:xsi="http://www.w3.org/2001/XMLSchema-instance" ID="823880ABFE2D2F8411CC301E42D94C6A" Name="DoIT - Firewall Change Request" Description="" Status="DRAFT" CreatedDate="2021-10-18T10:18:35.753" CreatedBy="162157" AppType="eForms" Visibility="PAAS" ContentType="application" DisplayName="DoIT - Firewall Change Request" AppLocale="customlocale" ParentApplicationId="">
  <Folder ID="823880ABFE2D2F8411CC301E42D94C6B" Name="Shared Resources" ProcGroupID="" AppID="823880ABFE2D2F8411CC301E42D94C6A" Description="" CreatedBy="162157" CreatedDate="0001-01-01T00:00:00Z" LastModifiedBy="162157" LastModifiedDate="0001-01-01T00:00:00Z" ContentType="Any" ParentFolderID="823880ABFE2D2F8411CC301E42D94C6A" DisplayName="Shared Resources">
    <Folder ID="823880ABFE2D2F8411CC301E42D94C6C" Name="Style Sheets" ProcGroupID="" AppID="823880ABFE2D2F8411CC301E42D94C6A" Description="" CreatedBy="162157" CreatedDate="0001-01-01T00:00:00Z" LastModifiedBy="162157" LastModifiedDate="0001-01-01T00:00:00Z" ContentType="application\CSS" ParentFolderID="823880ABFE2D2F8411CC301E42D94C6B" DisplayName="Style Sheets" />
    <Folder ID="823880ABFE2D2F8411CC301E42D94C6D" Name="JavaScript" ProcGroupID="" AppID="823880ABFE2D2F8411CC301E42D94C6A" Description="" CreatedBy="162157" CreatedDate="0001-01-01T00:00:00Z" LastModifiedBy="162157" LastModifiedDate="0001-01-01T00:00:00Z" ContentType="application\js" ParentFolderID="823880ABFE2D2F8411CC301E42D94C6B" DisplayName="JavaScript" />
    <Folder ID="823880ABFE2D2F8411CC301E42D94C6E" Name="Images" ProcGroupID="" AppID="823880ABFE2D2F8411CC301E42D94C6A" Description="" CreatedBy="162157" CreatedDate="0001-01-01T00:00:00Z" LastModifiedBy="162157" LastModifiedDate="0001-01-01T00:00:00Z" ContentType="application\image" ParentFolderID="823880ABFE2D2F8411CC301E42D94C6B" DisplayName="Images" />
    <Folder ID="823880ABFE2D2F8411CC301E42D94C6F" Name="Access Tokens" ProcGroupID="" AppID="823880ABFE2D2F8411CC301E42D94C6A" Description="" CreatedBy="162157" CreatedDate="0001-01-01T00:00:00Z" LastModifiedBy="162157" LastModifiedDate="0001-01-01T00:00:00Z" ContentType="application\apptoken" ParentFolderID="823880ABFE2D2F8411CC301E42D94C6B" DisplayName="Access Tokens" />
    <Folder ID="823880ABFE2D2F8411CC301E42D94C70" Name="Application Resources" ProcGroupID="" AppID="823880ABFE2D2F8411CC301E42D94C6A" Description="" CreatedBy="162157" CreatedDate="0001-01-01T00:00:00Z" LastModifiedBy="162157" LastModifiedDate="0001-01-01T00:00:00Z" ContentType="application\applicationresources" ParentFolderID="823880ABFE2D2F8411CC301E42D94C6B" DisplayName="Application Resources" />
    <Folder ID="8257D4CD9C2F4D1611DDF13AC1FAB111" Name="Comments" ProcGroupID="823880ABFE2D2F8411CC301E42D94C6B" AppID="823880ABFE2D2F8411CC301E42D94C6A" Description="" CreatedBy="162157" CreatedDate="2023-05-12T23:03:43.26" LastModifiedBy="162157" LastModifiedDate="2023-05-12T23:03:43.26" ContentType="application\comments" ParentFolderID="823880ABFE2D2F8411CC301E42D94C6B" DisplayName="Comments" />
    <Folder ID="BAF312DEFB27D0ED11006444AFB607BB" Name="ML Advisor" ProcGroupID="" AppID="823880ABFE2D2F8411CC301E42D94C6A" Description="" CreatedBy="162157" CreatedDate="2025-07-19T02:04:24.08" LastModifiedBy="162157" LastModifiedDate="2025-07-19T02:04:24.08" ContentType="application\mladvisor" ParentFolderID="823880ABFE2D2F8411CC301E42D94C6B" DisplayName="ML Advisor" />
  </Folder>
  <Folder ID="823880ABFE2D2F8411CC301E42D94C71" Name="Processes" ProcGroupID="" AppID="823880ABFE2D2F8411CC301E42D94C6A" Description="" CreatedBy="162157" CreatedDate="0001-01-01T00:00:00Z" LastModifiedBy="162157" LastModifiedDate="0001-01-01T00:00:00Z" ContentType="application\processgroup" ParentFolderID="823880ABFE2D2F8411CC301E42D94C6A" DisplayName="Processes">
    <Folder ID="823880ABFE2D2F8411CC301E42D94C72" Name="DoIT - Firewall Change Request" ProcGroupID="" AppID="823880ABFE2D2F8411CC301E42D94C6A" Description="" CreatedBy="162157" CreatedDate="0001-01-01T00:00:00Z" LastModifiedBy="162157" LastModifiedDate="0001-01-01T00:00:00Z" ContentType="user\processgroup" ParentFolderID="823880ABFE2D2F8411CC301E42D94C71" DisplayName="DoIT - Firewall Change Request">
      <Folder ID="823880ABFE2D2F8411CC301E42D94C73" Name="Process Model" ProcGroupID="823880ABFE2D2F8411CC301E42D94C72" AppID="823880ABFE2D2F8411CC301E42D94C6A" Description="" CreatedBy="162157" CreatedDate="0001-01-01T00:00:00Z" LastModifiedBy="162157" LastModifiedDate="0001-01-01T00:00:00Z" ContentType="application\processmodel" ParentFolderID="823880ABFE2D2F8411CC301E42D94C72" DisplayName="Process Model">
        <File ID="BAF80AFFF82C906711009DFD74BC8E01" Name="DoIT Firewall Change Request" BaseFileID="823880ABFE2D2F8411CC301E42D94C74" PrevVerFileID="8259FC24F21F5E3E11EE11FB0688F3B0" AppID="823880ABFE2D2F8411CC301E42D94C6A" ParentFolderID="823880ABFE2D2F8411CC301E42D94C73" ProcGroupID="823880ABFE2D2F8411CC301E42D94C72" Description="" Version="1.02" Status="DRAFT" ContentType="user\processmodel" CheckedOutBy="" CheckedOutDate="0001-01-01T00:00:00Z" CreatedDate="2025-09-30T13:00:38.68" CreatedBy="40001842" LastModifiedDate="2025-09-30T13:03:00.887" LastModifiedBy="152213" ThemeID="" ExtraInfo="" DisplayName="DoIT Firewall Change Request" />
      </Folder>
      <Folder ID="823880ABFE2D2F8411CC301E42D94C75" Name="Notification" ProcGroupID="823880ABFE2D2F8411CC301E42D94C72" AppID="823880ABFE2D2F8411CC301E42D94C6A" Description="" CreatedBy="162157" CreatedDate="0001-01-01T00:00:00Z" LastModifiedBy="162157" LastModifiedDate="0001-01-01T00:00:00Z" ContentType="application\notification" ParentFolderID="823880ABFE2D2F8411CC301E42D94C72" DisplayName="Notification">
        <Folder ID="823880ABFE2D2F8411CC301E42D94C76" Name="E-mails" ProcGroupID="823880ABFE2D2F8411CC301E42D94C72" AppID="823880ABFE2D2F8411CC301E42D94C6A" Description="" CreatedBy="162157" CreatedDate="0001-01-01T00:00:00Z" LastModifiedBy="162157" LastModifiedDate="0001-01-01T00:00:00Z" ContentType="application\email" ParentFolderID="823880ABFE2D2F8411CC301E42D94C75" DisplayName="E-mails">
          <File ID="8269E956DB4090AF11EEC5124D9D8C38" Name="Status update to Requester" BaseFileID="823880ABFE2D2F8411CC301E42D94C79" PrevVerFileID="8259FC24F21F5E3E11EE11FB0688F3B2" AppID="823880ABFE2D2F8411CC301E42D94C6A" ParentFolderID="823880ABFE2D2F8411CC301E42D94C76" ProcGroupID="823880ABFE2D2F8411CC301E42D94C72" Description="" Version="1.02" Status="DRAFT" ContentType="user\email" CheckedOutBy="" CheckedOutDate="0001-01-01T00:00:00Z" CreatedDate="2024-02-06T12:08:18.36" CreatedBy="40001842" LastModifiedDate="2024-10-24T23:34:20.897" LastModifiedBy="40001842" ThemeID="" ExtraInfo="" DisplayName="Status update to Requester" />
          <File ID="8268C9F43339ADB911EEC5137C5BFE00" Name="Notification - IT Security" BaseFileID="823880ABFE2D2F8411CC301E42D94C7A" PrevVerFileID="8259FC24F21F5E3E11EE11FB0688F3B9" AppID="823880ABFE2D2F8411CC301E42D94C6A" ParentFolderID="823880ABFE2D2F8411CC301E42D94C76" ProcGroupID="823880ABFE2D2F8411CC301E42D94C72" Description="" Version="1.02" Status="DRAFT" ContentType="user\email" CheckedOutBy="" CheckedOutDate="0001-01-01T00:00:00Z" CreatedDate="2024-02-06T12:16:44.797" CreatedBy="40001842" LastModifiedDate="2024-10-24T23:34:20.85" LastModifiedBy="40001842" ThemeID="" ExtraInfo="" DisplayName="Notification - IT Security" />
          <File ID="8259FC24F21F5E3E11EE11FB60E161F7" Name="Final Approved Email" BaseFileID="823880ABFE2D2F8411CC301E42D94C7C" PrevVerFileID="8237FEF1B4C8339611CC35B98837E998" AppID="823880ABFE2D2F8411CC301E42D94C6A" ParentFolderID="823880ABFE2D2F8411CC301E42D94C76" ProcGroupID="823880ABFE2D2F8411CC301E42D94C72" Description="" Version="1.02" Status="RELEASED" ContentType="user\email" CheckedOutBy="" CheckedOutDate="0001-01-01T00:00:00Z" CreatedDate="2023-06-23T15:23:10.15" CreatedBy="40001842" LastModifiedDate="2023-06-23T15:23:26.633" LastModifiedBy="40001842" ThemeID="" ExtraInfo="" DisplayName="Final Approved Email" />
          <File ID="8259FC24F21F5E3E11EE11FB0688F3BB" Name="Confirmation" BaseFileID="823880ABFE2D2F8411CC301E42D94C7E" PrevVerFileID="8237FEF1B4C8339611CC35B98837E99F" AppID="823880ABFE2D2F8411CC301E42D94C6A" ParentFolderID="823880ABFE2D2F8411CC301E42D94C76" ProcGroupID="823880ABFE2D2F8411CC301E42D94C72" Description="" Version="1.01" Status="RELEASED" ContentType="user\email" CheckedOutBy="" CheckedOutDate="0001-01-01T00:00:00Z" CreatedDate="2023-06-23T15:20:35.51" CreatedBy="40001842" LastModifiedDate="2023-06-23T15:20:35.51" LastModifiedBy="40001842" ThemeID="" ExtraInfo="" DisplayName="Confirmation" />
          <File ID="8259FC24F21F5E3E11EE11FB0688F3BA" Name="Notification" BaseFileID="823880ABFE2D2F8411CC301E42D94C7D" PrevVerFileID="8237FEF1B4C8339611CC35B98837E99E" AppID="823880ABFE2D2F8411CC301E42D94C6A" ParentFolderID="823880ABFE2D2F8411CC301E42D94C76" ProcGroupID="823880ABFE2D2F8411CC301E42D94C72" Description="" Version="1.01" Status="RELEASED" ContentType="user\email" CheckedOutBy="" CheckedOutDate="0001-01-01T00:00:00Z" CreatedDate="2023-06-23T15:20:35.497" CreatedBy="40001842" LastModifiedDate="2023-06-23T15:20:35.497" LastModifiedBy="40001842" ThemeID="" ExtraInfo="" DisplayName="Notification" />
          <File ID="8259FC24F21F5E3E11EE11FB0688F3B7" Name="Reminder" BaseFileID="823880ABFE2D2F8411CC301E42D94C7F" PrevVerFileID="8237FEF1B4C8339611CC35B98837E9A0" AppID="823880ABFE2D2F8411CC301E42D94C6A" ParentFolderID="823880ABFE2D2F8411CC301E42D94C76" ProcGroupID="823880ABFE2D2F8411CC301E42D94C72" Description="" Version="1.01" Status="RELEASED" ContentType="user\email" CheckedOutBy="" CheckedOutDate="0001-01-01T00:00:00Z" CreatedDate="2023-06-23T15:20:35.48" CreatedBy="40001842" LastModifiedDate="2023-06-23T15:20:35.48" LastModifiedBy="40001842" ThemeID="" ExtraInfo="" DisplayName="Reminder" />
          <File ID="8259FC24F21F5E3E11EE11FB0688F3B8" Name="Notification - Network Operations" BaseFileID="823880ABFE2D2F8411CC301E42D94C77" PrevVerFileID="8237FEF1B4C8339611CC35B98837E999" AppID="823880ABFE2D2F8411CC301E42D94C6A" ParentFolderID="823880ABFE2D2F8411CC301E42D94C76" ProcGroupID="823880ABFE2D2F8411CC301E42D94C72" Description="" Version="1.01" Status="RELEASED" ContentType="user\email" CheckedOutBy="" CheckedOutDate="0001-01-01T00:00:00Z" CreatedDate="2023-06-23T15:20:35.48" CreatedBy="40001842" LastModifiedDate="2023-06-23T15:20:35.48" LastModifiedBy="40001842" ThemeID="" ExtraInfo="" DisplayName="Notification - Network Operations" />
          <File ID="8259FC24F21F5E3E11EE11FB0688F3B4" Name="Denied - IT Security" BaseFileID="823880ABFE2D2F8411CC301E42D94C7B" PrevVerFileID="8237FEF1B4C8339611CC35B98837E99D" AppID="823880ABFE2D2F8411CC301E42D94C6A" ParentFolderID="823880ABFE2D2F8411CC301E42D94C76" ProcGroupID="823880ABFE2D2F8411CC301E42D94C72" Description="" Version="1.01" Status="RELEASED" ContentType="user\email" CheckedOutBy="" CheckedOutDate="0001-01-01T00:00:00Z" CreatedDate="2023-06-23T15:20:35.463" CreatedBy="40001842" LastModifiedDate="2023-06-23T15:20:35.463" LastModifiedBy="40001842" ThemeID="" ExtraInfo="" DisplayName="Denied - IT Security" />
          <File ID="8259FC24F21F5E3E11EE11FB0688F3B5" Name="BONET approved email" BaseFileID="8237FEF1B4C8339611CC35B98837E997" PrevVerFileID="8237FEF1B4C8339611CC35B98837E997" AppID="823880ABFE2D2F8411CC301E42D94C6A" ParentFolderID="823880ABFE2D2F8411CC301E42D94C76" ProcGroupID="823880ABFE2D2F8411CC301E42D94C72" Description="" Version="1.0" Status="RELEASED" ContentType="user\email" CheckedOutBy="" CheckedOutDate="0001-01-01T00:00:00Z" CreatedDate="2023-06-23T15:20:35.463" CreatedBy="40001842" LastModifiedDate="2023-06-23T15:20:35.463" LastModifiedBy="40001842" ThemeID="" ExtraInfo="" DisplayName="BONET approved email" />
          <File ID="8259FC24F21F5E3E11EE11FB0688F3B6" Name="Denied - Network Operations" BaseFileID="823880ABFE2D2F8411CC301E42D94C78" PrevVerFileID="8237FEF1B4C8339611CC35B98837E99A" AppID="823880ABFE2D2F8411CC301E42D94C6A" ParentFolderID="823880ABFE2D2F8411CC301E42D94C76" ProcGroupID="823880ABFE2D2F8411CC301E42D94C72" Description="" Version="1.01" Status="RELEASED" ContentType="user\email" CheckedOutBy="" CheckedOutDate="0001-01-01T00:00:00Z" CreatedDate="2023-06-23T15:20:35.463" CreatedBy="40001842" LastModifiedDate="2023-06-23T15:20:35.463" LastModifiedBy="40001842" ThemeID="" ExtraInfo="" DisplayName="Denied - Network Operations" />
          <File ID="8259FC24F21F5E3E11EE11FB0688F3B3" Name="Wireless approved email" BaseFileID="8237FEF1B4C8339611CC35B98837E996" PrevVerFileID="8237FEF1B4C8339611CC35B98837E996" AppID="823880ABFE2D2F8411CC301E42D94C6A" ParentFolderID="823880ABFE2D2F8411CC301E42D94C76" ProcGroupID="823880ABFE2D2F8411CC301E42D94C72" Description="" Version="1.0" Status="RELEASED" ContentType="user\email" CheckedOutBy="" CheckedOutDate="0001-01-01T00:00:00Z" CreatedDate="2023-06-23T15:20:35.45" CreatedBy="40001842" LastModifiedDate="2023-06-23T15:20:35.45" LastModifiedBy="40001842" ThemeID="" ExtraInfo="" DisplayName="Wireless approved email" />
          <File ID="8259FC24F21F5E3E11EE11FB0688F3B1" Name="Thank You" BaseFileID="823880ABFE2D2F8411CC301E42D94C80" PrevVerFileID="8237FEF1B4C8339611CC35B98837E9A1" AppID="823880ABFE2D2F8411CC301E42D94C6A" ParentFolderID="823880ABFE2D2F8411CC301E42D94C76" ProcGroupID="823880ABFE2D2F8411CC301E42D94C72" Description="" Version="1.01" Status="RELEASED" ContentType="user\email" CheckedOutBy="" CheckedOutDate="0001-01-01T00:00:00Z" CreatedDate="2023-06-23T15:20:35.433" CreatedBy="40001842" LastModifiedDate="2023-06-23T15:20:35.433" LastModifiedBy="40001842" ThemeID="" ExtraInfo="" DisplayName="Thank You" />
        </Folder>
        <Folder ID="823880ABFE2D2F8411CC301E42D94C81" Name="Yammer" ProcGroupID="823880ABFE2D2F8411CC301E42D94C72" AppID="823880ABFE2D2F8411CC301E42D94C6A" Description="" CreatedBy="162157" CreatedDate="0001-01-01T00:00:00Z" LastModifiedBy="162157" LastModifiedDate="0001-01-01T00:00:00Z" ContentType="application\yammer" ParentFolderID="823880ABFE2D2F8411CC301E42D94C75" DisplayName="Viva Engage" />
        <Folder ID="823880ABFE2D2F8411CC301E42D94C82" Name="Chatter" ProcGroupID="823880ABFE2D2F8411CC301E42D94C72" AppID="823880ABFE2D2F8411CC301E42D94C6A" Description="" CreatedBy="162157" CreatedDate="0001-01-01T00:00:00Z" LastModifiedBy="162157" LastModifiedDate="0001-01-01T00:00:00Z" ContentType="application\chatter" ParentFolderID="823880ABFE2D2F8411CC301E42D94C75" DisplayName="Chatter" />
        <Folder ID="823880ABFE2D2F8411CC301E42D94C83" Name="MicrosoftTeams" ProcGroupID="823880ABFE2D2F8411CC301E42D94C72" AppID="823880ABFE2D2F8411CC301E42D94C6A" Description="" CreatedBy="162157" CreatedDate="0001-01-01T00:00:00Z" LastModifiedBy="162157" LastModifiedDate="2023-05-12T23:03:43.773" ContentType="application\microsoftteams" ParentFolderID="823880ABFE2D2F8411CC301E42D94C75" DisplayName="Microsoft Teams" />
        <Folder ID="823880ABFE2D2F8411CC301E42D94C84" Name="SMS" ProcGroupID="823880ABFE2D2F8411CC301E42D94C72" AppID="823880ABFE2D2F8411CC301E42D94C6A" Description="" CreatedBy="162157" CreatedDate="0001-01-01T00:00:00Z" LastModifiedBy="162157" LastModifiedDate="0001-01-01T00:00:00Z" ContentType="application\sms" ParentFolderID="823880ABFE2D2F8411CC301E42D94C75" DisplayName="SMS" />
        <Folder ID="823880ABFE2D2F8411CC301E42D94C9B" Name="Attachment Repository" ProcGroupID="823880ABFE2D2F8411CC301E42D94C72" AppID="823880ABFE2D2F8411CC301E42D94C6A" Description="" CreatedBy="162157" CreatedDate="2021-10-18T10:18:36.207" LastModifiedBy="162157" LastModifiedDate="2021-10-18T10:18:36.207" ContentType="application\attachmentrepository" ParentFolderID="823880ABFE2D2F8411CC301E42D94C75" DisplayName="Attachment Repository" />
      </Folder>
      <Folder ID="823880ABFE2D2F8411CC301E42D94C85" Name="Data Model" ProcGroupID="823880ABFE2D2F8411CC301E42D94C72" AppID="823880ABFE2D2F8411CC301E42D94C6A" Description="" CreatedBy="162157" CreatedDate="0001-01-01T00:00:00Z" LastModifiedBy="162157" LastModifiedDate="0001-01-01T00:00:00Z" ContentType="application\datamodel" ParentFolderID="823880ABFE2D2F8411CC301E42D94C72" DisplayName="Data Model">
        <File ID="BAF80AFFF82C906711009DFD74BC8E00" Name="Schema.xsd" BaseFileID="823880ABFE2D2F8411CC301E42D94C86" PrevVerFileID="8259FC24F21F5E3E11EE11FB1F0D78A2" AppID="823880ABFE2D2F8411CC301E42D94C6A" ParentFolderID="823880ABFE2D2F8411CC301E42D94C85" ProcGroupID="823880ABFE2D2F8411CC301E42D94C72" Description="" Version="1.04" Status="DRAFT" ContentType="user\datamodel" CheckedOutBy="" CheckedOutDate="0001-01-01T00:00:00Z" CreatedDate="2025-09-30T13:00:38.553" CreatedBy="40001842" LastModifiedDate="2025-09-30T13:02:47.54" LastModifiedBy="152213" ThemeID="" ExtraInfo="[{&quot;Name&quot; : &quot;NamespaceUpdated&quot; , &quot;Value&quot; : &quot;True&quot;}]" DisplayName="Schema.xsd" />
        <File ID="8259FC24F21F5E3E11EE11FB1F0D78A4" Name="DoITFirewallRequests" BaseFileID="823880ABFE2D2F8411CC301E42D94C87" PrevVerFileID="8237FEF1B4C8339611CC35B98837E9A3" AppID="823880ABFE2D2F8411CC301E42D94C6A" ParentFolderID="823880ABFE2D2F8411CC301E42D94C85" ProcGroupID="823880ABFE2D2F8411CC301E42D94C72" Description="Datasource DoITFirewallRequests Schema" Version="1.02" Status="RELEASED" ContentType="user\apdataentitydatamodel" CheckedOutBy="" CheckedOutDate="0001-01-01T00:00:00Z" CreatedDate="2023-06-23T15:21:22.367" CreatedBy="40001842" LastModifiedDate="2023-06-23T15:21:22.383" LastModifiedBy="40001842" ThemeID="" ExtraInfo="" DisplayName="DoITFirewallRequests" />
      </Folder>
      <Folder ID="823880ABFE2D2F8411CC301E42D94C88" Name="Data Source" ProcGroupID="823880ABFE2D2F8411CC301E42D94C72" AppID="823880ABFE2D2F8411CC301E42D94C6A" Description="" CreatedBy="162157" CreatedDate="0001-01-01T00:00:00Z" LastModifiedBy="162157" LastModifiedDate="0001-01-01T00:00:00Z" ContentType="application\datasources" ParentFolderID="823880ABFE2D2F8411CC301E42D94C72" DisplayName="Data Source">
        <File ID="8259FC24F21F5E3E11EE11FB191176DD" Name="DoITFirewallRequests" BaseFileID="823880ABFE2D2F8411CC301E42D94C89" PrevVerFileID="8237FEF1B4C8339611CC35B98837E9A4" AppID="823880ABFE2D2F8411CC301E42D94C6A" ParentFolderID="823880ABFE2D2F8411CC301E42D94C88" ProcGroupID="823880ABFE2D2F8411CC301E42D94C72" Description="" Version="1.02" Status="RELEASED" ContentType="user\APDataEntityDataSource" CheckedOutBy="" CheckedOutDate="0001-01-01T00:00:00Z" CreatedDate="2023-06-23T15:21:13.937" CreatedBy="40001842" LastModifiedDate="2023-06-23T15:23:26.713" LastModifiedBy="40001842" ThemeID="" ExtraInfo="" DisplayName="DoITFirewallRequests" />
      </Folder>
      <Folder ID="823880ABFE2D2F8411CC301E42D94C8A" Name="Library" ProcGroupID="823880ABFE2D2F8411CC301E42D94C72" AppID="823880ABFE2D2F8411CC301E42D94C6A" Description="" CreatedBy="162157" CreatedDate="0001-01-01T00:00:00Z" LastModifiedBy="162157" LastModifiedDate="0001-01-01T00:00:00Z" ContentType="application\taskformlibrary" ParentFolderID="823880ABFE2D2F8411CC301E42D94C72" DisplayName="Library">
        <File ID="BAF80AFFF82C906711009DFD7AC0F344" Name="Form Library" BaseFileID="823880ABFE2D2F8411CC301E42D94C8B" PrevVerFileID="8259FC24F21F5E3E11EE11FB0688F3C0" AppID="823880ABFE2D2F8411CC301E42D94C6A" ParentFolderID="823880ABFE2D2F8411CC301E42D94C8A" ProcGroupID="823880ABFE2D2F8411CC301E42D94C72" Description="" Version="1.03" Status="DRAFT" ContentType="user\taskformlibrary" CheckedOutBy="" CheckedOutDate="0001-01-01T00:00:00Z" CreatedDate="2025-09-30T13:00:51.79" CreatedBy="40001842" LastModifiedDate="2025-09-30T13:02:47.48" LastModifiedBy="152213" ThemeID="" ExtraInfo="" DisplayName="Form Library" />
      </Folder>
      <Folder ID="823880ABFE2D2F8411CC301E42D94C8C" Name="Forms" ProcGroupID="823880ABFE2D2F8411CC301E42D94C72" AppID="823880ABFE2D2F8411CC301E42D94C6A" Description="" CreatedBy="162157" CreatedDate="0001-01-01T00:00:00Z" LastModifiedBy="162157" LastModifiedDate="0001-01-01T00:00:00Z" ContentType="application\formsgroup" ParentFolderID="823880ABFE2D2F8411CC301E42D94C72" DisplayName="Forms">
        <Folder ID="823880ABFE2D2F8411CC301E42D94C8D" Name="Task Forms" ProcGroupID="823880ABFE2D2F8411CC301E42D94C72" AppID="823880ABFE2D2F8411CC301E42D94C6A" Description="" CreatedBy="162157" CreatedDate="0001-01-01T00:00:00Z" LastModifiedBy="162157" LastModifiedDate="0001-01-01T00:00:00Z" ContentType="application\taskforms" ParentFolderID="823880ABFE2D2F8411CC301E42D94C8C" DisplayName="Task Forms">
          <File ID="BAF80AFFF82C906711009DFD7AC0F343" Name="Firewall Request" BaseFileID="823880ABFE2D2F8411CC301E42D94C8E" PrevVerFileID="8259FC24F21F5E3E11EE11FB0688F3C1" AppID="823880ABFE2D2F8411CC301E42D94C6A" ParentFolderID="823880ABFE2D2F8411CC301E42D94C8D" ProcGroupID="823880ABFE2D2F8411CC301E42D94C72" Description="" Version="1.02" Status="DRAFT" ContentType="user\taskforms" CheckedOutBy="" CheckedOutDate="0001-01-01T00:00:00Z" CreatedDate="2025-09-30T13:00:51.697" CreatedBy="40001842" LastModifiedDate="2025-09-30T13:02:47.167" LastModifiedBy="152213" ThemeID="" ExtraInfo="" DisplayName="Firewall Request" />
          <File ID="8259FC24F21F5E3E11EE11FB0688F3C3" Name="Network review" BaseFileID="823880ABFE2D2F8411CC301E42D94C90" PrevVerFileID="8237FEF1B4C8339611CC35B98837E9A7" AppID="823880ABFE2D2F8411CC301E42D94C6A" ParentFolderID="823880ABFE2D2F8411CC301E42D94C8D" ProcGroupID="823880ABFE2D2F8411CC301E42D94C72" Description="" Version="1.02" Status="RELEASED" ContentType="user\taskforms" CheckedOutBy="" CheckedOutDate="0001-01-01T00:00:00Z" CreatedDate="2023-06-23T15:20:35.637" CreatedBy="40001842" LastModifiedDate="2023-06-23T15:20:35.637" LastModifiedBy="40001842" ThemeID="" ExtraInfo="" DisplayName="Network review" />
          <File ID="8259FC24F21F5E3E11EE11FB0688F3C2" Name="IT Security review" BaseFileID="823880ABFE2D2F8411CC301E42D94C8F" PrevVerFileID="8237FEF1B4C8339611CC35B98837E9A6" AppID="823880ABFE2D2F8411CC301E42D94C6A" ParentFolderID="823880ABFE2D2F8411CC301E42D94C8D" ProcGroupID="823880ABFE2D2F8411CC301E42D94C72" Description="" Version="1.02" Status="RELEASED" ContentType="user\taskforms" CheckedOutBy="" CheckedOutDate="0001-01-01T00:00:00Z" CreatedDate="2023-06-23T15:20:35.62" CreatedBy="40001842" LastModifiedDate="2023-06-23T15:20:35.62" LastModifiedBy="40001842" ThemeID="" ExtraInfo="" DisplayName="IT Security review" />
        </Folder>
      </Folder>
      <Folder ID="823880ABFE2D2F8411CC301E42D94C91" Name="Lookups" ProcGroupID="823880ABFE2D2F8411CC301E42D94C72" AppID="823880ABFE2D2F8411CC301E42D94C6A" Description="" CreatedBy="162157" CreatedDate="0001-01-01T00:00:00Z" LastModifiedBy="162157" LastModifiedDate="0001-01-01T00:00:00Z" ContentType="application\lookup" ParentFolderID="823880ABFE2D2F8411CC301E42D94C72" DisplayName="Lookups" />
      <Folder ID="823880ABFE2D2F8411CC301E42D94C92" Name="Translation" ProcGroupID="823880ABFE2D2F8411CC301E42D94C72" AppID="823880ABFE2D2F8411CC301E42D94C6A" Description="" CreatedBy="162157" CreatedDate="0001-01-01T00:00:00Z" LastModifiedBy="162157" LastModifiedDate="0001-01-01T00:00:00Z" ContentType="application\translation" ParentFolderID="823880ABFE2D2F8411CC301E42D94C72" DisplayName="Translation" />
      <Folder ID="823880ABFE2D2F8411CC301E42D94C93" Name="Document Repository" ProcGroupID="823880ABFE2D2F8411CC301E42D94C72" AppID="823880ABFE2D2F8411CC301E42D94C6A" Description="" CreatedBy="162157" CreatedDate="0001-01-01T00:00:00Z" LastModifiedBy="162157" LastModifiedDate="0001-01-01T00:00:00Z" ContentType="application\documentrepository" ParentFolderID="823880ABFE2D2F8411CC301E42D94C72" DisplayName="Document Repository" />
      <Folder ID="823880ABFE2D2F8411CC301E42D94C94" Name="System Files" ProcGroupID="823880ABFE2D2F8411CC301E42D94C72" AppID="823880ABFE2D2F8411CC301E42D94C6A" Description="" CreatedBy="162157" CreatedDate="0001-01-01T00:00:00Z" LastModifiedBy="162157" LastModifiedDate="0001-01-01T00:00:00Z" ContentType="application\hidden" ParentFolderID="823880ABFE2D2F8411CC301E42D94C72" DisplayName="System Files" />
    </Folder>
  </Folder>
  <CoAuthored>false</CoAuthored>
  <IsAIGenerated>false</IsAIGenerated>
</WFEnabledApplication>