<?xml version="1.0"?>
<WFEnabledApplication xmlns:xsd="http://www.w3.org/2001/XMLSchema" xmlns:xsi="http://www.w3.org/2001/XMLSchema-instance" ID="8262BE8FC5A3AB5511EE0A0B5FD95B0C" Name="DND - Lottery Application" Description="" Status="DRAFT" CreatedDate="2023-06-13T12:57:36.527" CreatedBy="40003040" AppType="eForms" Visibility="PAAS" ContentType="application" DisplayName="DND - Lottery Application" AppLocale="customlocale" ParentApplicationId="">
  <Folder ID="8262BE8FC5A3AB5511EE0A0B5FD95B0D" Name="Shared Resources" ProcGroupID="" AppID="8262BE8FC5A3AB5511EE0A0B5FD95B0C" Description="" CreatedBy="40003040" CreatedDate="0001-01-01T00:00:00Z" LastModifiedBy="40003040" LastModifiedDate="0001-01-01T00:00:00Z" ContentType="Any" ParentFolderID="8262BE8FC5A3AB5511EE0A0B5FD95B0C" DisplayName="Shared Resources">
    <Folder ID="8262BE8FC5A3AB5511EE0A0B5FD95B0E" Name="Style Sheets" ProcGroupID="" AppID="8262BE8FC5A3AB5511EE0A0B5FD95B0C" Description="" CreatedBy="40003040" CreatedDate="0001-01-01T00:00:00Z" LastModifiedBy="40003040" LastModifiedDate="0001-01-01T00:00:00Z" ContentType="application\CSS" ParentFolderID="8262BE8FC5A3AB5511EE0A0B5FD95B0D" DisplayName="Style Sheets" />
    <Folder ID="8262BE8FC5A3AB5511EE0A0B5FD95B0F" Name="JavaScript" ProcGroupID="" AppID="8262BE8FC5A3AB5511EE0A0B5FD95B0C" Description="" CreatedBy="40003040" CreatedDate="0001-01-01T00:00:00Z" LastModifiedBy="40003040" LastModifiedDate="0001-01-01T00:00:00Z" ContentType="application\js" ParentFolderID="8262BE8FC5A3AB5511EE0A0B5FD95B0D" DisplayName="JavaScript" />
    <Folder ID="8262BE8FC5A3AB5511EE0A0B5FD95B10" Name="Images" ProcGroupID="" AppID="8262BE8FC5A3AB5511EE0A0B5FD95B0C" Description="" CreatedBy="40003040" CreatedDate="0001-01-01T00:00:00Z" LastModifiedBy="40003040" LastModifiedDate="0001-01-01T00:00:00Z" ContentType="application\image" ParentFolderID="8262BE8FC5A3AB5511EE0A0B5FD95B0D" DisplayName="Images">
      <File ID="BAE612E420D57DA911FFB707DB709D6C" Name="COB_B_Blue-01.png" BaseFileID="8262BE8FC5A3AB5511EE0A0B5FD95B11" PrevVerFileID="BAE70AFFE869EF2311FFB7068FE46315" AppID="8262BE8FC5A3AB5511EE0A0B5FD95B0C" ParentFolderID="8262BE8FC5A3AB5511EE0A0B5FD95B10" ProcGroupID="" Description="" Version="1.09" Status="RELEASED" ContentType="user\image" CheckedOutBy="" CheckedOutDate="0001-01-01T00:00:00Z" CreatedDate="2024-12-10T15:03:09.027" CreatedBy="40001842" LastModifiedDate="2024-12-10T15:03:09.027" LastModifiedBy="40001842" ThemeID="" ExtraInfo="" DisplayName="COB_B_Blue-01.png" />
    </Folder>
    <Folder ID="8262BE8FC5A3AB5511EE0A0B5FD95B12" Name="Access Tokens" ProcGroupID="" AppID="8262BE8FC5A3AB5511EE0A0B5FD95B0C" Description="" CreatedBy="40003040" CreatedDate="0001-01-01T00:00:00Z" LastModifiedBy="40003040" LastModifiedDate="0001-01-01T00:00:00Z" ContentType="application\apptoken" ParentFolderID="8262BE8FC5A3AB5511EE0A0B5FD95B0D" DisplayName="Access Tokens" />
    <Folder ID="8262BE8FC5A3AB5511EE0A0B5FD95B13" Name="Application Resources" ProcGroupID="" AppID="8262BE8FC5A3AB5511EE0A0B5FD95B0C" Description="" CreatedBy="40003040" CreatedDate="0001-01-01T00:00:00Z" LastModifiedBy="40003040" LastModifiedDate="0001-01-01T00:00:00Z" ContentType="application\applicationresources" ParentFolderID="8262BE8FC5A3AB5511EE0A0B5FD95B0D" DisplayName="Application Resources" />
    <Folder ID="8262BE8FC5A3AB5511EE0A0B5FD95B14" Name="Comments" ProcGroupID="8262BE8FC5A3AB5511EE0A0B5FD95B0D" AppID="8262BE8FC5A3AB5511EE0A0B5FD95B0C" Description="" CreatedBy="40003040" CreatedDate="0001-01-01T00:00:00Z" LastModifiedBy="40003040" LastModifiedDate="0001-01-01T00:00:00Z" ContentType="application\comments" ParentFolderID="8262BE8FC5A3AB5511EE0A0B5FD95B0D" DisplayName="Comments" />
  </Folder>
  <Folder ID="8262BE8FC5A3AB5511EE0A0B5FD95B15" Name="Processes" ProcGroupID="" AppID="8262BE8FC5A3AB5511EE0A0B5FD95B0C" Description="" CreatedBy="40003040" CreatedDate="0001-01-01T00:00:00Z" LastModifiedBy="40003040" LastModifiedDate="0001-01-01T00:00:00Z" ContentType="application\processgroup" ParentFolderID="8262BE8FC5A3AB5511EE0A0B5FD95B0C" DisplayName="Processes">
    <Folder ID="8262BE8FC5A3AB5511EE0A0B5FD95B16" Name="DND - Lottery Application" ProcGroupID="" AppID="8262BE8FC5A3AB5511EE0A0B5FD95B0C" Description="" CreatedBy="40003040" CreatedDate="0001-01-01T00:00:00Z" LastModifiedBy="40003040" LastModifiedDate="0001-01-01T00:00:00Z" ContentType="user\processgroup" ParentFolderID="8262BE8FC5A3AB5511EE0A0B5FD95B15" DisplayName="DND - Lottery Application">
      <Folder ID="8262BE8FC5A3AB5511EE0A0B5FD95B17" Name="Process Model" ProcGroupID="8262BE8FC5A3AB5511EE0A0B5FD95B16" AppID="8262BE8FC5A3AB5511EE0A0B5FD95B0C" Description="" CreatedBy="40003040" CreatedDate="0001-01-01T00:00:00Z" LastModifiedBy="40003040" LastModifiedDate="0001-01-01T00:00:00Z" ContentType="application\processmodel" ParentFolderID="8262BE8FC5A3AB5511EE0A0B5FD95B16" DisplayName="Process Model">
        <File ID="BAE70AFFE869EF2311FFB7ECCEEABB7E" Name="DND Lotterty Application" BaseFileID="8262BE8FC5A3AB5511EE0A0B5FD95B18" PrevVerFileID="BAE70AFFE869EF2311FFB72C8DB1CD47" AppID="8262BE8FC5A3AB5511EE0A0B5FD95B0C" ParentFolderID="8262BE8FC5A3AB5511EE0A0B5FD95B17" ProcGroupID="8262BE8FC5A3AB5511EE0A0B5FD95B16" Description="" Version="1.12" Status="RELEASED" ContentType="user\processmodel" CheckedOutBy="" CheckedOutDate="0001-01-01T00:00:00Z" CreatedDate="2024-12-11T18:22:00.517" CreatedBy="40001842" LastModifiedDate="2024-12-11T18:49:18.397" LastModifiedBy="40001842" ThemeID="" ExtraInfo="" DisplayName="DND Lottery Application" />
      </Folder>
      <Folder ID="8262BE8FC5A3AB5511EE0A0B5FD95B19" Name="Notification" ProcGroupID="8262BE8FC5A3AB5511EE0A0B5FD95B16" AppID="8262BE8FC5A3AB5511EE0A0B5FD95B0C" Description="" CreatedBy="40003040" CreatedDate="0001-01-01T00:00:00Z" LastModifiedBy="40003040" LastModifiedDate="0001-01-01T00:00:00Z" ContentType="application\notification" ParentFolderID="8262BE8FC5A3AB5511EE0A0B5FD95B16" DisplayName="Notification">
        <Folder ID="8262BE8FC5A3AB5511EE0A0B5FD95B1A" Name="Attachment Repository" ProcGroupID="8262BE8FC5A3AB5511EE0A0B5FD95B16" AppID="8262BE8FC5A3AB5511EE0A0B5FD95B0C" Description="" CreatedBy="40003040" CreatedDate="0001-01-01T00:00:00Z" LastModifiedBy="40003040" LastModifiedDate="0001-01-01T00:00:00Z" ContentType="application\attachmentrepository" ParentFolderID="8262BE8FC5A3AB5511EE0A0B5FD95B19" DisplayName="Attachment Repository" />
        <Folder ID="8262BE8FC5A3AB5511EE0A0B5FD95B1B" Name="E-mails" ProcGroupID="8262BE8FC5A3AB5511EE0A0B5FD95B16" AppID="8262BE8FC5A3AB5511EE0A0B5FD95B0C" Description="" CreatedBy="40003040" CreatedDate="0001-01-01T00:00:00Z" LastModifiedBy="40003040" LastModifiedDate="0001-01-01T00:00:00Z" ContentType="application\email" ParentFolderID="8262BE8FC5A3AB5511EE0A0B5FD95B19" DisplayName="E-mails">
          <File ID="BAE612E420D57DA911FFB707DB709D71" Name="Reminder" BaseFileID="8262BE8FC5A3AB5511EE0A0B5FD95B1E" PrevVerFileID="BAE70AFFE869EF2311FFB7068FE46319" AppID="8262BE8FC5A3AB5511EE0A0B5FD95B0C" ParentFolderID="8262BE8FC5A3AB5511EE0A0B5FD95B1B" ProcGroupID="8262BE8FC5A3AB5511EE0A0B5FD95B16" Description="" Version="1.09" Status="RELEASED" ContentType="user\email" CheckedOutBy="" CheckedOutDate="0001-01-01T00:00:00Z" CreatedDate="2024-12-10T15:03:09.103" CreatedBy="40001842" LastModifiedDate="2024-12-10T15:03:09.103" LastModifiedBy="40001842" ThemeID="" ExtraInfo="" DisplayName="Reminder" />
          <File ID="BAE612E420D57DA911FFB707DB709D70" Name="Thank You" BaseFileID="8262BE8FC5A3AB5511EE0A0B5FD95B1F" PrevVerFileID="BAE70AFFE869EF2311FFB7068FE46318" AppID="8262BE8FC5A3AB5511EE0A0B5FD95B0C" ParentFolderID="8262BE8FC5A3AB5511EE0A0B5FD95B1B" ProcGroupID="8262BE8FC5A3AB5511EE0A0B5FD95B16" Description="" Version="1.09" Status="RELEASED" ContentType="user\email" CheckedOutBy="" CheckedOutDate="0001-01-01T00:00:00Z" CreatedDate="2024-12-10T15:03:09.09" CreatedBy="40001842" LastModifiedDate="2024-12-10T15:03:09.09" LastModifiedBy="40001842" ThemeID="" ExtraInfo="" DisplayName="Thank You" />
          <File ID="BAE612E420D57DA911FFB707DB709D6E" Name="Notification" BaseFileID="8262BE8FC5A3AB5511EE0A0B5FD95B1D" PrevVerFileID="BAE70AFFE869EF2311FFB7068FE4631A" AppID="8262BE8FC5A3AB5511EE0A0B5FD95B0C" ParentFolderID="8262BE8FC5A3AB5511EE0A0B5FD95B1B" ProcGroupID="8262BE8FC5A3AB5511EE0A0B5FD95B16" Description="" Version="1.09" Status="RELEASED" ContentType="user\email" CheckedOutBy="" CheckedOutDate="0001-01-01T00:00:00Z" CreatedDate="2024-12-10T15:03:09.073" CreatedBy="40001842" LastModifiedDate="2024-12-10T15:03:09.073" LastModifiedBy="40001842" ThemeID="" ExtraInfo="" DisplayName="Notification" />
          <File ID="BAE612E420D57DA911FFB707DB709D6F" Name="Confirmation" BaseFileID="8262BE8FC5A3AB5511EE0A0B5FD95B1C" PrevVerFileID="BAE70AFFE869EF2311FFB7068FE46317" AppID="8262BE8FC5A3AB5511EE0A0B5FD95B0C" ParentFolderID="8262BE8FC5A3AB5511EE0A0B5FD95B1B" ProcGroupID="8262BE8FC5A3AB5511EE0A0B5FD95B16" Description="" Version="1.09" Status="RELEASED" ContentType="user\email" CheckedOutBy="" CheckedOutDate="0001-01-01T00:00:00Z" CreatedDate="2024-12-10T15:03:09.073" CreatedBy="40001842" LastModifiedDate="2024-12-10T15:03:09.073" LastModifiedBy="40001842" ThemeID="" ExtraInfo="" DisplayName="Confirmation" />
        </Folder>
        <Folder ID="8262BE8FC5A3AB5511EE0A0B5FD95B20" Name="Yammer" ProcGroupID="8262BE8FC5A3AB5511EE0A0B5FD95B16" AppID="8262BE8FC5A3AB5511EE0A0B5FD95B0C" Description="" CreatedBy="40003040" CreatedDate="0001-01-01T00:00:00Z" LastModifiedBy="40003040" LastModifiedDate="0001-01-01T00:00:00Z" ContentType="application\yammer" ParentFolderID="8262BE8FC5A3AB5511EE0A0B5FD95B19" DisplayName="Viva Engage" />
        <Folder ID="8262BE8FC5A3AB5511EE0A0B5FD95B21" Name="Chatter" ProcGroupID="8262BE8FC5A3AB5511EE0A0B5FD95B16" AppID="8262BE8FC5A3AB5511EE0A0B5FD95B0C" Description="" CreatedBy="40003040" CreatedDate="0001-01-01T00:00:00Z" LastModifiedBy="40003040" LastModifiedDate="0001-01-01T00:00:00Z" ContentType="application\chatter" ParentFolderID="8262BE8FC5A3AB5511EE0A0B5FD95B19" DisplayName="Chatter" />
        <Folder ID="8262BE8FC5A3AB5511EE0A0B5FD95B22" Name="MicrosoftTeams" ProcGroupID="8262BE8FC5A3AB5511EE0A0B5FD95B16" AppID="8262BE8FC5A3AB5511EE0A0B5FD95B0C" Description="" CreatedBy="40003040" CreatedDate="0001-01-01T00:00:00Z" LastModifiedBy="40003040" LastModifiedDate="0001-01-01T00:00:00Z" ContentType="application\microsoftteams" ParentFolderID="8262BE8FC5A3AB5511EE0A0B5FD95B19" DisplayName="Microsoft Teams" />
        <Folder ID="8262BE8FC5A3AB5511EE0A0B5FD95B23" Name="SMS" ProcGroupID="8262BE8FC5A3AB5511EE0A0B5FD95B16" AppID="8262BE8FC5A3AB5511EE0A0B5FD95B0C" Description="" CreatedBy="40003040" CreatedDate="0001-01-01T00:00:00Z" LastModifiedBy="40003040" LastModifiedDate="0001-01-01T00:00:00Z" ContentType="application\sms" ParentFolderID="8262BE8FC5A3AB5511EE0A0B5FD95B19" DisplayName="SMS" />
      </Folder>
      <Folder ID="8262BE8FC5A3AB5511EE0A0B5FD95B24" Name="Data Model" ProcGroupID="8262BE8FC5A3AB5511EE0A0B5FD95B16" AppID="8262BE8FC5A3AB5511EE0A0B5FD95B0C" Description="" CreatedBy="40003040" CreatedDate="0001-01-01T00:00:00Z" LastModifiedBy="40003040" LastModifiedDate="0001-01-01T00:00:00Z" ContentType="application\datamodel" ParentFolderID="8262BE8FC5A3AB5511EE0A0B5FD95B16" DisplayName="Data Model">
        <File ID="BAE90AFFE869EF2311FFDCC105DF6640" Name="Schema.xsd" BaseFileID="8262BE8FC5A3AB5511EE0A0B5FD95B25" PrevVerFileID="BAE90AFFE869EF2311FFC3D4BB6AFBB8" AppID="8262BE8FC5A3AB5511EE0A0B5FD95B0C" ParentFolderID="8262BE8FC5A3AB5511EE0A0B5FD95B24" ProcGroupID="8262BE8FC5A3AB5511EE0A0B5FD95B16" Description="" Version="1.34" Status="DRAFT" ContentType="user\datamodel" CheckedOutBy="" CheckedOutDate="0001-01-01T00:00:00Z" CreatedDate="2025-01-27T15:11:55.137" CreatedBy="40001842" LastModifiedDate="2025-01-27T16:13:39.52" LastModifiedBy="40001842" ThemeID="" ExtraInfo="[{&quot;Name&quot; : &quot;NamespaceUpdated&quot; , &quot;Value&quot; : &quot;True&quot;}]" DisplayName="Schema.xsd" />
        <File ID="BAE612E420D57DA911FFB709FD61ED9E" Name="DNDRentalLotteryApp" BaseFileID="8262BE8FC5A3AB5511EE0A0B5FD95B26" PrevVerFileID="BAE612E420D57DA911FFB707DB709D73" AppID="8262BE8FC5A3AB5511EE0A0B5FD95B0C" ParentFolderID="8262BE8FC5A3AB5511EE0A0B5FD95B24" ProcGroupID="8262BE8FC5A3AB5511EE0A0B5FD95B16" Description="Datasource DNDRentalLotteryApp Schema" Version="1.16" Status="RELEASED" ContentType="user\apdataentitydatamodel" CheckedOutBy="" CheckedOutDate="0001-01-01T00:00:00Z" CreatedDate="2024-12-10T15:18:28.743" CreatedBy="40001842" LastModifiedDate="2024-12-10T15:18:28.807" LastModifiedBy="40001842" ThemeID="" ExtraInfo="" DisplayName="DNDRentalLotteryApp" />
      </Folder>
      <Folder ID="8262BE8FC5A3AB5511EE0A0B5FD95B27" Name="Data Source" ProcGroupID="8262BE8FC5A3AB5511EE0A0B5FD95B16" AppID="8262BE8FC5A3AB5511EE0A0B5FD95B0C" Description="" CreatedBy="40003040" CreatedDate="0001-01-01T00:00:00Z" LastModifiedBy="40003040" LastModifiedDate="0001-01-01T00:00:00Z" ContentType="application\datasources" ParentFolderID="8262BE8FC5A3AB5511EE0A0B5FD95B16" DisplayName="Data Source">
        <File ID="BAE70AFFE869EF2311FFB709F5F4CDAE" Name="DNDRentalLotteryApp" BaseFileID="8262BE8FC5A3AB5511EE0A0B5FD95B28" PrevVerFileID="BAE612E420D57DA911FFB707DB709D74" AppID="8262BE8FC5A3AB5511EE0A0B5FD95B0C" ParentFolderID="8262BE8FC5A3AB5511EE0A0B5FD95B27" ProcGroupID="8262BE8FC5A3AB5511EE0A0B5FD95B16" Description="" Version="1.17" Status="RELEASED" ContentType="user\APDataEntityDataSource" CheckedOutBy="" CheckedOutDate="0001-01-01T00:00:00Z" CreatedDate="2024-12-10T15:18:15.467" CreatedBy="40001842" LastModifiedDate="2024-12-10T15:59:16.94" LastModifiedBy="40001842" ThemeID="" ExtraInfo="" DisplayName="DNDRentalLotteryApp" />
      </Folder>
      <Folder ID="8262BE8FC5A3AB5511EE0A0B5FD95B29" Name="Library" ProcGroupID="8262BE8FC5A3AB5511EE0A0B5FD95B16" AppID="8262BE8FC5A3AB5511EE0A0B5FD95B0C" Description="" CreatedBy="40003040" CreatedDate="0001-01-01T00:00:00Z" LastModifiedBy="40003040" LastModifiedDate="0001-01-01T00:00:00Z" ContentType="application\taskformlibrary" ParentFolderID="8262BE8FC5A3AB5511EE0A0B5FD95B16" DisplayName="Library">
        <File ID="BAE90AFFE869EF2311FFDCC105DF6641" Name="Form Library" BaseFileID="8262BE8FC5A3AB5511EE0A0B5FD95B2A" PrevVerFileID="BAE90AFFE869EF2311FFC3D4BB6AFBBA" AppID="8262BE8FC5A3AB5511EE0A0B5FD95B0C" ParentFolderID="8262BE8FC5A3AB5511EE0A0B5FD95B29" ProcGroupID="8262BE8FC5A3AB5511EE0A0B5FD95B16" Description="" Version="1.29" Status="DRAFT" ContentType="user\taskformlibrary" CheckedOutBy="" CheckedOutDate="0001-01-01T00:00:00Z" CreatedDate="2025-01-27T15:11:55.357" CreatedBy="40001842" LastModifiedDate="2025-01-27T16:13:39.363" LastModifiedBy="40001842" ThemeID="" ExtraInfo="" DisplayName="Form Library" />
      </Folder>
      <Folder ID="8262BE8FC5A3AB5511EE0A0B5FD95B2B" Name="Forms" ProcGroupID="8262BE8FC5A3AB5511EE0A0B5FD95B16" AppID="8262BE8FC5A3AB5511EE0A0B5FD95B0C" Description="" CreatedBy="40003040" CreatedDate="0001-01-01T00:00:00Z" LastModifiedBy="40003040" LastModifiedDate="0001-01-01T00:00:00Z" ContentType="application\formsgroup" ParentFolderID="8262BE8FC5A3AB5511EE0A0B5FD95B16" DisplayName="Forms">
        <Folder ID="8262BE8FC5A3AB5511EE0A0B5FD95B2C" Name="Task Forms" ProcGroupID="8262BE8FC5A3AB5511EE0A0B5FD95B16" AppID="8262BE8FC5A3AB5511EE0A0B5FD95B0C" Description="" CreatedBy="40003040" CreatedDate="0001-01-01T00:00:00Z" LastModifiedBy="40003040" LastModifiedDate="0001-01-01T00:00:00Z" ContentType="application\taskforms" ParentFolderID="8262BE8FC5A3AB5511EE0A0B5FD95B2B" DisplayName="Task Forms">
          <File ID="BAE90AFFE869EF2311FFDCC105DF6642" Name="Lottery Application Submission" BaseFileID="8262BE8FC5A3AB5511EE0A0B5FD95B2D" PrevVerFileID="BAE90AFFE869EF2311FFC3D4BB6AFBBB" AppID="8262BE8FC5A3AB5511EE0A0B5FD95B0C" ParentFolderID="8262BE8FC5A3AB5511EE0A0B5FD95B2C" ProcGroupID="8262BE8FC5A3AB5511EE0A0B5FD95B16" Description="" Version="1.29" Status="DRAFT" ContentType="user\taskforms" CheckedOutBy="" CheckedOutDate="0001-01-01T00:00:00Z" CreatedDate="2025-01-27T15:11:55.48" CreatedBy="40001842" LastModifiedDate="2025-01-27T16:13:36.517" LastModifiedBy="40001842" ThemeID="" ExtraInfo="" DisplayName="Lottery Application Submission" />
        </Folder>
      </Folder>
      <Folder ID="8262BE8FC5A3AB5511EE0A0B5FD95B2E" Name="Lookups" ProcGroupID="8262BE8FC5A3AB5511EE0A0B5FD95B16" AppID="8262BE8FC5A3AB5511EE0A0B5FD95B0C" Description="" CreatedBy="40003040" CreatedDate="0001-01-01T00:00:00Z" LastModifiedBy="40003040" LastModifiedDate="0001-01-01T00:00:00Z" ContentType="application\lookup" ParentFolderID="8262BE8FC5A3AB5511EE0A0B5FD95B16" DisplayName="Lookups">
        <File ID="BAE70AFFE869EF2311FFB80E7B626AC4" Name="Get Development Information" BaseFileID="8262BE8FC5A3AB5511EE0A0B5FD95B32" PrevVerFileID="BAE70AFFE869EF2311FFB7F05878F75A" AppID="8262BE8FC5A3AB5511EE0A0B5FD95B0C" ParentFolderID="8262BE8FC5A3AB5511EE0A0B5FD95B2E" ProcGroupID="8262BE8FC5A3AB5511EE0A0B5FD95B16" Description="" Version="1.13" Status="RELEASED" ContentType="user\lookupmulticolumn" CheckedOutBy="" CheckedOutDate="0001-01-01T00:00:00Z" CreatedDate="2024-12-11T22:23:04.967" CreatedBy="40001842" LastModifiedDate="2024-12-16T17:02:12.62" LastModifiedBy="40001842" ThemeID="" ExtraInfo="" DisplayName="Get Development Information" />
        <File ID="BAE612E420D57DA911FFB80E73CE94CE" Name="Active Lotteries" BaseFileID="8262BE8FC5A3AB5511EE0A0B5FD95B2F" PrevVerFileID="BAE70AFFE869EF2311FFB7ECF2D52BFA" AppID="8262BE8FC5A3AB5511EE0A0B5FD95B0C" ParentFolderID="8262BE8FC5A3AB5511EE0A0B5FD95B2E" ProcGroupID="8262BE8FC5A3AB5511EE0A0B5FD95B16" Description="" Version="1.14" Status="RELEASED" ContentType="user\lookupnamevalue" CheckedOutBy="" CheckedOutDate="0001-01-01T00:00:00Z" CreatedDate="2024-12-11T22:22:50.5" CreatedBy="40001842" LastModifiedDate="2024-12-16T17:02:12.56" LastModifiedBy="40001842" ThemeID="" ExtraInfo="" DisplayName="Active Lotteries" />
        <File ID="BAE612E420D57DA911FFB72C5D94A977" Name="Potential Available Veteran Set Asides" BaseFileID="8262BE8FC5A3AB5511EE0A0B5FD95B30" PrevVerFileID="BAE612E420D57DA911FFB707DB709D84" AppID="8262BE8FC5A3AB5511EE0A0B5FD95B0C" ParentFolderID="8262BE8FC5A3AB5511EE0A0B5FD95B2E" ProcGroupID="8262BE8FC5A3AB5511EE0A0B5FD95B16" Description="" Version="1.1" Status="RELEASED" ContentType="user\lookupnamevalue" CheckedOutBy="" CheckedOutDate="0001-01-01T00:00:00Z" CreatedDate="2024-12-10T19:24:26.013" CreatedBy="40001842" LastModifiedDate="2024-12-11T16:27:00.677" LastModifiedBy="40001842" ThemeID="" ExtraInfo="" DisplayName="Potential Available Veteran Set Asides" />
        <File ID="BAE70AFFE869EF2311FFB72F4A7681E4" Name="LookupElderly65Setasides" BaseFileID="8262BE8FC5A3AB5511EE0A0B5FD95B35" PrevVerFileID="BAE612E420D57DA911FFB707DB709D85" AppID="8262BE8FC5A3AB5511EE0A0B5FD95B0C" ParentFolderID="8262BE8FC5A3AB5511EE0A0B5FD95B2E" ProcGroupID="8262BE8FC5A3AB5511EE0A0B5FD95B16" Description="" Version="1.1" Status="RELEASED" ContentType="user\lookupnamevalue" CheckedOutBy="" CheckedOutDate="0001-01-01T00:00:00Z" CreatedDate="2024-12-10T19:45:26.713" CreatedBy="40001842" LastModifiedDate="2024-12-11T16:27:00.66" LastModifiedBy="40001842" ThemeID="" ExtraInfo="" DisplayName="LookupElderly65Setasides" />
        <File ID="BAE70AFFE869EF2311FFB72C6FBF8036" Name="Lookup Potential Available Vision Units" BaseFileID="8262BE8FC5A3AB5511EE0A0B5FD95B38" PrevVerFileID="BAE612E420D57DA911FFB707DB709D83" AppID="8262BE8FC5A3AB5511EE0A0B5FD95B0C" ParentFolderID="8262BE8FC5A3AB5511EE0A0B5FD95B2E" ProcGroupID="8262BE8FC5A3AB5511EE0A0B5FD95B16" Description="" Version="1.1" Status="RELEASED" ContentType="user\lookupnamevalue" CheckedOutBy="" CheckedOutDate="0001-01-01T00:00:00Z" CreatedDate="2024-12-10T19:24:59.257" CreatedBy="40001842" LastModifiedDate="2024-12-11T16:27:00.643" LastModifiedBy="40001842" ThemeID="" ExtraInfo="" DisplayName="Lookup Potential Available Vision Units" />
        <File ID="BAE612E420D57DA911FFB72F80BC7222" Name="Lookup Potential Available Mobility Units" BaseFileID="8262BE8FC5A3AB5511EE0A0B5FD95B34" PrevVerFileID="BAE612E420D57DA911FFB707DB709D82" AppID="8262BE8FC5A3AB5511EE0A0B5FD95B0C" ParentFolderID="8262BE8FC5A3AB5511EE0A0B5FD95B2E" ProcGroupID="8262BE8FC5A3AB5511EE0A0B5FD95B16" Description="" Version="1.1" Status="RELEASED" ContentType="user\lookupnamevalue" CheckedOutBy="" CheckedOutDate="0001-01-01T00:00:00Z" CreatedDate="2024-12-10T19:46:53.607" CreatedBy="40001842" LastModifiedDate="2024-12-11T16:27:00.63" LastModifiedBy="40001842" ThemeID="" ExtraInfo="" DisplayName="Lookup Potential Available Mobility Units" />
        <File ID="BAE612E420D57DA911FFB72F6EC473FD" Name="Available Bedroom Types" BaseFileID="8262BE8FC5A3AB5511EE0A0B5FD95B33" PrevVerFileID="BAE612E420D57DA911FFB707DB709D7E" AppID="8262BE8FC5A3AB5511EE0A0B5FD95B0C" ParentFolderID="8262BE8FC5A3AB5511EE0A0B5FD95B2E" ProcGroupID="8262BE8FC5A3AB5511EE0A0B5FD95B16" Description="" Version="1.1" Status="RELEASED" ContentType="user\lookupnamevalue" CheckedOutBy="" CheckedOutDate="0001-01-01T00:00:00Z" CreatedDate="2024-12-10T19:46:31.957" CreatedBy="40001842" LastModifiedDate="2024-12-11T16:27:00.58" LastModifiedBy="40001842" ThemeID="" ExtraInfo="" DisplayName="Available Bedroom Types" />
        <File ID="BAE612E420D57DA911FFB707DB709D86" Name="Lookup Potential Available Elderly Setasides" BaseFileID="8262BE8FC5A3AB5511EE0A0B5FD95B31" PrevVerFileID="BAE70AFFE869EF2311FFB7068FE46331" AppID="8262BE8FC5A3AB5511EE0A0B5FD95B0C" ParentFolderID="8262BE8FC5A3AB5511EE0A0B5FD95B2E" ProcGroupID="8262BE8FC5A3AB5511EE0A0B5FD95B16" Description="" Version="1.09" Status="RELEASED" ContentType="user\lookupnamevalue" CheckedOutBy="" CheckedOutDate="0001-01-01T00:00:00Z" CreatedDate="2024-12-10T15:03:09.48" CreatedBy="40001842" LastModifiedDate="2024-12-10T15:03:09.48" LastModifiedBy="40001842" ThemeID="" ExtraInfo="" DisplayName="Lookup Potential Available Elderly Setasides" />
        <File ID="BAE612E420D57DA911FFB707DB709D7F" Name="Lookup Potential Artist Unit Setasides" BaseFileID="8262BE8FC5A3AB5511EE0A0B5FD95B37" PrevVerFileID="BAE70AFFE869EF2311FFB7068FE4632C" AppID="8262BE8FC5A3AB5511EE0A0B5FD95B0C" ParentFolderID="8262BE8FC5A3AB5511EE0A0B5FD95B2E" ProcGroupID="8262BE8FC5A3AB5511EE0A0B5FD95B16" Description="" Version="1.09" Status="RELEASED" ContentType="user\lookupnamevalue" CheckedOutBy="" CheckedOutDate="0001-01-01T00:00:00Z" CreatedDate="2024-12-10T15:03:09.447" CreatedBy="40001842" LastModifiedDate="2024-12-10T15:03:09.447" LastModifiedBy="40001842" ThemeID="" ExtraInfo="" DisplayName="Lookup Potential Artist Unit Setasides" />
        <File ID="BAE612E420D57DA911FFB707DB709D81" Name="Lookup Potential Available Hearing Units" BaseFileID="8262BE8FC5A3AB5511EE0A0B5FD95B36" PrevVerFileID="BAE70AFFE869EF2311FFB7068FE46329" AppID="8262BE8FC5A3AB5511EE0A0B5FD95B0C" ParentFolderID="8262BE8FC5A3AB5511EE0A0B5FD95B2E" ProcGroupID="8262BE8FC5A3AB5511EE0A0B5FD95B16" Description="" Version="1.09" Status="RELEASED" ContentType="user\lookupnamevalue" CheckedOutBy="" CheckedOutDate="0001-01-01T00:00:00Z" CreatedDate="2024-12-10T15:03:09.447" CreatedBy="40001842" LastModifiedDate="2024-12-10T15:03:09.447" LastModifiedBy="40001842" ThemeID="" ExtraInfo="" DisplayName="Lookup Potential Available Hearing Units" />
      </Folder>
      <Folder ID="8262BE8FC5A3AB5511EE0A0B5FD95B39" Name="Translation" ProcGroupID="8262BE8FC5A3AB5511EE0A0B5FD95B16" AppID="8262BE8FC5A3AB5511EE0A0B5FD95B0C" Description="" CreatedBy="40003040" CreatedDate="0001-01-01T00:00:00Z" LastModifiedBy="40003040" LastModifiedDate="0001-01-01T00:00:00Z" ContentType="application\translation" ParentFolderID="8262BE8FC5A3AB5511EE0A0B5FD95B16" DisplayName="Translation" />
      <Folder ID="8262BE8FC5A3AB5511EE0A0B5FD95B3A" Name="Document Repository" ProcGroupID="8262BE8FC5A3AB5511EE0A0B5FD95B16" AppID="8262BE8FC5A3AB5511EE0A0B5FD95B0C" Description="" CreatedBy="40003040" CreatedDate="0001-01-01T00:00:00Z" LastModifiedBy="40003040" LastModifiedDate="0001-01-01T00:00:00Z" ContentType="application\documentrepository" ParentFolderID="8262BE8FC5A3AB5511EE0A0B5FD95B16" DisplayName="Document Repository" />
      <Folder ID="8262BE8FC5A3AB5511EE0A0B5FD95B3B" Name="System Files" ProcGroupID="8262BE8FC5A3AB5511EE0A0B5FD95B16" AppID="8262BE8FC5A3AB5511EE0A0B5FD95B0C" Description="" CreatedBy="40003040" CreatedDate="0001-01-01T00:00:00Z" LastModifiedBy="40003040" LastModifiedDate="0001-01-01T00:00:00Z" ContentType="application\hidden" ParentFolderID="8262BE8FC5A3AB5511EE0A0B5FD95B16" DisplayName="System Files" />
    </Folder>
  </Folder>
  <CoAuthored>false</CoAuthored>
</WFEnabledApplication>