<?xml version="1.0" encoding="utf-8"?><ArrayOfWFCategory xmlns:xsd="http://www.w3.org/2001/XMLSchema" xmlns:xsi="http://www.w3.org/2001/XMLSchema-instance"><WFCategory><ID>8279E3E176AF191C11FF927DF725A6BA</ID><ParentCategoryName /><RefType>Application</RefType><RefName>Graffiti Waiver Application Process</RefName><CategoryName>Others</CategoryName><IsPrimaryCategory>true</IsPrimaryCategory><CreatedDate>2024-10-24T23:05:21</CreatedDate><LastModifiedDate>2024-10-24T23:05:21</LastModifiedDate><CreatedBy>40001842</CreatedBy><LastModifiedBy>40001842</LastModifiedBy><CategoryDisplayName>Other</CategoryDisplayName><CategoryDescription>Apps or other resources that do not fit into another, more specific category.</CategoryDescription><SubCategory /></WFCategory></ArrayOfWFCategory>