<?xml version="1.0"?>
<WFEnabledApplication xmlns:xsd="http://www.w3.org/2001/XMLSchema" xmlns:xsi="http://www.w3.org/2001/XMLSchema-instance" ID="8279E3E176AF191C11FF927DF725A694" Name="Graffiti Waiver Application Process" Description="" Status="DRAFT" CreatedDate="2024-10-24T23:05:20.763" CreatedBy="40001842" AppType="eForms" Visibility="PAAS" ContentType="application" DisplayName="Graffiti Waiver Application Process" AppLocale="customlocale" ParentApplicationId="">
  <Folder ID="8279E3E176AF191C11FF927DF725A695" Name="Shared Resources" ProcGroupID="" AppID="8279E3E176AF191C11FF927DF725A694" Description="" CreatedBy="40001842" CreatedDate="0001-01-01T00:00:00Z" LastModifiedBy="40001842" LastModifiedDate="0001-01-01T00:00:00Z" ContentType="Any" ParentFolderID="8279E3E176AF191C11FF927DF725A694" DisplayName="Shared Resources">
    <Folder ID="8279E3E176AF191C11FF927DF725A696" Name="Style Sheets" ProcGroupID="" AppID="8279E3E176AF191C11FF927DF725A694" Description="" CreatedBy="40001842" CreatedDate="0001-01-01T00:00:00Z" LastModifiedBy="40001842" LastModifiedDate="0001-01-01T00:00:00Z" ContentType="application\CSS" ParentFolderID="8279E3E176AF191C11FF927DF725A695" DisplayName="Style Sheets" />
    <Folder ID="8279E3E176AF191C11FF927DF725A697" Name="JavaScript" ProcGroupID="" AppID="8279E3E176AF191C11FF927DF725A694" Description="" CreatedBy="40001842" CreatedDate="0001-01-01T00:00:00Z" LastModifiedBy="40001842" LastModifiedDate="0001-01-01T00:00:00Z" ContentType="application\js" ParentFolderID="8279E3E176AF191C11FF927DF725A695" DisplayName="JavaScript" />
    <Folder ID="8279E3E176AF191C11FF927DF725A698" Name="Images" ProcGroupID="" AppID="8279E3E176AF191C11FF927DF725A694" Description="" CreatedBy="40001842" CreatedDate="0001-01-01T00:00:00Z" LastModifiedBy="40001842" LastModifiedDate="0001-01-01T00:00:00Z" ContentType="application\image" ParentFolderID="8279E3E176AF191C11FF927DF725A695" DisplayName="Images" />
    <Folder ID="8279E3E176AF191C11FF927DF725A699" Name="Access Tokens" ProcGroupID="" AppID="8279E3E176AF191C11FF927DF725A694" Description="" CreatedBy="40001842" CreatedDate="0001-01-01T00:00:00Z" LastModifiedBy="40001842" LastModifiedDate="0001-01-01T00:00:00Z" ContentType="application\apptoken" ParentFolderID="8279E3E176AF191C11FF927DF725A695" DisplayName="Access Tokens" />
    <Folder ID="8279E3E176AF191C11FF927DF725A69A" Name="Application Resources" ProcGroupID="" AppID="8279E3E176AF191C11FF927DF725A694" Description="" CreatedBy="40001842" CreatedDate="0001-01-01T00:00:00Z" LastModifiedBy="40001842" LastModifiedDate="0001-01-01T00:00:00Z" ContentType="application\applicationresources" ParentFolderID="8279E3E176AF191C11FF927DF725A695" DisplayName="Application Resources" />
    <Folder ID="8279E3E176AF191C11FF927DF725A69B" Name="Comments" ProcGroupID="" AppID="8279E3E176AF191C11FF927DF725A694" Description="" CreatedBy="40001842" CreatedDate="0001-01-01T00:00:00Z" LastModifiedBy="40001842" LastModifiedDate="0001-01-01T00:00:00Z" ContentType="application\comments" ParentFolderID="8279E3E176AF191C11FF927DF725A695" DisplayName="Comments" />
  </Folder>
  <Folder ID="8279E3E176AF191C11FF927DF725A69C" Name="Processes" ProcGroupID="" AppID="8279E3E176AF191C11FF927DF725A694" Description="" CreatedBy="40001842" CreatedDate="0001-01-01T00:00:00Z" LastModifiedBy="40001842" LastModifiedDate="0001-01-01T00:00:00Z" ContentType="application\processgroup" ParentFolderID="8279E3E176AF191C11FF927DF725A694" DisplayName="Processes">
    <Folder ID="8279E3E176AF191C11FF927DF725A69D" Name="Graffiti Waiver Application Process" ProcGroupID="" AppID="8279E3E176AF191C11FF927DF725A694" Description="" CreatedBy="40001842" CreatedDate="0001-01-01T00:00:00Z" LastModifiedBy="40001842" LastModifiedDate="0001-01-01T00:00:00Z" ContentType="user\processgroup" ParentFolderID="8279E3E176AF191C11FF927DF725A69C" DisplayName="Graffiti Waiver Application Process">
      <Folder ID="8279E3E176AF191C11FF927DF725A69E" Name="Process Model" ProcGroupID="8279E3E176AF191C11FF927DF725A69D" AppID="8279E3E176AF191C11FF927DF725A694" Description="" CreatedBy="40001842" CreatedDate="0001-01-01T00:00:00Z" LastModifiedBy="40001842" LastModifiedDate="0001-01-01T00:00:00Z" ContentType="application\processmodel" ParentFolderID="8279E3E176AF191C11FF927DF725A69D" DisplayName="Process Model">
        <File ID="BAEF0AFFF82C906711004DFCC63AC8CE" Name="Graffiti Waiver Application Process" BaseFileID="8279E3E176AF191C11FF927E7BC5DED3" PrevVerFileID="BAF012DEFB27D0ED11004DFC8E7B4758" AppID="8279E3E176AF191C11FF927DF725A694" ParentFolderID="8279E3E176AF191C11FF927DF725A69E" ProcGroupID="8279E3E176AF191C11FF927DF725A69D" Description="" Version="1.12" Status="DRAFT" ContentType="user\processmodel" CheckedOutBy="" CheckedOutDate="0001-01-01T00:00:00Z" CreatedDate="2025-06-20T17:34:12.633" CreatedBy="40001842" LastModifiedDate="2025-06-20T17:35:42.783" LastModifiedBy="152213" ThemeID="" ExtraInfo="" DisplayName="Graffiti Waiver Application Process" />
      </Folder>
      <Folder ID="8279E3E176AF191C11FF927DF725A6A0" Name="Notification" ProcGroupID="8279E3E176AF191C11FF927DF725A69D" AppID="8279E3E176AF191C11FF927DF725A694" Description="" CreatedBy="40001842" CreatedDate="0001-01-01T00:00:00Z" LastModifiedBy="40001842" LastModifiedDate="0001-01-01T00:00:00Z" ContentType="application\notification" ParentFolderID="8279E3E176AF191C11FF927DF725A69D" DisplayName="Notification">
        <Folder ID="8279E3E176AF191C11FF927DF725A6A1" Name="E-mails" ProcGroupID="8279E3E176AF191C11FF927DF725A69D" AppID="8279E3E176AF191C11FF927DF725A694" Description="" CreatedBy="40001842" CreatedDate="0001-01-01T00:00:00Z" LastModifiedBy="40001842" LastModifiedDate="0001-01-01T00:00:00Z" ContentType="application\email" ParentFolderID="8279E3E176AF191C11FF927DF725A6A0" DisplayName="E-mails">
          <File ID="BAF012DEFB27D0ED110046179CB8D0B8" Name="Thank You" BaseFileID="8279E3E176AF191C11FF927DF725A6A3" PrevVerFileID="BAED0AFFF82C9067110031B604D56D60" AppID="8279E3E176AF191C11FF927DF725A694" ParentFolderID="8279E3E176AF191C11FF927DF725A6A1" ProcGroupID="8279E3E176AF191C11FF927DF725A69D" Description="" Version="1.02" Status="RELEASED" ContentType="user\email" CheckedOutBy="" CheckedOutDate="0001-01-01T00:00:00Z" CreatedDate="2025-06-10T16:26:14.373" CreatedBy="40001842" LastModifiedDate="2025-06-10T17:35:54.613" LastModifiedBy="40001842" ThemeID="" ExtraInfo="" DisplayName="Thank You" />
          <File ID="BAED0AFFF82C9067110031B604D56D5F" Name="Notification" BaseFileID="8279E3E176AF191C11FF927DF725A6A2" PrevVerFileID="BAE10AFFF82C906711FFA6AAE9DFE770" AppID="8279E3E176AF191C11FF927DF725A694" ParentFolderID="8279E3E176AF191C11FF927DF725A6A1" ProcGroupID="8279E3E176AF191C11FF927DF725A69D" Description="" Version="1.01" Status="RELEASED" ContentType="user\email" CheckedOutBy="" CheckedOutDate="0001-01-01T00:00:00Z" CreatedDate="2025-05-15T17:57:10.2" CreatedBy="40001842" LastModifiedDate="2025-05-15T17:57:10.2" LastModifiedBy="40001842" ThemeID="" ExtraInfo="" DisplayName="Notification" />
        </Folder>
        <Folder ID="8279E3E176AF191C11FF927DF725A6A4" Name="Yammer" ProcGroupID="8279E3E176AF191C11FF927DF725A69D" AppID="8279E3E176AF191C11FF927DF725A694" Description="" CreatedBy="40001842" CreatedDate="0001-01-01T00:00:00Z" LastModifiedBy="40001842" LastModifiedDate="0001-01-01T00:00:00Z" ContentType="application\yammer" ParentFolderID="8279E3E176AF191C11FF927DF725A6A0" DisplayName="Viva Engage" />
        <Folder ID="8279E3E176AF191C11FF927DF725A6A5" Name="Chatter" ProcGroupID="8279E3E176AF191C11FF927DF725A69D" AppID="8279E3E176AF191C11FF927DF725A694" Description="" CreatedBy="40001842" CreatedDate="0001-01-01T00:00:00Z" LastModifiedBy="40001842" LastModifiedDate="0001-01-01T00:00:00Z" ContentType="application\chatter" ParentFolderID="8279E3E176AF191C11FF927DF725A6A0" DisplayName="Chatter" />
        <Folder ID="8279E3E176AF191C11FF927DF725A6A6" Name="Microsoft Teams" ProcGroupID="8279E3E176AF191C11FF927DF725A69D" AppID="8279E3E176AF191C11FF927DF725A694" Description="" CreatedBy="40001842" CreatedDate="0001-01-01T00:00:00Z" LastModifiedBy="40001842" LastModifiedDate="0001-01-01T00:00:00Z" ContentType="application\microsoftteams" ParentFolderID="8279E3E176AF191C11FF927DF725A6A0" DisplayName="Microsoft Teams" />
        <Folder ID="8279E3E176AF191C11FF927DF725A6A7" Name="SMS" ProcGroupID="8279E3E176AF191C11FF927DF725A69D" AppID="8279E3E176AF191C11FF927DF725A694" Description="" CreatedBy="40001842" CreatedDate="0001-01-01T00:00:00Z" LastModifiedBy="40001842" LastModifiedDate="0001-01-01T00:00:00Z" ContentType="application\sms" ParentFolderID="8279E3E176AF191C11FF927DF725A6A0" DisplayName="SMS" />
        <Folder ID="8279E3E176AF191C11FF927DF725A6A8" Name="Attachment Repository" ProcGroupID="8279E3E176AF191C11FF927DF725A69D" AppID="8279E3E176AF191C11FF927DF725A694" Description="" CreatedBy="40001842" CreatedDate="0001-01-01T00:00:00Z" LastModifiedBy="40001842" LastModifiedDate="0001-01-01T00:00:00Z" ContentType="application\attachmentrepository" ParentFolderID="8279E3E176AF191C11FF927DF725A6A0" DisplayName="Attachment Repository" />
      </Folder>
      <Folder ID="8279E3E176AF191C11FF927DF725A6A9" Name="Data Model" ProcGroupID="8279E3E176AF191C11FF927DF725A69D" AppID="8279E3E176AF191C11FF927DF725A694" Description="" CreatedBy="40001842" CreatedDate="0001-01-01T00:00:00Z" LastModifiedBy="40001842" LastModifiedDate="0001-01-01T00:00:00Z" ContentType="application\datamodel" ParentFolderID="8279E3E176AF191C11FF927DF725A69D" DisplayName="Data Model">
        <File ID="BAEF0AFFF82C906711004DFCC63AC8CC" Name="Schema.xsd" BaseFileID="8279E3E176AF191C11FF927E7BC5DED2" PrevVerFileID="BAEF0AFFF82C906711004ADBEE8C6B7A" AppID="8279E3E176AF191C11FF927DF725A694" ParentFolderID="8279E3E176AF191C11FF927DF725A6A9" ProcGroupID="8279E3E176AF191C11FF927DF725A69D" Description="" Version="1.17" Status="DRAFT" ContentType="user\datamodel" CheckedOutBy="" CheckedOutDate="0001-01-01T00:00:00Z" CreatedDate="2025-06-20T17:34:12.553" CreatedBy="40001842" LastModifiedDate="2025-06-20T17:35:42.913" LastModifiedBy="152213" ThemeID="" ExtraInfo="[{&quot;Name&quot; : &quot;NamespaceUpdated&quot; , &quot;Value&quot; : &quot;True&quot;}]" DisplayName="Schema.xsd" />
        <File ID="BAEE12DEFB27D0ED110031B62D525534" Name="GraffitiWaiverForm" BaseFileID="8279E3E176AF191C11FF927E276458E1" PrevVerFileID="BAE10AFFF82C906711FFA6AAE9DFE772" AppID="8279E3E176AF191C11FF927DF725A694" ParentFolderID="8279E3E176AF191C11FF927DF725A6A9" ProcGroupID="8279E3E176AF191C11FF927DF725A69D" Description="Datasource GraffitiWaiverForm Schema" Version="1.02" Status="RELEASED" ContentType="user\apdataentitydatamodel" CheckedOutBy="" CheckedOutDate="0001-01-01T00:00:00Z" CreatedDate="2025-05-15T17:58:18.237" CreatedBy="40001842" LastModifiedDate="2025-05-15T17:58:18.297" LastModifiedBy="40001842" ThemeID="" ExtraInfo="" DisplayName="GraffitiWaiverForm" />
      </Folder>
      <Folder ID="8279E3E176AF191C11FF927DF725A6AC" Name="Data Source" ProcGroupID="8279E3E176AF191C11FF927DF725A69D" AppID="8279E3E176AF191C11FF927DF725A694" Description="" CreatedBy="40001842" CreatedDate="0001-01-01T00:00:00Z" LastModifiedBy="40001842" LastModifiedDate="0001-01-01T00:00:00Z" ContentType="application\datasources" ParentFolderID="8279E3E176AF191C11FF927DF725A69D" DisplayName="Data Source">
        <File ID="BAED0AFFF82C9067110031B622C40490" Name="GraffitiWaiverForm" BaseFileID="8279E3E176AF191C11FF927E276457AF" PrevVerFileID="BAE10AFFF82C906711FFA6AAE9DFE773" AppID="8279E3E176AF191C11FF927DF725A694" ParentFolderID="8279E3E176AF191C11FF927DF725A6AC" ProcGroupID="8279E3E176AF191C11FF927DF725A69D" Description="" Version="1.02" Status="RELEASED" ContentType="user\APDataEntityDataSource" CheckedOutBy="" CheckedOutDate="0001-01-01T00:00:00Z" CreatedDate="2025-05-15T17:58:06.433" CreatedBy="40001842" LastModifiedDate="2025-05-15T18:00:37.09" LastModifiedBy="40001842" ThemeID="" ExtraInfo="" DisplayName="GraffitiWaiverForm" />
      </Folder>
      <Folder ID="8279E3E176AF191C11FF927DF725A6AE" Name="Library" ProcGroupID="8279E3E176AF191C11FF927DF725A69D" AppID="8279E3E176AF191C11FF927DF725A694" Description="" CreatedBy="40001842" CreatedDate="0001-01-01T00:00:00Z" LastModifiedBy="40001842" LastModifiedDate="0001-01-01T00:00:00Z" ContentType="application\taskformlibrary" ParentFolderID="8279E3E176AF191C11FF927DF725A69D" DisplayName="Library">
        <File ID="BAEF0AFFF82C906711004ADBEE8C6B81" Name="Form Library" BaseFileID="8277C707C21404B911FF927F607B64AD" PrevVerFileID="BAF012DEFB27D0ED11004AD156F4896F" AppID="8279E3E176AF191C11FF927DF725A694" ParentFolderID="8279E3E176AF191C11FF927DF725A6AE" ProcGroupID="8279E3E176AF191C11FF927DF725A69D" Description="" Version="1.08" Status="RELEASED" ContentType="user\taskformlibrary" CheckedOutBy="" CheckedOutDate="0001-01-01T00:00:00Z" CreatedDate="2025-06-16T18:01:37.163" CreatedBy="40001842" LastModifiedDate="2025-06-20T17:33:41.987" LastModifiedBy="152213" ThemeID="" ExtraInfo="" DisplayName="Form Library" />
      </Folder>
      <Folder ID="8279E3E176AF191C11FF927DF725A6B0" Name="Forms" ProcGroupID="8279E3E176AF191C11FF927DF725A69D" AppID="8279E3E176AF191C11FF927DF725A694" Description="" CreatedBy="40001842" CreatedDate="0001-01-01T00:00:00Z" LastModifiedBy="40001842" LastModifiedDate="0001-01-01T00:00:00Z" ContentType="application\formsgroup" ParentFolderID="8279E3E176AF191C11FF927DF725A69D" DisplayName="Forms">
        <Folder ID="8279E3E176AF191C11FF927DF725A6B1" Name="Task Forms" ProcGroupID="8279E3E176AF191C11FF927DF725A69D" AppID="8279E3E176AF191C11FF927DF725A694" Description="" CreatedBy="40001842" CreatedDate="0001-01-01T00:00:00Z" LastModifiedBy="40001842" LastModifiedDate="0001-01-01T00:00:00Z" ContentType="application\taskforms" ParentFolderID="8279E3E176AF191C11FF927DF725A6B0" DisplayName="Task Forms">
          <File ID="BAF012DEFB27D0ED11004AD156F48970" Name="Graffiti Waiver Form" BaseFileID="8277C707C21404B911FF927F607B64AC" PrevVerFileID="BAF012DEFB27D0ED11004639775DBCFC" AppID="8279E3E176AF191C11FF927DF725A694" ParentFolderID="8279E3E176AF191C11FF927DF725A6B1" ProcGroupID="8279E3E176AF191C11FF927DF725A69D" Description="" Version="1.06" Status="RELEASED" ContentType="user\taskforms" CheckedOutBy="" CheckedOutDate="0001-01-01T00:00:00Z" CreatedDate="2025-06-16T16:45:47.067" CreatedBy="40001842" LastModifiedDate="2025-06-16T16:55:20.487" LastModifiedBy="40001842" ThemeID="" ExtraInfo="" DisplayName="Graffiti Waiver Form" />
        </Folder>
      </Folder>
      <Folder ID="8279E3E176AF191C11FF927DF725A6B3" Name="Lookups" ProcGroupID="8279E3E176AF191C11FF927DF725A69D" AppID="8279E3E176AF191C11FF927DF725A694" Description="" CreatedBy="40001842" CreatedDate="0001-01-01T00:00:00Z" LastModifiedBy="40001842" LastModifiedDate="0001-01-01T00:00:00Z" ContentType="application\lookup" ParentFolderID="8279E3E176AF191C11FF927DF725A69D" DisplayName="Lookups" />
      <Folder ID="8279E3E176AF191C11FF927DF725A6B4" Name="Translation" ProcGroupID="8279E3E176AF191C11FF927DF725A69D" AppID="8279E3E176AF191C11FF927DF725A694" Description="" CreatedBy="40001842" CreatedDate="0001-01-01T00:00:00Z" LastModifiedBy="40001842" LastModifiedDate="0001-01-01T00:00:00Z" ContentType="application\translation" ParentFolderID="8279E3E176AF191C11FF927DF725A69D" DisplayName="Translation" />
      <Folder ID="8279E3E176AF191C11FF927DF725A6B7" Name="Document Repository" ProcGroupID="8279E3E176AF191C11FF927DF725A69D" AppID="8279E3E176AF191C11FF927DF725A694" Description="" CreatedBy="40001842" CreatedDate="0001-01-01T00:00:00Z" LastModifiedBy="40001842" LastModifiedDate="0001-01-01T00:00:00Z" ContentType="application\documentrepository" ParentFolderID="8279E3E176AF191C11FF927DF725A69D" DisplayName="Document Repository">
        <File ID="BAF012DEFB27D0ED110046398959B1EE" Name="Graffiti Waiver File Upload" BaseFileID="8279E3E176AF191C11FF927DF725A6B8" PrevVerFileID="BAEF0AFFF82C906711004638536F8DC2" AppID="8279E3E176AF191C11FF927DF725A694" ParentFolderID="8279E3E176AF191C11FF927DF725A6B7" ProcGroupID="8279E3E176AF191C11FF927DF725A69D" Description="" Version="1.03" Status="RELEASED" ContentType="user\documentrepository" CheckedOutBy="" CheckedOutDate="0001-01-01T00:00:00Z" CreatedDate="2025-06-10T20:29:07.75" CreatedBy="40001842" LastModifiedDate="2025-06-10T20:36:05.607" LastModifiedBy="40001842" ThemeID="" ExtraInfo="" DisplayName="Graffiti Waiver File Upload" />
      </Folder>
      <Folder ID="8279E3E176AF191C11FF927DF725A6B9" Name="System Files" ProcGroupID="8279E3E176AF191C11FF927DF725A69D" AppID="8279E3E176AF191C11FF927DF725A694" Description="" CreatedBy="40001842" CreatedDate="0001-01-01T00:00:00Z" LastModifiedBy="40001842" LastModifiedDate="0001-01-01T00:00:00Z" ContentType="application\hidden" ParentFolderID="8279E3E176AF191C11FF927DF725A69D" DisplayName="System Files" />
    </Folder>
  </Folder>
  <CoAuthored>false</CoAuthored>
</WFEnabledApplication>