<?xml version="1.0"?>
<WFEnabledApplication xmlns:xsd="http://www.w3.org/2001/XMLSchema" xmlns:xsi="http://www.w3.org/2001/XMLSchema-instance" ID="825A93051559ACF811DDBD519DE127D0" Name="ASD - 38D Forms View All Submissions" Description="" Status="DRAFT" CreatedDate="2023-03-07T20:36:25.567" CreatedBy="40003040" AppType="StandaloneForms" Visibility="PAAS" ContentType="application" DisplayName="ASD - 38D Forms View All Submissions" AppLocale="customlocale" ParentApplicationId="">
  <Folder ID="825A93051559ACF811DDBD519DE127D1" Name="Shared Resources" ProcGroupID="" AppID="825A93051559ACF811DDBD519DE127D0" Description="" CreatedBy="40003040" CreatedDate="0001-01-01T00:00:00Z" LastModifiedBy="40003040" LastModifiedDate="0001-01-01T00:00:00Z" ContentType="Any" ParentFolderID="825A93051559ACF811DDBD519DE127D0" DisplayName="Shared Resources">
    <Folder ID="825A93051559ACF811DDBD519DE127D2" Name="Style Sheets" ProcGroupID="" AppID="825A93051559ACF811DDBD519DE127D0" Description="" CreatedBy="40003040" CreatedDate="0001-01-01T00:00:00Z" LastModifiedBy="40003040" LastModifiedDate="0001-01-01T00:00:00Z" ContentType="application\CSS" ParentFolderID="825A93051559ACF811DDBD519DE127D1" DisplayName="Style Sheets" />
    <Folder ID="825A93051559ACF811DDBD519DE127D3" Name="JavaScript" ProcGroupID="" AppID="825A93051559ACF811DDBD519DE127D0" Description="" CreatedBy="40003040" CreatedDate="0001-01-01T00:00:00Z" LastModifiedBy="40003040" LastModifiedDate="0001-01-01T00:00:00Z" ContentType="application\js" ParentFolderID="825A93051559ACF811DDBD519DE127D1" DisplayName="JavaScript" />
    <Folder ID="825A93051559ACF811DDBD519DE127D4" Name="Images" ProcGroupID="" AppID="825A93051559ACF811DDBD519DE127D0" Description="" CreatedBy="40003040" CreatedDate="0001-01-01T00:00:00Z" LastModifiedBy="40003040" LastModifiedDate="0001-01-01T00:00:00Z" ContentType="application\image" ParentFolderID="825A93051559ACF811DDBD519DE127D1" DisplayName="Images" />
    <Folder ID="825A93051559ACF811DDBD519DE127D5" Name="Access Tokens" ProcGroupID="" AppID="825A93051559ACF811DDBD519DE127D0" Description="" CreatedBy="40003040" CreatedDate="0001-01-01T00:00:00Z" LastModifiedBy="40003040" LastModifiedDate="0001-01-01T00:00:00Z" ContentType="application\apptoken" ParentFolderID="825A93051559ACF811DDBD519DE127D1" DisplayName="Access Tokens" />
    <Folder ID="825A93051559ACF811DDBD519DE127D6" Name="Application Resources" ProcGroupID="" AppID="825A93051559ACF811DDBD519DE127D0" Description="" CreatedBy="40003040" CreatedDate="0001-01-01T00:00:00Z" LastModifiedBy="40003040" LastModifiedDate="0001-01-01T00:00:00Z" ContentType="application\applicationresources" ParentFolderID="825A93051559ACF811DDBD519DE127D1" DisplayName="Application Resources" />
    <Folder ID="825FC2FFACA72A8211DDE63888F826D1" Name="Comments" ProcGroupID="825A93051559ACF811DDBD519DE127D1" AppID="825A93051559ACF811DDBD519DE127D0" Description="" CreatedBy="40003040" CreatedDate="2023-04-28T22:50:10.727" LastModifiedBy="40003040" LastModifiedDate="2023-04-28T22:50:10.727" ContentType="application\comments" ParentFolderID="825A93051559ACF811DDBD519DE127D1" DisplayName="Comments" />
  </Folder>
  <Folder ID="825A93051559ACF811DDBD519DE127D7" Name="App Model &amp; Resources" ProcGroupID="" AppID="825A93051559ACF811DDBD519DE127D0" Description="" CreatedBy="40003040" CreatedDate="0001-01-01T00:00:00Z" LastModifiedBy="40003040" LastModifiedDate="0001-01-01T00:00:00Z" ContentType="user\processgroup" ParentFolderID="825A93051559ACF811DDBD519DE127D0" DisplayName="App Model &amp; Resources">
    <Folder ID="825A93051559ACF811DDBD519DE127D8" Name="Data Model" ProcGroupID="825A93051559ACF811DDBD519DE127D7" AppID="825A93051559ACF811DDBD519DE127D0" Description="" CreatedBy="40003040" CreatedDate="0001-01-01T00:00:00Z" LastModifiedBy="40003040" LastModifiedDate="0001-01-01T00:00:00Z" ContentType="application\datamodel" ParentFolderID="825A93051559ACF811DDBD519DE127D7" DisplayName="Data Model">
      <File ID="BAE812E420D57DA911FFDCCDA4FB17CD" Name="Schema.xsd" BaseFileID="825A93051559ACF811DDBE3A9FE83882" PrevVerFileID="8272AB22530797BF11EEC565AFB92642" AppID="825A93051559ACF811DDBD519DE127D0" ParentFolderID="825A93051559ACF811DDBD519DE127D8" ProcGroupID="825A93051559ACF811DDBD519DE127D7" Description="" Version="1.17" Status="DRAFT" ContentType="user\datamodel" CheckedOutBy="" CheckedOutDate="0001-01-01T00:00:00Z" CreatedDate="2025-01-27T16:42:13.24" CreatedBy="40001842" LastModifiedDate="2025-01-27T16:42:20.403" LastModifiedBy="40001842" ThemeID="" ExtraInfo="[{&quot;Name&quot; : &quot;NamespaceUpdated&quot; , &quot;Value&quot; : &quot;True&quot;}]" DisplayName="Schema.xsd" />
      <File ID="BAE812E420D57DA911FFDCCDA4FB17CE" Name="ASD38DForms" BaseFileID="8272AB22530797BF11EEC5325562E36E" PrevVerFileID="8272AB22530797BF11EEC5325562E36E" AppID="825A93051559ACF811DDBD519DE127D0" ParentFolderID="825A93051559ACF811DDBD519DE127D8" ProcGroupID="825A93051559ACF811DDBD519DE127D7" Description="Datasource ASD38DForms Schema" Version="1.01" Status="DRAFT" ContentType="user\apdataentitydatamodel" CheckedOutBy="" CheckedOutDate="0001-01-01T00:00:00Z" CreatedDate="2025-01-27T16:42:13.473" CreatedBy="40001842" LastModifiedDate="2025-01-27T16:42:13.583" LastModifiedBy="40001842" ThemeID="" ExtraInfo="" DisplayName="ASD38DForms" />
    </Folder>
    <Folder ID="825A93051559ACF811DDBD519DE127DB" Name="Data Source" ProcGroupID="825A93051559ACF811DDBD519DE127D7" AppID="825A93051559ACF811DDBD519DE127D0" Description="" CreatedBy="40003040" CreatedDate="0001-01-01T00:00:00Z" LastModifiedBy="40003040" LastModifiedDate="0001-01-01T00:00:00Z" ContentType="application\datasources" ParentFolderID="825A93051559ACF811DDBD519DE127D7" DisplayName="Data Source">
      <File ID="BAE812E420D57DA911FFDCCD9EF898AD" Name="ASD38DForms" BaseFileID="8272AB22530797BF11EEC5325562E370" PrevVerFileID="8272AB22530797BF11EEC5325562E370" AppID="825A93051559ACF811DDBD519DE127D0" ParentFolderID="825A93051559ACF811DDBD519DE127DB" ProcGroupID="825A93051559ACF811DDBD519DE127D7" Description="" Version="1.01" Status="DRAFT" ContentType="user\APDataEntityDataSource" CheckedOutBy="" CheckedOutDate="0001-01-01T00:00:00Z" CreatedDate="2025-01-27T16:42:03.887" CreatedBy="40001842" LastModifiedDate="2025-01-27T16:42:20.357" LastModifiedBy="40001842" ThemeID="" ExtraInfo="" DisplayName="ASD38DForms" />
    </Folder>
    <Folder ID="825A93051559ACF811DDBD519DE127DD" Name="Library" ProcGroupID="825A93051559ACF811DDBD519DE127D7" AppID="825A93051559ACF811DDBD519DE127D0" Description="" CreatedBy="40003040" CreatedDate="0001-01-01T00:00:00Z" LastModifiedBy="40003040" LastModifiedDate="0001-01-01T00:00:00Z" ContentType="application\taskformlibrary" ParentFolderID="825A93051559ACF811DDBD519DE127D7" DisplayName="Library">
      <File ID="BAE812E420D57DA911FFDCCD93044922" Name="Form Library" BaseFileID="825A93051559ACF811DDBE3A81EEDBBF" PrevVerFileID="8272AB22530797BF11EEC565AFB92641" AppID="825A93051559ACF811DDBD519DE127D0" ParentFolderID="825A93051559ACF811DDBD519DE127DD" ProcGroupID="825A93051559ACF811DDBD519DE127D7" Description="" Version="1.15" Status="DRAFT" ContentType="user\taskformlibrary" CheckedOutBy="" CheckedOutDate="0001-01-01T00:00:00Z" CreatedDate="2025-01-27T16:41:45.637" CreatedBy="40001842" LastModifiedDate="2025-01-27T16:41:45.637" LastModifiedBy="40001842" ThemeID="" ExtraInfo="" DisplayName="Form Library" />
    </Folder>
    <Folder ID="825A93051559ACF811DDBD519DE127DF" Name="Forms" ProcGroupID="825A93051559ACF811DDBD519DE127D7" AppID="825A93051559ACF811DDBD519DE127D0" Description="" CreatedBy="40003040" CreatedDate="0001-01-01T00:00:00Z" LastModifiedBy="40003040" LastModifiedDate="0001-01-01T00:00:00Z" ContentType="application\formsgroup" ParentFolderID="825A93051559ACF811DDBD519DE127D7" DisplayName="Forms">
      <Folder ID="825A93051559ACF811DDBD519DE127E0" Name="New" ProcGroupID="825A93051559ACF811DDBD519DE127D7" AppID="825A93051559ACF811DDBD519DE127D0" Description="" CreatedBy="40003040" CreatedDate="0001-01-01T00:00:00Z" LastModifiedBy="40003040" LastModifiedDate="0001-01-01T00:00:00Z" ContentType="application\newforms" ParentFolderID="825A93051559ACF811DDBD519DE127DF" DisplayName="New">
        <File ID="BAE812E420D57DA911FFDCCD93044923" Name="New ASD - 38D Forms" BaseFileID="8272AB22530797BF11EEC5325562E373" PrevVerFileID="8272AB22530797BF11EEC5325562E373" AppID="825A93051559ACF811DDBD519DE127D0" ParentFolderID="825A93051559ACF811DDBD519DE127E0" ProcGroupID="825A93051559ACF811DDBD519DE127D7" Description="" Version="1.0" Status="DRAFT" ContentType="user\newforms" CheckedOutBy="" CheckedOutDate="0001-01-01T00:00:00Z" CreatedDate="2025-01-27T16:41:45.853" CreatedBy="40001842" LastModifiedDate="2025-01-27T16:41:45.853" LastModifiedBy="40001842" ThemeID="" ExtraInfo="" DisplayName="New ASD - 38D Forms" />
      </Folder>
      <Folder ID="825A93051559ACF811DDBD519DE127E2" Name="Update" ProcGroupID="825A93051559ACF811DDBD519DE127D7" AppID="825A93051559ACF811DDBD519DE127D0" Description="" CreatedBy="40003040" CreatedDate="0001-01-01T00:00:00Z" LastModifiedBy="40003040" LastModifiedDate="0001-01-01T00:00:00Z" ContentType="application\updateforms" ParentFolderID="825A93051559ACF811DDBD519DE127DF" DisplayName="Update">
        <File ID="BAE812E420D57DA911FFDCCD93044925" Name="Update ASD - 38D Forms" BaseFileID="8272AB22530797BF11EEC5325562E375" PrevVerFileID="8272AB22530797BF11EEC5325562E375" AppID="825A93051559ACF811DDBD519DE127D0" ParentFolderID="825A93051559ACF811DDBD519DE127E2" ProcGroupID="825A93051559ACF811DDBD519DE127D7" Description="" Version="1.0" Status="DRAFT" ContentType="user\updateforms" CheckedOutBy="" CheckedOutDate="0001-01-01T00:00:00Z" CreatedDate="2025-01-27T16:41:45.87" CreatedBy="40001842" LastModifiedDate="2025-01-27T16:41:45.87" LastModifiedBy="40001842" ThemeID="" ExtraInfo="" DisplayName="Update ASD - 38D Forms" />
      </Folder>
      <Folder ID="825A93051559ACF811DDBD519DE127E4" Name="Widgets" ProcGroupID="825A93051559ACF811DDBD519DE127D7" AppID="825A93051559ACF811DDBD519DE127D0" Description="" CreatedBy="40003040" CreatedDate="0001-01-01T00:00:00Z" LastModifiedBy="40003040" LastModifiedDate="0001-01-01T00:00:00Z" ContentType="application\widgets" ParentFolderID="825A93051559ACF811DDBD519DE127DF" DisplayName="Widgets" />
      <Folder ID="825A93051559ACF811DDBD519DE127E5" Name="Views" ProcGroupID="825A93051559ACF811DDBD519DE127D7" AppID="825A93051559ACF811DDBD519DE127D0" Description="" CreatedBy="40003040" CreatedDate="0001-01-01T00:00:00Z" LastModifiedBy="40003040" LastModifiedDate="0001-01-01T00:00:00Z" ContentType="application\views" ParentFolderID="825A93051559ACF811DDBD519DE127DF" DisplayName="Views">
        <File ID="BAE812E420D57DA911FFDCCD9304492D" Name="Form ST1 Submissions" BaseFileID="8272AB22530797BF11EEC5325562E37D" PrevVerFileID="8272AB22530797BF11EEC5325562E37D" AppID="825A93051559ACF811DDBD519DE127D0" ParentFolderID="825A93051559ACF811DDBD519DE127E5" ProcGroupID="825A93051559ACF811DDBD519DE127D7" Description="" Version="1.02" Status="DRAFT" ContentType="user\views" CheckedOutBy="" CheckedOutDate="0001-01-01T00:00:00Z" CreatedDate="2025-01-27T16:41:45.933" CreatedBy="40001842" LastModifiedDate="2025-01-27T16:41:45.933" LastModifiedBy="40001842" ThemeID="" ExtraInfo="" DisplayName="Form ST1 Submissions" />
        <File ID="BAE812E420D57DA911FFDCCD9304492E" Name="Form A2 Submissions" BaseFileID="8272AB22530797BF11EEC5325562E377" PrevVerFileID="8272AB22530797BF11EEC5325562E377" AppID="825A93051559ACF811DDBD519DE127D0" ParentFolderID="825A93051559ACF811DDBD519DE127E5" ProcGroupID="825A93051559ACF811DDBD519DE127D7" Description="" Version="1.0" Status="DRAFT" ContentType="user\views" CheckedOutBy="" CheckedOutDate="0001-01-01T00:00:00Z" CreatedDate="2025-01-27T16:41:45.933" CreatedBy="40001842" LastModifiedDate="2025-01-27T16:41:45.933" LastModifiedBy="40001842" ThemeID="" ExtraInfo="" DisplayName="Form A2 Submissions" />
        <File ID="BAE812E420D57DA911FFDCCD9304492A" Name="Form H Submissions" BaseFileID="8272AB22530797BF11EEC5325562E37A" PrevVerFileID="8272AB22530797BF11EEC5325562E37A" AppID="825A93051559ACF811DDBD519DE127D0" ParentFolderID="825A93051559ACF811DDBD519DE127E5" ProcGroupID="825A93051559ACF811DDBD519DE127D7" Description="" Version="1.0" Status="DRAFT" ContentType="user\views" CheckedOutBy="" CheckedOutDate="0001-01-01T00:00:00Z" CreatedDate="2025-01-27T16:41:45.917" CreatedBy="40001842" LastModifiedDate="2025-01-27T16:41:45.917" LastModifiedBy="40001842" ThemeID="" ExtraInfo="" DisplayName="Form H Submissions" />
        <File ID="BAE812E420D57DA911FFDCCD9304492B" Name="Form PK Submissions" BaseFileID="8272AB22530797BF11EEC5325562E37B" PrevVerFileID="8272AB22530797BF11EEC5325562E37B" AppID="825A93051559ACF811DDBD519DE127D0" ParentFolderID="825A93051559ACF811DDBD519DE127E5" ProcGroupID="825A93051559ACF811DDBD519DE127D7" Description="" Version="1.0" Status="DRAFT" ContentType="user\views" CheckedOutBy="" CheckedOutDate="0001-01-01T00:00:00Z" CreatedDate="2025-01-27T16:41:45.917" CreatedBy="40001842" LastModifiedDate="2025-01-27T16:41:45.917" LastModifiedBy="40001842" ThemeID="" ExtraInfo="" DisplayName="Form PK Submissions" />
        <File ID="BAE812E420D57DA911FFDCCD9304492C" Name="Form O Submissions" BaseFileID="8272AB22530797BF11EEC5325562E37C" PrevVerFileID="8272AB22530797BF11EEC5325562E37C" AppID="825A93051559ACF811DDBD519DE127D0" ParentFolderID="825A93051559ACF811DDBD519DE127E5" ProcGroupID="825A93051559ACF811DDBD519DE127D7" Description="" Version="1.0" Status="DRAFT" ContentType="user\views" CheckedOutBy="" CheckedOutDate="0001-01-01T00:00:00Z" CreatedDate="2025-01-27T16:41:45.917" CreatedBy="40001842" LastModifiedDate="2025-01-27T16:41:45.917" LastModifiedBy="40001842" ThemeID="" ExtraInfo="" DisplayName="Form O Submissions" />
        <File ID="BAE812E420D57DA911FFDCCD93044927" Name="All ASD - 38D Forms" BaseFileID="8272AB22530797BF11EEC5325562E378" PrevVerFileID="8272AB22530797BF11EEC5325562E378" AppID="825A93051559ACF811DDBD519DE127D0" ParentFolderID="825A93051559ACF811DDBD519DE127E5" ProcGroupID="825A93051559ACF811DDBD519DE127D7" Description="" Version="1.02" Status="DRAFT" ContentType="user\views" CheckedOutBy="" CheckedOutDate="0001-01-01T00:00:00Z" CreatedDate="2025-01-27T16:41:45.903" CreatedBy="40001842" LastModifiedDate="2025-01-27T16:41:45.903" LastModifiedBy="40001842" ThemeID="" ExtraInfo="" DisplayName="All ASD - 38D Forms" />
        <File ID="BAE812E420D57DA911FFDCCD93044928" Name="Form SH Submissions" BaseFileID="8272AB22530797BF11EEC5325562E37E" PrevVerFileID="8272AB22530797BF11EEC5325562E37E" AppID="825A93051559ACF811DDBD519DE127D0" ParentFolderID="825A93051559ACF811DDBD519DE127E5" ProcGroupID="825A93051559ACF811DDBD519DE127D7" Description="" Version="1.0" Status="DRAFT" ContentType="user\views" CheckedOutBy="" CheckedOutDate="0001-01-01T00:00:00Z" CreatedDate="2025-01-27T16:41:45.903" CreatedBy="40001842" LastModifiedDate="2025-01-27T16:41:45.903" LastModifiedBy="40001842" ThemeID="" ExtraInfo="" DisplayName="Form SH Submissions" />
        <File ID="BAE812E420D57DA911FFDCCD93044929" Name="Form NC Submissions" BaseFileID="8272AB22530797BF11EEC5325562E379" PrevVerFileID="8272AB22530797BF11EEC5325562E379" AppID="825A93051559ACF811DDBD519DE127D0" ParentFolderID="825A93051559ACF811DDBD519DE127E5" ProcGroupID="825A93051559ACF811DDBD519DE127D7" Description="" Version="1.0" Status="DRAFT" ContentType="user\views" CheckedOutBy="" CheckedOutDate="0001-01-01T00:00:00Z" CreatedDate="2025-01-27T16:41:45.903" CreatedBy="40001842" LastModifiedDate="2025-01-27T16:41:45.903" LastModifiedBy="40001842" ThemeID="" ExtraInfo="" DisplayName="Form NC Submissions" />
      </Folder>
    </Folder>
    <Folder ID="825A93051559ACF811DDBD519DE127EE" Name="Lookups" ProcGroupID="825A93051559ACF811DDBD519DE127D7" AppID="825A93051559ACF811DDBD519DE127D0" Description="" CreatedBy="40003040" CreatedDate="0001-01-01T00:00:00Z" LastModifiedBy="40003040" LastModifiedDate="0001-01-01T00:00:00Z" ContentType="application\lookup" ParentFolderID="825A93051559ACF811DDBD519DE127D7" DisplayName="Lookups">
      <File ID="BAE812E420D57DA911FFDCCD9304493A" Name="Get Form O Submissions" BaseFileID="8272AB22530797BF11EEC5325562E384" PrevVerFileID="8272AB22530797BF11EEC5325562E384" AppID="825A93051559ACF811DDBD519DE127D0" ParentFolderID="825A93051559ACF811DDBD519DE127EE" ProcGroupID="825A93051559ACF811DDBD519DE127D7" Description="" Version="1.0" Status="DRAFT" ContentType="user\lookupmulticolumn" CheckedOutBy="" CheckedOutDate="0001-01-01T00:00:00Z" CreatedDate="2025-01-27T16:41:46.01" CreatedBy="40001842" LastModifiedDate="2025-01-27T16:41:46.01" LastModifiedBy="40001842" ThemeID="" ExtraInfo="" DisplayName="Get Form O Submissions" />
      <File ID="BAE812E420D57DA911FFDCCD9304493B" Name="Get Form PK Submissions" BaseFileID="8272AB22530797BF11EEC5325562E38B" PrevVerFileID="8272AB22530797BF11EEC5325562E38B" AppID="825A93051559ACF811DDBD519DE127D0" ParentFolderID="825A93051559ACF811DDBD519DE127EE" ProcGroupID="825A93051559ACF811DDBD519DE127D7" Description="" Version="1.0" Status="DRAFT" ContentType="user\lookupmulticolumn" CheckedOutBy="" CheckedOutDate="0001-01-01T00:00:00Z" CreatedDate="2025-01-27T16:41:46.01" CreatedBy="40001842" LastModifiedDate="2025-01-27T16:41:46.01" LastModifiedBy="40001842" ThemeID="" ExtraInfo="" DisplayName="Get Form PK Submissions" />
      <File ID="BAE812E420D57DA911FFDCCD9304493C" Name="GetASD - 38D Forms" BaseFileID="8272AB22530797BF11EEC5325562E382" PrevVerFileID="8272AB22530797BF11EEC5325562E382" AppID="825A93051559ACF811DDBD519DE127D0" ParentFolderID="825A93051559ACF811DDBD519DE127EE" ProcGroupID="825A93051559ACF811DDBD519DE127D7" Description="" Version="1.0" Status="DRAFT" ContentType="user\lookupmulticolumn" CheckedOutBy="" CheckedOutDate="0001-01-01T00:00:00Z" CreatedDate="2025-01-27T16:41:46.01" CreatedBy="40001842" LastModifiedDate="2025-01-27T16:41:46.01" LastModifiedBy="40001842" ThemeID="" ExtraInfo="" DisplayName="GetASD - 38D Forms" />
      <File ID="BAE812E420D57DA911FFDCCD93044938" Name="Form ST1 Submission" BaseFileID="8272AB22530797BF11EEC5325562E390" PrevVerFileID="8272AB22530797BF11EEC5325562E390" AppID="825A93051559ACF811DDBD519DE127D0" ParentFolderID="825A93051559ACF811DDBD519DE127EE" ProcGroupID="825A93051559ACF811DDBD519DE127D7" Description="" Version="1.0" Status="DRAFT" ContentType="user\lookupmulticolumn" CheckedOutBy="" CheckedOutDate="0001-01-01T00:00:00Z" CreatedDate="2025-01-27T16:41:45.997" CreatedBy="40001842" LastModifiedDate="2025-01-27T16:41:45.997" LastModifiedBy="40001842" ThemeID="" ExtraInfo="" DisplayName="Form ST1 Submission" />
      <File ID="BAE812E420D57DA911FFDCCD93044939" Name="Get Form A2 Submissions" BaseFileID="8272AB22530797BF11EEC5325562E383" PrevVerFileID="8272AB22530797BF11EEC5325562E383" AppID="825A93051559ACF811DDBD519DE127D0" ParentFolderID="825A93051559ACF811DDBD519DE127EE" ProcGroupID="825A93051559ACF811DDBD519DE127D7" Description="" Version="1.0" Status="DRAFT" ContentType="user\lookupmulticolumn" CheckedOutBy="" CheckedOutDate="0001-01-01T00:00:00Z" CreatedDate="2025-01-27T16:41:45.997" CreatedBy="40001842" LastModifiedDate="2025-01-27T16:41:45.997" LastModifiedBy="40001842" ThemeID="" ExtraInfo="" DisplayName="Get Form A2 Submissions" />
      <File ID="BAE812E420D57DA911FFDCCD93044935" Name="GetASD - 38D FormsRecentlyModified" BaseFileID="8272AB22530797BF11EEC5325562E38D" PrevVerFileID="8272AB22530797BF11EEC5325562E38D" AppID="825A93051559ACF811DDBD519DE127D0" ParentFolderID="825A93051559ACF811DDBD519DE127EE" ProcGroupID="825A93051559ACF811DDBD519DE127D7" Description="" Version="1.0" Status="DRAFT" ContentType="user\lookupmulticolumn" CheckedOutBy="" CheckedOutDate="0001-01-01T00:00:00Z" CreatedDate="2025-01-27T16:41:45.98" CreatedBy="40001842" LastModifiedDate="2025-01-27T16:41:45.98" LastModifiedBy="40001842" ThemeID="" ExtraInfo="" DisplayName="GetASD - 38D FormsRecentlyModified" />
      <File ID="BAE812E420D57DA911FFDCCD93044936" Name="Get Form H Submissions" BaseFileID="8272AB22530797BF11EEC5325562E38E" PrevVerFileID="8272AB22530797BF11EEC5325562E38E" AppID="825A93051559ACF811DDBD519DE127D0" ParentFolderID="825A93051559ACF811DDBD519DE127EE" ProcGroupID="825A93051559ACF811DDBD519DE127D7" Description="" Version="1.0" Status="DRAFT" ContentType="user\lookupmulticolumn" CheckedOutBy="" CheckedOutDate="0001-01-01T00:00:00Z" CreatedDate="2025-01-27T16:41:45.98" CreatedBy="40001842" LastModifiedDate="2025-01-27T16:41:45.98" LastModifiedBy="40001842" ThemeID="" ExtraInfo="" DisplayName="Get Form H Submissions" />
      <File ID="BAE812E420D57DA911FFDCCD93044937" Name="Get Form NC Submissions" BaseFileID="8272AB22530797BF11EEC5325562E38F" PrevVerFileID="8272AB22530797BF11EEC5325562E38F" AppID="825A93051559ACF811DDBD519DE127D0" ParentFolderID="825A93051559ACF811DDBD519DE127EE" ProcGroupID="825A93051559ACF811DDBD519DE127D7" Description="" Version="1.0" Status="DRAFT" ContentType="user\lookupmulticolumn" CheckedOutBy="" CheckedOutDate="0001-01-01T00:00:00Z" CreatedDate="2025-01-27T16:41:45.98" CreatedBy="40001842" LastModifiedDate="2025-01-27T16:41:45.98" LastModifiedBy="40001842" ThemeID="" ExtraInfo="" DisplayName="Get Form NC Submissions" />
      <File ID="BAE812E420D57DA911FFDCCD93044933" Name="Form SH Submission" BaseFileID="8272AB22530797BF11EEC5325562E391" PrevVerFileID="8272AB22530797BF11EEC5325562E391" AppID="825A93051559ACF811DDBD519DE127D0" ParentFolderID="825A93051559ACF811DDBD519DE127EE" ProcGroupID="825A93051559ACF811DDBD519DE127D7" Description="" Version="1.0" Status="DRAFT" ContentType="user\lookupmulticolumn" CheckedOutBy="" CheckedOutDate="0001-01-01T00:00:00Z" CreatedDate="2025-01-27T16:41:45.963" CreatedBy="40001842" LastModifiedDate="2025-01-27T16:41:45.963" LastModifiedBy="40001842" ThemeID="" ExtraInfo="" DisplayName="Form SH Submission" />
      <File ID="BAE812E420D57DA911FFDCCD93044934" Name="GetASD - 38D FormsRecentlyCreated" BaseFileID="8272AB22530797BF11EEC5325562E38C" PrevVerFileID="8272AB22530797BF11EEC5325562E38C" AppID="825A93051559ACF811DDBD519DE127D0" ParentFolderID="825A93051559ACF811DDBD519DE127EE" ProcGroupID="825A93051559ACF811DDBD519DE127D7" Description="" Version="1.0" Status="DRAFT" ContentType="user\lookupmulticolumn" CheckedOutBy="" CheckedOutDate="0001-01-01T00:00:00Z" CreatedDate="2025-01-27T16:41:45.963" CreatedBy="40001842" LastModifiedDate="2025-01-27T16:41:45.963" LastModifiedBy="40001842" ThemeID="" ExtraInfo="" DisplayName="GetASD - 38D FormsRecentlyCreated" />
    </Folder>
    <Folder ID="825A93051559ACF811DDBD519DE127F9" Name="Translation" ProcGroupID="825A93051559ACF811DDBD519DE127D7" AppID="825A93051559ACF811DDBD519DE127D0" Description="" CreatedBy="40003040" CreatedDate="0001-01-01T00:00:00Z" LastModifiedBy="40003040" LastModifiedDate="0001-01-01T00:00:00Z" ContentType="application\translation" ParentFolderID="825A93051559ACF811DDBD519DE127D7" DisplayName="Translation" />
    <Folder ID="825A93051559ACF811DDBD519DE127FA" Name="Document Repository" ProcGroupID="825A93051559ACF811DDBD519DE127D7" AppID="825A93051559ACF811DDBD519DE127D0" Description="" CreatedBy="40003040" CreatedDate="0001-01-01T00:00:00Z" LastModifiedBy="40003040" LastModifiedDate="0001-01-01T00:00:00Z" ContentType="application\documentrepository" ParentFolderID="825A93051559ACF811DDBD519DE127D7" DisplayName="Document Repository" />
    <Folder ID="825A93051559ACF811DDBD519DE127FB" Name="System Files" ProcGroupID="825A93051559ACF811DDBD519DE127D7" AppID="825A93051559ACF811DDBD519DE127D0" Description="" CreatedBy="40003040" CreatedDate="0001-01-01T00:00:00Z" LastModifiedBy="40003040" LastModifiedDate="0001-01-01T00:00:00Z" ContentType="application\hidden" ParentFolderID="825A93051559ACF811DDBD519DE127D7" DisplayName="System Files" />
    <Folder ID="825A93051559ACF811DDBD519DE127FC" Name="Process Model" ProcGroupID="825A93051559ACF811DDBD519DE127D7" AppID="825A93051559ACF811DDBD519DE127D0" Description="" CreatedBy="40003040" CreatedDate="0001-01-01T00:00:00Z" LastModifiedBy="40003040" LastModifiedDate="0001-01-01T00:00:00Z" ContentType="application\processmodel" ParentFolderID="825A93051559ACF811DDBD519DE127D7" DisplayName="Process Model">
      <File ID="BAE812E420D57DA911FFDCCD9304494E" Name="ASD - 38D Forms View All Submissions_Recently Created ASD - 38D Forms" BaseFileID="8272AB22530797BF11EEC5325562E395" PrevVerFileID="8272AB22530797BF11EEC5325562E395" AppID="825A93051559ACF811DDBD519DE127D0" ParentFolderID="825A93051559ACF811DDBD519DE127FC" ProcGroupID="825A93051559ACF811DDBD519DE127D7" Description="" Version="1.0" Status="DRAFT" ContentType="user\processmodel" CheckedOutBy="" CheckedOutDate="0001-01-01T00:00:00Z" CreatedDate="2025-01-27T16:41:46.137" CreatedBy="40001842" LastModifiedDate="2025-01-27T16:41:46.137" LastModifiedBy="40001842" ThemeID="" ExtraInfo="" DisplayName="Recently Created ASD - 38D Forms" />
      <File ID="BAE812E420D57DA911FFDCCD9304494C" Name="ASD - 38D Forms View All Submissions_All ASD - 38D Forms" BaseFileID="8272AB22530797BF11EEC5325562E397" PrevVerFileID="8272AB22530797BF11EEC5325562E397" AppID="825A93051559ACF811DDBD519DE127D0" ParentFolderID="825A93051559ACF811DDBD519DE127FC" ProcGroupID="825A93051559ACF811DDBD519DE127D7" Description="" Version="1.0" Status="DRAFT" ContentType="user\processmodel" CheckedOutBy="" CheckedOutDate="0001-01-01T00:00:00Z" CreatedDate="2025-01-27T16:41:46.12" CreatedBy="40001842" LastModifiedDate="2025-01-27T16:41:46.12" LastModifiedBy="40001842" ThemeID="" ExtraInfo="" DisplayName="All ASD - 38D Forms" />
      <File ID="BAE812E420D57DA911FFDCCD9304494D" Name="ASD - 38D Forms View All Submissions_New ASD - 38D Forms" BaseFileID="8272AB22530797BF11EEC5325562E396" PrevVerFileID="8272AB22530797BF11EEC5325562E396" AppID="825A93051559ACF811DDBD519DE127D0" ParentFolderID="825A93051559ACF811DDBD519DE127FC" ProcGroupID="825A93051559ACF811DDBD519DE127D7" Description="" Version="1.0" Status="DRAFT" ContentType="user\processmodel" CheckedOutBy="" CheckedOutDate="0001-01-01T00:00:00Z" CreatedDate="2025-01-27T16:41:46.12" CreatedBy="40001842" LastModifiedDate="2025-01-27T16:41:46.12" LastModifiedBy="40001842" ThemeID="" ExtraInfo="" DisplayName="New ASD - 38D Forms" />
      <File ID="BAE812E420D57DA911FFDCCD93044948" Name="ASD - 38D Forms View All Submissions_Form NC Submissions" BaseFileID="8272AB22530797BF11EEC5325562E39B" PrevVerFileID="8272AB22530797BF11EEC5325562E39B" AppID="825A93051559ACF811DDBD519DE127D0" ParentFolderID="825A93051559ACF811DDBD519DE127FC" ProcGroupID="825A93051559ACF811DDBD519DE127D7" Description="" Version="1.0" Status="DRAFT" ContentType="user\processmodel" CheckedOutBy="" CheckedOutDate="0001-01-01T00:00:00Z" CreatedDate="2025-01-27T16:41:46.103" CreatedBy="40001842" LastModifiedDate="2025-01-27T16:41:46.103" LastModifiedBy="40001842" ThemeID="" ExtraInfo="" DisplayName="Form NC Submissions" />
      <File ID="BAE812E420D57DA911FFDCCD93044949" Name="ASD - 38D Forms View All Submissions_Update ASD - 38D Forms" BaseFileID="8272AB22530797BF11EEC5325562E39A" PrevVerFileID="8272AB22530797BF11EEC5325562E39A" AppID="825A93051559ACF811DDBD519DE127D0" ParentFolderID="825A93051559ACF811DDBD519DE127FC" ProcGroupID="825A93051559ACF811DDBD519DE127D7" Description="" Version="1.0" Status="DRAFT" ContentType="user\processmodel" CheckedOutBy="" CheckedOutDate="0001-01-01T00:00:00Z" CreatedDate="2025-01-27T16:41:46.103" CreatedBy="40001842" LastModifiedDate="2025-01-27T16:41:46.103" LastModifiedBy="40001842" ThemeID="" ExtraInfo="" DisplayName="Update ASD - 38D Forms" />
      <File ID="BAE812E420D57DA911FFDCCD9304494A" Name="ASD - 38D Forms View All Submissions_Form SH Submissions" BaseFileID="8272AB22530797BF11EEC5325562E399" PrevVerFileID="8272AB22530797BF11EEC5325562E399" AppID="825A93051559ACF811DDBD519DE127D0" ParentFolderID="825A93051559ACF811DDBD519DE127FC" ProcGroupID="825A93051559ACF811DDBD519DE127D7" Description="" Version="1.0" Status="DRAFT" ContentType="user\processmodel" CheckedOutBy="" CheckedOutDate="0001-01-01T00:00:00Z" CreatedDate="2025-01-27T16:41:46.103" CreatedBy="40001842" LastModifiedDate="2025-01-27T16:41:46.103" LastModifiedBy="40001842" ThemeID="" ExtraInfo="" DisplayName="Form SH Submissions" />
      <File ID="BAE812E420D57DA911FFDCCD9304494B" Name="ASD - 38D Forms View All Submissions_Recently Modified ASD - 38D Forms" BaseFileID="8272AB22530797BF11EEC5325562E398" PrevVerFileID="8272AB22530797BF11EEC5325562E398" AppID="825A93051559ACF811DDBD519DE127D0" ParentFolderID="825A93051559ACF811DDBD519DE127FC" ProcGroupID="825A93051559ACF811DDBD519DE127D7" Description="" Version="1.0" Status="DRAFT" ContentType="user\processmodel" CheckedOutBy="" CheckedOutDate="0001-01-01T00:00:00Z" CreatedDate="2025-01-27T16:41:46.103" CreatedBy="40001842" LastModifiedDate="2025-01-27T16:41:46.103" LastModifiedBy="40001842" ThemeID="" ExtraInfo="" DisplayName="Recently Modified ASD - 38D Forms" />
      <File ID="BAE812E420D57DA911FFDCCD93044945" Name="ASD - 38D Forms View All Submissions_Form A2 Submissions" BaseFileID="8272AB22530797BF11EEC5325562E39E" PrevVerFileID="8272AB22530797BF11EEC5325562E39E" AppID="825A93051559ACF811DDBD519DE127D0" ParentFolderID="825A93051559ACF811DDBD519DE127FC" ProcGroupID="825A93051559ACF811DDBD519DE127D7" Description="" Version="1.0" Status="DRAFT" ContentType="user\processmodel" CheckedOutBy="" CheckedOutDate="0001-01-01T00:00:00Z" CreatedDate="2025-01-27T16:41:46.09" CreatedBy="40001842" LastModifiedDate="2025-01-27T16:41:46.09" LastModifiedBy="40001842" ThemeID="" ExtraInfo="" DisplayName="Form A2 Submissions" />
      <File ID="BAE812E420D57DA911FFDCCD93044946" Name="ASD - 38D Forms View All Submissions_Form O Submissions" BaseFileID="8272AB22530797BF11EEC5325562E39C" PrevVerFileID="8272AB22530797BF11EEC5325562E39C" AppID="825A93051559ACF811DDBD519DE127D0" ParentFolderID="825A93051559ACF811DDBD519DE127FC" ProcGroupID="825A93051559ACF811DDBD519DE127D7" Description="" Version="1.0" Status="DRAFT" ContentType="user\processmodel" CheckedOutBy="" CheckedOutDate="0001-01-01T00:00:00Z" CreatedDate="2025-01-27T16:41:46.09" CreatedBy="40001842" LastModifiedDate="2025-01-27T16:41:46.09" LastModifiedBy="40001842" ThemeID="" ExtraInfo="" DisplayName="Form O Submissions" />
      <File ID="BAE812E420D57DA911FFDCCD93044947" Name="ASD - 38D Forms View All Submissions_Form PK Submissions" BaseFileID="8272AB22530797BF11EEC5325562E39D" PrevVerFileID="8272AB22530797BF11EEC5325562E39D" AppID="825A93051559ACF811DDBD519DE127D0" ParentFolderID="825A93051559ACF811DDBD519DE127FC" ProcGroupID="825A93051559ACF811DDBD519DE127D7" Description="" Version="1.0" Status="DRAFT" ContentType="user\processmodel" CheckedOutBy="" CheckedOutDate="0001-01-01T00:00:00Z" CreatedDate="2025-01-27T16:41:46.09" CreatedBy="40001842" LastModifiedDate="2025-01-27T16:41:46.09" LastModifiedBy="40001842" ThemeID="" ExtraInfo="" DisplayName="Form PK Submissions" />
      <File ID="BAE812E420D57DA911FFDCCD93044943" Name="ASD - 38D Forms View All Submissions_Form ST1 Submissions" BaseFileID="8272AB22530797BF11EEC5325562E3A0" PrevVerFileID="8272AB22530797BF11EEC5325562E3A0" AppID="825A93051559ACF811DDBD519DE127D0" ParentFolderID="825A93051559ACF811DDBD519DE127FC" ProcGroupID="825A93051559ACF811DDBD519DE127D7" Description="" Version="1.0" Status="DRAFT" ContentType="user\processmodel" CheckedOutBy="" CheckedOutDate="0001-01-01T00:00:00Z" CreatedDate="2025-01-27T16:41:46.073" CreatedBy="40001842" LastModifiedDate="2025-01-27T16:41:46.073" LastModifiedBy="40001842" ThemeID="" ExtraInfo="" DisplayName="Form ST1 Submissions" />
      <File ID="BAE812E420D57DA911FFDCCD93044944" Name="ASD - 38D Forms View All Submissions_Form H Submissions" BaseFileID="8272AB22530797BF11EEC5325562E39F" PrevVerFileID="8272AB22530797BF11EEC5325562E39F" AppID="825A93051559ACF811DDBD519DE127D0" ParentFolderID="825A93051559ACF811DDBD519DE127FC" ProcGroupID="825A93051559ACF811DDBD519DE127D7" Description="" Version="1.0" Status="DRAFT" ContentType="user\processmodel" CheckedOutBy="" CheckedOutDate="0001-01-01T00:00:00Z" CreatedDate="2025-01-27T16:41:46.073" CreatedBy="40001842" LastModifiedDate="2025-01-27T16:41:46.073" LastModifiedBy="40001842" ThemeID="" ExtraInfo="" DisplayName="Form H Submissions" />
    </Folder>
    <Folder ID="825A93051559ACF811DDBD519DE1280F" Name="Notification" ProcGroupID="825A93051559ACF811DDBD519DE127D7" AppID="825A93051559ACF811DDBD519DE127D0" Description="" CreatedBy="40003040" CreatedDate="0001-01-01T00:00:00Z" LastModifiedBy="40003040" LastModifiedDate="0001-01-01T00:00:00Z" ContentType="application\notification" ParentFolderID="825A93051559ACF811DDBD519DE127D7" DisplayName="Notification">
      <Folder ID="825A93051559ACF811DDBD519DE12813" Name="Attachment Repository" ProcGroupID="825A93051559ACF811DDBD519DE127D7" AppID="825A93051559ACF811DDBD519DE127D0" Description="" CreatedBy="40003040" CreatedDate="0001-01-01T00:00:00Z" LastModifiedBy="40003040" LastModifiedDate="0001-01-01T00:00:00Z" ContentType="application\attachmentrepository" ParentFolderID="825A93051559ACF811DDBD519DE1280F" DisplayName="Attachment Repository" />
      <Folder ID="825FC2FFACA72A8211DDE63888F82720" Name="E-mails" ProcGroupID="825A93051559ACF811DDBD519DE127D7" AppID="825A93051559ACF811DDBD519DE127D0" Description="" CreatedBy="40003040" CreatedDate="2023-04-28T22:50:11.587" LastModifiedBy="40003040" LastModifiedDate="2023-04-28T22:50:11.587" ContentType="application\email" ParentFolderID="825A93051559ACF811DDBD519DE1280F" DisplayName="E-mails" />
    </Folder>
  </Folder>
  <CoAuthored>false</CoAuthored>
</WFEnabledApplication>