<?xml version="1.0"?>
<WFApplicationDynamicDependencies xmlns:xsd="http://www.w3.org/2001/XMLSchema" xmlns:xsi="http://www.w3.org/2001/XMLSchema-instance">
  <AppName>ARM - Request to Destroy Obsolete View</AppName>
  <Version>1.01</Version>
  <DataEntities>
    <DataEntity>
      <EntityName>ARMRecordsDestruction__u</EntityName>
      <EntityDisplayName>ARM - Records Destruction</EntityDisplayName>
      <UsedIn>
        <DependencyUsedIn>
          <FileName>ARM_View</FileName>
          <FileDisplayName>ARM_View</FileDisplayName>
          <Activities />
          <FileType>Data Source</FileType>
          <NumberOfTimesUsed>1</NumberOfTimesUsed>
        </DependencyUsedIn>
        <DependencyUsedIn>
          <FileName>GetARM - Records DestructionsRecentlyCreated</FileName>
          <FileDisplayName>GetARM - Records DestructionsRecentlyCreated</FileDisplayName>
          <Activities />
          <FileType>Lookup</FileType>
          <NumberOfTimesUsed>1</NumberOfTimesUsed>
        </DependencyUsedIn>
        <DependencyUsedIn>
          <FileName>GetARM - Records DestructionsRecentlyModified</FileName>
          <FileDisplayName>GetARM - Records DestructionsRecentlyModified</FileDisplayName>
          <Activities />
          <FileType>Lookup</FileType>
          <NumberOfTimesUsed>1</NumberOfTimesUsed>
        </DependencyUsedIn>
        <DependencyUsedIn>
          <FileName>GetARM - Records Destructions</FileName>
          <FileDisplayName>GetARM - Records Destructions</FileDisplayName>
          <Activities />
          <FileType>Lookup</FileType>
          <NumberOfTimesUsed>1</NumberOfTimesUsed>
        </DependencyUsedIn>
      </UsedIn>
      <IsExists>false</IsExists>
    </DataEntity>
    <DataEntity>
      <EntityName>armrecordsdestchildren__u</EntityName>
      <EntityDisplayName>ARM - Records Dest Children</EntityDisplayName>
      <UsedIn>
        <DependencyUsedIn>
          <FileName>ARM_View</FileName>
          <FileDisplayName>ARM_View</FileDisplayName>
          <Activities />
          <FileType>Data Source</FileType>
          <NumberOfTimesUsed>1</NumberOfTimesUsed>
        </DependencyUsedIn>
      </UsedIn>
      <IsExists>false</IsExists>
    </DataEntity>
  </DataEntities>
</WFApplicationDynamicDependencies>