<?xml version="1.0"?>
<WFEnabledApplication xmlns:xsd="http://www.w3.org/2001/XMLSchema" xmlns:xsi="http://www.w3.org/2001/XMLSchema-instance" ID="82658CA4A6897FDE11EE9535E48C5DCE" Name="ARM - Request to Destroy Obsolete View" Description="" Status="DRAFT" CreatedDate="2023-12-07T14:22:08.033" CreatedBy="40001842" AppType="StandaloneForms" Visibility="PAAS" ContentType="application" DisplayName="ARM - Request to Destroy Obsolete View" AppLocale="customlocale" ParentApplicationId="">
  <Folder ID="82658CA4A6897FDE11EE9535E48C5DCF" Name="Shared Resources" ProcGroupID="" AppID="82658CA4A6897FDE11EE9535E48C5DCE" Description="" CreatedBy="40001842" CreatedDate="0001-01-01T00:00:00Z" LastModifiedBy="40001842" LastModifiedDate="0001-01-01T00:00:00Z" ContentType="Any" ParentFolderID="82658CA4A6897FDE11EE9535E48C5DCE" DisplayName="Shared Resources">
    <Folder ID="82658CA4A6897FDE11EE9535E48C5DD1" Name="Style Sheets" ProcGroupID="" AppID="82658CA4A6897FDE11EE9535E48C5DCE" Description="" CreatedBy="40001842" CreatedDate="0001-01-01T00:00:00Z" LastModifiedBy="40001842" LastModifiedDate="0001-01-01T00:00:00Z" ContentType="application\CSS" ParentFolderID="82658CA4A6897FDE11EE9535E48C5DCF" DisplayName="Style Sheets" />
    <Folder ID="82658CA4A6897FDE11EE9535E48C5DD2" Name="JavaScript" ProcGroupID="" AppID="82658CA4A6897FDE11EE9535E48C5DCE" Description="" CreatedBy="40001842" CreatedDate="0001-01-01T00:00:00Z" LastModifiedBy="40001842" LastModifiedDate="0001-01-01T00:00:00Z" ContentType="application\js" ParentFolderID="82658CA4A6897FDE11EE9535E48C5DCF" DisplayName="JavaScript" />
    <Folder ID="82658CA4A6897FDE11EE9535E48C5DD3" Name="Images" ProcGroupID="" AppID="82658CA4A6897FDE11EE9535E48C5DCE" Description="" CreatedBy="40001842" CreatedDate="0001-01-01T00:00:00Z" LastModifiedBy="40001842" LastModifiedDate="0001-01-01T00:00:00Z" ContentType="application\image" ParentFolderID="82658CA4A6897FDE11EE9535E48C5DCF" DisplayName="Images" />
    <Folder ID="82658CA4A6897FDE11EE9535E48C5DD4" Name="Access Tokens" ProcGroupID="" AppID="82658CA4A6897FDE11EE9535E48C5DCE" Description="" CreatedBy="40001842" CreatedDate="0001-01-01T00:00:00Z" LastModifiedBy="40001842" LastModifiedDate="0001-01-01T00:00:00Z" ContentType="application\apptoken" ParentFolderID="82658CA4A6897FDE11EE9535E48C5DCF" DisplayName="Access Tokens" />
    <Folder ID="82658CA4A6897FDE11EE9535E48C5DD5" Name="Application Resources" ProcGroupID="" AppID="82658CA4A6897FDE11EE9535E48C5DCE" Description="" CreatedBy="40001842" CreatedDate="0001-01-01T00:00:00Z" LastModifiedBy="40001842" LastModifiedDate="0001-01-01T00:00:00Z" ContentType="application\applicationresources" ParentFolderID="82658CA4A6897FDE11EE9535E48C5DCF" DisplayName="Application Resources" />
    <Folder ID="82658CA4A6897FDE11EE9535E48C5DD6" Name="Comments" ProcGroupID="" AppID="82658CA4A6897FDE11EE9535E48C5DCE" Description="" CreatedBy="40001842" CreatedDate="0001-01-01T00:00:00Z" LastModifiedBy="40001842" LastModifiedDate="0001-01-01T00:00:00Z" ContentType="application\comments" ParentFolderID="82658CA4A6897FDE11EE9535E48C5DCF" DisplayName="Comments" />
  </Folder>
  <Folder ID="82658CA4A6897FDE11EE9535E48C5DD7" Name="App Model &amp; Resources" ProcGroupID="" AppID="82658CA4A6897FDE11EE9535E48C5DCE" Description="" CreatedBy="40001842" CreatedDate="0001-01-01T00:00:00Z" LastModifiedBy="40001842" LastModifiedDate="0001-01-01T00:00:00Z" ContentType="user\processgroup" ParentFolderID="82658CA4A6897FDE11EE9535E48C5DCE" DisplayName="App Model &amp; Resources">
    <Folder ID="82658CA4A6897FDE11EE9535E48C5DD8" Name="Notification" ProcGroupID="82658CA4A6897FDE11EE9535E48C5DD7" AppID="82658CA4A6897FDE11EE9535E48C5DCE" Description="" CreatedBy="40001842" CreatedDate="0001-01-01T00:00:00Z" LastModifiedBy="40001842" LastModifiedDate="0001-01-01T00:00:00Z" ContentType="application\notification" ParentFolderID="82658CA4A6897FDE11EE9535E48C5DD7" DisplayName="Notification">
      <Folder ID="82658CA4A6897FDE11EE9535E48C5DD9" Name="E-mails" ProcGroupID="82658CA4A6897FDE11EE9535E48C5DD7" AppID="82658CA4A6897FDE11EE9535E48C5DCE" Description="" CreatedBy="40001842" CreatedDate="0001-01-01T00:00:00Z" LastModifiedBy="40001842" LastModifiedDate="0001-01-01T00:00:00Z" ContentType="application\email" ParentFolderID="82658CA4A6897FDE11EE9535E48C5DD8" DisplayName="E-mails">
        <File ID="BAEB0AFFF82C906711000E47A6766D0F" Name="Record Added" BaseFileID="82658CA4A6897FDE11EE9535E48C5DDC" PrevVerFileID="82658CA4A6897FDE11EE9535E48C5DDC" AppID="82658CA4A6897FDE11EE9535E48C5DCE" ParentFolderID="82658CA4A6897FDE11EE9535E48C5DD9" ProcGroupID="82658CA4A6897FDE11EE9535E48C5DD7" Description="" Version="1.0" Status="DRAFT" ContentType="user\email" CheckedOutBy="" CheckedOutDate="0001-01-01T00:00:00Z" CreatedDate="2025-03-31T15:48:58.85" CreatedBy="40001842" LastModifiedDate="2025-03-31T15:48:58.85" LastModifiedBy="40001842" ThemeID="" ExtraInfo="" DisplayName="Record Added" />
        <File ID="BAEB0AFFF82C906711000E47A6766D10" Name="Record Edited" BaseFileID="82658CA4A6897FDE11EE9535E48C5DDA" PrevVerFileID="82658CA4A6897FDE11EE9535E48C5DDA" AppID="82658CA4A6897FDE11EE9535E48C5DCE" ParentFolderID="82658CA4A6897FDE11EE9535E48C5DD9" ProcGroupID="82658CA4A6897FDE11EE9535E48C5DD7" Description="" Version="1.0" Status="DRAFT" ContentType="user\email" CheckedOutBy="" CheckedOutDate="0001-01-01T00:00:00Z" CreatedDate="2025-03-31T15:48:58.85" CreatedBy="40001842" LastModifiedDate="2025-03-31T15:48:58.85" LastModifiedBy="40001842" ThemeID="" ExtraInfo="" DisplayName="Record Edited" />
        <File ID="BAEB0AFFF82C906711000E47A6766D0E" Name="Record Deleted" BaseFileID="82658CA4A6897FDE11EE9535E48C5DDB" PrevVerFileID="82658CA4A6897FDE11EE9535E48C5DDB" AppID="82658CA4A6897FDE11EE9535E48C5DCE" ParentFolderID="82658CA4A6897FDE11EE9535E48C5DD9" ProcGroupID="82658CA4A6897FDE11EE9535E48C5DD7" Description="" Version="1.0" Status="DRAFT" ContentType="user\email" CheckedOutBy="" CheckedOutDate="0001-01-01T00:00:00Z" CreatedDate="2025-03-31T15:48:58.833" CreatedBy="40001842" LastModifiedDate="2025-03-31T15:48:58.833" LastModifiedBy="40001842" ThemeID="" ExtraInfo="" DisplayName="Record Deleted" />
      </Folder>
    </Folder>
    <Folder ID="82658CA4A6897FDE11EE9535E48C5DDD" Name="Data Model" ProcGroupID="82658CA4A6897FDE11EE9535E48C5DD7" AppID="82658CA4A6897FDE11EE9535E48C5DCE" Description="" CreatedBy="40001842" CreatedDate="0001-01-01T00:00:00Z" LastModifiedBy="40001842" LastModifiedDate="0001-01-01T00:00:00Z" ContentType="application\datamodel" ParentFolderID="82658CA4A6897FDE11EE9535E48C5DD7" DisplayName="Data Model">
      <File ID="BAEC12DEFB27D0ED11000E47B9B8E4E4" Name="Schema.xsd" BaseFileID="82658CA4A6897FDE11EE9536265EE349" PrevVerFileID="82658CA4A6897FDE11EE9536265EE349" AppID="82658CA4A6897FDE11EE9535E48C5DCE" ParentFolderID="82658CA4A6897FDE11EE9535E48C5DDD" ProcGroupID="82658CA4A6897FDE11EE9535E48C5DD7" Description="" Version="1.01" Status="DRAFT" ContentType="user\datamodel" CheckedOutBy="" CheckedOutDate="0001-01-01T00:00:00Z" CreatedDate="2025-03-31T15:49:33.02" CreatedBy="40001842" LastModifiedDate="2025-03-31T15:49:50.21" LastModifiedBy="40001842" ThemeID="" ExtraInfo="[{&quot;Name&quot; : &quot;NamespaceUpdated&quot; , &quot;Value&quot; : &quot;True&quot;}]" DisplayName="Schema.xsd" />
      <File ID="BAEC12DEFB27D0ED11000E47B9B8E4EA" Name="ARM_View" BaseFileID="82658CA4A6897FDE11EE9536265EE34A" PrevVerFileID="82658CA4A6897FDE11EE9536265EE34A" AppID="82658CA4A6897FDE11EE9535E48C5DCE" ParentFolderID="82658CA4A6897FDE11EE9535E48C5DDD" ProcGroupID="82658CA4A6897FDE11EE9535E48C5DD7" Description="Datasource ARM_View Schema" Version="1.01" Status="DRAFT" ContentType="user\apdataentitydatamodel" CheckedOutBy="" CheckedOutDate="0001-01-01T00:00:00Z" CreatedDate="2025-03-31T15:49:33.177" CreatedBy="40001842" LastModifiedDate="2025-03-31T15:49:33.237" LastModifiedBy="40001842" ThemeID="" ExtraInfo="" DisplayName="ARM_View" />
    </Folder>
    <Folder ID="82658CA4A6897FDE11EE9535E48C5DE0" Name="Data Source" ProcGroupID="82658CA4A6897FDE11EE9535E48C5DD7" AppID="82658CA4A6897FDE11EE9535E48C5DCE" Description="" CreatedBy="40001842" CreatedDate="0001-01-01T00:00:00Z" LastModifiedBy="40001842" LastModifiedDate="0001-01-01T00:00:00Z" ContentType="application\datasources" ParentFolderID="82658CA4A6897FDE11EE9535E48C5DD7" DisplayName="Data Source">
      <File ID="BAEC12DEFB27D0ED11000E47ADC1BC27" Name="ARM_View" BaseFileID="82658CA4A6897FDE11EE953620646160" PrevVerFileID="82658CA4A6897FDE11EE953620646160" AppID="82658CA4A6897FDE11EE9535E48C5DCE" ParentFolderID="82658CA4A6897FDE11EE9535E48C5DE0" ProcGroupID="82658CA4A6897FDE11EE9535E48C5DD7" Description="" Version="1.01" Status="DRAFT" ContentType="user\APDataEntityDataSource" CheckedOutBy="" CheckedOutDate="0001-01-01T00:00:00Z" CreatedDate="2025-03-31T15:49:17.807" CreatedBy="40001842" LastModifiedDate="2025-03-31T15:49:50.163" LastModifiedBy="40001842" ThemeID="" ExtraInfo="" DisplayName="ARM_View" />
    </Folder>
    <Folder ID="82658CA4A6897FDE11EE9535E48C5DE2" Name="Library" ProcGroupID="82658CA4A6897FDE11EE9535E48C5DD7" AppID="82658CA4A6897FDE11EE9535E48C5DCE" Description="" CreatedBy="40001842" CreatedDate="0001-01-01T00:00:00Z" LastModifiedBy="40001842" LastModifiedDate="0001-01-01T00:00:00Z" ContentType="application\taskformlibrary" ParentFolderID="82658CA4A6897FDE11EE9535E48C5DD7" DisplayName="Library">
      <File ID="BAEB0AFFF82C906711000E47A6766D14" Name="Form Library" BaseFileID="82658CA4A6897FDE11EE9535E48C5DE3" PrevVerFileID="82658CA4A6897FDE11EE9535E48C5DE3" AppID="82658CA4A6897FDE11EE9535E48C5DCE" ParentFolderID="82658CA4A6897FDE11EE9535E48C5DE2" ProcGroupID="82658CA4A6897FDE11EE9535E48C5DD7" Description="" Version="1.0" Status="DRAFT" ContentType="user\taskformlibrary" CheckedOutBy="" CheckedOutDate="0001-01-01T00:00:00Z" CreatedDate="2025-03-31T15:48:58.913" CreatedBy="40001842" LastModifiedDate="2025-03-31T15:48:58.913" LastModifiedBy="40001842" ThemeID="" ExtraInfo="" DisplayName="Form Library" />
    </Folder>
    <Folder ID="82658CA4A6897FDE11EE9535E48C5DE4" Name="Forms" ProcGroupID="82658CA4A6897FDE11EE9535E48C5DD7" AppID="82658CA4A6897FDE11EE9535E48C5DCE" Description="" CreatedBy="40001842" CreatedDate="0001-01-01T00:00:00Z" LastModifiedBy="40001842" LastModifiedDate="0001-01-01T00:00:00Z" ContentType="application\formsgroup" ParentFolderID="82658CA4A6897FDE11EE9535E48C5DD7" DisplayName="Forms">
      <Folder ID="82658CA4A6897FDE11EE9535E48C5DE5" Name="New" ProcGroupID="82658CA4A6897FDE11EE9535E48C5DD7" AppID="82658CA4A6897FDE11EE9535E48C5DCE" Description="" CreatedBy="40001842" CreatedDate="0001-01-01T00:00:00Z" LastModifiedBy="40001842" LastModifiedDate="0001-01-01T00:00:00Z" ContentType="application\newforms" ParentFolderID="82658CA4A6897FDE11EE9535E48C5DE4" DisplayName="New">
        <File ID="BAEB0AFFF82C906711000E47A6766D15" Name="New ARM - Records Destruction" BaseFileID="82658CA4A6897FDE11EE9535E48C5DE6" PrevVerFileID="82658CA4A6897FDE11EE9535E48C5DE6" AppID="82658CA4A6897FDE11EE9535E48C5DCE" ParentFolderID="82658CA4A6897FDE11EE9535E48C5DE5" ProcGroupID="82658CA4A6897FDE11EE9535E48C5DD7" Description="" Version="1.0" Status="DRAFT" ContentType="user\newforms" CheckedOutBy="" CheckedOutDate="0001-01-01T00:00:00Z" CreatedDate="2025-03-31T15:48:58.93" CreatedBy="40001842" LastModifiedDate="2025-03-31T15:48:58.93" LastModifiedBy="40001842" ThemeID="" ExtraInfo="" DisplayName="New ARM - Records Destruction" />
      </Folder>
      <Folder ID="82658CA4A6897FDE11EE9535E48C5DE7" Name="Update" ProcGroupID="82658CA4A6897FDE11EE9535E48C5DD7" AppID="82658CA4A6897FDE11EE9535E48C5DCE" Description="" CreatedBy="40001842" CreatedDate="0001-01-01T00:00:00Z" LastModifiedBy="40001842" LastModifiedDate="0001-01-01T00:00:00Z" ContentType="application\updateforms" ParentFolderID="82658CA4A6897FDE11EE9535E48C5DE4" DisplayName="Update">
        <File ID="BAEB0AFFF82C906711000E47A6766D16" Name="Update ARM - Records Destruction" BaseFileID="82658CA4A6897FDE11EE9535E48C5DE8" PrevVerFileID="82658CA4A6897FDE11EE9535E48C5DE8" AppID="82658CA4A6897FDE11EE9535E48C5DCE" ParentFolderID="82658CA4A6897FDE11EE9535E48C5DE7" ProcGroupID="82658CA4A6897FDE11EE9535E48C5DD7" Description="" Version="1.0" Status="DRAFT" ContentType="user\updateforms" CheckedOutBy="" CheckedOutDate="0001-01-01T00:00:00Z" CreatedDate="2025-03-31T15:48:58.943" CreatedBy="40001842" LastModifiedDate="2025-03-31T15:48:58.943" LastModifiedBy="40001842" ThemeID="" ExtraInfo="" DisplayName="Update ARM - Records Destruction" />
      </Folder>
      <Folder ID="82658CA4A6897FDE11EE9535E48C5DE9" Name="Widgets" ProcGroupID="82658CA4A6897FDE11EE9535E48C5DD7" AppID="82658CA4A6897FDE11EE9535E48C5DCE" Description="" CreatedBy="40001842" CreatedDate="0001-01-01T00:00:00Z" LastModifiedBy="40001842" LastModifiedDate="0001-01-01T00:00:00Z" ContentType="application\widgets" ParentFolderID="82658CA4A6897FDE11EE9535E48C5DE4" DisplayName="Widgets" />
      <Folder ID="82658CA4A6897FDE11EE9535E48C5DEA" Name="Views" ProcGroupID="82658CA4A6897FDE11EE9535E48C5DD7" AppID="82658CA4A6897FDE11EE9535E48C5DCE" Description="" CreatedBy="40001842" CreatedDate="0001-01-01T00:00:00Z" LastModifiedBy="40001842" LastModifiedDate="0001-01-01T00:00:00Z" ContentType="application\views" ParentFolderID="82658CA4A6897FDE11EE9535E48C5DE4" DisplayName="Views">
        <File ID="BAEB0AFFF82C906711000E47A6766D18" Name="All ARM - Records Destructions" BaseFileID="82658CA4A6897FDE11EE9535E48C5DEC" PrevVerFileID="82658CA4A6897FDE11EE9535E48C5DEC" AppID="82658CA4A6897FDE11EE9535E48C5DCE" ParentFolderID="82658CA4A6897FDE11EE9535E48C5DEA" ProcGroupID="82658CA4A6897FDE11EE9535E48C5DD7" Description="" Version="1.0" Status="DRAFT" ContentType="user\views" CheckedOutBy="" CheckedOutDate="0001-01-01T00:00:00Z" CreatedDate="2025-03-31T15:48:58.977" CreatedBy="40001842" LastModifiedDate="2025-03-31T15:48:58.977" LastModifiedBy="40001842" ThemeID="" ExtraInfo="" DisplayName="All ARM - Records Destructions" />
        <File ID="BAEB0AFFF82C906711000E47A6766D19" Name="Recently Created ARM - Records Destructions" BaseFileID="82658CA4A6897FDE11EE9535E48C5DED" PrevVerFileID="82658CA4A6897FDE11EE9535E48C5DED" AppID="82658CA4A6897FDE11EE9535E48C5DCE" ParentFolderID="82658CA4A6897FDE11EE9535E48C5DEA" ProcGroupID="82658CA4A6897FDE11EE9535E48C5DD7" Description="" Version="1.0" Status="DRAFT" ContentType="user\views" CheckedOutBy="" CheckedOutDate="0001-01-01T00:00:00Z" CreatedDate="2025-03-31T15:48:58.977" CreatedBy="40001842" LastModifiedDate="2025-03-31T15:48:58.977" LastModifiedBy="40001842" ThemeID="" ExtraInfo="" DisplayName="Recently Created ARM - Records Destructions" />
        <File ID="BAEB0AFFF82C906711000E47A6766D17" Name="Recently Modified ARM - Records Destructions" BaseFileID="82658CA4A6897FDE11EE9535E48C5DEB" PrevVerFileID="82658CA4A6897FDE11EE9535E48C5DEB" AppID="82658CA4A6897FDE11EE9535E48C5DCE" ParentFolderID="82658CA4A6897FDE11EE9535E48C5DEA" ProcGroupID="82658CA4A6897FDE11EE9535E48C5DD7" Description="" Version="1.0" Status="DRAFT" ContentType="user\views" CheckedOutBy="" CheckedOutDate="0001-01-01T00:00:00Z" CreatedDate="2025-03-31T15:48:58.96" CreatedBy="40001842" LastModifiedDate="2025-03-31T15:48:58.96" LastModifiedBy="40001842" ThemeID="" ExtraInfo="" DisplayName="Recently Modified ARM - Records Destructions" />
      </Folder>
    </Folder>
    <Folder ID="82658CA4A6897FDE11EE9535E48C5DEE" Name="Lookups" ProcGroupID="82658CA4A6897FDE11EE9535E48C5DD7" AppID="82658CA4A6897FDE11EE9535E48C5DCE" Description="" CreatedBy="40001842" CreatedDate="0001-01-01T00:00:00Z" LastModifiedBy="40001842" LastModifiedDate="0001-01-01T00:00:00Z" ContentType="application\lookup" ParentFolderID="82658CA4A6897FDE11EE9535E48C5DD7" DisplayName="Lookups">
      <File ID="BAEB0AFFF82C906711000E47A6766D1E" Name="GetARM - Records DestructionsRecentlyCreated" BaseFileID="82658CA4A6897FDE11EE9535E48C5DEF" PrevVerFileID="82658CA4A6897FDE11EE9535E48C5DEF" AppID="82658CA4A6897FDE11EE9535E48C5DCE" ParentFolderID="82658CA4A6897FDE11EE9535E48C5DEE" ProcGroupID="82658CA4A6897FDE11EE9535E48C5DD7" Description="" Version="1.0" Status="DRAFT" ContentType="user\lookupmulticolumn" CheckedOutBy="" CheckedOutDate="0001-01-01T00:00:00Z" CreatedDate="2025-03-31T15:48:59.007" CreatedBy="40001842" LastModifiedDate="2025-03-31T15:48:59.007" LastModifiedBy="40001842" ThemeID="" ExtraInfo="" DisplayName="GetARM - Records DestructionsRecentlyCreated" />
      <File ID="BAEB0AFFF82C906711000E47A6766D1C" Name="GetARM - Records DestructionsRecentlyModified" BaseFileID="82658CA4A6897FDE11EE9535E48C5DF0" PrevVerFileID="82658CA4A6897FDE11EE9535E48C5DF0" AppID="82658CA4A6897FDE11EE9535E48C5DCE" ParentFolderID="82658CA4A6897FDE11EE9535E48C5DEE" ProcGroupID="82658CA4A6897FDE11EE9535E48C5DD7" Description="" Version="1.0" Status="DRAFT" ContentType="user\lookupmulticolumn" CheckedOutBy="" CheckedOutDate="0001-01-01T00:00:00Z" CreatedDate="2025-03-31T15:48:58.99" CreatedBy="40001842" LastModifiedDate="2025-03-31T15:48:58.99" LastModifiedBy="40001842" ThemeID="" ExtraInfo="" DisplayName="GetARM - Records DestructionsRecentlyModified" />
      <File ID="BAEB0AFFF82C906711000E47A6766D1D" Name="GetARM - Records Destructions" BaseFileID="82658CA4A6897FDE11EE9535E48C5DF1" PrevVerFileID="82658CA4A6897FDE11EE9535E48C5DF1" AppID="82658CA4A6897FDE11EE9535E48C5DCE" ParentFolderID="82658CA4A6897FDE11EE9535E48C5DEE" ProcGroupID="82658CA4A6897FDE11EE9535E48C5DD7" Description="" Version="1.0" Status="DRAFT" ContentType="user\lookupmulticolumn" CheckedOutBy="" CheckedOutDate="0001-01-01T00:00:00Z" CreatedDate="2025-03-31T15:48:58.99" CreatedBy="40001842" LastModifiedDate="2025-03-31T15:48:58.99" LastModifiedBy="40001842" ThemeID="" ExtraInfo="" DisplayName="GetARM - Records Destructions" />
    </Folder>
    <Folder ID="82658CA4A6897FDE11EE9535E48C5DF2" Name="Translation" ProcGroupID="82658CA4A6897FDE11EE9535E48C5DD7" AppID="82658CA4A6897FDE11EE9535E48C5DCE" Description="" CreatedBy="40001842" CreatedDate="0001-01-01T00:00:00Z" LastModifiedBy="40001842" LastModifiedDate="0001-01-01T00:00:00Z" ContentType="application\translation" ParentFolderID="82658CA4A6897FDE11EE9535E48C5DD7" DisplayName="Translation" />
    <Folder ID="82658CA4A6897FDE11EE9535E48C5DF3" Name="Document Repository" ProcGroupID="82658CA4A6897FDE11EE9535E48C5DD7" AppID="82658CA4A6897FDE11EE9535E48C5DCE" Description="" CreatedBy="40001842" CreatedDate="0001-01-01T00:00:00Z" LastModifiedBy="40001842" LastModifiedDate="0001-01-01T00:00:00Z" ContentType="application\documentrepository" ParentFolderID="82658CA4A6897FDE11EE9535E48C5DD7" DisplayName="Document Repository" />
    <Folder ID="82658CA4A6897FDE11EE9535E48C5DF4" Name="System Files" ProcGroupID="82658CA4A6897FDE11EE9535E48C5DD7" AppID="82658CA4A6897FDE11EE9535E48C5DCE" Description="" CreatedBy="40001842" CreatedDate="0001-01-01T00:00:00Z" LastModifiedBy="40001842" LastModifiedDate="0001-01-01T00:00:00Z" ContentType="application\hidden" ParentFolderID="82658CA4A6897FDE11EE9535E48C5DD7" DisplayName="System Files" />
    <Folder ID="82658CA4A6897FDE11EE9535E48C5DF5" Name="Process Model" ProcGroupID="82658CA4A6897FDE11EE9535E48C5DD7" AppID="82658CA4A6897FDE11EE9535E48C5DCE" Description="" CreatedBy="40001842" CreatedDate="0001-01-01T00:00:00Z" LastModifiedBy="40001842" LastModifiedDate="0001-01-01T00:00:00Z" ContentType="application\processmodel" ParentFolderID="82658CA4A6897FDE11EE9535E48C5DD7" DisplayName="Process Model">
      <File ID="BAEB0AFFF82C906711000E47A6766D23" Name="ARM - Request to Destroy Obsolete View_All ARM - Records Destructions" BaseFileID="82658CA4A6897FDE11EE9535E48C5DF9" PrevVerFileID="82658CA4A6897FDE11EE9535E48C5DF9" AppID="82658CA4A6897FDE11EE9535E48C5DCE" ParentFolderID="82658CA4A6897FDE11EE9535E48C5DF5" ProcGroupID="82658CA4A6897FDE11EE9535E48C5DD7" Description="" Version="1.0" Status="DRAFT" ContentType="user\processmodel" CheckedOutBy="" CheckedOutDate="0001-01-01T00:00:00Z" CreatedDate="2025-03-31T15:48:59.053" CreatedBy="40001842" LastModifiedDate="2025-03-31T15:48:59.053" LastModifiedBy="40001842" ThemeID="" ExtraInfo="" DisplayName="ARM - Request to Destroy Obsolete View_All ARM - Records Destructions" />
      <File ID="BAEB0AFFF82C906711000E47A6766D1F" Name="ARM - Request to Destroy Obsolete View_New ARM - Records Destruction" BaseFileID="82658CA4A6897FDE11EE9535E48C5DFA" PrevVerFileID="82658CA4A6897FDE11EE9535E48C5DFA" AppID="82658CA4A6897FDE11EE9535E48C5DCE" ParentFolderID="82658CA4A6897FDE11EE9535E48C5DF5" ProcGroupID="82658CA4A6897FDE11EE9535E48C5DD7" Description="" Version="1.0" Status="DRAFT" ContentType="user\processmodel" CheckedOutBy="" CheckedOutDate="0001-01-01T00:00:00Z" CreatedDate="2025-03-31T15:48:59.037" CreatedBy="40001842" LastModifiedDate="2025-03-31T15:48:59.037" LastModifiedBy="40001842" ThemeID="" ExtraInfo="" DisplayName="ARM - Request to Destroy Obsolete View_New ARM - Records Destruction" />
      <File ID="BAEB0AFFF82C906711000E47A6766D20" Name="ARM - Request to Destroy Obsolete View_Recently Created ARM - Records Destructions" BaseFileID="82658CA4A6897FDE11EE9535E48C5DF6" PrevVerFileID="82658CA4A6897FDE11EE9535E48C5DF6" AppID="82658CA4A6897FDE11EE9535E48C5DCE" ParentFolderID="82658CA4A6897FDE11EE9535E48C5DF5" ProcGroupID="82658CA4A6897FDE11EE9535E48C5DD7" Description="" Version="1.0" Status="DRAFT" ContentType="user\processmodel" CheckedOutBy="" CheckedOutDate="0001-01-01T00:00:00Z" CreatedDate="2025-03-31T15:48:59.037" CreatedBy="40001842" LastModifiedDate="2025-03-31T15:48:59.037" LastModifiedBy="40001842" ThemeID="" ExtraInfo="" DisplayName="ARM - Request to Destroy Obsolete View_Recently Created ARM - Records Destructions" />
      <File ID="BAEB0AFFF82C906711000E47A6766D21" Name="ARM - Request to Destroy Obsolete View_Update ARM - Records Destruction" BaseFileID="82658CA4A6897FDE11EE9535E48C5DF8" PrevVerFileID="82658CA4A6897FDE11EE9535E48C5DF8" AppID="82658CA4A6897FDE11EE9535E48C5DCE" ParentFolderID="82658CA4A6897FDE11EE9535E48C5DF5" ProcGroupID="82658CA4A6897FDE11EE9535E48C5DD7" Description="" Version="1.0" Status="DRAFT" ContentType="user\processmodel" CheckedOutBy="" CheckedOutDate="0001-01-01T00:00:00Z" CreatedDate="2025-03-31T15:48:59.037" CreatedBy="40001842" LastModifiedDate="2025-03-31T15:48:59.037" LastModifiedBy="40001842" ThemeID="" ExtraInfo="" DisplayName="ARM - Request to Destroy Obsolete View_Update ARM - Records Destruction" />
      <File ID="BAEB0AFFF82C906711000E47A6766D22" Name="ARM - Request to Destroy Obsolete View_Recently Modified ARM - Records Destructions" BaseFileID="82658CA4A6897FDE11EE9535E48C5DF7" PrevVerFileID="82658CA4A6897FDE11EE9535E48C5DF7" AppID="82658CA4A6897FDE11EE9535E48C5DCE" ParentFolderID="82658CA4A6897FDE11EE9535E48C5DF5" ProcGroupID="82658CA4A6897FDE11EE9535E48C5DD7" Description="" Version="1.0" Status="DRAFT" ContentType="user\processmodel" CheckedOutBy="" CheckedOutDate="0001-01-01T00:00:00Z" CreatedDate="2025-03-31T15:48:59.037" CreatedBy="40001842" LastModifiedDate="2025-03-31T15:48:59.037" LastModifiedBy="40001842" ThemeID="" ExtraInfo="" DisplayName="ARM - Request to Destroy Obsolete View_Recently Modified ARM - Records Destructions" />
    </Folder>
  </Folder>
  <CoAuthored>false</CoAuthored>
</WFEnabledApplication>