<?xml version="1.0"?>
<WFEnabledApplication xmlns:xsd="http://www.w3.org/2001/XMLSchema" xmlns:xsi="http://www.w3.org/2001/XMLSchema-instance" ID="AA5012F761F5622411AA0F94F3F5FD15" Name="DoIT - Overtime Request" Description="" Status="DRAFT" CreatedDate="2019-11-25T07:05:05.47" CreatedBy="INT00116" AppType="eForms" Visibility="PAAS" ContentType="application" DisplayName="DoIT - Overtime Request" AppLocale="customlocale" ParentApplicationId="">
  <Folder ID="AA5012F761F5622411AA0F94F3F5FD16" Name="Shared Resources" ProcGroupID="" AppID="AA5012F761F5622411AA0F94F3F5FD15" Description="" CreatedBy="INT00116" CreatedDate="2019-11-25T07:05:05.47" LastModifiedBy="" LastModifiedDate="0001-01-01T00:00:00Z" ContentType="Any" ParentFolderID="AA5012F761F5622411AA0F94F3F5FD15" DisplayName="Shared Resources">
    <Folder ID="AA5012F761F5622411AA0F94F3F5FD17" Name="Style Sheets" ProcGroupID="" AppID="AA5012F761F5622411AA0F94F3F5FD15" Description="" CreatedBy="INT00116" CreatedDate="2019-11-25T07:05:05.47" LastModifiedBy="" LastModifiedDate="0001-01-01T00:00:00Z" ContentType="application\CSS" ParentFolderID="AA5012F761F5622411AA0F94F3F5FD16" DisplayName="Style Sheets">
      <File ID="BAE4122DC7151DEB11FFD906DB6A7A00" Name="Hide edit button.css" BaseFileID="BAE4122DC7151DEB11FFD905DF8C45B9" PrevVerFileID="BAE4122DC7151DEB11FFD905DF8C45B9" AppID="AA5012F761F5622411AA0F94F3F5FD15" ParentFolderID="AA5012F761F5622411AA0F94F3F5FD17" ProcGroupID="" Description="Hide edit button in view form" Version="1.02" Status="RELEASED" ContentType="user\CSS" CheckedOutBy="" CheckedOutDate="0001-01-01T00:00:00Z" CreatedDate="2025-01-22T21:21:44.043" CreatedBy="40001842" LastModifiedDate="2025-01-22T21:22:13.537" LastModifiedBy="40001842" ThemeID="" ExtraInfo="" DisplayName="Hide edit button.css" />
    </Folder>
    <Folder ID="AA5012F761F5622411AA0F94F3F5FD18" Name="JavaScript" ProcGroupID="" AppID="AA5012F761F5622411AA0F94F3F5FD15" Description="" CreatedBy="INT00116" CreatedDate="2019-11-25T07:05:05.47" LastModifiedBy="" LastModifiedDate="0001-01-01T00:00:00Z" ContentType="application\js" ParentFolderID="AA5012F761F5622411AA0F94F3F5FD16" DisplayName="JavaScript" />
    <Folder ID="AA5012F761F5622411AA0F94F3F5FD19" Name="Images" ProcGroupID="" AppID="AA5012F761F5622411AA0F94F3F5FD15" Description="" CreatedBy="INT00116" CreatedDate="2019-11-25T07:05:05.47" LastModifiedBy="" LastModifiedDate="0001-01-01T00:00:00Z" ContentType="application\image" ParentFolderID="AA5012F761F5622411AA0F94F3F5FD16" DisplayName="Images" />
    <Folder ID="AA5012F761F5622411AA0F94F3F5FD1A" Name="Access Tokens" ProcGroupID="" AppID="AA5012F761F5622411AA0F94F3F5FD15" Description="" CreatedBy="INT00116" CreatedDate="2019-11-25T07:05:05.47" LastModifiedBy="" LastModifiedDate="0001-01-01T00:00:00Z" ContentType="application\apptoken" ParentFolderID="AA5012F761F5622411AA0F94F3F5FD16" DisplayName="Access Tokens" />
    <Folder ID="AA5012F761F5622411AA0F94F3F5FD1B" Name="Application Resources" ProcGroupID="" AppID="AA5012F761F5622411AA0F94F3F5FD15" Description="" CreatedBy="INT00116" CreatedDate="2019-11-25T07:05:05.47" LastModifiedBy="" LastModifiedDate="0001-01-01T00:00:00Z" ContentType="application\applicationresources" ParentFolderID="AA5012F761F5622411AA0F94F3F5FD16" DisplayName="Application Resources" />
    <Folder ID="AA7D9C33EB30899511DDDB34E646BF0F" Name="Comments" ProcGroupID="AA5012F761F5622411AA0F94F3F5FD16" AppID="AA5012F761F5622411AA0F94F3F5FD15" Description="" CreatedBy="INT00116" CreatedDate="2023-04-14T22:26:21.183" LastModifiedBy="INT00116" LastModifiedDate="2023-04-14T22:26:21.183" ContentType="application\comments" ParentFolderID="AA5012F761F5622411AA0F94F3F5FD16" DisplayName="Comments" />
  </Folder>
  <Folder ID="AA5012F761F5622411AA0F94F3F5FD1C" Name="Processes" ProcGroupID="" AppID="AA5012F761F5622411AA0F94F3F5FD15" Description="" CreatedBy="INT00116" CreatedDate="2019-11-25T07:05:05.47" LastModifiedBy="" LastModifiedDate="0001-01-01T00:00:00Z" ContentType="application\processgroup" ParentFolderID="AA5012F761F5622411AA0F94F3F5FD15" DisplayName="Processes">
    <Folder ID="AA5012F761F5622411AA0F94F3F5FD3B" Name="DoIT - Overtime Request" ProcGroupID="" AppID="AA5012F761F5622411AA0F94F3F5FD15" Description="" CreatedBy="INT00116" CreatedDate="2019-11-25T07:05:05.61" LastModifiedBy="" LastModifiedDate="0001-01-01T00:00:00Z" ContentType="user\processgroup" ParentFolderID="AA5012F761F5622411AA0F94F3F5FD1C" DisplayName="DoIT - Overtime Request">
      <Folder ID="AA5012F761F5622411AA0F94F3F5FD3C" Name="Process Model" ProcGroupID="AA5012F761F5622411AA0F94F3F5FD3B" AppID="AA5012F761F5622411AA0F94F3F5FD15" Description="" CreatedBy="INT00116" CreatedDate="2019-11-25T07:05:05.61" LastModifiedBy="" LastModifiedDate="0001-01-01T00:00:00Z" ContentType="application\processmodel" ParentFolderID="AA5012F761F5622411AA0F94F3F5FD3B" DisplayName="Process Model">
        <File ID="BAE4122DC7151DEB11FFD9C0CBCDB429" Name="DoIT - Overtime Request" BaseFileID="AA5012F761F5622411AA108B13625AC5" PrevVerFileID="AA9AAC82A542331111FF0CF0AE2B1856" AppID="AA5012F761F5622411AA0F94F3F5FD15" ParentFolderID="AA5012F761F5622411AA0F94F3F5FD3C" ProcGroupID="AA5012F761F5622411AA0F94F3F5FD3B" Description="" Version="1.82" Status="RELEASED" ContentType="user\processmodel" CheckedOutBy="" CheckedOutDate="0001-01-01T00:00:00Z" CreatedDate="2025-01-23T19:32:37.237" CreatedBy="INT00116" LastModifiedDate="2025-01-30T21:18:35.65" LastModifiedBy="40001842" ThemeID="" ExtraInfo="" DisplayName="DoIT - Overtime Request" />
      </Folder>
      <Folder ID="AA5012F761F5622411AA0F94F3F5FD3D" Name="Notification" ProcGroupID="AA5012F761F5622411AA0F94F3F5FD3B" AppID="AA5012F761F5622411AA0F94F3F5FD15" Description="" CreatedBy="INT00116" CreatedDate="2019-11-25T07:05:05.61" LastModifiedBy="" LastModifiedDate="0001-01-01T00:00:00Z" ContentType="application\notification" ParentFolderID="AA5012F761F5622411AA0F94F3F5FD3B" DisplayName="Notification">
        <Folder ID="AA5012F761F5622411AA0F94F3F5FD3E" Name="E-mails" ProcGroupID="AA5012F761F5622411AA0F94F3F5FD3B" AppID="AA5012F761F5622411AA0F94F3F5FD15" Description="" CreatedBy="INT00116" CreatedDate="2019-11-25T07:05:05.61" LastModifiedBy="" LastModifiedDate="0001-01-01T00:00:00Z" ContentType="application\email" ParentFolderID="AA5012F761F5622411AA0F94F3F5FD3D" DisplayName="E-mails">
          <File ID="BAE4122DC7151DEB11FFD9C233FA051B" Name="You Have A Task" BaseFileID="AA5012F761F5622411AA0FC2C9FCEF73" PrevVerFileID="AA6693252735B48211CC5DAEFD275B70" AppID="AA5012F761F5622411AA0F94F3F5FD15" ParentFolderID="AA5012F761F5622411AA0F94F3F5FD3E" ProcGroupID="AA5012F761F5622411AA0F94F3F5FD3B" Description="" Version="1.09" Status="RELEASED" ContentType="user\email" CheckedOutBy="" CheckedOutDate="0001-01-01T00:00:00Z" CreatedDate="2025-01-23T19:42:46.293" CreatedBy="INT00116" LastModifiedDate="2025-01-30T21:18:35.73" LastModifiedBy="40001842" ThemeID="" ExtraInfo="" DisplayName="You Have A Task" />
          <File ID="AA6DBA982F96838F11CCD18F96DCB290" Name="Rework Request" BaseFileID="AA5012F761F5622411AA109A227860EC" PrevVerFileID="AA6212F761F5622411CC37601089712B" AppID="AA5012F761F5622411AA0F94F3F5FD15" ParentFolderID="AA5012F761F5622411AA0F94F3F5FD3E" ProcGroupID="AA5012F761F5622411AA0F94F3F5FD3B" Description="" Version="1.04" Status="RELEASED" ContentType="user\email" CheckedOutBy="" CheckedOutDate="0001-01-01T00:00:00Z" CreatedDate="2022-05-11T21:05:29.287" CreatedBy="INT00116" LastModifiedDate="2024-05-07T18:44:15.973" LastModifiedBy="40001842" ThemeID="" ExtraInfo="" DisplayName="Rework Request" />
          <File ID="AA6212F761F5622411CC3732EBC70AF5" Name="Thank You" BaseFileID="AA5012F761F5622411AA0F94F3F5FD5B" PrevVerFileID="AA6212F761F5622411CC335F222C1006" AppID="AA5012F761F5622411AA0F94F3F5FD15" ParentFolderID="AA5012F761F5622411AA0F94F3F5FD3E" ProcGroupID="AA5012F761F5622411AA0F94F3F5FD3B" Description="" Version="1.05" Status="RELEASED" ContentType="user\email" CheckedOutBy="" CheckedOutDate="0001-01-01T00:00:00Z" CreatedDate="2021-10-27T10:34:03.693" CreatedBy="INT00116" LastModifiedDate="2021-10-27T10:39:50.35" LastModifiedBy="INT00116" ThemeID="" ExtraInfo="" DisplayName="Thank You" />
          <File ID="AA6212F761F5622411CC35C450CB5C9C" Name="Email - Action Future Request" BaseFileID="AA6212F761F5622411CC35C450CB5C9C" PrevVerFileID="" AppID="AA5012F761F5622411AA0F94F3F5FD15" ParentFolderID="AA5012F761F5622411AA0F94F3F5FD3E" ProcGroupID="AA5012F761F5622411AA0F94F3F5FD3B" Description="" Version="1.01" Status="RELEASED" ContentType="user\email" CheckedOutBy="" CheckedOutDate="0001-01-01T00:00:00Z" CreatedDate="2021-10-25T14:49:53.373" CreatedBy="INT00116" LastModifiedDate="2021-10-25T14:57:06.277" LastModifiedBy="INT00116" ThemeID="" ExtraInfo="" DisplayName="Email - Action Future Request" />
          <File ID="AA6212F761F5622411CC335F222C100C" Name="Notification" BaseFileID="AA5012F761F5622411AA0F94F3F5FD52" PrevVerFileID="AA5A12F761F5622411BB2F63EA4C64DA" AppID="AA5012F761F5622411AA0F94F3F5FD15" ParentFolderID="AA5012F761F5622411AA0F94F3F5FD3E" ProcGroupID="AA5012F761F5622411AA0F94F3F5FD3B" Description="" Version="1.04" Status="RELEASED" ContentType="user\email" CheckedOutBy="" CheckedOutDate="0001-01-01T00:00:00Z" CreatedDate="2021-10-22T13:40:28.69" CreatedBy="INT00116" LastModifiedDate="2021-10-22T13:40:28.69" LastModifiedBy="INT00116" ThemeID="" ExtraInfo="" DisplayName="Notification" />
          <File ID="AA6212F761F5622411CC335F222C1009" Name="Payroll Approval" BaseFileID="AA5012F761F5622411AA1088E274EADF" PrevVerFileID="AA5A12F761F5622411BB2F63EA4C64DD" AppID="AA5012F761F5622411AA0F94F3F5FD15" ParentFolderID="AA5012F761F5622411AA0F94F3F5FD3E" ProcGroupID="AA5012F761F5622411AA0F94F3F5FD3B" Description="" Version="1.01" Status="RELEASED" ContentType="user\email" CheckedOutBy="" CheckedOutDate="0001-01-01T00:00:00Z" CreatedDate="2021-10-22T13:40:28.673" CreatedBy="INT00116" LastModifiedDate="2021-10-22T13:40:28.673" LastModifiedBy="INT00116" ThemeID="" ExtraInfo="" DisplayName="Payroll Approval" />
          <File ID="AA6212F761F5622411CC335F222C100A" Name="Payroll Denied" BaseFileID="AA5012F761F5622411AA1089F1DD1564" PrevVerFileID="AA5A12F761F5622411BB2F63EA4C64DE" AppID="AA5012F761F5622411AA0F94F3F5FD15" ParentFolderID="AA5012F761F5622411AA0F94F3F5FD3E" ProcGroupID="AA5012F761F5622411AA0F94F3F5FD3B" Description="" Version="1.01" Status="RELEASED" ContentType="user\email" CheckedOutBy="" CheckedOutDate="0001-01-01T00:00:00Z" CreatedDate="2021-10-22T13:40:28.673" CreatedBy="INT00116" LastModifiedDate="2021-10-22T13:40:28.673" LastModifiedBy="INT00116" ThemeID="" ExtraInfo="" DisplayName="Payroll Denied" />
          <File ID="AA6212F761F5622411CC335F222C100B" Name="Manager Denied" BaseFileID="AA5012F761F5622411AA108AA0D01000" PrevVerFileID="AA5A12F761F5622411BB2F63EA4C64DF" AppID="AA5012F761F5622411AA0F94F3F5FD15" ParentFolderID="AA5012F761F5622411AA0F94F3F5FD3E" ProcGroupID="AA5012F761F5622411AA0F94F3F5FD3B" Description="" Version="1.01" Status="RELEASED" ContentType="user\email" CheckedOutBy="" CheckedOutDate="0001-01-01T00:00:00Z" CreatedDate="2021-10-22T13:40:28.673" CreatedBy="INT00116" LastModifiedDate="2021-10-22T13:40:28.673" LastModifiedBy="INT00116" ThemeID="" ExtraInfo="" DisplayName="Manager Denied" />
          <File ID="AA6212F761F5622411CC335F222C1005" Name="Reminder" BaseFileID="AA5012F761F5622411AA0F94F3F5FD58" PrevVerFileID="AA5A12F761F5622411BB2F63EA4C64D8" AppID="AA5012F761F5622411AA0F94F3F5FD15" ParentFolderID="AA5012F761F5622411AA0F94F3F5FD3E" ProcGroupID="AA5012F761F5622411AA0F94F3F5FD3B" Description="" Version="1.01" Status="RELEASED" ContentType="user\email" CheckedOutBy="" CheckedOutDate="0001-01-01T00:00:00Z" CreatedDate="2021-10-22T13:40:28.66" CreatedBy="INT00116" LastModifiedDate="2021-10-22T13:40:28.66" LastModifiedBy="INT00116" ThemeID="" ExtraInfo="" DisplayName="Reminder" />
          <File ID="AA6212F761F5622411CC335F222C1008" Name="Confirmation" BaseFileID="AA5012F761F5622411AA0F94F3F5FD55" PrevVerFileID="AA5A12F761F5622411BB2F63EA4C64DC" AppID="AA5012F761F5622411AA0F94F3F5FD15" ParentFolderID="AA5012F761F5622411AA0F94F3F5FD3E" ProcGroupID="AA5012F761F5622411AA0F94F3F5FD3B" Description="" Version="1.01" Status="RELEASED" ContentType="user\email" CheckedOutBy="" CheckedOutDate="0001-01-01T00:00:00Z" CreatedDate="2021-10-22T13:40:28.66" CreatedBy="INT00116" LastModifiedDate="2021-10-22T13:40:28.66" LastModifiedBy="INT00116" ThemeID="" ExtraInfo="" DisplayName="Confirmation" />
        </Folder>
        <Folder ID="AA5012F761F5622411AA0F94F3F5FD3F" Name="Yammer" ProcGroupID="AA5012F761F5622411AA0F94F3F5FD3B" AppID="AA5012F761F5622411AA0F94F3F5FD15" Description="" CreatedBy="INT00116" CreatedDate="2019-11-25T07:05:05.61" LastModifiedBy="" LastModifiedDate="0001-01-01T00:00:00Z" ContentType="application\yammer" ParentFolderID="AA5012F761F5622411AA0F94F3F5FD3D" DisplayName="Viva Engage" />
        <Folder ID="AA5012F761F5622411AA0F94F3F5FD40" Name="Chatter" ProcGroupID="AA5012F761F5622411AA0F94F3F5FD3B" AppID="AA5012F761F5622411AA0F94F3F5FD15" Description="" CreatedBy="INT00116" CreatedDate="2019-11-25T07:05:05.61" LastModifiedBy="" LastModifiedDate="0001-01-01T00:00:00Z" ContentType="application\chatter" ParentFolderID="AA5012F761F5622411AA0F94F3F5FD3D" DisplayName="Chatter" />
        <Folder ID="AA5012F761F5622411AA0F94F3F5FD41" Name="MicrosoftTeams" ProcGroupID="AA5012F761F5622411AA0F94F3F5FD3B" AppID="AA5012F761F5622411AA0F94F3F5FD15" Description="" CreatedBy="INT00116" CreatedDate="2019-11-25T07:05:05.61" LastModifiedBy="" LastModifiedDate="2023-04-14T22:26:21.857" ContentType="application\microsoftteams" ParentFolderID="AA5012F761F5622411AA0F94F3F5FD3D" DisplayName="Microsoft Teams" />
        <Folder ID="AA5012F761F5622411AA0F94F3F5FD42" Name="SMS" ProcGroupID="AA5012F761F5622411AA0F94F3F5FD3B" AppID="AA5012F761F5622411AA0F94F3F5FD15" Description="" CreatedBy="INT00116" CreatedDate="2019-11-25T07:05:05.61" LastModifiedBy="" LastModifiedDate="0001-01-01T00:00:00Z" ContentType="application\sms" ParentFolderID="AA5012F761F5622411AA0F94F3F5FD3D" DisplayName="SMS" />
        <Folder ID="AA5012F761F5622411AA1146D309E9B5" Name="Attachment Repository" ProcGroupID="AA5012F761F5622411AA0F94F3F5FD3B" AppID="AA5012F761F5622411AA0F94F3F5FD15" Description="" CreatedBy="INT00116" CreatedDate="2019-11-27T10:50:50.16" LastModifiedBy="INT00116" LastModifiedDate="2019-11-27T10:50:50.16" ContentType="application\attachmentrepository" ParentFolderID="AA5012F761F5622411AA0F94F3F5FD3D" DisplayName="Attachment Repository" />
      </Folder>
      <Folder ID="AA5012F761F5622411AA0F94F3F5FD43" Name="Data Model" ProcGroupID="AA5012F761F5622411AA0F94F3F5FD3B" AppID="AA5012F761F5622411AA0F94F3F5FD15" Description="" CreatedBy="INT00116" CreatedDate="2019-11-25T07:05:05.61" LastModifiedBy="" LastModifiedDate="0001-01-01T00:00:00Z" ContentType="application\datamodel" ParentFolderID="AA5012F761F5622411AA0F94F3F5FD3B" DisplayName="Data Model">
        <File ID="BAE6122DC7151DEB11FFE31A67F0EDA0" Name="Schema.xsd" BaseFileID="AA5012F761F5622411AA108B13625AC4" PrevVerFileID="BAE6122DC7151DEB11FFDF50B1308423" AppID="AA5012F761F5622411AA0F94F3F5FD15" ParentFolderID="AA5012F761F5622411AA0F94F3F5FD43" ProcGroupID="AA5012F761F5622411AA0F94F3F5FD3B" Description="" Version="2.36" Status="DRAFT" ContentType="user\datamodel" CheckedOutBy="" CheckedOutDate="0001-01-01T00:00:00Z" CreatedDate="2025-02-04T17:06:52.747" CreatedBy="INT00116" LastModifiedDate="2025-02-04T17:31:36.89" LastModifiedBy="40001842" ThemeID="" ExtraInfo="[{&quot;Name&quot; : &quot;NamespaceUpdated&quot; , &quot;Value&quot; : &quot;True&quot;}]" DisplayName="Schema.xsd" />
        <File ID="BAE4122DC7151DEB11FFD99F70F5B0CB" Name="DoITOvertimeRequests" BaseFileID="AA5012F761F5622411AA107157987159" PrevVerFileID="BAE4122DC7151DEB11FFD997B644452D" AppID="AA5012F761F5622411AA0F94F3F5FD15" ParentFolderID="AA5012F761F5622411AA0F94F3F5FD43" ProcGroupID="AA5012F761F5622411AA0F94F3F5FD3B" Description="Datasource DoITOvertimeRequests Schema" Version="1.14" Status="RELEASED" ContentType="user\apdataentitydatamodel" CheckedOutBy="" CheckedOutDate="0001-01-01T00:00:00Z" CreatedDate="2025-01-23T15:33:58.843" CreatedBy="INT00116" LastModifiedDate="2025-01-23T15:33:58.937" LastModifiedBy="40001842" ThemeID="" ExtraInfo="" DisplayName="DoITOvertimeRequests" />
      </Folder>
      <Folder ID="AA5012F761F5622411AA0F94F3F5FD44" Name="Data Source" ProcGroupID="AA5012F761F5622411AA0F94F3F5FD3B" AppID="AA5012F761F5622411AA0F94F3F5FD15" Description="" CreatedBy="INT00116" CreatedDate="2019-11-25T07:05:05.61" LastModifiedBy="" LastModifiedDate="0001-01-01T00:00:00Z" ContentType="application\datasources" ParentFolderID="AA5012F761F5622411AA0F94F3F5FD3B" DisplayName="Data Source">
        <File ID="BAE4122DC7151DEB11FFD99F6AFE7793" Name="DoITOvertimeRequests" BaseFileID="AA5012F761F5622411AA107157987156" PrevVerFileID="BAE4122DC7151DEB11FFD997AA4D5A5C" AppID="AA5012F761F5622411AA0F94F3F5FD15" ParentFolderID="AA5012F761F5622411AA0F94F3F5FD44" ProcGroupID="AA5012F761F5622411AA0F94F3F5FD3B" Description="" Version="1.11" Status="RELEASED" ContentType="user\APDataEntityDataSource" CheckedOutBy="" CheckedOutDate="0001-01-01T00:00:00Z" CreatedDate="2025-01-23T15:33:43.283" CreatedBy="INT00116" LastModifiedDate="2025-01-23T15:34:05.643" LastModifiedBy="40001842" ThemeID="" ExtraInfo="" DisplayName="DoITOvertimeRequests" />
      </Folder>
      <Folder ID="AA5012F761F5622411AA0F94F3F5FD45" Name="Library" ProcGroupID="AA5012F761F5622411AA0F94F3F5FD3B" AppID="AA5012F761F5622411AA0F94F3F5FD15" Description="" CreatedBy="INT00116" CreatedDate="2019-11-25T07:05:05.61" LastModifiedBy="" LastModifiedDate="0001-01-01T00:00:00Z" ContentType="application\taskformlibrary" ParentFolderID="AA5012F761F5622411AA0F94F3F5FD3B" DisplayName="Library">
        <File ID="BAE6122DC7151DEB11FFE31A67F0EDA1" Name="Form Library" BaseFileID="AA5012F761F5622411AA1085A8024CC2" PrevVerFileID="BAE6122DC7151DEB11FFDF50B1308425" AppID="AA5012F761F5622411AA0F94F3F5FD15" ParentFolderID="AA5012F761F5622411AA0F94F3F5FD45" ProcGroupID="AA5012F761F5622411AA0F94F3F5FD3B" Description="" Version="2.06" Status="DRAFT" ContentType="user\taskformlibrary" CheckedOutBy="" CheckedOutDate="0001-01-01T00:00:00Z" CreatedDate="2025-02-04T17:06:52.873" CreatedBy="INT00116" LastModifiedDate="2025-02-04T17:31:36.81" LastModifiedBy="40001842" ThemeID="" ExtraInfo="" DisplayName="Form Library" />
      </Folder>
      <Folder ID="AA5012F761F5622411AA0F94F3F5FD46" Name="Forms" ProcGroupID="AA5012F761F5622411AA0F94F3F5FD3B" AppID="AA5012F761F5622411AA0F94F3F5FD15" Description="" CreatedBy="INT00116" CreatedDate="2019-11-25T07:05:05.61" LastModifiedBy="" LastModifiedDate="0001-01-01T00:00:00Z" ContentType="application\formsgroup" ParentFolderID="AA5012F761F5622411AA0F94F3F5FD3B" DisplayName="Forms">
        <Folder ID="AA5012F761F5622411AA0F94F3F5FD47" Name="Task Forms" ProcGroupID="AA5012F761F5622411AA0F94F3F5FD3B" AppID="AA5012F761F5622411AA0F94F3F5FD15" Description="" CreatedBy="INT00116" CreatedDate="2019-11-25T07:05:05.61" LastModifiedBy="" LastModifiedDate="0001-01-01T00:00:00Z" ContentType="application\taskforms" ParentFolderID="AA5012F761F5622411AA0F94F3F5FD46" DisplayName="Task Forms">
          <File ID="BAE6122DC7151DEB11FFE31A67F0EDA2" Name="Initial Request" BaseFileID="AA5012F761F5622411AA107163AF1DA1" PrevVerFileID="BAE4122DC7151DEB11FFD998E28636BA" AppID="AA5012F761F5622411AA0F94F3F5FD15" ParentFolderID="AA5012F761F5622411AA0F94F3F5FD47" ProcGroupID="AA5012F761F5622411AA0F94F3F5FD3B" Description="" Version="1.32" Status="DRAFT" ContentType="user\taskforms" CheckedOutBy="" CheckedOutDate="0001-01-01T00:00:00Z" CreatedDate="2025-02-04T17:06:52.933" CreatedBy="INT00116" LastModifiedDate="2025-02-04T17:31:42.817" LastModifiedBy="40001842" ThemeID="" ExtraInfo="" DisplayName="Initial Request" />
          <File ID="BAE6122DC7151DEB11FFE31D92132322" Name="Rework or Update Request" BaseFileID="AA5012F761F5622411AA1071B8313AD2" PrevVerFileID="BAE6122DC7151DEB11FFDF50B1308426" AppID="AA5012F761F5622411AA0F94F3F5FD15" ParentFolderID="AA5012F761F5622411AA0F94F3F5FD47" ProcGroupID="AA5012F761F5622411AA0F94F3F5FD3B" Description="" Version="1.18" Status="DRAFT" ContentType="user\taskforms" CheckedOutBy="" CheckedOutDate="0001-01-01T00:00:00Z" CreatedDate="2025-02-04T17:29:24.42" CreatedBy="INT00116" LastModifiedDate="2025-02-04T17:31:36.37" LastModifiedBy="40001842" ThemeID="" ExtraInfo="" DisplayName="Rework or Update Request" />
          <File ID="BAE6122DC7151DEB11FFDF4FA2E09BA2" Name="Report View" BaseFileID="AA5212F761F5622411AA1B5D32F8763B" PrevVerFileID="AA6212F761F5622411CC335F222C1014" AppID="AA5012F761F5622411AA0F94F3F5FD15" ParentFolderID="AA5012F761F5622411AA0F94F3F5FD47" ProcGroupID="AA5012F761F5622411AA0F94F3F5FD3B" Description="" Version="1.02" Status="RELEASED" ContentType="user\taskforms" CheckedOutBy="" CheckedOutDate="0001-01-01T00:00:00Z" CreatedDate="2025-01-30T21:17:50.55" CreatedBy="INT00116" LastModifiedDate="2025-01-30T21:18:35.713" LastModifiedBy="40001842" ThemeID="" ExtraInfo="" DisplayName="Report View" />
          <File ID="BAE4122DC7151DEB11FFD9AB34AC7DDB" Name="Payroll Review" BaseFileID="AA5212F761F5622411AA1B5B74159B6E" PrevVerFileID="AA6212F761F5622411CC335F222C1016" AppID="AA5012F761F5622411AA0F94F3F5FD15" ParentFolderID="AA5012F761F5622411AA0F94F3F5FD47" ProcGroupID="AA5012F761F5622411AA0F94F3F5FD3B" Description="" Version="1.09" Status="RELEASED" ContentType="user\taskforms" CheckedOutBy="" CheckedOutDate="0001-01-01T00:00:00Z" CreatedDate="2025-01-23T16:58:09.63" CreatedBy="INT00116" LastModifiedDate="2025-01-30T21:18:35.697" LastModifiedBy="40001842" ThemeID="" ExtraInfo="" DisplayName="Payroll Review" />
          <File ID="AA6212F761F5622411CC35CB13889D2D" Name="Division Mgr Review" BaseFileID="AA5212F761F5622411AA1B5948B7870E" PrevVerFileID="AA6212F761F5622411CC3370630BAD35" AppID="AA5012F761F5622411AA0F94F3F5FD15" ParentFolderID="AA5012F761F5622411AA0F94F3F5FD47" ProcGroupID="AA5012F761F5622411AA0F94F3F5FD3B" Description="" Version="1.08" Status="RELEASED" ContentType="user\taskforms" CheckedOutBy="" CheckedOutDate="0001-01-01T00:00:00Z" CreatedDate="2021-10-25T15:38:11.32" CreatedBy="INT00116" LastModifiedDate="2021-10-25T15:41:16.93" LastModifiedBy="INT00116" ThemeID="" ExtraInfo="" DisplayName="Division Mgr Review" />
          <File ID="AA6212F761F5622411CC35C4C9D1C326" Name="Future Submission" BaseFileID="AA5012F761F5622411AA10720CAC3147" PrevVerFileID="AA6212F761F5622411CC3374F2EEB0A8" AppID="AA5012F761F5622411AA0F94F3F5FD15" ParentFolderID="AA5012F761F5622411AA0F94F3F5FD47" ProcGroupID="AA5012F761F5622411AA0F94F3F5FD3B" Description="" Version="1.12" Status="RELEASED" ContentType="user\taskforms" CheckedOutBy="" CheckedOutDate="0001-01-01T00:00:00Z" CreatedDate="2021-10-25T14:53:15.28" CreatedBy="INT00116" LastModifiedDate="2021-10-25T14:56:52.37" LastModifiedBy="INT00116" ThemeID="" ExtraInfo="" DisplayName="Future Submission" />
          <File ID="AA6212F761F5622411CC335F222C1012" Name="Manager Review" BaseFileID="AA5012F761F5622411AA1085A8024CC3" PrevVerFileID="AA5A12F761F5622411BB2F63EA4C64E7" AppID="AA5012F761F5622411AA0F94F3F5FD15" ParentFolderID="AA5012F761F5622411AA0F94F3F5FD47" ProcGroupID="AA5012F761F5622411AA0F94F3F5FD3B" Description="" Version="1.24" Status="RELEASED" ContentType="user\taskforms" CheckedOutBy="" CheckedOutDate="0001-01-01T00:00:00Z" CreatedDate="2021-10-22T13:40:28.783" CreatedBy="INT00116" LastModifiedDate="2021-10-22T13:40:28.783" LastModifiedBy="INT00116" ThemeID="" ExtraInfo="" DisplayName="Manager Review" />
        </Folder>
      </Folder>
      <Folder ID="AA5012F761F5622411AA0F94F3F5FD48" Name="Lookups" ProcGroupID="AA5012F761F5622411AA0F94F3F5FD3B" AppID="AA5012F761F5622411AA0F94F3F5FD15" Description="" CreatedBy="INT00116" CreatedDate="2019-11-25T07:05:05.61" LastModifiedBy="" LastModifiedDate="0001-01-01T00:00:00Z" ContentType="application\lookup" ParentFolderID="AA5012F761F5622411AA0F94F3F5FD3B" DisplayName="Lookups">
        <File ID="BAE4122DC7151DEB11FFD9990074552C" Name="Get Division Manger ID" BaseFileID="AA5012F761F5622411AA0FA01919DE9C" PrevVerFileID="AA6212F761F5622411CC335F222C1018" AppID="AA5012F761F5622411AA0F94F3F5FD15" ParentFolderID="AA5012F761F5622411AA0F94F3F5FD48" ProcGroupID="AA5012F761F5622411AA0F94F3F5FD3B" Description="" Version="1.09" Status="RELEASED" ContentType="user\lookupmulticolumn" CheckedOutBy="" CheckedOutDate="0001-01-01T00:00:00Z" CreatedDate="2025-01-23T14:47:51.81" CreatedBy="INT00116" LastModifiedDate="2025-01-23T14:49:59.927" LastModifiedBy="40001842" ThemeID="" ExtraInfo="" DisplayName="Get Division Manger ID" />
      </Folder>
      <Folder ID="AA5012F761F5622411AA0F94F3F5FD49" Name="Translation" ProcGroupID="AA5012F761F5622411AA0F94F3F5FD3B" AppID="AA5012F761F5622411AA0F94F3F5FD15" Description="" CreatedBy="INT00116" CreatedDate="2019-11-25T07:05:05.61" LastModifiedBy="" LastModifiedDate="0001-01-01T00:00:00Z" ContentType="application\translation" ParentFolderID="AA5012F761F5622411AA0F94F3F5FD3B" DisplayName="Translation" />
      <Folder ID="AA5012F761F5622411AA0F94F3F5FD4A" Name="Document Repository" ProcGroupID="AA5012F761F5622411AA0F94F3F5FD3B" AppID="AA5012F761F5622411AA0F94F3F5FD15" Description="" CreatedBy="INT00116" CreatedDate="2019-11-25T07:05:05.61" LastModifiedBy="" LastModifiedDate="0001-01-01T00:00:00Z" ContentType="application\documentrepository" ParentFolderID="AA5012F761F5622411AA0F94F3F5FD3B" DisplayName="Document Repository" />
      <Folder ID="AA5012F761F5622411AA0F94F3F5FD4B" Name="System Files" ProcGroupID="AA5012F761F5622411AA0F94F3F5FD3B" AppID="AA5012F761F5622411AA0F94F3F5FD15" Description="" CreatedBy="INT00116" CreatedDate="2019-11-25T07:05:05.61" LastModifiedBy="" LastModifiedDate="0001-01-01T00:00:00Z" ContentType="application\hidden" ParentFolderID="AA5012F761F5622411AA0F94F3F5FD3B" DisplayName="System Files" />
    </Folder>
  </Folder>
  <CoAuthored>false</CoAuthored>
</WFEnabledApplication>