<?xml version="1.0"?>
<WFEnabledApplication xmlns:xsd="http://www.w3.org/2001/XMLSchema" xmlns:xsi="http://www.w3.org/2001/XMLSchema-instance" ID="82479B81C9737CDE11CCFCD60307603C" Name="DIS - On Street Accessible Parking" Description="" Status="RELEASED" CreatedDate="2022-07-05T22:47:46.91" CreatedBy="162157" AppType="eForms" Visibility="PAAS" ContentType="application" DisplayName="DIS - On Street Accessible Parking" AppLocale="customlocale" ParentApplicationId="AA5912F761F5622411AAFDA3E6D25932">
  <Folder ID="82479B81C9737CDE11CCFCD60307603D" Name="Shared Resources" ProcGroupID="" AppID="82479B81C9737CDE11CCFCD60307603C" Description="" CreatedBy="162157" CreatedDate="0001-01-01T00:00:00Z" LastModifiedBy="162157" LastModifiedDate="0001-01-01T00:00:00Z" ContentType="Any" ParentFolderID="82479B81C9737CDE11CCFCD60307603C" DisplayName="Shared Resources">
    <Folder ID="82479B81C9737CDE11CCFCD60307603E" Name="Style Sheets" ProcGroupID="" AppID="82479B81C9737CDE11CCFCD60307603C" Description="" CreatedBy="162157" CreatedDate="0001-01-01T00:00:00Z" LastModifiedBy="162157" LastModifiedDate="0001-01-01T00:00:00Z" ContentType="application\CSS" ParentFolderID="82479B81C9737CDE11CCFCD60307603D" DisplayName="Style Sheets" />
    <Folder ID="82479B81C9737CDE11CCFCD60307603F" Name="JavaScript" ProcGroupID="" AppID="82479B81C9737CDE11CCFCD60307603C" Description="" CreatedBy="162157" CreatedDate="0001-01-01T00:00:00Z" LastModifiedBy="162157" LastModifiedDate="0001-01-01T00:00:00Z" ContentType="application\js" ParentFolderID="82479B81C9737CDE11CCFCD60307603D" DisplayName="JavaScript" />
    <Folder ID="82479B81C9737CDE11CCFCD603076040" Name="Images" ProcGroupID="" AppID="82479B81C9737CDE11CCFCD60307603C" Description="" CreatedBy="162157" CreatedDate="0001-01-01T00:00:00Z" LastModifiedBy="162157" LastModifiedDate="0001-01-01T00:00:00Z" ContentType="application\image" ParentFolderID="82479B81C9737CDE11CCFCD60307603D" DisplayName="Images" />
    <Folder ID="82479B81C9737CDE11CCFCD603076041" Name="Access Tokens" ProcGroupID="" AppID="82479B81C9737CDE11CCFCD60307603C" Description="" CreatedBy="162157" CreatedDate="0001-01-01T00:00:00Z" LastModifiedBy="162157" LastModifiedDate="0001-01-01T00:00:00Z" ContentType="application\apptoken" ParentFolderID="82479B81C9737CDE11CCFCD60307603D" DisplayName="Access Tokens" />
    <Folder ID="82479B81C9737CDE11CCFCD603076042" Name="Application Resources" ProcGroupID="" AppID="82479B81C9737CDE11CCFCD60307603C" Description="" CreatedBy="162157" CreatedDate="0001-01-01T00:00:00Z" LastModifiedBy="162157" LastModifiedDate="0001-01-01T00:00:00Z" ContentType="application\applicationresources" ParentFolderID="82479B81C9737CDE11CCFCD60307603D" DisplayName="Application Resources" />
  </Folder>
  <Folder ID="82479B81C9737CDE11CCFCD603076043" Name="Processes" ProcGroupID="" AppID="82479B81C9737CDE11CCFCD60307603C" Description="" CreatedBy="162157" CreatedDate="0001-01-01T00:00:00Z" LastModifiedBy="162157" LastModifiedDate="0001-01-01T00:00:00Z" ContentType="application\processgroup" ParentFolderID="82479B81C9737CDE11CCFCD60307603C" DisplayName="Processes">
    <Folder ID="82479B81C9737CDE11CCFCD603076044" Name="DIS - On Street Accessible Parking" ProcGroupID="" AppID="82479B81C9737CDE11CCFCD60307603C" Description="" CreatedBy="162157" CreatedDate="0001-01-01T00:00:00Z" LastModifiedBy="162157" LastModifiedDate="0001-01-01T00:00:00Z" ContentType="user\processgroup" ParentFolderID="82479B81C9737CDE11CCFCD603076043" DisplayName="DIS - On Street Accessible Parking">
      <Folder ID="82479B81C9737CDE11CCFCD603076045" Name="Lookups" ProcGroupID="82479B81C9737CDE11CCFCD603076044" AppID="82479B81C9737CDE11CCFCD60307603C" Description="" CreatedBy="162157" CreatedDate="0001-01-01T00:00:00Z" LastModifiedBy="162157" LastModifiedDate="0001-01-01T00:00:00Z" ContentType="application\lookup" ParentFolderID="82479B81C9737CDE11CCFCD603076044" DisplayName="Lookups" />
      <Folder ID="82479B81C9737CDE11CCFCD603076046" Name="Translation" ProcGroupID="82479B81C9737CDE11CCFCD603076044" AppID="82479B81C9737CDE11CCFCD60307603C" Description="" CreatedBy="162157" CreatedDate="0001-01-01T00:00:00Z" LastModifiedBy="162157" LastModifiedDate="0001-01-01T00:00:00Z" ContentType="application\translation" ParentFolderID="82479B81C9737CDE11CCFCD603076044" DisplayName="Translation" />
      <Folder ID="82479B81C9737CDE11CCFCD603076047" Name="Document Repository" ProcGroupID="82479B81C9737CDE11CCFCD603076044" AppID="82479B81C9737CDE11CCFCD60307603C" Description="" CreatedBy="162157" CreatedDate="0001-01-01T00:00:00Z" LastModifiedBy="162157" LastModifiedDate="0001-01-01T00:00:00Z" ContentType="application\documentrepository" ParentFolderID="82479B81C9737CDE11CCFCD603076044" DisplayName="Document Repository">
        <File ID="8252D26F3794AFEC11DDB79E34DAB9E2" Name="File Upload Repository" BaseFileID="82479B81C9737CDE11CCFCD603076048" PrevVerFileID="8246CC669FA3939211CCFCD9A43444D2" AppID="82479B81C9737CDE11CCFCD60307603C" ParentFolderID="82479B81C9737CDE11CCFCD603076047" ProcGroupID="82479B81C9737CDE11CCFCD603076044" Description="" Version="1.01" Status="RELEASED" ContentType="user\documentrepository" CheckedOutBy="" CheckedOutDate="0001-01-01T00:00:00Z" CreatedDate="2023-02-28T14:29:34.243" CreatedBy="152213" LastModifiedDate="2023-02-28T14:29:34.243" LastModifiedBy="152213" ThemeID="" ExtraInfo="" DisplayName="File Upload Repository" />
      </Folder>
      <Folder ID="82479B81C9737CDE11CCFCD603076049" Name="System Files" ProcGroupID="82479B81C9737CDE11CCFCD603076044" AppID="82479B81C9737CDE11CCFCD60307603C" Description="" CreatedBy="162157" CreatedDate="0001-01-01T00:00:00Z" LastModifiedBy="162157" LastModifiedDate="0001-01-01T00:00:00Z" ContentType="application\hidden" ParentFolderID="82479B81C9737CDE11CCFCD603076044" DisplayName="System Files" />
      <Folder ID="82479B81C9737CDE11CCFCD60307604A" Name="Data Model" ProcGroupID="82479B81C9737CDE11CCFCD603076044" AppID="82479B81C9737CDE11CCFCD60307603C" Description="" CreatedBy="162157" CreatedDate="0001-01-01T00:00:00Z" LastModifiedBy="162157" LastModifiedDate="0001-01-01T00:00:00Z" ContentType="application\datamodel" ParentFolderID="82479B81C9737CDE11CCFCD603076044" DisplayName="Data Model">
        <File ID="8252D26F3794AFEC11DDB79E34DAB9E4" Name="Schema.xsd" BaseFileID="82479B81C9737CDE11CCFCD60307604B" PrevVerFileID="8246CC669FA3939211CCFCD9A43444D3" AppID="82479B81C9737CDE11CCFCD60307603C" ParentFolderID="82479B81C9737CDE11CCFCD60307604A" ProcGroupID="82479B81C9737CDE11CCFCD603076044" Description="" Version="1.01" Status="RELEASED" ContentType="user\datamodel" CheckedOutBy="" CheckedOutDate="0001-01-01T00:00:00Z" CreatedDate="2023-02-28T14:29:34.277" CreatedBy="152213" LastModifiedDate="2023-02-28T14:29:34.277" LastModifiedBy="152213" ThemeID="" ExtraInfo="[{&quot;Name&quot; : &quot;NamespaceUpdated&quot; , &quot;Value&quot; : &quot;True&quot;}]" DisplayName="Schema.xsd" />
      </Folder>
      <Folder ID="82479B81C9737CDE11CCFCD60307604C" Name="Notification" ProcGroupID="82479B81C9737CDE11CCFCD603076044" AppID="82479B81C9737CDE11CCFCD60307603C" Description="" CreatedBy="162157" CreatedDate="0001-01-01T00:00:00Z" LastModifiedBy="162157" LastModifiedDate="0001-01-01T00:00:00Z" ContentType="application\notification" ParentFolderID="82479B81C9737CDE11CCFCD603076044" DisplayName="Notification">
        <Folder ID="82479B81C9737CDE11CCFCD60307604D" Name="Lync" ProcGroupID="82479B81C9737CDE11CCFCD603076044" AppID="82479B81C9737CDE11CCFCD60307603C" Description="" CreatedBy="162157" CreatedDate="0001-01-01T00:00:00Z" LastModifiedBy="162157" LastModifiedDate="0001-01-01T00:00:00Z" ContentType="application\lync" ParentFolderID="82479B81C9737CDE11CCFCD60307604C" DisplayName="Skype for Business" />
        <Folder ID="82479B81C9737CDE11CCFCD60307604E" Name="Chatter" ProcGroupID="82479B81C9737CDE11CCFCD603076044" AppID="82479B81C9737CDE11CCFCD60307603C" Description="" CreatedBy="162157" CreatedDate="0001-01-01T00:00:00Z" LastModifiedBy="162157" LastModifiedDate="0001-01-01T00:00:00Z" ContentType="application\chatter" ParentFolderID="82479B81C9737CDE11CCFCD60307604C" DisplayName="Chatter" />
        <Folder ID="82479B81C9737CDE11CCFCD60307604F" Name="Attachment Repository" ProcGroupID="82479B81C9737CDE11CCFCD603076044" AppID="82479B81C9737CDE11CCFCD60307603C" Description="" CreatedBy="162157" CreatedDate="0001-01-01T00:00:00Z" LastModifiedBy="162157" LastModifiedDate="0001-01-01T00:00:00Z" ContentType="application\attachmentrepository" ParentFolderID="82479B81C9737CDE11CCFCD60307604C" DisplayName="Attachment Repository" />
        <Folder ID="82479B81C9737CDE11CCFCD603076050" Name="SMS" ProcGroupID="82479B81C9737CDE11CCFCD603076044" AppID="82479B81C9737CDE11CCFCD60307603C" Description="" CreatedBy="162157" CreatedDate="0001-01-01T00:00:00Z" LastModifiedBy="162157" LastModifiedDate="0001-01-01T00:00:00Z" ContentType="application\sms" ParentFolderID="82479B81C9737CDE11CCFCD60307604C" DisplayName="SMS" />
        <Folder ID="82479B81C9737CDE11CCFCD603076051" Name="Yammer" ProcGroupID="82479B81C9737CDE11CCFCD603076044" AppID="82479B81C9737CDE11CCFCD60307603C" Description="" CreatedBy="162157" CreatedDate="0001-01-01T00:00:00Z" LastModifiedBy="162157" LastModifiedDate="0001-01-01T00:00:00Z" ContentType="application\yammer" ParentFolderID="82479B81C9737CDE11CCFCD60307604C" DisplayName="Yammer" />
        <Folder ID="82479B81C9737CDE11CCFCD603076052" Name="E-mails" ProcGroupID="82479B81C9737CDE11CCFCD603076044" AppID="82479B81C9737CDE11CCFCD60307603C" Description="" CreatedBy="162157" CreatedDate="0001-01-01T00:00:00Z" LastModifiedBy="162157" LastModifiedDate="0001-01-01T00:00:00Z" ContentType="application\email" ParentFolderID="82479B81C9737CDE11CCFCD60307604C" DisplayName="E-mails">
          <File ID="8252D26F3794AFEC11DDB79E34DAB9E5" Name="Notification" BaseFileID="82479B81C9737CDE11CCFCD603076053" PrevVerFileID="8246CC669FA3939211CCFCD9A43444D4" AppID="82479B81C9737CDE11CCFCD60307603C" ParentFolderID="82479B81C9737CDE11CCFCD603076052" ProcGroupID="82479B81C9737CDE11CCFCD603076044" Description="" Version="1.03" Status="RELEASED" ContentType="user\email" CheckedOutBy="" CheckedOutDate="0001-01-01T00:00:00Z" CreatedDate="2023-02-28T14:29:34.323" CreatedBy="152213" LastModifiedDate="2023-02-28T14:29:34.323" LastModifiedBy="152213" ThemeID="" ExtraInfo="" DisplayName="Notification" />
          <File ID="8252D26F3794AFEC11DDB79E34DAB9E6" Name="Thank You" BaseFileID="82479B81C9737CDE11CCFCD603076054" PrevVerFileID="8246CC669FA3939211CCFCD9A43444D6" AppID="82479B81C9737CDE11CCFCD60307603C" ParentFolderID="82479B81C9737CDE11CCFCD603076052" ProcGroupID="82479B81C9737CDE11CCFCD603076044" Description="" Version="1.01" Status="RELEASED" ContentType="user\email" CheckedOutBy="" CheckedOutDate="0001-01-01T00:00:00Z" CreatedDate="2023-02-28T14:29:34.323" CreatedBy="152213" LastModifiedDate="2023-02-28T14:29:34.323" LastModifiedBy="152213" ThemeID="" ExtraInfo="" DisplayName="Thank You" />
        </Folder>
      </Folder>
      <Folder ID="82479B81C9737CDE11CCFCD603076055" Name="Forms" ProcGroupID="82479B81C9737CDE11CCFCD603076044" AppID="82479B81C9737CDE11CCFCD60307603C" Description="" CreatedBy="162157" CreatedDate="0001-01-01T00:00:00Z" LastModifiedBy="162157" LastModifiedDate="0001-01-01T00:00:00Z" ContentType="application\formsgroup" ParentFolderID="82479B81C9737CDE11CCFCD603076044" DisplayName="Forms">
        <Folder ID="82479B81C9737CDE11CCFCD603076056" Name="Task Forms" ProcGroupID="82479B81C9737CDE11CCFCD603076044" AppID="82479B81C9737CDE11CCFCD60307603C" Description="" CreatedBy="162157" CreatedDate="0001-01-01T00:00:00Z" LastModifiedBy="162157" LastModifiedDate="0001-01-01T00:00:00Z" ContentType="application\taskforms" ParentFolderID="82479B81C9737CDE11CCFCD603076055" DisplayName="Task Forms">
          <File ID="8252D26F3794AFEC11DDB79E34DAB9E7" Name="Application Form" BaseFileID="82479B81C9737CDE11CCFCD603076057" PrevVerFileID="8246CC669FA3939211CCFCD9A43444D7" AppID="82479B81C9737CDE11CCFCD60307603C" ParentFolderID="82479B81C9737CDE11CCFCD603076056" ProcGroupID="82479B81C9737CDE11CCFCD603076044" Description="" Version="1.01" Status="RELEASED" ContentType="user\taskforms" CheckedOutBy="" CheckedOutDate="0001-01-01T00:00:00Z" CreatedDate="2023-02-28T14:29:34.34" CreatedBy="152213" LastModifiedDate="2023-02-28T14:29:34.34" LastModifiedBy="152213" ThemeID="" ExtraInfo="" DisplayName="Application Form" />
        </Folder>
      </Folder>
      <Folder ID="82479B81C9737CDE11CCFCD603076058" Name="Library" ProcGroupID="82479B81C9737CDE11CCFCD603076044" AppID="82479B81C9737CDE11CCFCD60307603C" Description="" CreatedBy="162157" CreatedDate="0001-01-01T00:00:00Z" LastModifiedBy="162157" LastModifiedDate="0001-01-01T00:00:00Z" ContentType="application\taskformlibrary" ParentFolderID="82479B81C9737CDE11CCFCD603076044" DisplayName="Library">
        <File ID="8252D26F3794AFEC11DDB79E34DAB9E8" Name="Form Library" BaseFileID="82479B81C9737CDE11CCFCD603076059" PrevVerFileID="8246CC669FA3939211CCFCD9A43444D8" AppID="82479B81C9737CDE11CCFCD60307603C" ParentFolderID="82479B81C9737CDE11CCFCD603076058" ProcGroupID="82479B81C9737CDE11CCFCD603076044" Description="" Version="1.01" Status="RELEASED" ContentType="user\taskformlibrary" CheckedOutBy="" CheckedOutDate="0001-01-01T00:00:00Z" CreatedDate="2023-02-28T14:29:34.353" CreatedBy="152213" LastModifiedDate="2023-02-28T14:29:34.353" LastModifiedBy="152213" ThemeID="" ExtraInfo="" DisplayName="Form Library" />
      </Folder>
      <Folder ID="82479B81C9737CDE11CCFCD60307605A" Name="Data Source" ProcGroupID="82479B81C9737CDE11CCFCD603076044" AppID="82479B81C9737CDE11CCFCD60307603C" Description="" CreatedBy="162157" CreatedDate="0001-01-01T00:00:00Z" LastModifiedBy="162157" LastModifiedDate="0001-01-01T00:00:00Z" ContentType="application\datasources" ParentFolderID="82479B81C9737CDE11CCFCD603076044" DisplayName="Data Source" />
      <Folder ID="82479B81C9737CDE11CCFCD60307605B" Name="Process Model" ProcGroupID="82479B81C9737CDE11CCFCD603076044" AppID="82479B81C9737CDE11CCFCD60307603C" Description="" CreatedBy="162157" CreatedDate="0001-01-01T00:00:00Z" LastModifiedBy="162157" LastModifiedDate="0001-01-01T00:00:00Z" ContentType="application\processmodel" ParentFolderID="82479B81C9737CDE11CCFCD603076044" DisplayName="Process Model">
        <File ID="8252D26F3794AFEC11DDB79E34DAB9E9" Name="DIS - On Street Accessible Parking" BaseFileID="82479B81C9737CDE11CCFCD60307605C" PrevVerFileID="8246CC669FA3939211CCFCD9A43444D9" AppID="82479B81C9737CDE11CCFCD60307603C" ParentFolderID="82479B81C9737CDE11CCFCD60307605B" ProcGroupID="82479B81C9737CDE11CCFCD603076044" Description="" Version="1.01" Status="RELEASED" ContentType="user\processmodel" CheckedOutBy="" CheckedOutDate="0001-01-01T00:00:00Z" CreatedDate="2023-02-28T14:29:34.4" CreatedBy="152213" LastModifiedDate="2023-02-28T14:29:34.4" LastModifiedBy="152213" ThemeID="" ExtraInfo="" DisplayName="DIS - On Street Accessible Parking" />
      </Folder>
    </Folder>
  </Folder>
</WFEnabledApplication>