<?xml version="1.0"?>
<WFEnabledApplication xmlns:xsd="http://www.w3.org/2001/XMLSchema" xmlns:xsi="http://www.w3.org/2001/XMLSchema-instance" ID="822CC049701F8A4811AA52935D8F4030" Name="ASD - 38D Forms" Description="A template application for our migration from SeamlessDocs to AgilePoint." Status="DRAFT" CreatedDate="2020-02-18T21:12:28.983" CreatedBy="143525" AppType="eForms" Visibility="PAAS" ContentType="application" DisplayName="ASD - 38D Forms" AppLocale="customlocale" ParentApplicationId="AA4E12F761F562241199C9B7B336933B">
  <Folder ID="822CC049701F8A4811AA52935D8F4031" Name="Shared Resources" ProcGroupID="" AppID="822CC049701F8A4811AA52935D8F4030" Description="" CreatedBy="143525" CreatedDate="0001-01-01T00:00:00Z" LastModifiedBy="143525" LastModifiedDate="0001-01-01T00:00:00Z" ContentType="Any" ParentFolderID="822CC049701F8A4811AA52935D8F4030" DisplayName="Shared Resources">
    <Folder ID="822CC049701F8A4811AA52935D8F4032" Name="Style Sheets" ProcGroupID="" AppID="822CC049701F8A4811AA52935D8F4030" Description="" CreatedBy="143525" CreatedDate="0001-01-01T00:00:00Z" LastModifiedBy="143525" LastModifiedDate="0001-01-01T00:00:00Z" ContentType="application\CSS" ParentFolderID="822CC049701F8A4811AA52935D8F4031" DisplayName="Style Sheets" />
    <Folder ID="822CC049701F8A4811AA52935D8F4033" Name="JavaScript" ProcGroupID="" AppID="822CC049701F8A4811AA52935D8F4030" Description="" CreatedBy="143525" CreatedDate="0001-01-01T00:00:00Z" LastModifiedBy="143525" LastModifiedDate="0001-01-01T00:00:00Z" ContentType="application\js" ParentFolderID="822CC049701F8A4811AA52935D8F4031" DisplayName="JavaScript" />
    <Folder ID="822CC049701F8A4811AA52935D8F4034" Name="Images" ProcGroupID="" AppID="822CC049701F8A4811AA52935D8F4030" Description="" CreatedBy="143525" CreatedDate="0001-01-01T00:00:00Z" LastModifiedBy="143525" LastModifiedDate="0001-01-01T00:00:00Z" ContentType="application\image" ParentFolderID="822CC049701F8A4811AA52935D8F4031" DisplayName="Images" />
    <Folder ID="822CC049701F8A4811AA52935D8F4035" Name="Access Tokens" ProcGroupID="" AppID="822CC049701F8A4811AA52935D8F4030" Description="" CreatedBy="143525" CreatedDate="0001-01-01T00:00:00Z" LastModifiedBy="143525" LastModifiedDate="0001-01-01T00:00:00Z" ContentType="application\apptoken" ParentFolderID="822CC049701F8A4811AA52935D8F4031" DisplayName="Access Tokens">
      <File ID="822CC049701F8A4811AA52935D8F405B" Name="Anonymous Access - SeamlessDocs Migration" BaseFileID="822CC049701F8A4811AA52935D8F405B" AppID="822CC049701F8A4811AA52935D8F4030" ParentFolderID="822CC049701F8A4811AA52935D8F4035" Description="" Status="RELEASED" ContentType="user\apptoken" CheckedOutDate="0001-01-01T00:00:00Z" CreatedDate="2020-02-18T21:12:29.217" CreatedBy="143525" LastModifiedDate="2020-02-18T21:12:29.247" LastModifiedBy="143525" DisplayName="Anonymous Access - SeamlessDocs Migration" />
    </Folder>
    <Folder ID="822CC049701F8A4811AA52935D8F4036" Name="Application Resources" ProcGroupID="" AppID="822CC049701F8A4811AA52935D8F4030" Description="" CreatedBy="143525" CreatedDate="0001-01-01T00:00:00Z" LastModifiedBy="143525" LastModifiedDate="0001-01-01T00:00:00Z" ContentType="application\applicationresources" ParentFolderID="822CC049701F8A4811AA52935D8F4031" DisplayName="Application Resources" />
    <Folder ID="8257D4CD9C2F4D1611DDF13AC1FAB0D9" Name="Comments" ProcGroupID="822CC049701F8A4811AA52935D8F4031" AppID="822CC049701F8A4811AA52935D8F4030" Description="" CreatedBy="143525" CreatedDate="2023-05-12T23:03:43.163" LastModifiedBy="143525" LastModifiedDate="2023-05-12T23:03:43.163" ContentType="application\comments" ParentFolderID="822CC049701F8A4811AA52935D8F4031" DisplayName="Comments" />
    <Folder ID="BAF312DEFB27D0ED11006444AFB60733" Name="ML Advisor" ProcGroupID="" AppID="822CC049701F8A4811AA52935D8F4030" Description="" CreatedBy="143525" CreatedDate="2025-07-19T02:04:24.02" LastModifiedBy="143525" LastModifiedDate="2025-07-19T02:04:24.02" ContentType="application\mladvisor" ParentFolderID="822CC049701F8A4811AA52935D8F4031" DisplayName="ML Advisor" />
  </Folder>
  <Folder ID="822CC049701F8A4811AA52935D8F4037" Name="Processes" ProcGroupID="" AppID="822CC049701F8A4811AA52935D8F4030" Description="" CreatedBy="143525" CreatedDate="0001-01-01T00:00:00Z" LastModifiedBy="143525" LastModifiedDate="0001-01-01T00:00:00Z" ContentType="application\processgroup" ParentFolderID="822CC049701F8A4811AA52935D8F4030" DisplayName="Processes">
    <Folder ID="822CC049701F8A4811AA52935D8F4038" Name="Template Application - SeamlessDoc Migration" ProcGroupID="" AppID="822CC049701F8A4811AA52935D8F4030" Description="" CreatedBy="143525" CreatedDate="0001-01-01T00:00:00Z" LastModifiedBy="143525" LastModifiedDate="0001-01-01T00:00:00Z" ContentType="user\processgroup" ParentFolderID="822CC049701F8A4811AA52935D8F4037" DisplayName="Template Application - SeamlessDoc Migration">
      <Folder ID="822CC049701F8A4811AA52935D8F4039" Name="Document Repository" ProcGroupID="822CC049701F8A4811AA52935D8F4038" AppID="822CC049701F8A4811AA52935D8F4030" Description="" CreatedBy="143525" CreatedDate="0001-01-01T00:00:00Z" LastModifiedBy="143525" LastModifiedDate="0001-01-01T00:00:00Z" ContentType="application\documentrepository" ParentFolderID="822CC049701F8A4811AA52935D8F4038" DisplayName="Document Repository">
        <File ID="BAE70AFFF82C906711FFEB0971780190" Name="Form H File Upload Repository" BaseFileID="822CC049701F8A4811AA52935D8F403D" PrevVerFileID="8268C9F43339ADB911EECB6AD25BA3F6" AppID="822CC049701F8A4811AA52935D8F4030" ParentFolderID="822CC049701F8A4811AA52935D8F4039" ProcGroupID="822CC049701F8A4811AA52935D8F4038" Description="" Version="1.17" Status="RELEASED" ContentType="user\documentrepository" CheckedOutBy="" CheckedOutDate="0001-01-01T00:00:00Z" CreatedDate="2025-02-14T19:25:27.817" CreatedBy="40001842" LastModifiedDate="2025-02-14T19:25:27.817" LastModifiedBy="40001842" ThemeID="" ExtraInfo="" DisplayName="Form H File Upload Repository" />
        <File ID="BAE70AFFF82C906711FFEB0971780191" Name="Form NC File Upload Repository" BaseFileID="822CC049701F8A4811AA52935D8F403E" PrevVerFileID="8268C9F43339ADB911EECB6AD25BA3F9" AppID="822CC049701F8A4811AA52935D8F4030" ParentFolderID="822CC049701F8A4811AA52935D8F4039" ProcGroupID="822CC049701F8A4811AA52935D8F4038" Description="" Version="1.17" Status="RELEASED" ContentType="user\documentrepository" CheckedOutBy="" CheckedOutDate="0001-01-01T00:00:00Z" CreatedDate="2025-02-14T19:25:27.817" CreatedBy="40001842" LastModifiedDate="2025-02-14T19:25:27.817" LastModifiedBy="40001842" ThemeID="" ExtraInfo="" DisplayName="Form NC File Upload Repository" />
        <File ID="BAE70AFFF82C906711FFEB0971780192" Name="Form A2 File Upload Repository" BaseFileID="822CC049701F8A4811AA52935D8F403C" PrevVerFileID="826986C043CDD4E911EEDCC08261F5E8" AppID="822CC049701F8A4811AA52935D8F4030" ParentFolderID="822CC049701F8A4811AA52935D8F4039" ProcGroupID="822CC049701F8A4811AA52935D8F4038" Description="" Version="1.24" Status="RELEASED" ContentType="user\documentrepository" CheckedOutBy="" CheckedOutDate="0001-01-01T00:00:00Z" CreatedDate="2025-02-14T19:25:27.817" CreatedBy="40001842" LastModifiedDate="2025-02-14T19:25:27.817" LastModifiedBy="40001842" ThemeID="" ExtraInfo="" DisplayName="Form A2 File Upload Repository" />
        <File ID="BAE70AFFF82C906711FFEB097178018D" Name="Form D File Upload Repository" BaseFileID="8268C9F43339ADB911EECB6AD25BA3F5" PrevVerFileID="8269E956DB4090AF11EECC206B7A735D" AppID="822CC049701F8A4811AA52935D8F4030" ParentFolderID="822CC049701F8A4811AA52935D8F4039" ProcGroupID="822CC049701F8A4811AA52935D8F4038" Description="" Version="1.03" Status="RELEASED" ContentType="user\documentrepository" CheckedOutBy="" CheckedOutDate="0001-01-01T00:00:00Z" CreatedDate="2025-02-14T19:25:27.8" CreatedBy="40001842" LastModifiedDate="2025-02-14T19:25:27.8" LastModifiedBy="40001842" ThemeID="" ExtraInfo="" DisplayName="Form D File Upload Repository" />
        <File ID="BAE70AFFF82C906711FFEB097178018E" Name="Form W File Upload Repository" BaseFileID="8268C9F43339ADB911EECB6AD25BA3F4" PrevVerFileID="8269E956DB4090AF11EECC2149F74BBE" AppID="822CC049701F8A4811AA52935D8F4030" ParentFolderID="822CC049701F8A4811AA52935D8F4039" ProcGroupID="822CC049701F8A4811AA52935D8F4038" Description="" Version="1.03" Status="RELEASED" ContentType="user\documentrepository" CheckedOutBy="" CheckedOutDate="0001-01-01T00:00:00Z" CreatedDate="2025-02-14T19:25:27.8" CreatedBy="40001842" LastModifiedDate="2025-02-14T19:25:27.8" LastModifiedBy="40001842" ThemeID="" ExtraInfo="" DisplayName="Form W File Upload Repository" />
        <File ID="BAE70AFFF82C906711FFEB097178018F" Name="Form SH File Upload Repository" BaseFileID="822CC049701F8A4811AA52935D8F403A" PrevVerFileID="8268C9F43339ADB911EECB6AD25BA3FB" AppID="822CC049701F8A4811AA52935D8F4030" ParentFolderID="822CC049701F8A4811AA52935D8F4039" ProcGroupID="822CC049701F8A4811AA52935D8F4038" Description="" Version="1.18" Status="RELEASED" ContentType="user\documentrepository" CheckedOutBy="" CheckedOutDate="0001-01-01T00:00:00Z" CreatedDate="2025-02-14T19:25:27.8" CreatedBy="40001842" LastModifiedDate="2025-02-14T19:25:27.8" LastModifiedBy="40001842" ThemeID="" ExtraInfo="" DisplayName="Form SH File Upload Repository" />
        <File ID="BAE70AFFF82C906711FFEB097178018C" Name="Form PK File Upload Repository" BaseFileID="822CC049701F8A4811AA52935D8F4040" PrevVerFileID="8268C9F43339ADB911EECB6AD25BA3F8" AppID="822CC049701F8A4811AA52935D8F4030" ParentFolderID="822CC049701F8A4811AA52935D8F4039" ProcGroupID="822CC049701F8A4811AA52935D8F4038" Description="" Version="1.17" Status="RELEASED" ContentType="user\documentrepository" CheckedOutBy="" CheckedOutDate="0001-01-01T00:00:00Z" CreatedDate="2025-02-14T19:25:27.787" CreatedBy="40001842" LastModifiedDate="2025-02-14T19:25:27.787" LastModifiedBy="40001842" ThemeID="" ExtraInfo="" DisplayName="Form PK File Upload Repository" />
        <File ID="BAE70AFFF82C906711FFEB0971780189" Name="Form ST1 Submission" BaseFileID="8233DDFE58641F7711BB8CB7E28F0413" PrevVerFileID="8269E956DB4090AF11EECC215BFCB375" AppID="822CC049701F8A4811AA52935D8F4030" ParentFolderID="822CC049701F8A4811AA52935D8F4039" ProcGroupID="822CC049701F8A4811AA52935D8F4038" Description="" Version="1.09" Status="RELEASED" ContentType="user\documentrepository" CheckedOutBy="" CheckedOutDate="0001-01-01T00:00:00Z" CreatedDate="2025-02-14T19:25:27.77" CreatedBy="40001842" LastModifiedDate="2025-02-14T19:25:27.77" LastModifiedBy="40001842" ThemeID="" ExtraInfo="" DisplayName="Form ST1 Submission" />
        <File ID="BAE70AFFF82C906711FFEB097178018A" Name="Form O File Upload Repository" BaseFileID="822CC049701F8A4811AA52935D8F403F" PrevVerFileID="8268C9F43339ADB911EECB6AD25BA3F7" AppID="822CC049701F8A4811AA52935D8F4030" ParentFolderID="822CC049701F8A4811AA52935D8F4039" ProcGroupID="822CC049701F8A4811AA52935D8F4038" Description="" Version="1.17" Status="RELEASED" ContentType="user\documentrepository" CheckedOutBy="" CheckedOutDate="0001-01-01T00:00:00Z" CreatedDate="2025-02-14T19:25:27.77" CreatedBy="40001842" LastModifiedDate="2025-02-14T19:25:27.77" LastModifiedBy="40001842" ThemeID="" ExtraInfo="" DisplayName="Form O File Upload Repository" />
      </Folder>
      <Folder ID="822CC049701F8A4811AA52935D8F4041" Name="Data Source" ProcGroupID="822CC049701F8A4811AA52935D8F4038" AppID="822CC049701F8A4811AA52935D8F4030" Description="" CreatedBy="143525" CreatedDate="0001-01-01T00:00:00Z" LastModifiedBy="143525" LastModifiedDate="0001-01-01T00:00:00Z" ContentType="application\datasources" ParentFolderID="822CC049701F8A4811AA52935D8F4038" DisplayName="Data Source">
        <File ID="BAE70AFFF82C906711FFEB0977855657" Name="ASD38DForms" BaseFileID="822CC049701F8A4811AA52935D8F4042" PrevVerFileID="8269E956DB4090AF11EECC180E5F9560" AppID="822CC049701F8A4811AA52935D8F4030" ParentFolderID="822CC049701F8A4811AA52935D8F4041" ProcGroupID="822CC049701F8A4811AA52935D8F4038" Description="" Version="1.25" Status="RELEASED" ContentType="user\APDataEntityDataSource" CheckedOutBy="" CheckedOutDate="0001-01-01T00:00:00Z" CreatedDate="2025-02-14T19:25:46.697" CreatedBy="40001842" LastModifiedDate="2025-02-14T19:28:31.4" LastModifiedBy="40001842" ThemeID="" ExtraInfo="" DisplayName="ASD38DForms" />
      </Folder>
      <Folder ID="822CC049701F8A4811AA52935D8F4043" Name="Data Model" ProcGroupID="822CC049701F8A4811AA52935D8F4038" AppID="822CC049701F8A4811AA52935D8F4030" Description="" CreatedBy="143525" CreatedDate="0001-01-01T00:00:00Z" LastModifiedBy="143525" LastModifiedDate="0001-01-01T00:00:00Z" ContentType="application\datamodel" ParentFolderID="822CC049701F8A4811AA52935D8F4038" DisplayName="Data Model">
        <File ID="BAFE12DEFB27D0ED1100CFAE66434E97" Name="Schema.xsd" BaseFileID="822CC049701F8A4811AA52935D8F4044" PrevVerFileID="BAFC0AFFF82C90671100CFAE1B595613" AppID="822CC049701F8A4811AA52935D8F4030" ParentFolderID="822CC049701F8A4811AA52935D8F4043" ProcGroupID="822CC049701F8A4811AA52935D8F4038" Description="" Version="1.57" Status="DRAFT" ContentType="user\datamodel" CheckedOutBy="" CheckedOutDate="0001-01-01T00:00:00Z" CreatedDate="2025-12-02T13:40:46.47" CreatedBy="40001842" LastModifiedDate="2025-12-02T13:42:20.043" LastModifiedBy="152213" ThemeID="" ExtraInfo="[{&quot;Name&quot; : &quot;NamespaceUpdated&quot; , &quot;Value&quot; : &quot;True&quot;}]" DisplayName="Schema.xsd" />
        <File ID="BAE70AFFF82C906711FFEB09837AD87D" Name="ASD38DForms" BaseFileID="822CC049701F8A4811AA52935D8F4045" PrevVerFileID="8269E956DB4090AF11EECC18145B67F6" AppID="822CC049701F8A4811AA52935D8F4030" ParentFolderID="822CC049701F8A4811AA52935D8F4043" ProcGroupID="822CC049701F8A4811AA52935D8F4038" Description="Datasource ASD38DForms Schema" Version="1.22" Status="RELEASED" ContentType="user\apdataentitydatamodel" CheckedOutBy="" CheckedOutDate="0001-01-01T00:00:00Z" CreatedDate="2025-02-14T19:25:59.097" CreatedBy="40001842" LastModifiedDate="2025-02-14T19:25:59.19" LastModifiedBy="40001842" ThemeID="" ExtraInfo="" DisplayName="ASD38DForms" />
      </Folder>
      <Folder ID="822CC049701F8A4811AA52935D8F4046" Name="Notification" ProcGroupID="822CC049701F8A4811AA52935D8F4038" AppID="822CC049701F8A4811AA52935D8F4030" Description="" CreatedBy="143525" CreatedDate="0001-01-01T00:00:00Z" LastModifiedBy="143525" LastModifiedDate="0001-01-01T00:00:00Z" ContentType="application\notification" ParentFolderID="822CC049701F8A4811AA52935D8F4038" DisplayName="Notification">
        <Folder ID="822CC049701F8A4811AA52935D8F4047" Name="E-mails" ProcGroupID="822CC049701F8A4811AA52935D8F4038" AppID="822CC049701F8A4811AA52935D8F4030" Description="" CreatedBy="143525" CreatedDate="0001-01-01T00:00:00Z" LastModifiedBy="143525" LastModifiedDate="0001-01-01T00:00:00Z" ContentType="application\email" ParentFolderID="822CC049701F8A4811AA52935D8F4046" DisplayName="E-mails">
          <File ID="BAE70AFFF82C906711FFEB0971780198" Name="Notification" BaseFileID="822CC049701F8A4811AA52935D8F4049" PrevVerFileID="8268C9F43339ADB911EECB6AD25BA400" AppID="822CC049701F8A4811AA52935D8F4030" ParentFolderID="822CC049701F8A4811AA52935D8F4047" ProcGroupID="822CC049701F8A4811AA52935D8F4038" Description="" Version="1.19" Status="RELEASED" ContentType="user\email" CheckedOutBy="" CheckedOutDate="0001-01-01T00:00:00Z" CreatedDate="2025-02-14T19:25:27.88" CreatedBy="40001842" LastModifiedDate="2025-02-14T19:25:27.88" LastModifiedBy="40001842" ThemeID="" ExtraInfo="" DisplayName="Notification" />
          <File ID="BAE70AFFF82C906711FFEB0971780197" Name="Thank You" BaseFileID="822CC049701F8A4811AA52935D8F4048" PrevVerFileID="8268C9F43339ADB911EECB6AD25BA401" AppID="822CC049701F8A4811AA52935D8F4030" ParentFolderID="822CC049701F8A4811AA52935D8F4047" ProcGroupID="822CC049701F8A4811AA52935D8F4038" Description="" Version="1.18" Status="RELEASED" ContentType="user\email" CheckedOutBy="" CheckedOutDate="0001-01-01T00:00:00Z" CreatedDate="2025-02-14T19:25:27.863" CreatedBy="40001842" LastModifiedDate="2025-02-14T19:25:27.863" LastModifiedBy="40001842" ThemeID="" ExtraInfo="" DisplayName="Thank You" />
        </Folder>
        <Folder ID="822CC049701F8A4811AA52935D8F404A" Name="MicrosoftTeams" ProcGroupID="822CC049701F8A4811AA52935D8F4038" AppID="822CC049701F8A4811AA52935D8F4030" Description="" CreatedBy="143525" CreatedDate="0001-01-01T00:00:00Z" LastModifiedBy="143525" LastModifiedDate="2023-05-12T23:03:43.54" ContentType="application\microsoftteams" ParentFolderID="822CC049701F8A4811AA52935D8F4046" DisplayName="Microsoft Teams" />
        <Folder ID="822CC049701F8A4811AA52935D8F404B" Name="Yammer" ProcGroupID="822CC049701F8A4811AA52935D8F4038" AppID="822CC049701F8A4811AA52935D8F4030" Description="" CreatedBy="143525" CreatedDate="0001-01-01T00:00:00Z" LastModifiedBy="143525" LastModifiedDate="0001-01-01T00:00:00Z" ContentType="application\yammer" ParentFolderID="822CC049701F8A4811AA52935D8F4046" DisplayName="Viva Engage" />
        <Folder ID="822CC049701F8A4811AA52935D8F404C" Name="Chatter" ProcGroupID="822CC049701F8A4811AA52935D8F4038" AppID="822CC049701F8A4811AA52935D8F4030" Description="" CreatedBy="143525" CreatedDate="0001-01-01T00:00:00Z" LastModifiedBy="143525" LastModifiedDate="0001-01-01T00:00:00Z" ContentType="application\chatter" ParentFolderID="822CC049701F8A4811AA52935D8F4046" DisplayName="Chatter" />
        <Folder ID="822CC049701F8A4811AA52935D8F404D" Name="Attachment Repository" ProcGroupID="822CC049701F8A4811AA52935D8F4038" AppID="822CC049701F8A4811AA52935D8F4030" Description="" CreatedBy="143525" CreatedDate="0001-01-01T00:00:00Z" LastModifiedBy="143525" LastModifiedDate="0001-01-01T00:00:00Z" ContentType="application\attachmentrepository" ParentFolderID="822CC049701F8A4811AA52935D8F4046" DisplayName="Attachment Repository" />
        <Folder ID="822CC049701F8A4811AA52935D8F404E" Name="SMS" ProcGroupID="822CC049701F8A4811AA52935D8F4038" AppID="822CC049701F8A4811AA52935D8F4030" Description="" CreatedBy="143525" CreatedDate="0001-01-01T00:00:00Z" LastModifiedBy="143525" LastModifiedDate="0001-01-01T00:00:00Z" ContentType="application\sms" ParentFolderID="822CC049701F8A4811AA52935D8F4046" DisplayName="SMS" />
      </Folder>
      <Folder ID="822CC049701F8A4811AA52935D8F404F" Name="Process Model" ProcGroupID="822CC049701F8A4811AA52935D8F4038" AppID="822CC049701F8A4811AA52935D8F4030" Description="" CreatedBy="143525" CreatedDate="0001-01-01T00:00:00Z" LastModifiedBy="143525" LastModifiedDate="0001-01-01T00:00:00Z" ContentType="application\processmodel" ParentFolderID="822CC049701F8A4811AA52935D8F4038" DisplayName="Process Model">
        <File ID="BAF012DEFB27D0ED11004AE0084B1DF4" Name="ASD - 38D Forms" BaseFileID="822CC049701F8A4811AA52935D8F4050" PrevVerFileID="BAE70AFFF82C906711FFEB0971780199" AppID="822CC049701F8A4811AA52935D8F4030" ParentFolderID="822CC049701F8A4811AA52935D8F404F" ProcGroupID="822CC049701F8A4811AA52935D8F4038" Description="" Version="1.31" Status="RELEASED" ContentType="user\processmodel" CheckedOutBy="" CheckedOutDate="0001-01-01T00:00:00Z" CreatedDate="2025-06-16T18:30:58.783" CreatedBy="40001842" LastModifiedDate="2025-06-16T18:31:25" LastModifiedBy="152213" ThemeID="" ExtraInfo="" DisplayName="ASD - 38D Forms" />
      </Folder>
      <Folder ID="822CC049701F8A4811AA52935D8F4051" Name="Translation" ProcGroupID="822CC049701F8A4811AA52935D8F4038" AppID="822CC049701F8A4811AA52935D8F4030" Description="" CreatedBy="143525" CreatedDate="0001-01-01T00:00:00Z" LastModifiedBy="143525" LastModifiedDate="0001-01-01T00:00:00Z" ContentType="application\translation" ParentFolderID="822CC049701F8A4811AA52935D8F4038" DisplayName="Translation" />
      <Folder ID="822CC049701F8A4811AA52935D8F4052" Name="Lookups" ProcGroupID="822CC049701F8A4811AA52935D8F4038" AppID="822CC049701F8A4811AA52935D8F4030" Description="" CreatedBy="143525" CreatedDate="0001-01-01T00:00:00Z" LastModifiedBy="143525" LastModifiedDate="0001-01-01T00:00:00Z" ContentType="application\lookup" ParentFolderID="822CC049701F8A4811AA52935D8F4038" DisplayName="Lookups" />
      <Folder ID="822CC049701F8A4811AA52935D8F4053" Name="Forms" ProcGroupID="822CC049701F8A4811AA52935D8F4038" AppID="822CC049701F8A4811AA52935D8F4030" Description="" CreatedBy="143525" CreatedDate="0001-01-01T00:00:00Z" LastModifiedBy="143525" LastModifiedDate="0001-01-01T00:00:00Z" ContentType="application\formsgroup" ParentFolderID="822CC049701F8A4811AA52935D8F4038" DisplayName="Forms">
        <Folder ID="822CC049701F8A4811AA52935D8F4054" Name="Task Forms" ProcGroupID="822CC049701F8A4811AA52935D8F4038" AppID="822CC049701F8A4811AA52935D8F4030" Description="" CreatedBy="143525" CreatedDate="0001-01-01T00:00:00Z" LastModifiedBy="143525" LastModifiedDate="0001-01-01T00:00:00Z" ContentType="application\taskforms" ParentFolderID="822CC049701F8A4811AA52935D8F4053" DisplayName="Task Forms">
          <File ID="BAFE12DEFB27D0ED1100CFAE66434EA0" Name="Submission Form" BaseFileID="822CC049701F8A4811AA52935D8F4055" PrevVerFileID="BAFC0AFFF82C90671100CFAE1557D353" AppID="822CC049701F8A4811AA52935D8F4030" ParentFolderID="822CC049701F8A4811AA52935D8F4054" ProcGroupID="822CC049701F8A4811AA52935D8F4038" Description="" Version="1.43" Status="DRAFT" ContentType="user\taskforms" CheckedOutBy="" CheckedOutDate="0001-01-01T00:00:00Z" CreatedDate="2025-12-02T13:40:46.69" CreatedBy="40001842" LastModifiedDate="2025-12-02T13:42:19.493" LastModifiedBy="152213" ThemeID="" ExtraInfo="" DisplayName="Submission Form" />
          <File ID="BAE70AFFF82C906711FFEB097178019B" Name="Report View" BaseFileID="822CC049701F8A4811AA52935D8F4056" PrevVerFileID="826986C043CDD4E911EEDCC08E552997" AppID="822CC049701F8A4811AA52935D8F4030" ParentFolderID="822CC049701F8A4811AA52935D8F4054" ProcGroupID="822CC049701F8A4811AA52935D8F4038" Description="" Version="1.22" Status="RELEASED" ContentType="user\taskforms" CheckedOutBy="" CheckedOutDate="0001-01-01T00:00:00Z" CreatedDate="2025-02-14T19:25:28.083" CreatedBy="40001842" LastModifiedDate="2025-02-14T19:25:28.083" LastModifiedBy="40001842" ThemeID="" ExtraInfo="" DisplayName="Report View" />
        </Folder>
      </Folder>
      <Folder ID="822CC049701F8A4811AA52935D8F4057" Name="Library" ProcGroupID="822CC049701F8A4811AA52935D8F4038" AppID="822CC049701F8A4811AA52935D8F4030" Description="" CreatedBy="143525" CreatedDate="0001-01-01T00:00:00Z" LastModifiedBy="143525" LastModifiedDate="0001-01-01T00:00:00Z" ContentType="application\taskformlibrary" ParentFolderID="822CC049701F8A4811AA52935D8F4038" DisplayName="Library">
        <File ID="BAFE12DEFB27D0ED1100CFAE66434E9F" Name="Form Library" BaseFileID="822CC049701F8A4811AA52935D8F4058" PrevVerFileID="BAFC0AFFF82C90671100CFAE1B595612" AppID="822CC049701F8A4811AA52935D8F4030" ParentFolderID="822CC049701F8A4811AA52935D8F4057" ProcGroupID="822CC049701F8A4811AA52935D8F4038" Description="" Version="1.47" Status="DRAFT" ContentType="user\taskformlibrary" CheckedOutBy="" CheckedOutDate="0001-01-01T00:00:00Z" CreatedDate="2025-12-02T13:40:46.597" CreatedBy="40001842" LastModifiedDate="2025-12-02T13:42:19.933" LastModifiedBy="152213" ThemeID="" ExtraInfo="" DisplayName="Form Library" />
      </Folder>
      <Folder ID="822CC049701F8A4811AA52935D8F4059" Name="System Files" ProcGroupID="822CC049701F8A4811AA52935D8F4038" AppID="822CC049701F8A4811AA52935D8F4030" Description="" CreatedBy="143525" CreatedDate="0001-01-01T00:00:00Z" LastModifiedBy="143525" LastModifiedDate="0001-01-01T00:00:00Z" ContentType="application\hidden" ParentFolderID="822CC049701F8A4811AA52935D8F4038" DisplayName="System Files" />
    </Folder>
  </Folder>
  <CoAuthored>false</CoAuthored>
  <IsAIGenerated>false</IsAIGenerated>
</WFEnabledApplication>