<?xml version="1.0"?>
<WFEnabledApplication xmlns:xsd="http://www.w3.org/2001/XMLSchema" xmlns:xsi="http://www.w3.org/2001/XMLSchema-instance" ID="8232B196F237B6B011BB29D928C14BEB" Name="MO - Childcare Survey" Description="" Status="RELEASED" CreatedDate="2020-11-18T15:03:48.71" CreatedBy="40002000" AppType="eForms" Visibility="PAAS" ContentType="application" DisplayName="MO - Childcare Survey" AppLocale="customlocale" ParentApplicationId="">
  <Folder ID="8232B196F237B6B011BB29D928C14BEC" Name="Shared Resources" ProcGroupID="" AppID="8232B196F237B6B011BB29D928C14BEB" Description="" CreatedBy="40002000" CreatedDate="0001-01-01T00:00:00Z" LastModifiedBy="40002000" LastModifiedDate="0001-01-01T00:00:00Z" ContentType="Any" ParentFolderID="8232B196F237B6B011BB29D928C14BEB" DisplayName="Shared Resources">
    <Folder ID="8232B196F237B6B011BB29D928C14BED" Name="Style Sheets" ProcGroupID="" AppID="8232B196F237B6B011BB29D928C14BEB" Description="" CreatedBy="40002000" CreatedDate="0001-01-01T00:00:00Z" LastModifiedBy="40002000" LastModifiedDate="0001-01-01T00:00:00Z" ContentType="application\CSS" ParentFolderID="8232B196F237B6B011BB29D928C14BEC" DisplayName="Style Sheets" />
    <Folder ID="8232B196F237B6B011BB29D928C14BEE" Name="JavaScript" ProcGroupID="" AppID="8232B196F237B6B011BB29D928C14BEB" Description="" CreatedBy="40002000" CreatedDate="0001-01-01T00:00:00Z" LastModifiedBy="40002000" LastModifiedDate="0001-01-01T00:00:00Z" ContentType="application\js" ParentFolderID="8232B196F237B6B011BB29D928C14BEC" DisplayName="JavaScript" />
    <Folder ID="8232B196F237B6B011BB29D928C14BEF" Name="Images" ProcGroupID="" AppID="8232B196F237B6B011BB29D928C14BEB" Description="" CreatedBy="40002000" CreatedDate="0001-01-01T00:00:00Z" LastModifiedBy="40002000" LastModifiedDate="0001-01-01T00:00:00Z" ContentType="application\image" ParentFolderID="8232B196F237B6B011BB29D928C14BEC" DisplayName="Images" />
    <Folder ID="8232B196F237B6B011BB29D928C14BF0" Name="Access Tokens" ProcGroupID="" AppID="8232B196F237B6B011BB29D928C14BEB" Description="" CreatedBy="40002000" CreatedDate="0001-01-01T00:00:00Z" LastModifiedBy="40002000" LastModifiedDate="0001-01-01T00:00:00Z" ContentType="application\apptoken" ParentFolderID="8232B196F237B6B011BB29D928C14BEC" DisplayName="Access Tokens" />
    <Folder ID="8232B196F237B6B011BB29D928C14BF1" Name="Application Resources" ProcGroupID="" AppID="8232B196F237B6B011BB29D928C14BEB" Description="" CreatedBy="40002000" CreatedDate="0001-01-01T00:00:00Z" LastModifiedBy="40002000" LastModifiedDate="0001-01-01T00:00:00Z" ContentType="application\applicationresources" ParentFolderID="8232B196F237B6B011BB29D928C14BEC" DisplayName="Application Resources" />
  </Folder>
  <Folder ID="8232B196F237B6B011BB29D928C14BF2" Name="Processes" ProcGroupID="" AppID="8232B196F237B6B011BB29D928C14BEB" Description="" CreatedBy="40002000" CreatedDate="0001-01-01T00:00:00Z" LastModifiedBy="40002000" LastModifiedDate="0001-01-01T00:00:00Z" ContentType="application\processgroup" ParentFolderID="8232B196F237B6B011BB29D928C14BEB" DisplayName="Processes">
    <Folder ID="8232B196F237B6B011BB29D928C14BF3" Name="MO - Childcare Survey" ProcGroupID="" AppID="8232B196F237B6B011BB29D928C14BEB" Description="" CreatedBy="40002000" CreatedDate="0001-01-01T00:00:00Z" LastModifiedBy="40002000" LastModifiedDate="0001-01-01T00:00:00Z" ContentType="user\processgroup" ParentFolderID="8232B196F237B6B011BB29D928C14BF2" DisplayName="MO - Childcare Survey">
      <Folder ID="8232B196F237B6B011BB29D928C14BF4" Name="Process Model" ProcGroupID="8232B196F237B6B011BB29D928C14BF3" AppID="8232B196F237B6B011BB29D928C14BEB" Description="" CreatedBy="40002000" CreatedDate="0001-01-01T00:00:00Z" LastModifiedBy="40002000" LastModifiedDate="0001-01-01T00:00:00Z" ContentType="application\processmodel" ParentFolderID="8232B196F237B6B011BB29D928C14BF3" DisplayName="Process Model">
        <File ID="8252A40E570D520511DDAECDDF63AFD5" Name="MO - Childcare Survey" BaseFileID="8231A1805604CB5E11BB5A68025FBB31" PrevVerFileID="8252A40E570D520511DDA3078E99E64D" AppID="8232B196F237B6B011BB29D928C14BEB" ParentFolderID="8232B196F237B6B011BB29D928C14BF4" ProcGroupID="8232B196F237B6B011BB29D928C14BF3" Description="" Version="1.07" Status="RELEASED" ContentType="user\processmodel" CheckedOutBy="" CheckedOutDate="0001-01-01T00:00:00Z" CreatedDate="2023-02-17T09:18:00.747" CreatedBy="40001842" LastModifiedDate="2023-02-17T09:24:25.66" LastModifiedBy="40001842" ThemeID="" ExtraInfo="" DisplayName="MO - Childcare Survey" />
      </Folder>
      <Folder ID="8232B196F237B6B011BB29D928C14BF6" Name="Notification" ProcGroupID="8232B196F237B6B011BB29D928C14BF3" AppID="8232B196F237B6B011BB29D928C14BEB" Description="" CreatedBy="40002000" CreatedDate="0001-01-01T00:00:00Z" LastModifiedBy="40002000" LastModifiedDate="0001-01-01T00:00:00Z" ContentType="application\notification" ParentFolderID="8232B196F237B6B011BB29D928C14BF3" DisplayName="Notification">
        <Folder ID="8232B196F237B6B011BB29D928C14BF7" Name="E-mails" ProcGroupID="8232B196F237B6B011BB29D928C14BF3" AppID="8232B196F237B6B011BB29D928C14BEB" Description="" CreatedBy="40002000" CreatedDate="0001-01-01T00:00:00Z" LastModifiedBy="40002000" LastModifiedDate="0001-01-01T00:00:00Z" ContentType="application\email" ParentFolderID="8232B196F237B6B011BB29D928C14BF6" DisplayName="E-mails" />
        <Folder ID="8232B196F237B6B011BB29D928C14BF8" Name="Yammer" ProcGroupID="8232B196F237B6B011BB29D928C14BF3" AppID="8232B196F237B6B011BB29D928C14BEB" Description="" CreatedBy="40002000" CreatedDate="0001-01-01T00:00:00Z" LastModifiedBy="40002000" LastModifiedDate="0001-01-01T00:00:00Z" ContentType="application\yammer" ParentFolderID="8232B196F237B6B011BB29D928C14BF6" DisplayName="Yammer" />
        <Folder ID="8232B196F237B6B011BB29D928C14BF9" Name="Chatter" ProcGroupID="8232B196F237B6B011BB29D928C14BF3" AppID="8232B196F237B6B011BB29D928C14BEB" Description="" CreatedBy="40002000" CreatedDate="0001-01-01T00:00:00Z" LastModifiedBy="40002000" LastModifiedDate="0001-01-01T00:00:00Z" ContentType="application\chatter" ParentFolderID="8232B196F237B6B011BB29D928C14BF6" DisplayName="Chatter" />
        <Folder ID="8232B196F237B6B011BB29D928C14BFA" Name="Lync" ProcGroupID="8232B196F237B6B011BB29D928C14BF3" AppID="8232B196F237B6B011BB29D928C14BEB" Description="" CreatedBy="40002000" CreatedDate="0001-01-01T00:00:00Z" LastModifiedBy="40002000" LastModifiedDate="0001-01-01T00:00:00Z" ContentType="application\lync" ParentFolderID="8232B196F237B6B011BB29D928C14BF6" DisplayName="Skype for Business" />
        <Folder ID="8232B196F237B6B011BB29D928C14BFB" Name="SMS" ProcGroupID="8232B196F237B6B011BB29D928C14BF3" AppID="8232B196F237B6B011BB29D928C14BEB" Description="" CreatedBy="40002000" CreatedDate="0001-01-01T00:00:00Z" LastModifiedBy="40002000" LastModifiedDate="0001-01-01T00:00:00Z" ContentType="application\sms" ParentFolderID="8232B196F237B6B011BB29D928C14BF6" DisplayName="SMS" />
        <Folder ID="8232B196F237B6B011BB29D928C14BFC" Name="Attachment Repository" ProcGroupID="8232B196F237B6B011BB29D928C14BF3" AppID="8232B196F237B6B011BB29D928C14BEB" Description="" CreatedBy="40002000" CreatedDate="0001-01-01T00:00:00Z" LastModifiedBy="40002000" LastModifiedDate="0001-01-01T00:00:00Z" ContentType="application\attachmentrepository" ParentFolderID="8232B196F237B6B011BB29D928C14BF6" DisplayName="Attachment Repository" />
      </Folder>
      <Folder ID="8232B196F237B6B011BB29D928C14BFD" Name="Data Model" ProcGroupID="8232B196F237B6B011BB29D928C14BF3" AppID="8232B196F237B6B011BB29D928C14BEB" Description="" CreatedBy="40002000" CreatedDate="0001-01-01T00:00:00Z" LastModifiedBy="40002000" LastModifiedDate="0001-01-01T00:00:00Z" ContentType="application\datamodel" ParentFolderID="8232B196F237B6B011BB29D928C14BF3" DisplayName="Data Model">
        <File ID="8252A40E570D520511DDAED2A54A3D04" Name="Schema.xsd" BaseFileID="8231A1805604CB5E11BB5A68025FBB32" PrevVerFileID="8252A40E570D520511DDAED185D2EFB6" AppID="8232B196F237B6B011BB29D928C14BEB" ParentFolderID="8232B196F237B6B011BB29D928C14BFD" ProcGroupID="8232B196F237B6B011BB29D928C14BF3" Description="" Version="1.17" Status="RELEASED" ContentType="user\datamodel" CheckedOutBy="" CheckedOutDate="0001-01-01T00:00:00Z" CreatedDate="2023-02-17T09:52:15.4" CreatedBy="40001842" LastModifiedDate="2023-02-17T09:52:34.757" LastModifiedBy="40001842" ThemeID="" ExtraInfo="[{&quot;Name&quot; : &quot;NamespaceUpdated&quot; , &quot;Value&quot; : &quot;True&quot;}]" DisplayName="Schema.xsd" />
        <File ID="8251F78EA8D72B7211DDAED0E46BAC06" Name="MOChildcareSurveys" BaseFileID="8231A1805604CB5E11BB5A68025FBB33" PrevVerFileID="8246F5F6F60437B011CCEA982ABD0DBB" AppID="8232B196F237B6B011BB29D928C14BEB" ParentFolderID="8232B196F237B6B011BB29D928C14BFD" ProcGroupID="8232B196F237B6B011BB29D928C14BF3" Description="Datasource MOChildcareSurveys Schema" Version="1.04" Status="RELEASED" ContentType="user\apdataentitydatamodel" CheckedOutBy="" CheckedOutDate="0001-01-01T00:00:00Z" CreatedDate="2023-02-17T09:39:35.347" CreatedBy="40001842" LastModifiedDate="2023-02-17T09:39:35.36" LastModifiedBy="40001842" ThemeID="" ExtraInfo="" DisplayName="MOChildcareSurveys" />
      </Folder>
      <Folder ID="8232B196F237B6B011BB29D928C14C00" Name="Data Source" ProcGroupID="8232B196F237B6B011BB29D928C14BF3" AppID="8232B196F237B6B011BB29D928C14BEB" Description="" CreatedBy="40002000" CreatedDate="0001-01-01T00:00:00Z" LastModifiedBy="40002000" LastModifiedDate="0001-01-01T00:00:00Z" ContentType="application\datasources" ParentFolderID="8232B196F237B6B011BB29D928C14BF3" DisplayName="Data Source">
        <File ID="8251F78EA8D72B7211DDAED0D87318C5" Name="MOChildcareSurveys" BaseFileID="8231A1805604CB5E11BB5A68025FBB34" PrevVerFileID="8246F5F6F60437B011CCEA982ABD0DBC" AppID="8232B196F237B6B011BB29D928C14BEB" ParentFolderID="8232B196F237B6B011BB29D928C14C00" ProcGroupID="8232B196F237B6B011BB29D928C14BF3" Description="" Version="1.04" Status="RELEASED" ContentType="user\APDataEntityDataSource" CheckedOutBy="" CheckedOutDate="0001-01-01T00:00:00Z" CreatedDate="2023-02-17T09:39:16.987" CreatedBy="40001842" LastModifiedDate="2023-02-17T09:43:58.723" LastModifiedBy="40001842" ThemeID="" ExtraInfo="" DisplayName="MOChildcareSurveys" />
      </Folder>
      <Folder ID="8232B196F237B6B011BB29D928C14C02" Name="Library" ProcGroupID="8232B196F237B6B011BB29D928C14BF3" AppID="8232B196F237B6B011BB29D928C14BEB" Description="" CreatedBy="40002000" CreatedDate="0001-01-01T00:00:00Z" LastModifiedBy="40002000" LastModifiedDate="0001-01-01T00:00:00Z" ContentType="application\taskformlibrary" ParentFolderID="8232B196F237B6B011BB29D928C14BF3" DisplayName="Library">
        <File ID="8252A40E570D520511DDAED2A54A3D07" Name="Form Library" BaseFileID="8231A1805604CB5E11BB5A68025FBB35" PrevVerFileID="8252A40E570D520511DDAED185D2EFB7" AppID="8232B196F237B6B011BB29D928C14BEB" ParentFolderID="8232B196F237B6B011BB29D928C14C02" ProcGroupID="8232B196F237B6B011BB29D928C14BF3" Description="" Version="1.16" Status="RELEASED" ContentType="user\taskformlibrary" CheckedOutBy="" CheckedOutDate="0001-01-01T00:00:00Z" CreatedDate="2023-02-17T09:52:15.667" CreatedBy="40001842" LastModifiedDate="2023-02-17T09:52:34.63" LastModifiedBy="40001842" ThemeID="" ExtraInfo="" DisplayName="Form Library" />
      </Folder>
      <Folder ID="8232B196F237B6B011BB29D928C14C04" Name="Forms" ProcGroupID="8232B196F237B6B011BB29D928C14BF3" AppID="8232B196F237B6B011BB29D928C14BEB" Description="" CreatedBy="40002000" CreatedDate="0001-01-01T00:00:00Z" LastModifiedBy="40002000" LastModifiedDate="0001-01-01T00:00:00Z" ContentType="application\formsgroup" ParentFolderID="8232B196F237B6B011BB29D928C14BF3" DisplayName="Forms">
        <Folder ID="8232B196F237B6B011BB29D928C14C05" Name="Task Forms" ProcGroupID="8232B196F237B6B011BB29D928C14BF3" AppID="8232B196F237B6B011BB29D928C14BEB" Description="" CreatedBy="40002000" CreatedDate="0001-01-01T00:00:00Z" LastModifiedBy="40002000" LastModifiedDate="0001-01-01T00:00:00Z" ContentType="application\taskforms" ParentFolderID="8232B196F237B6B011BB29D928C14C04" DisplayName="Task Forms">
          <File ID="8252A40E570D520511DDAED2A54A3D08" Name="Childcare Survey Submission" BaseFileID="8231A1805604CB5E11BB5A68025FBB36" PrevVerFileID="8252A40E570D520511DDAED185D2EFB8" AppID="8232B196F237B6B011BB29D928C14BEB" ParentFolderID="8232B196F237B6B011BB29D928C14C05" ProcGroupID="8232B196F237B6B011BB29D928C14BF3" Description="" Version="1.15" Status="RELEASED" ContentType="user\taskforms" CheckedOutBy="" CheckedOutDate="0001-01-01T00:00:00Z" CreatedDate="2023-02-17T09:52:15.713" CreatedBy="40001842" LastModifiedDate="2023-02-17T09:52:34.003" LastModifiedBy="40001842" ThemeID="" ExtraInfo="" DisplayName="Childcare Survey Submission" />
          <File ID="8252A40E570D520511DDAECDD366FDB4" Name="Debug Launcher Form" BaseFileID="8252A40E570D520511DDAECDD366FDB4" PrevVerFileID="" AppID="8232B196F237B6B011BB29D928C14BEB" ParentFolderID="8232B196F237B6B011BB29D928C14C05" ProcGroupID="8232B196F237B6B011BB29D928C14BF3" Description="" Version="1.0" Status="RELEASED" ContentType="user\taskforms" CheckedOutBy="" CheckedOutDate="0001-01-01T00:00:00Z" CreatedDate="2023-02-17T09:17:36.77" CreatedBy="40001842" LastModifiedDate="2023-02-17T09:17:36.77" LastModifiedBy="40001842" ThemeID="" ExtraInfo="" DisplayName="Debug Launcher Form" />
        </Folder>
      </Folder>
      <Folder ID="8232B196F237B6B011BB29D928C14C07" Name="Lookups" ProcGroupID="8232B196F237B6B011BB29D928C14BF3" AppID="8232B196F237B6B011BB29D928C14BEB" Description="" CreatedBy="40002000" CreatedDate="0001-01-01T00:00:00Z" LastModifiedBy="40002000" LastModifiedDate="0001-01-01T00:00:00Z" ContentType="application\lookup" ParentFolderID="8232B196F237B6B011BB29D928C14BF3" DisplayName="Lookups">
        <File ID="8252A40E570D520511DDAECDD366FDB6" Name="COBZipCodes" BaseFileID="8231A1805604CB5E11BB5A68025FBB38" PrevVerFileID="8246F5F6F60437B011CCEA982ABD0DC0" AppID="8232B196F237B6B011BB29D928C14BEB" ParentFolderID="8232B196F237B6B011BB29D928C14C07" ProcGroupID="8232B196F237B6B011BB29D928C14BF3" Description="" Version="1.02" Status="RELEASED" ContentType="user\lookupnamevalue" CheckedOutBy="" CheckedOutDate="0001-01-01T00:00:00Z" CreatedDate="2023-02-17T09:17:36.803" CreatedBy="40001842" LastModifiedDate="2023-02-17T09:17:36.803" LastModifiedBy="40001842" ThemeID="" ExtraInfo="" DisplayName="COBZipCodes" />
        <File ID="8252A40E570D520511DDAECDD366FDB5" Name="ValidateBostonZip" BaseFileID="8231A1805604CB5E11BB5A68025FBB37" PrevVerFileID="8246F5F6F60437B011CCEA982ABD0DBF" AppID="8232B196F237B6B011BB29D928C14BEB" ParentFolderID="8232B196F237B6B011BB29D928C14C07" ProcGroupID="8232B196F237B6B011BB29D928C14BF3" Description="" Version="1.02" Status="RELEASED" ContentType="user\lookupmulticolumn" CheckedOutBy="" CheckedOutDate="0001-01-01T00:00:00Z" CreatedDate="2023-02-17T09:17:36.787" CreatedBy="40001842" LastModifiedDate="2023-02-17T09:17:36.787" LastModifiedBy="40001842" ThemeID="" ExtraInfo="" DisplayName="ValidateBostonZip" />
      </Folder>
      <Folder ID="8232B196F237B6B011BB29D928C14C09" Name="Translation" ProcGroupID="8232B196F237B6B011BB29D928C14BF3" AppID="8232B196F237B6B011BB29D928C14BEB" Description="" CreatedBy="40002000" CreatedDate="0001-01-01T00:00:00Z" LastModifiedBy="40002000" LastModifiedDate="0001-01-01T00:00:00Z" ContentType="application\translation" ParentFolderID="8232B196F237B6B011BB29D928C14BF3" DisplayName="Translation">
        <File ID="8252A40E570D520511DDAECDD366FDBB" Name="FormLibrary_vi" BaseFileID="8231A1805604CB5E11BB5A68025FBB3E" PrevVerFileID="8246F5F6F60437B011CCEA982ABD0DC6" AppID="8232B196F237B6B011BB29D928C14BEB" ParentFolderID="8232B196F237B6B011BB29D928C14C09" ProcGroupID="8232B196F237B6B011BB29D928C14BF3" Description="" Version="1.02" Status="RELEASED" ContentType="user\translation" CheckedOutBy="" CheckedOutDate="0001-01-01T00:00:00Z" CreatedDate="2023-02-17T09:17:36.863" CreatedBy="40001842" LastModifiedDate="2023-02-17T09:17:36.863" LastModifiedBy="40001842" ThemeID="" ExtraInfo="" DisplayName="FormLibrary_Vietnamese" />
        <File ID="8252A40E570D520511DDAECDD366FDBC" Name="FormLibrary_zh-Hant" BaseFileID="8231A1805604CB5E11BB5A68025FBB3B" PrevVerFileID="8246F5F6F60437B011CCEA982ABD0DC2" AppID="8232B196F237B6B011BB29D928C14BEB" ParentFolderID="8232B196F237B6B011BB29D928C14C09" ProcGroupID="8232B196F237B6B011BB29D928C14BF3" Description="" Version="1.02" Status="RELEASED" ContentType="user\translation" CheckedOutBy="" CheckedOutDate="0001-01-01T00:00:00Z" CreatedDate="2023-02-17T09:17:36.863" CreatedBy="40001842" LastModifiedDate="2023-02-17T09:17:36.863" LastModifiedBy="40001842" ThemeID="" ExtraInfo="" DisplayName="FormLibrary_Chinese (Traditional)" />
        <File ID="8252A40E570D520511DDAECDD366FDB9" Name="FormLibrary_af" BaseFileID="8231A1805604CB5E11BB5A68025FBB3A" PrevVerFileID="8246F5F6F60437B011CCEA982ABD0DC1" AppID="8232B196F237B6B011BB29D928C14BEB" ParentFolderID="8232B196F237B6B011BB29D928C14C09" ProcGroupID="8232B196F237B6B011BB29D928C14BF3" Description="" Version="1.02" Status="RELEASED" ContentType="user\translation" CheckedOutBy="" CheckedOutDate="0001-01-01T00:00:00Z" CreatedDate="2023-02-17T09:17:36.85" CreatedBy="40001842" LastModifiedDate="2023-02-17T09:17:36.85" LastModifiedBy="40001842" ThemeID="" ExtraInfo="" DisplayName="FormLibrary_Creole (Cape Verdean)" />
        <File ID="8252A40E570D520511DDAECDD366FDBA" Name="FormLibrary_bg" BaseFileID="8231A1805604CB5E11BB5A68025FBB39" PrevVerFileID="8246F5F6F60437B011CCEA982ABD0DC3" AppID="8232B196F237B6B011BB29D928C14BEB" ParentFolderID="8232B196F237B6B011BB29D928C14C09" ProcGroupID="8232B196F237B6B011BB29D928C14BF3" Description="" Version="1.02" Status="RELEASED" ContentType="user\translation" CheckedOutBy="" CheckedOutDate="0001-01-01T00:00:00Z" CreatedDate="2023-02-17T09:17:36.85" CreatedBy="40001842" LastModifiedDate="2023-02-17T09:17:36.85" LastModifiedBy="40001842" ThemeID="" ExtraInfo="" DisplayName="FormLibrary_Haitian Creole" />
        <File ID="8252A40E570D520511DDAECDD366FDB8" Name="FormLibrary_es" BaseFileID="8231A1805604CB5E11BB5A68025FBB3C" PrevVerFileID="8246F5F6F60437B011CCEA982ABD0DC5" AppID="8232B196F237B6B011BB29D928C14BEB" ParentFolderID="8232B196F237B6B011BB29D928C14C09" ProcGroupID="8232B196F237B6B011BB29D928C14BF3" Description="" Version="1.02" Status="RELEASED" ContentType="user\translation" CheckedOutBy="" CheckedOutDate="0001-01-01T00:00:00Z" CreatedDate="2023-02-17T09:17:36.833" CreatedBy="40001842" LastModifiedDate="2023-02-17T09:17:36.833" LastModifiedBy="40001842" ThemeID="" ExtraInfo="" DisplayName="FormLibrary_Spanish" />
        <File ID="8252A40E570D520511DDAECDD366FDB7" Name="FormLibrary_pt-BR" BaseFileID="8231A1805604CB5E11BB5A68025FBB3D" PrevVerFileID="8246F5F6F60437B011CCEA982ABD0DC4" AppID="8232B196F237B6B011BB29D928C14BEB" ParentFolderID="8232B196F237B6B011BB29D928C14C09" ProcGroupID="8232B196F237B6B011BB29D928C14BF3" Description="" Version="1.02" Status="RELEASED" ContentType="user\translation" CheckedOutBy="" CheckedOutDate="0001-01-01T00:00:00Z" CreatedDate="2023-02-17T09:17:36.82" CreatedBy="40001842" LastModifiedDate="2023-02-17T09:17:36.82" LastModifiedBy="40001842" ThemeID="" ExtraInfo="" DisplayName="FormLibrary_Portuguese (Brazil)" />
      </Folder>
      <Folder ID="8232B196F237B6B011BB29D928C14C10" Name="Document Repository" ProcGroupID="8232B196F237B6B011BB29D928C14BF3" AppID="8232B196F237B6B011BB29D928C14BEB" Description="" CreatedBy="40002000" CreatedDate="0001-01-01T00:00:00Z" LastModifiedBy="40002000" LastModifiedDate="0001-01-01T00:00:00Z" ContentType="application\documentrepository" ParentFolderID="8232B196F237B6B011BB29D928C14BF3" DisplayName="Document Repository" />
      <Folder ID="8232B196F237B6B011BB29D928C14C11" Name="System Files" ProcGroupID="8232B196F237B6B011BB29D928C14BF3" AppID="8232B196F237B6B011BB29D928C14BEB" Description="" CreatedBy="40002000" CreatedDate="0001-01-01T00:00:00Z" LastModifiedBy="40002000" LastModifiedDate="0001-01-01T00:00:00Z" ContentType="application\hidden" ParentFolderID="8232B196F237B6B011BB29D928C14BF3" DisplayName="System Files" />
    </Folder>
  </Folder>
</WFEnabledApplication>