<?xml version="1.0"?>
<WFApplicationDynamicDependencies xmlns:xsd="http://www.w3.org/2001/XMLSchema" xmlns:xsi="http://www.w3.org/2001/XMLSchema-instance">
  <AppName>OPAT - Police Accountability and Transparency</AppName>
  <Version>1.33</Version>
  <Groups>
    <Group>
      <GroupName>OPAT - Board Review</GroupName>
      <UsedIn>
        <DependencyUsedIn>
          <FileName>OPATPoliceAccountability</FileName>
          <FileDisplayName>OPATPoliceAccountability</FileDisplayName>
          <Activities>
            <Activity>
              <InternalName>eForms_StandardTask.6</InternalName>
              <DisplayName>Board Review</DisplayName>
            </Activity>
          </Activities>
          <FileType>Process Model</FileType>
          <NumberOfTimesUsed>1</NumberOfTimesUsed>
        </DependencyUsedIn>
      </UsedIn>
      <IsExists>false</IsExists>
    </Group>
    <Group>
      <GroupName>OPAT - Director Review</GroupName>
      <UsedIn>
        <DependencyUsedIn>
          <FileName>OPATPoliceAccountability</FileName>
          <FileDisplayName>OPATPoliceAccountability</FileDisplayName>
          <Activities>
            <Activity>
              <InternalName>eForms_StandardTask.4</InternalName>
              <DisplayName>Director review</DisplayName>
            </Activity>
          </Activities>
          <FileType>Process Model</FileType>
          <NumberOfTimesUsed>1</NumberOfTimesUsed>
        </DependencyUsedIn>
      </UsedIn>
      <IsExists>false</IsExists>
    </Group>
    <Group>
      <GroupName>OPAT - Assign Investigator</GroupName>
      <UsedIn>
        <DependencyUsedIn>
          <FileName>OPATPoliceAccountability</FileName>
          <FileDisplayName>OPATPoliceAccountability</FileDisplayName>
          <Activities>
            <Activity>
              <InternalName>eForms_StandardTask.2</InternalName>
              <DisplayName>Assign Investigator</DisplayName>
            </Activity>
          </Activities>
          <FileType>Process Model</FileType>
          <NumberOfTimesUsed>1</NumberOfTimesUsed>
        </DependencyUsedIn>
      </UsedIn>
      <IsExists>false</IsExists>
    </Group>
    <Group>
      <GroupName>OPAT - Intake Team</GroupName>
      <UsedIn>
        <DependencyUsedIn>
          <FileName>OPATPoliceAccountability</FileName>
          <FileDisplayName>OPATPoliceAccountability</FileDisplayName>
          <Activities>
            <Activity>
              <InternalName>eForms_StandardTask.1</InternalName>
              <DisplayName>Initial review</DisplayName>
            </Activity>
          </Activities>
          <FileType>Process Model</FileType>
          <NumberOfTimesUsed>1</NumberOfTimesUsed>
        </DependencyUsedIn>
      </UsedIn>
      <IsExists>false</IsExists>
    </Group>
    <Group>
      <GroupName>OPAT - Intake Team Emails</GroupName>
      <UsedIn>
        <DependencyUsedIn>
          <FileName>Notification</FileName>
          <FileDisplayName>Notification</FileDisplayName>
          <Activities />
          <FileType>Email Notification</FileType>
          <NumberOfTimesUsed>1</NumberOfTimesUsed>
        </DependencyUsedIn>
      </UsedIn>
      <IsExists>false</IsExists>
    </Group>
  </Groups>
  <DataEntities>
    <DataEntity>
      <EntityName>OPATComplaints__u</EntityName>
      <EntityDisplayName>OPAT -Complaints</EntityDisplayName>
      <UsedIn>
        <DependencyUsedIn>
          <FileName>OPATPoliceAccountability</FileName>
          <FileDisplayName>OPATPoliceAccountability</FileDisplayName>
          <Activities>
            <Activity>
              <InternalName>UpdateAPDataEntity.8</InternalName>
              <DisplayName>Update current status</DisplayName>
            </Activity>
            <Activity>
              <InternalName>UpdateAPDataEntity.7</InternalName>
              <DisplayName>Update current status</DisplayName>
            </Activity>
            <Activity>
              <InternalName>UpdateAPDataEntity.3</InternalName>
              <DisplayName>Update current status</DisplayName>
            </Activity>
            <Activity>
              <InternalName>UpdateAPDataEntity.2</InternalName>
              <DisplayName>Update current status</DisplayName>
            </Activity>
            <Activity>
              <InternalName>UpdateAPDataEntity.1</InternalName>
              <DisplayName>Update Current Status</DisplayName>
            </Activity>
            <Activity>
              <InternalName>UpdateAPDataEntity.4</InternalName>
              <DisplayName>Save Parent Folder URL</DisplayName>
            </Activity>
          </Activities>
          <FileType>Process Model</FileType>
          <NumberOfTimesUsed>6</NumberOfTimesUsed>
        </DependencyUsedIn>
        <DependencyUsedIn>
          <FileName>OPATComplaints</FileName>
          <FileDisplayName>OPATComplaints</FileDisplayName>
          <Activities />
          <FileType>Data Source</FileType>
          <NumberOfTimesUsed>1</NumberOfTimesUsed>
        </DependencyUsedIn>
      </UsedIn>
      <IsExists>false</IsExists>
    </DataEntity>
    <DataEntity>
      <EntityName>opatinvestigationnotes__u</EntityName>
      <EntityDisplayName>OPAT -Investigation Notes</EntityDisplayName>
      <UsedIn>
        <DependencyUsedIn>
          <FileName>OPATComplaints</FileName>
          <FileDisplayName>OPATComplaints</FileDisplayName>
          <Activities />
          <FileType>Data Source</FileType>
          <NumberOfTimesUsed>1</NumberOfTimesUsed>
        </DependencyUsedIn>
      </UsedIn>
      <IsExists>false</IsExists>
    </DataEntity>
  </DataEntities>
  <PickLists>
    <PickList>
      <PickListName>COBNeighborhoods__p</PickListName>
      <PickListDisplayName>COB - Neighborhood's</PickListDisplayName>
      <UsedIn>
        <DependencyUsedIn>
          <FileName>Form Library</FileName>
          <FileDisplayName>Form Library</FileDisplayName>
          <Activities />
          <FileType>eForm Library</FileType>
          <NumberOfTimesUsed>1</NumberOfTimesUsed>
        </DependencyUsedIn>
      </UsedIn>
      <IsExists>false</IsExists>
    </PickList>
  </PickLists>
  <GlobalAppTokens>
    <GlobalAppToken>
      <TokenName>AgilePoint Google Drive</TokenName>
      <UsedIn>
        <DependencyUsedIn>
          <FileName>OPATPoliceAccountability</FileName>
          <FileDisplayName>OPATPoliceAccountability</FileDisplayName>
          <Activities>
            <Activity>
              <InternalName>RESTAgilePart.1</InternalName>
              <DisplayName>Get Parent Folder ID</DisplayName>
            </Activity>
          </Activities>
          <FileType>Process Model</FileType>
          <NumberOfTimesUsed>1</NumberOfTimesUsed>
        </DependencyUsedIn>
        <DependencyUsedIn>
          <FileName>File Upload 1</FileName>
          <FileDisplayName>File Upload 1</FileDisplayName>
          <Activities />
          <FileType>Document Repository</FileType>
          <NumberOfTimesUsed>1</NumberOfTimesUsed>
        </DependencyUsedIn>
        <DependencyUsedIn>
          <FileName>File Upload</FileName>
          <FileDisplayName>File Upload</FileDisplayName>
          <Activities />
          <FileType>Document Repository</FileType>
          <NumberOfTimesUsed>1</NumberOfTimesUsed>
        </DependencyUsedIn>
      </UsedIn>
      <IsExists>false</IsExists>
    </GlobalAppToken>
  </GlobalAppTokens>
  <ValidationMasks>
    <ValidationMask>
      <MaskName>Numeric Text Only Five Digits</MaskName>
      <UsedIn>
        <DependencyUsedIn>
          <FileName>Form Library</FileName>
          <FileDisplayName>Form Library</FileDisplayName>
          <Activities />
          <FileType>eForm Library</FileType>
          <NumberOfTimesUsed>1</NumberOfTimesUsed>
        </DependencyUsedIn>
      </UsedIn>
      <IsExists>false</IsExists>
    </ValidationMask>
  </ValidationMasks>
  <FileTypeGroups />
  <TranslationLanguages>
    <TranslationLanguage>
      <LanguageName>Spanish</LanguageName>
      <LanguageCode>es</LanguageCode>
      <IsExists>false</IsExists>
    </TranslationLanguage>
    <TranslationLanguage>
      <LanguageName>English (United States)</LanguageName>
      <LanguageCode>en-US</LanguageCode>
      <IsExists>false</IsExists>
    </TranslationLanguage>
  </TranslationLanguages>
</WFApplicationDynamicDependencies>