<?xml version="1.0"?>
<WFEnabledApplication xmlns:xsd="http://www.w3.org/2001/XMLSchema" xmlns:xsi="http://www.w3.org/2001/XMLSchema-instance" ID="823D8B789D407B0311CC7D6B26FADB73" Name="OPAT - Police Accountability and Transparency" Description="" Status="DRAFT" CreatedDate="2022-01-24T18:12:57.56" CreatedBy="162157" AppType="eForms" Visibility="PAAS" ContentType="application" DisplayName="OPAT - Police Accountability and Transparency" AppLocale="customlocale" ParentApplicationId="">
  <Folder ID="823D8B789D407B0311CC7D6B26FADB74" Name="Shared Resources" ProcGroupID="" AppID="823D8B789D407B0311CC7D6B26FADB73" Description="" CreatedBy="162157" CreatedDate="0001-01-01T00:00:00Z" LastModifiedBy="162157" LastModifiedDate="0001-01-01T00:00:00Z" ContentType="Any" ParentFolderID="823D8B789D407B0311CC7D6B26FADB73" DisplayName="Shared Resources">
    <Folder ID="823D8B789D407B0311CC7D6B26FADB75" Name="Style Sheets" ProcGroupID="" AppID="823D8B789D407B0311CC7D6B26FADB73" Description="" CreatedBy="162157" CreatedDate="0001-01-01T00:00:00Z" LastModifiedBy="162157" LastModifiedDate="0001-01-01T00:00:00Z" ContentType="application\CSS" ParentFolderID="823D8B789D407B0311CC7D6B26FADB74" DisplayName="Style Sheets" />
    <Folder ID="823D8B789D407B0311CC7D6B26FADB76" Name="JavaScript" ProcGroupID="" AppID="823D8B789D407B0311CC7D6B26FADB73" Description="" CreatedBy="162157" CreatedDate="0001-01-01T00:00:00Z" LastModifiedBy="162157" LastModifiedDate="0001-01-01T00:00:00Z" ContentType="application\js" ParentFolderID="823D8B789D407B0311CC7D6B26FADB74" DisplayName="JavaScript" />
    <Folder ID="823D8B789D407B0311CC7D6B26FADB77" Name="Images" ProcGroupID="" AppID="823D8B789D407B0311CC7D6B26FADB73" Description="" CreatedBy="162157" CreatedDate="0001-01-01T00:00:00Z" LastModifiedBy="162157" LastModifiedDate="0001-01-01T00:00:00Z" ContentType="application\image" ParentFolderID="823D8B789D407B0311CC7D6B26FADB74" DisplayName="Images" />
    <Folder ID="823D8B789D407B0311CC7D6B26FADB78" Name="Access Tokens" ProcGroupID="" AppID="823D8B789D407B0311CC7D6B26FADB73" Description="" CreatedBy="162157" CreatedDate="0001-01-01T00:00:00Z" LastModifiedBy="162157" LastModifiedDate="0001-01-01T00:00:00Z" ContentType="application\apptoken" ParentFolderID="823D8B789D407B0311CC7D6B26FADB74" DisplayName="Access Tokens" />
    <Folder ID="823D8B789D407B0311CC7D6B26FADB79" Name="Application Resources" ProcGroupID="" AppID="823D8B789D407B0311CC7D6B26FADB73" Description="" CreatedBy="162157" CreatedDate="0001-01-01T00:00:00Z" LastModifiedBy="162157" LastModifiedDate="0001-01-01T00:00:00Z" ContentType="application\applicationresources" ParentFolderID="823D8B789D407B0311CC7D6B26FADB74" DisplayName="Application Resources" />
    <Folder ID="8257D4CD9C2F4D1611DDF13AC1FAB118" Name="Comments" ProcGroupID="823D8B789D407B0311CC7D6B26FADB74" AppID="823D8B789D407B0311CC7D6B26FADB73" Description="" CreatedBy="162157" CreatedDate="2023-05-12T23:03:43.26" LastModifiedBy="162157" LastModifiedDate="2023-05-12T23:03:43.26" ContentType="application\comments" ParentFolderID="823D8B789D407B0311CC7D6B26FADB74" DisplayName="Comments" />
    <Folder ID="BAF312DEFB27D0ED11006444AFB607CB" Name="ML Advisor" ProcGroupID="" AppID="823D8B789D407B0311CC7D6B26FADB73" Description="" CreatedBy="162157" CreatedDate="2025-07-19T02:04:24.09" LastModifiedBy="162157" LastModifiedDate="2025-07-19T02:04:24.09" ContentType="application\mladvisor" ParentFolderID="823D8B789D407B0311CC7D6B26FADB74" DisplayName="ML Advisor" />
  </Folder>
  <Folder ID="823D8B789D407B0311CC7D6B26FADB7A" Name="Processes" ProcGroupID="" AppID="823D8B789D407B0311CC7D6B26FADB73" Description="" CreatedBy="162157" CreatedDate="0001-01-01T00:00:00Z" LastModifiedBy="162157" LastModifiedDate="0001-01-01T00:00:00Z" ContentType="application\processgroup" ParentFolderID="823D8B789D407B0311CC7D6B26FADB73" DisplayName="Processes">
    <Folder ID="823D8B789D407B0311CC7D6B26FADB7B" Name="OPAT - Police Accountability and Transparency" ProcGroupID="" AppID="823D8B789D407B0311CC7D6B26FADB73" Description="" CreatedBy="162157" CreatedDate="0001-01-01T00:00:00Z" LastModifiedBy="162157" LastModifiedDate="0001-01-01T00:00:00Z" ContentType="user\processgroup" ParentFolderID="823D8B789D407B0311CC7D6B26FADB7A" DisplayName="OPAT - Police Accountability and Transparency">
      <Folder ID="823D8B789D407B0311CC7D6B26FADB7C" Name="Process Model" ProcGroupID="823D8B789D407B0311CC7D6B26FADB7B" AppID="823D8B789D407B0311CC7D6B26FADB73" Description="" CreatedBy="162157" CreatedDate="0001-01-01T00:00:00Z" LastModifiedBy="162157" LastModifiedDate="0001-01-01T00:00:00Z" ContentType="application\processmodel" ParentFolderID="823D8B789D407B0311CC7D6B26FADB7B" DisplayName="Process Model">
        <File ID="BAFE12DEFB27D0ED1100D20D3F74617B" Name="OPATPoliceAccountability" BaseFileID="823D8B789D407B0311CC7D6B26FADB7D" PrevVerFileID="BAF812DEFB27D0ED1100ADCBF54D6FA3" AppID="823D8B789D407B0311CC7D6B26FADB73" ParentFolderID="823D8B789D407B0311CC7D6B26FADB7C" ProcGroupID="823D8B789D407B0311CC7D6B26FADB7B" Description="" Version="1.31" Status="DRAFT" ContentType="user\processmodel" CheckedOutBy="" CheckedOutDate="0001-01-01T00:00:00Z" CreatedDate="2025-12-05T14:04:41.183" CreatedBy="40001842" LastModifiedDate="2025-12-05T14:04:41.183" LastModifiedBy="40001842" ThemeID="" ExtraInfo="" DisplayName="OPATPoliceAccountability" />
      </Folder>
      <Folder ID="823D8B789D407B0311CC7D6B26FADB7E" Name="Notification" ProcGroupID="823D8B789D407B0311CC7D6B26FADB7B" AppID="823D8B789D407B0311CC7D6B26FADB73" Description="" CreatedBy="162157" CreatedDate="0001-01-01T00:00:00Z" LastModifiedBy="162157" LastModifiedDate="0001-01-01T00:00:00Z" ContentType="application\notification" ParentFolderID="823D8B789D407B0311CC7D6B26FADB7B" DisplayName="Notification">
        <Folder ID="823D8B789D407B0311CC7D6B26FADB7F" Name="E-mails" ProcGroupID="823D8B789D407B0311CC7D6B26FADB7B" AppID="823D8B789D407B0311CC7D6B26FADB73" Description="" CreatedBy="162157" CreatedDate="0001-01-01T00:00:00Z" LastModifiedBy="162157" LastModifiedDate="0001-01-01T00:00:00Z" ContentType="application\email" ParentFolderID="823D8B789D407B0311CC7D6B26FADB7E" DisplayName="E-mails">
          <File ID="BAFE12DEFB27D0ED1100D20D3F74618C" Name="Email - Non Anonymous Spanish" BaseFileID="8242BA8981764D7711CCA96396150544" PrevVerFileID="BAF812DEFB27D0ED1100ADCBF54D6FB4" AppID="823D8B789D407B0311CC7D6B26FADB73" ParentFolderID="823D8B789D407B0311CC7D6B26FADB7F" ProcGroupID="823D8B789D407B0311CC7D6B26FADB7B" Description="" Version="1.13" Status="DRAFT" ContentType="user\email" CheckedOutBy="" CheckedOutDate="0001-01-01T00:00:00Z" CreatedDate="2025-12-05T14:04:41.387" CreatedBy="40001842" LastModifiedDate="2025-12-05T14:04:41.387" LastModifiedBy="40001842" ThemeID="" ExtraInfo="" DisplayName="Email - Non Anonymous Spanish" />
          <File ID="BAFE12DEFB27D0ED1100D20D3F746189" Name="Notification Email to Assigned Investigator" BaseFileID="823D8B789D407B0311CC7D6B26FADB80" PrevVerFileID="BAF812DEFB27D0ED1100ADCBF54D6FB2" AppID="823D8B789D407B0311CC7D6B26FADB73" ParentFolderID="823D8B789D407B0311CC7D6B26FADB7F" ProcGroupID="823D8B789D407B0311CC7D6B26FADB7B" Description="" Version="1.25" Status="DRAFT" ContentType="user\email" CheckedOutBy="" CheckedOutDate="0001-01-01T00:00:00Z" CreatedDate="2025-12-05T14:04:41.37" CreatedBy="40001842" LastModifiedDate="2025-12-05T14:04:41.37" LastModifiedBy="40001842" ThemeID="" ExtraInfo="" DisplayName="Notification Email to Assigned Investigator" />
          <File ID="BAFE12DEFB27D0ED1100D20D3F74618A" Name="Email - Non Anonymous" BaseFileID="823D8B789D407B0311CC7D6B26FADB8A" PrevVerFileID="BAF812DEFB27D0ED1100ADCBF54D6FB3" AppID="823D8B789D407B0311CC7D6B26FADB73" ParentFolderID="823D8B789D407B0311CC7D6B26FADB7F" ProcGroupID="823D8B789D407B0311CC7D6B26FADB7B" Description="" Version="1.25" Status="DRAFT" ContentType="user\email" CheckedOutBy="" CheckedOutDate="0001-01-01T00:00:00Z" CreatedDate="2025-12-05T14:04:41.37" CreatedBy="40001842" LastModifiedDate="2025-12-05T14:04:41.37" LastModifiedBy="40001842" ThemeID="" ExtraInfo="" DisplayName="Email - Non Anonymous" />
          <File ID="BAFE12DEFB27D0ED1100D20D3F74618B" Name="Notification to Investigator Additional info required" BaseFileID="823D8B789D407B0311CC7D6B26FADB81" PrevVerFileID="BAF812DEFB27D0ED1100ADCBF54D6FB1" AppID="823D8B789D407B0311CC7D6B26FADB73" ParentFolderID="823D8B789D407B0311CC7D6B26FADB7F" ProcGroupID="823D8B789D407B0311CC7D6B26FADB7B" Description="" Version="1.25" Status="DRAFT" ContentType="user\email" CheckedOutBy="" CheckedOutDate="0001-01-01T00:00:00Z" CreatedDate="2025-12-05T14:04:41.37" CreatedBy="40001842" LastModifiedDate="2025-12-05T14:04:41.37" LastModifiedBy="40001842" ThemeID="" ExtraInfo="" DisplayName="Notification to Investigator Additional info required" />
          <File ID="BAFE12DEFB27D0ED1100D20D3F746187" Name="Notification - Board Review" BaseFileID="823D8B789D407B0311CC7D6B26FADB82" PrevVerFileID="BAF812DEFB27D0ED1100ADCBF54D6FAD" AppID="823D8B789D407B0311CC7D6B26FADB73" ParentFolderID="823D8B789D407B0311CC7D6B26FADB7F" ProcGroupID="823D8B789D407B0311CC7D6B26FADB7B" Description="" Version="1.25" Status="DRAFT" ContentType="user\email" CheckedOutBy="" CheckedOutDate="0001-01-01T00:00:00Z" CreatedDate="2025-12-05T14:04:41.357" CreatedBy="40001842" LastModifiedDate="2025-12-05T14:04:41.357" LastModifiedBy="40001842" ThemeID="" ExtraInfo="" DisplayName="Notification - Board Review" />
          <File ID="BAFE12DEFB27D0ED1100D20D3F746188" Name="Overdue - Assign Investigator" BaseFileID="823D8B789D407B0311CC7D6B26FADB83" PrevVerFileID="BAF812DEFB27D0ED1100ADCBF54D6FAE" AppID="823D8B789D407B0311CC7D6B26FADB73" ParentFolderID="823D8B789D407B0311CC7D6B26FADB7F" ProcGroupID="823D8B789D407B0311CC7D6B26FADB7B" Description="" Version="1.25" Status="DRAFT" ContentType="user\email" CheckedOutBy="" CheckedOutDate="0001-01-01T00:00:00Z" CreatedDate="2025-12-05T14:04:41.357" CreatedBy="40001842" LastModifiedDate="2025-12-05T14:04:41.357" LastModifiedBy="40001842" ThemeID="" ExtraInfo="" DisplayName="Overdue - Assign Investigator" />
          <File ID="BAFE12DEFB27D0ED1100D20D3F746185" Name="Confirmation" BaseFileID="823D8B789D407B0311CC7D6B26FADB8D" PrevVerFileID="BAF812DEFB27D0ED1100ADCBF54D6FAA" AppID="823D8B789D407B0311CC7D6B26FADB73" ParentFolderID="823D8B789D407B0311CC7D6B26FADB7F" ProcGroupID="823D8B789D407B0311CC7D6B26FADB7B" Description="" Version="1.25" Status="DRAFT" ContentType="user\email" CheckedOutBy="" CheckedOutDate="0001-01-01T00:00:00Z" CreatedDate="2025-12-05T14:04:41.34" CreatedBy="40001842" LastModifiedDate="2025-12-05T14:04:41.34" LastModifiedBy="40001842" ThemeID="" ExtraInfo="" DisplayName="Confirmation" />
          <File ID="BAFE12DEFB27D0ED1100D20D3F746186" Name="Thank You" BaseFileID="823D8B789D407B0311CC7D6B26FADB89" PrevVerFileID="BAF812DEFB27D0ED1100ADCBF54D6FAF" AppID="823D8B789D407B0311CC7D6B26FADB73" ParentFolderID="823D8B789D407B0311CC7D6B26FADB7F" ProcGroupID="823D8B789D407B0311CC7D6B26FADB7B" Description="" Version="1.25" Status="DRAFT" ContentType="user\email" CheckedOutBy="" CheckedOutDate="0001-01-01T00:00:00Z" CreatedDate="2025-12-05T14:04:41.34" CreatedBy="40001842" LastModifiedDate="2025-12-05T14:04:41.34" LastModifiedBy="40001842" ThemeID="" ExtraInfo="" DisplayName="Thank You" />
          <File ID="BAFE12DEFB27D0ED1100D20D3F746182" Name="Email - Investigation complete" BaseFileID="823D8B789D407B0311CC7D6B26FADB88" PrevVerFileID="BAF812DEFB27D0ED1100ADCBF54D6FAB" AppID="823D8B789D407B0311CC7D6B26FADB73" ParentFolderID="823D8B789D407B0311CC7D6B26FADB7F" ProcGroupID="823D8B789D407B0311CC7D6B26FADB7B" Description="" Version="1.25" Status="DRAFT" ContentType="user\email" CheckedOutBy="" CheckedOutDate="0001-01-01T00:00:00Z" CreatedDate="2025-12-05T14:04:41.323" CreatedBy="40001842" LastModifiedDate="2025-12-05T14:04:41.323" LastModifiedBy="40001842" ThemeID="" ExtraInfo="" DisplayName="Email - Investigation complete" />
          <File ID="BAFE12DEFB27D0ED1100D20D3F746183" Name="Overdue - Board Review" BaseFileID="823D8B789D407B0311CC7D6B26FADB84" PrevVerFileID="BAF812DEFB27D0ED1100ADCBF54D6FAC" AppID="823D8B789D407B0311CC7D6B26FADB73" ParentFolderID="823D8B789D407B0311CC7D6B26FADB7F" ProcGroupID="823D8B789D407B0311CC7D6B26FADB7B" Description="" Version="1.25" Status="DRAFT" ContentType="user\email" CheckedOutBy="" CheckedOutDate="0001-01-01T00:00:00Z" CreatedDate="2025-12-05T14:04:41.323" CreatedBy="40001842" LastModifiedDate="2025-12-05T14:04:41.323" LastModifiedBy="40001842" ThemeID="" ExtraInfo="" DisplayName="Overdue - Board Review" />
          <File ID="BAFE12DEFB27D0ED1100D20D3F746184" Name="Overdue - Director Review" BaseFileID="823D8B789D407B0311CC7D6B26FADB85" PrevVerFileID="BAF812DEFB27D0ED1100ADCBF54D6FB0" AppID="823D8B789D407B0311CC7D6B26FADB73" ParentFolderID="823D8B789D407B0311CC7D6B26FADB7F" ProcGroupID="823D8B789D407B0311CC7D6B26FADB7B" Description="" Version="1.25" Status="DRAFT" ContentType="user\email" CheckedOutBy="" CheckedOutDate="0001-01-01T00:00:00Z" CreatedDate="2025-12-05T14:04:41.323" CreatedBy="40001842" LastModifiedDate="2025-12-05T14:04:41.323" LastModifiedBy="40001842" ThemeID="" ExtraInfo="" DisplayName="Overdue - Director Review" />
          <File ID="BAFE12DEFB27D0ED1100D20D3F746180" Name="Overdue - Investigation" BaseFileID="823D8B789D407B0311CC7D6B26FADB86" PrevVerFileID="BAF812DEFB27D0ED1100ADCBF54D6FA7" AppID="823D8B789D407B0311CC7D6B26FADB73" ParentFolderID="823D8B789D407B0311CC7D6B26FADB7F" ProcGroupID="823D8B789D407B0311CC7D6B26FADB7B" Description="" Version="1.25" Status="DRAFT" ContentType="user\email" CheckedOutBy="" CheckedOutDate="0001-01-01T00:00:00Z" CreatedDate="2025-12-05T14:04:41.31" CreatedBy="40001842" LastModifiedDate="2025-12-05T14:04:41.31" LastModifiedBy="40001842" ThemeID="" ExtraInfo="" DisplayName="Overdue - Investigation" />
          <File ID="BAFE12DEFB27D0ED1100D20D3F746181" Name="Overdue - OPAT Intake" BaseFileID="823D8B789D407B0311CC7D6B26FADB87" PrevVerFileID="BAF812DEFB27D0ED1100ADCBF54D6FA8" AppID="823D8B789D407B0311CC7D6B26FADB73" ParentFolderID="823D8B789D407B0311CC7D6B26FADB7F" ProcGroupID="823D8B789D407B0311CC7D6B26FADB7B" Description="" Version="1.26" Status="DRAFT" ContentType="user\email" CheckedOutBy="" CheckedOutDate="0001-01-01T00:00:00Z" CreatedDate="2025-12-05T14:04:41.31" CreatedBy="40001842" LastModifiedDate="2025-12-05T14:04:41.31" LastModifiedBy="40001842" ThemeID="" ExtraInfo="" DisplayName="Overdue - OPAT Intake" />
          <File ID="BAFE12DEFB27D0ED1100D20D3F74617E" Name="Notification - Assign Investigator" BaseFileID="823D8B789D407B0311CC7D6B26FADB8C" PrevVerFileID="BAF812DEFB27D0ED1100ADCBF54D6FA9" AppID="823D8B789D407B0311CC7D6B26FADB73" ParentFolderID="823D8B789D407B0311CC7D6B26FADB7F" ProcGroupID="823D8B789D407B0311CC7D6B26FADB7B" Description="" Version="1.25" Status="DRAFT" ContentType="user\email" CheckedOutBy="" CheckedOutDate="0001-01-01T00:00:00Z" CreatedDate="2025-12-05T14:04:41.293" CreatedBy="40001842" LastModifiedDate="2025-12-05T14:04:41.293" LastModifiedBy="40001842" ThemeID="" ExtraInfo="" DisplayName="Notification - Assign Investigator" />
          <File ID="BAFE12DEFB27D0ED1100D20D3F74617F" Name="Email - Appeal" BaseFileID="8243EE24A762EDC311CCCB51721B6B58" PrevVerFileID="BAF812DEFB27D0ED1100ADCBF54D6FA4" AppID="823D8B789D407B0311CC7D6B26FADB73" ParentFolderID="823D8B789D407B0311CC7D6B26FADB7F" ProcGroupID="823D8B789D407B0311CC7D6B26FADB7B" Description="" Version="1.11" Status="DRAFT" ContentType="user\email" CheckedOutBy="" CheckedOutDate="0001-01-01T00:00:00Z" CreatedDate="2025-12-05T14:04:41.293" CreatedBy="40001842" LastModifiedDate="2025-12-05T14:04:41.293" LastModifiedBy="40001842" ThemeID="" ExtraInfo="" DisplayName="Email - Appeal" />
          <File ID="BAFE12DEFB27D0ED1100D20D3F74617C" Name="Notification" BaseFileID="823D8B789D407B0311CC7D6B26FADB8B" PrevVerFileID="BAF812DEFB27D0ED1100ADCBF54D6FA6" AppID="823D8B789D407B0311CC7D6B26FADB73" ParentFolderID="823D8B789D407B0311CC7D6B26FADB7F" ProcGroupID="823D8B789D407B0311CC7D6B26FADB7B" Description="" Version="1.28" Status="DRAFT" ContentType="user\email" CheckedOutBy="" CheckedOutDate="0001-01-01T00:00:00Z" CreatedDate="2025-12-05T14:04:41.277" CreatedBy="40001842" LastModifiedDate="2025-12-05T14:04:41.277" LastModifiedBy="40001842" ThemeID="" ExtraInfo="" DisplayName="Notification" />
          <File ID="BAFE12DEFB27D0ED1100D20D3F74617D" Name="Reminder" BaseFileID="823D8B789D407B0311CC7D6B26FADB8E" PrevVerFileID="BAF812DEFB27D0ED1100ADCBF54D6FA5" AppID="823D8B789D407B0311CC7D6B26FADB73" ParentFolderID="823D8B789D407B0311CC7D6B26FADB7F" ProcGroupID="823D8B789D407B0311CC7D6B26FADB7B" Description="" Version="1.25" Status="DRAFT" ContentType="user\email" CheckedOutBy="" CheckedOutDate="0001-01-01T00:00:00Z" CreatedDate="2025-12-05T14:04:41.277" CreatedBy="40001842" LastModifiedDate="2025-12-05T14:04:41.277" LastModifiedBy="40001842" ThemeID="" ExtraInfo="" DisplayName="Reminder" />
        </Folder>
        <Folder ID="823D8B789D407B0311CC7D6B26FADB8F" Name="Yammer" ProcGroupID="823D8B789D407B0311CC7D6B26FADB7B" AppID="823D8B789D407B0311CC7D6B26FADB73" Description="" CreatedBy="162157" CreatedDate="0001-01-01T00:00:00Z" LastModifiedBy="162157" LastModifiedDate="0001-01-01T00:00:00Z" ContentType="application\yammer" ParentFolderID="823D8B789D407B0311CC7D6B26FADB7E" DisplayName="Viva Engage" />
        <Folder ID="823D8B789D407B0311CC7D6B26FADB90" Name="Chatter" ProcGroupID="823D8B789D407B0311CC7D6B26FADB7B" AppID="823D8B789D407B0311CC7D6B26FADB73" Description="" CreatedBy="162157" CreatedDate="0001-01-01T00:00:00Z" LastModifiedBy="162157" LastModifiedDate="0001-01-01T00:00:00Z" ContentType="application\chatter" ParentFolderID="823D8B789D407B0311CC7D6B26FADB7E" DisplayName="Chatter" />
        <Folder ID="823D8B789D407B0311CC7D6B26FADB91" Name="MicrosoftTeams" ProcGroupID="823D8B789D407B0311CC7D6B26FADB7B" AppID="823D8B789D407B0311CC7D6B26FADB73" Description="" CreatedBy="162157" CreatedDate="0001-01-01T00:00:00Z" LastModifiedBy="162157" LastModifiedDate="2023-05-12T23:03:43.807" ContentType="application\microsoftteams" ParentFolderID="823D8B789D407B0311CC7D6B26FADB7E" DisplayName="Microsoft Teams" />
        <Folder ID="823D8B789D407B0311CC7D6B26FADB92" Name="SMS" ProcGroupID="823D8B789D407B0311CC7D6B26FADB7B" AppID="823D8B789D407B0311CC7D6B26FADB73" Description="" CreatedBy="162157" CreatedDate="0001-01-01T00:00:00Z" LastModifiedBy="162157" LastModifiedDate="0001-01-01T00:00:00Z" ContentType="application\sms" ParentFolderID="823D8B789D407B0311CC7D6B26FADB7E" DisplayName="SMS" />
        <Folder ID="823D8B789D407B0311CC7D6B26FADBB0" Name="Attachment Repository" ProcGroupID="823D8B789D407B0311CC7D6B26FADB7B" AppID="823D8B789D407B0311CC7D6B26FADB73" Description="" CreatedBy="162157" CreatedDate="2022-01-24T18:12:58.263" LastModifiedBy="162157" LastModifiedDate="2022-01-24T18:12:58.263" ContentType="application\attachmentrepository" ParentFolderID="823D8B789D407B0311CC7D6B26FADB7E" DisplayName="Attachment Repository" />
      </Folder>
      <Folder ID="823D8B789D407B0311CC7D6B26FADB93" Name="Data Model" ProcGroupID="823D8B789D407B0311CC7D6B26FADB7B" AppID="823D8B789D407B0311CC7D6B26FADB73" Description="" CreatedBy="162157" CreatedDate="0001-01-01T00:00:00Z" LastModifiedBy="162157" LastModifiedDate="0001-01-01T00:00:00Z" ContentType="application\datamodel" ParentFolderID="823D8B789D407B0311CC7D6B26FADB7B" DisplayName="Data Model">
        <File ID="BAFC0AFFF82C90671100D20D5926B0E3" Name="Schema.xsd" BaseFileID="823D8B789D407B0311CC7D6B26FADB94" PrevVerFileID="BAF90AFFF82C90671100B5A3D9FBF39C" AppID="823D8B789D407B0311CC7D6B26FADB73" ParentFolderID="823D8B789D407B0311CC7D6B26FADB93" ProcGroupID="823D8B789D407B0311CC7D6B26FADB7B" Description="" Version="1.64" Status="DRAFT" ContentType="user\datamodel" CheckedOutBy="" CheckedOutDate="0001-01-01T00:00:00Z" CreatedDate="2025-12-05T14:05:24.077" CreatedBy="40001842" LastModifiedDate="2025-12-05T14:07:23.55" LastModifiedBy="40001842" ThemeID="" ExtraInfo="[{&quot;Name&quot; : &quot;NamespaceUpdated&quot; , &quot;Value&quot; : &quot;True&quot;}]" DisplayName="Schema.xsd" />
        <File ID="BAFC0AFFF82C90671100D20D5926B0E4" Name="OPATComplaints" BaseFileID="823D8B789D407B0311CC7D6B26FADB95" PrevVerFileID="BAF812DEFB27D0ED1100ADCBF54D6FB6" AppID="823D8B789D407B0311CC7D6B26FADB73" ParentFolderID="823D8B789D407B0311CC7D6B26FADB93" ProcGroupID="823D8B789D407B0311CC7D6B26FADB7B" Description="Datasource OPATComplaints Schema" Version="1.3" Status="DRAFT" ContentType="user\apdataentitydatamodel" CheckedOutBy="" CheckedOutDate="0001-01-01T00:00:00Z" CreatedDate="2025-12-05T14:05:24.28" CreatedBy="40001842" LastModifiedDate="2025-12-05T14:05:24.373" LastModifiedBy="40001842" ThemeID="" ExtraInfo="" DisplayName="OPATComplaints" />
      </Folder>
      <Folder ID="823D8B789D407B0311CC7D6B26FADB96" Name="Data Source" ProcGroupID="823D8B789D407B0311CC7D6B26FADB7B" AppID="823D8B789D407B0311CC7D6B26FADB73" Description="" CreatedBy="162157" CreatedDate="0001-01-01T00:00:00Z" LastModifiedBy="162157" LastModifiedDate="0001-01-01T00:00:00Z" ContentType="application\datasources" ParentFolderID="823D8B789D407B0311CC7D6B26FADB7B" DisplayName="Data Source">
        <File ID="BAFE12DEFB27D0ED1100D20D458EAB14" Name="OPATComplaints" BaseFileID="823D8B789D407B0311CC7D6B26FADB97" PrevVerFileID="BAF812DEFB27D0ED1100ADCBF54D6FB7" AppID="823D8B789D407B0311CC7D6B26FADB73" ParentFolderID="823D8B789D407B0311CC7D6B26FADB96" ProcGroupID="823D8B789D407B0311CC7D6B26FADB7B" Description="" Version="1.31" Status="DRAFT" ContentType="user\APDataEntityDataSource" CheckedOutBy="" CheckedOutDate="0001-01-01T00:00:00Z" CreatedDate="2025-12-05T14:04:58.283" CreatedBy="40001842" LastModifiedDate="2025-12-05T14:07:30.193" LastModifiedBy="40001842" ThemeID="" ExtraInfo="" DisplayName="OPATComplaints" />
      </Folder>
      <Folder ID="823D8B789D407B0311CC7D6B26FADB98" Name="Library" ProcGroupID="823D8B789D407B0311CC7D6B26FADB7B" AppID="823D8B789D407B0311CC7D6B26FADB73" Description="" CreatedBy="162157" CreatedDate="0001-01-01T00:00:00Z" LastModifiedBy="162157" LastModifiedDate="0001-01-01T00:00:00Z" ContentType="application\taskformlibrary" ParentFolderID="823D8B789D407B0311CC7D6B26FADB7B" DisplayName="Library">
        <File ID="BAFE12DEFB27D0ED1100D20D8DDBA24C" Name="Form Library" BaseFileID="823D8B789D407B0311CC7D6B26FADB99" PrevVerFileID="BAF90AFFF82C90671100B5A3D9FBF3A2" AppID="823D8B789D407B0311CC7D6B26FADB73" ParentFolderID="823D8B789D407B0311CC7D6B26FADB98" ProcGroupID="823D8B789D407B0311CC7D6B26FADB7B" Description="" Version="1.56" Status="DRAFT" ContentType="user\taskformlibrary" CheckedOutBy="" CheckedOutDate="0001-01-01T00:00:00Z" CreatedDate="2025-12-05T14:06:57.973" CreatedBy="40001842" LastModifiedDate="2025-12-05T14:07:23.423" LastModifiedBy="40001842" ThemeID="" ExtraInfo="" DisplayName="Form Library" />
      </Folder>
      <Folder ID="823D8B789D407B0311CC7D6B26FADB9A" Name="Forms" ProcGroupID="823D8B789D407B0311CC7D6B26FADB7B" AppID="823D8B789D407B0311CC7D6B26FADB73" Description="" CreatedBy="162157" CreatedDate="0001-01-01T00:00:00Z" LastModifiedBy="162157" LastModifiedDate="0001-01-01T00:00:00Z" ContentType="application\formsgroup" ParentFolderID="823D8B789D407B0311CC7D6B26FADB7B" DisplayName="Forms">
        <Folder ID="823D8B789D407B0311CC7D6B26FADB9B" Name="Task Forms" ProcGroupID="823D8B789D407B0311CC7D6B26FADB7B" AppID="823D8B789D407B0311CC7D6B26FADB73" Description="" CreatedBy="162157" CreatedDate="0001-01-01T00:00:00Z" LastModifiedBy="162157" LastModifiedDate="0001-01-01T00:00:00Z" ContentType="application\taskforms" ParentFolderID="823D8B789D407B0311CC7D6B26FADB9A" DisplayName="Task Forms">
          <File ID="BAFE12DEFB27D0ED1100D20D8DDBA24B" Name="Initial Submission" BaseFileID="823D8B789D407B0311CC7D6B26FADB9D" PrevVerFileID="BAF90AFFF82C90671100B5A3D9FBF3A3" AppID="823D8B789D407B0311CC7D6B26FADB73" ParentFolderID="823D8B789D407B0311CC7D6B26FADB9B" ProcGroupID="823D8B789D407B0311CC7D6B26FADB7B" Description="" Version="1.38" Status="DRAFT" ContentType="user\taskforms" CheckedOutBy="" CheckedOutDate="0001-01-01T00:00:00Z" CreatedDate="2025-12-05T14:06:57.88" CreatedBy="40001842" LastModifiedDate="2025-12-05T14:07:21.313" LastModifiedBy="40001842" ThemeID="" ExtraInfo="" DisplayName="Initial Submission" />
          <File ID="BAFE12DEFB27D0ED1100D20D3F746197" Name="Assign Investigator" BaseFileID="823D8B789D407B0311CC7D6B26FADB9F" PrevVerFileID="BAF812DEFB27D0ED1100ADCBF54D6FBC" AppID="823D8B789D407B0311CC7D6B26FADB73" ParentFolderID="823D8B789D407B0311CC7D6B26FADB9B" ProcGroupID="823D8B789D407B0311CC7D6B26FADB7B" Description="" Version="1.29" Status="DRAFT" ContentType="user\taskforms" CheckedOutBy="" CheckedOutDate="0001-01-01T00:00:00Z" CreatedDate="2025-12-05T14:04:41.59" CreatedBy="40001842" LastModifiedDate="2025-12-05T14:04:41.59" LastModifiedBy="40001842" ThemeID="" ExtraInfo="" DisplayName="Assign Investigator" />
          <File ID="BAFE12DEFB27D0ED1100D20D3F746195" Name="Board Review" BaseFileID="823D8B789D407B0311CC7D6B26FADBA1" PrevVerFileID="BAF812DEFB27D0ED1100ADCBF54D6FB9" AppID="823D8B789D407B0311CC7D6B26FADB73" ParentFolderID="823D8B789D407B0311CC7D6B26FADB9B" ProcGroupID="823D8B789D407B0311CC7D6B26FADB7B" Description="" Version="1.27" Status="DRAFT" ContentType="user\taskforms" CheckedOutBy="" CheckedOutDate="0001-01-01T00:00:00Z" CreatedDate="2025-12-05T14:04:41.573" CreatedBy="40001842" LastModifiedDate="2025-12-05T14:04:41.573" LastModifiedBy="40001842" ThemeID="" ExtraInfo="" DisplayName="Board Review" />
          <File ID="BAFE12DEFB27D0ED1100D20D3F746196" Name="Additional Investigation" BaseFileID="823D8B789D407B0311CC7D6B26FADB9C" PrevVerFileID="BAF812DEFB27D0ED1100ADCBF54D6FBA" AppID="823D8B789D407B0311CC7D6B26FADB73" ParentFolderID="823D8B789D407B0311CC7D6B26FADB9B" ProcGroupID="823D8B789D407B0311CC7D6B26FADB7B" Description="" Version="1.27" Status="DRAFT" ContentType="user\taskforms" CheckedOutBy="" CheckedOutDate="0001-01-01T00:00:00Z" CreatedDate="2025-12-05T14:04:41.573" CreatedBy="40001842" LastModifiedDate="2025-12-05T14:04:41.573" LastModifiedBy="40001842" ThemeID="" ExtraInfo="" DisplayName="Additional Investigation" />
          <File ID="BAFE12DEFB27D0ED1100D20D3F746193" Name="Investigation" BaseFileID="823D8B789D407B0311CC7D6B26FADBA0" PrevVerFileID="BAF812DEFB27D0ED1100ADCBF54D6FBE" AppID="823D8B789D407B0311CC7D6B26FADB73" ParentFolderID="823D8B789D407B0311CC7D6B26FADB9B" ProcGroupID="823D8B789D407B0311CC7D6B26FADB7B" Description="" Version="1.3" Status="DRAFT" ContentType="user\taskforms" CheckedOutBy="" CheckedOutDate="0001-01-01T00:00:00Z" CreatedDate="2025-12-05T14:04:41.56" CreatedBy="40001842" LastModifiedDate="2025-12-05T14:04:41.56" LastModifiedBy="40001842" ThemeID="" ExtraInfo="" DisplayName="Investigation" />
          <File ID="BAFE12DEFB27D0ED1100D20D3F746194" Name="Initial Review" BaseFileID="823D8B789D407B0311CC7D6B26FADB9E" PrevVerFileID="BAF812DEFB27D0ED1100ADCBF54D6FBB" AppID="823D8B789D407B0311CC7D6B26FADB73" ParentFolderID="823D8B789D407B0311CC7D6B26FADB9B" ProcGroupID="823D8B789D407B0311CC7D6B26FADB7B" Description="" Version="1.3" Status="DRAFT" ContentType="user\taskforms" CheckedOutBy="" CheckedOutDate="0001-01-01T00:00:00Z" CreatedDate="2025-12-05T14:04:41.56" CreatedBy="40001842" LastModifiedDate="2025-12-05T14:04:41.56" LastModifiedBy="40001842" ThemeID="" ExtraInfo="" DisplayName="Initial Review" />
          <File ID="BAFE12DEFB27D0ED1100D20D3F746191" Name="Investigation Complete" BaseFileID="823D8B789D407B0311CC7D6B26FADBA2" PrevVerFileID="BAF812DEFB27D0ED1100ADCBF54D6FBD" AppID="823D8B789D407B0311CC7D6B26FADB73" ParentFolderID="823D8B789D407B0311CC7D6B26FADB9B" ProcGroupID="823D8B789D407B0311CC7D6B26FADB7B" Description="" Version="1.27" Status="DRAFT" ContentType="user\taskforms" CheckedOutBy="" CheckedOutDate="0001-01-01T00:00:00Z" CreatedDate="2025-12-05T14:04:41.527" CreatedBy="40001842" LastModifiedDate="2025-12-05T14:04:41.527" LastModifiedBy="40001842" ThemeID="" ExtraInfo="" DisplayName="Investigation Complete" />
        </Folder>
      </Folder>
      <Folder ID="823D8B789D407B0311CC7D6B26FADBA3" Name="Lookups" ProcGroupID="823D8B789D407B0311CC7D6B26FADB7B" AppID="823D8B789D407B0311CC7D6B26FADB73" Description="" CreatedBy="162157" CreatedDate="0001-01-01T00:00:00Z" LastModifiedBy="162157" LastModifiedDate="0001-01-01T00:00:00Z" ContentType="application\lookup" ParentFolderID="823D8B789D407B0311CC7D6B26FADB7B" DisplayName="Lookups" />
      <Folder ID="823D8B789D407B0311CC7D6B26FADBA4" Name="Translation" ProcGroupID="823D8B789D407B0311CC7D6B26FADB7B" AppID="823D8B789D407B0311CC7D6B26FADB73" Description="" CreatedBy="162157" CreatedDate="0001-01-01T00:00:00Z" LastModifiedBy="162157" LastModifiedDate="0001-01-01T00:00:00Z" ContentType="application\translation" ParentFolderID="823D8B789D407B0311CC7D6B26FADB7B" DisplayName="Translation">
        <File ID="BAFE12DEFB27D0ED1100D20D3F74619A" Name="FormLibrary_es" BaseFileID="8242BA8981764D7711CCA96396150561" PrevVerFileID="BAF80AFFF82C90671100ADCC60BFA6AE" AppID="823D8B789D407B0311CC7D6B26FADB73" ParentFolderID="823D8B789D407B0311CC7D6B26FADBA4" ProcGroupID="823D8B789D407B0311CC7D6B26FADB7B" Description="" Version="1.15" Status="DRAFT" ContentType="user\translation" CheckedOutBy="" CheckedOutDate="0001-01-01T00:00:00Z" CreatedDate="2025-12-05T14:04:41.637" CreatedBy="40001842" LastModifiedDate="2025-12-05T14:04:41.637" LastModifiedBy="40001842" ThemeID="" ExtraInfo="" DisplayName="FormLibrary_Spanish" />
        <File ID="BAFE12DEFB27D0ED1100D20D3F746199" Name="FormLibrary_en-US" BaseFileID="8242BA8981764D7711CCA96396150560" PrevVerFileID="BAF812DEFB27D0ED1100ADCBF54D6FC1" AppID="823D8B789D407B0311CC7D6B26FADB73" ParentFolderID="823D8B789D407B0311CC7D6B26FADBA4" ProcGroupID="823D8B789D407B0311CC7D6B26FADB7B" Description="" Version="1.13" Status="DRAFT" ContentType="user\translation" CheckedOutBy="" CheckedOutDate="0001-01-01T00:00:00Z" CreatedDate="2025-12-05T14:04:41.62" CreatedBy="40001842" LastModifiedDate="2025-12-05T14:04:41.62" LastModifiedBy="40001842" ThemeID="" ExtraInfo="" DisplayName="FormLibrary_English (United States)" />
      </Folder>
      <Folder ID="823D8B789D407B0311CC7D6B26FADBA5" Name="Document Repository" ProcGroupID="823D8B789D407B0311CC7D6B26FADB7B" AppID="823D8B789D407B0311CC7D6B26FADB73" Description="" CreatedBy="162157" CreatedDate="0001-01-01T00:00:00Z" LastModifiedBy="162157" LastModifiedDate="0001-01-01T00:00:00Z" ContentType="application\documentrepository" ParentFolderID="823D8B789D407B0311CC7D6B26FADB7B" DisplayName="Document Repository">
        <File ID="BAFE12DEFB27D0ED1100D20D3F7461A0" Name="File Upload 1" BaseFileID="823D8B789D407B0311CC7D6B26FADBA7" PrevVerFileID="BAF812DEFB27D0ED1100ADCBF54D6FC7" AppID="823D8B789D407B0311CC7D6B26FADB73" ParentFolderID="823D8B789D407B0311CC7D6B26FADBA5" ProcGroupID="823D8B789D407B0311CC7D6B26FADB7B" Description="" Version="1.25" Status="DRAFT" ContentType="user\documentrepository" CheckedOutBy="" CheckedOutDate="0001-01-01T00:00:00Z" CreatedDate="2025-12-05T14:04:41.667" CreatedBy="40001842" LastModifiedDate="2025-12-05T14:04:41.667" LastModifiedBy="40001842" ThemeID="" ExtraInfo="" DisplayName="File Upload 1" />
        <File ID="BAFE12DEFB27D0ED1100D20D3F74619F" Name="File Upload" BaseFileID="823D8B789D407B0311CC7D6B26FADBA6" PrevVerFileID="BAF812DEFB27D0ED1100ADCBF54D6FC8" AppID="823D8B789D407B0311CC7D6B26FADB73" ParentFolderID="823D8B789D407B0311CC7D6B26FADBA5" ProcGroupID="823D8B789D407B0311CC7D6B26FADB7B" Description="" Version="1.25" Status="DRAFT" ContentType="user\documentrepository" CheckedOutBy="" CheckedOutDate="0001-01-01T00:00:00Z" CreatedDate="2025-12-05T14:04:41.653" CreatedBy="40001842" LastModifiedDate="2025-12-05T14:04:41.653" LastModifiedBy="40001842" ThemeID="" ExtraInfo="" DisplayName="File Upload" />
      </Folder>
      <Folder ID="823D8B789D407B0311CC7D6B26FADBA8" Name="System Files" ProcGroupID="823D8B789D407B0311CC7D6B26FADB7B" AppID="823D8B789D407B0311CC7D6B26FADB73" Description="" CreatedBy="162157" CreatedDate="0001-01-01T00:00:00Z" LastModifiedBy="162157" LastModifiedDate="0001-01-01T00:00:00Z" ContentType="application\hidden" ParentFolderID="823D8B789D407B0311CC7D6B26FADB7B" DisplayName="System Files" />
    </Folder>
  </Folder>
  <CoAuthored>false</CoAuthored>
  <IsAIGenerated>false</IsAIGenerated>
</WFEnabledApplication>