<?xml version="1.0"?>
<WFApplicationDynamicDependencies xmlns:xsd="http://www.w3.org/2001/XMLSchema" xmlns:xsi="http://www.w3.org/2001/XMLSchema-instance">
  <AppName>LAW - Statement of Financial Interest View All Submissions</AppName>
  <Version>1.14</Version>
  <DataEntities>
    <DataEntity>
      <EntityName>LawFinancialInterestStmts__u</EntityName>
      <EntityDisplayName>LAW - Financial Interest Stmts</EntityDisplayName>
      <UsedIn>
        <DependencyUsedIn>
          <FileName>LAWFinancialInterestStmts</FileName>
          <FileDisplayName>LAWFinancialInterestStmts</FileDisplayName>
          <Activities />
          <FileType>Data Source</FileType>
          <NumberOfTimesUsed>1</NumberOfTimesUsed>
        </DependencyUsedIn>
        <DependencyUsedIn>
          <FileName>Get 2022 Submissions</FileName>
          <FileDisplayName>Get 2022 Submissions</FileDisplayName>
          <Activities />
          <FileType>Lookup</FileType>
          <NumberOfTimesUsed>1</NumberOfTimesUsed>
        </DependencyUsedIn>
        <DependencyUsedIn>
          <FileName>Get 2023 Statements</FileName>
          <FileDisplayName>Get 2023 Statements</FileDisplayName>
          <Activities />
          <FileType>Lookup</FileType>
          <NumberOfTimesUsed>1</NumberOfTimesUsed>
        </DependencyUsedIn>
        <DependencyUsedIn>
          <FileName>Get 2024 Statements</FileName>
          <FileDisplayName>Get 2024 Statements</FileDisplayName>
          <Activities />
          <FileType>Lookup</FileType>
          <NumberOfTimesUsed>1</NumberOfTimesUsed>
        </DependencyUsedIn>
        <DependencyUsedIn>
          <FileName>GetLaw - Financial Interest StmtsRecentlyModified</FileName>
          <FileDisplayName>GetLaw - Financial Interest StmtsRecentlyModified</FileDisplayName>
          <Activities />
          <FileType>Lookup</FileType>
          <NumberOfTimesUsed>1</NumberOfTimesUsed>
        </DependencyUsedIn>
        <DependencyUsedIn>
          <FileName>GetLaw - Financial Interest StmtsRecentlyCreated</FileName>
          <FileDisplayName>GetLaw - Financial Interest StmtsRecentlyCreated</FileDisplayName>
          <Activities />
          <FileType>Lookup</FileType>
          <NumberOfTimesUsed>1</NumberOfTimesUsed>
        </DependencyUsedIn>
        <DependencyUsedIn>
          <FileName>Get 2019 Submissions</FileName>
          <FileDisplayName>Get 2019 Submissions</FileDisplayName>
          <Activities />
          <FileType>Lookup</FileType>
          <NumberOfTimesUsed>1</NumberOfTimesUsed>
        </DependencyUsedIn>
        <DependencyUsedIn>
          <FileName>Get 2021 Statements</FileName>
          <FileDisplayName>Get 2021 Statements</FileDisplayName>
          <Activities />
          <FileType>Lookup</FileType>
          <NumberOfTimesUsed>1</NumberOfTimesUsed>
        </DependencyUsedIn>
        <DependencyUsedIn>
          <FileName>Get2020Submissions</FileName>
          <FileDisplayName>Get2020Submissions</FileDisplayName>
          <Activities />
          <FileType>Lookup</FileType>
          <NumberOfTimesUsed>1</NumberOfTimesUsed>
        </DependencyUsedIn>
        <DependencyUsedIn>
          <FileName>GetLaw - Financial Interest Stmts</FileName>
          <FileDisplayName>GetLaw - Financial Interest Stmts</FileDisplayName>
          <Activities />
          <FileType>Lookup</FileType>
          <NumberOfTimesUsed>1</NumberOfTimesUsed>
        </DependencyUsedIn>
      </UsedIn>
      <IsExists>false</IsExists>
    </DataEntity>
  </DataEntities>
</WFApplicationDynamicDependencies>