<?xml version="1.0"?>
<ArrayOfDataSourceAndAppFileAssociation xmlns:xsd="http://www.w3.org/2001/XMLSchema" xmlns:xsi="http://www.w3.org/2001/XMLSchema-instance">
  <DataSourceAndAppFileAssociation>
    <ID>AA5612F761F5622411AAA9B61526DD4C</ID>
    <AppName>LAW - Statement of Financial Interest View All Submissions</AppName>
    <FileName>2019 Submissions</FileName>
    <IsDefault>false</IsDefault>
    <ContentType>user\views</ContentType>
    <DataSourceName>LAWFinancialInterestStmts</DataSourceName>
    <DefName>LAW - Statement of Financial Interest View All Submissions_2019 Submissions</DefName>
    <CreatedBy>40001842</CreatedBy>
    <CreatedDate>2025-05-09T14:04:39.053</CreatedDate>
    <LastModifiedBy />
    <LastModifiedDate>0001-01-01T00:00:00Z</LastModifiedDate>
  </DataSourceAndAppFileAssociation>
  <DataSourceAndAppFileAssociation>
    <ID>AA5F12F761F5622411BBC2ECAEBD8B50</ID>
    <AppName>LAW - Statement of Financial Interest View All Submissions</AppName>
    <FileName>2020 Submissions</FileName>
    <IsDefault>false</IsDefault>
    <ContentType>user\views</ContentType>
    <DataSourceName>LAWFinancialInterestStmts</DataSourceName>
    <DefName>LAW - Statement of Financial Interest View All Submissions_2020 Submissions</DefName>
    <CreatedBy>40001842</CreatedBy>
    <CreatedDate>2025-05-09T14:04:39.053</CreatedDate>
    <LastModifiedBy />
    <LastModifiedDate>0001-01-01T00:00:00Z</LastModifiedDate>
  </DataSourceAndAppFileAssociation>
  <DataSourceAndAppFileAssociation>
    <ID>AA6FF2010CE477C811DD038B2E3C5B25</ID>
    <AppName>LAW - Statement of Financial Interest View All Submissions</AppName>
    <FileName>2021 Submissions</FileName>
    <IsDefault>false</IsDefault>
    <ContentType>user\views</ContentType>
    <DataSourceName>LAWFinancialInterestStmts</DataSourceName>
    <DefName>LAW - Statement of Financial Interest View All Submissions_2021 Submissions</DefName>
    <CreatedBy>40001842</CreatedBy>
    <CreatedDate>2025-05-09T14:04:39.053</CreatedDate>
    <LastModifiedBy />
    <LastModifiedDate>0001-01-01T00:00:00Z</LastModifiedDate>
  </DataSourceAndAppFileAssociation>
  <DataSourceAndAppFileAssociation>
    <ID>8265A8B557B84E5F11EE2D7F4BBEC7A4</ID>
    <AppName>LAW - Statement of Financial Interest View All Submissions</AppName>
    <FileName>2022 Submissions</FileName>
    <IsDefault>false</IsDefault>
    <ContentType>user\views</ContentType>
    <DataSourceName>LAWFinancialInterestStmts</DataSourceName>
    <DefName>LAW - Statement of Financial Interest View All Submissions_2022 Submissions</DefName>
    <CreatedBy>40001842</CreatedBy>
    <CreatedDate>2025-05-09T14:04:39.053</CreatedDate>
    <LastModifiedBy />
    <LastModifiedDate>0001-01-01T00:00:00Z</LastModifiedDate>
  </DataSourceAndAppFileAssociation>
  <DataSourceAndAppFileAssociation>
    <ID>AA9AAC82A542331111FF12F0A8AB4CD6</ID>
    <AppName>LAW - Statement of Financial Interest View All Submissions</AppName>
    <FileName>2023 Submissions</FileName>
    <IsDefault>false</IsDefault>
    <ContentType>user\views</ContentType>
    <DataSourceName>LAWFinancialInterestStmts</DataSourceName>
    <DefName>LAW - Statement of Financial Interest View All Submissions_2023 Submissions</DefName>
    <CreatedBy>40001842</CreatedBy>
    <CreatedDate>2025-05-09T14:04:39.053</CreatedDate>
    <LastModifiedBy />
    <LastModifiedDate>0001-01-01T00:00:00Z</LastModifiedDate>
  </DataSourceAndAppFileAssociation>
  <DataSourceAndAppFileAssociation>
    <ID>BAEA122DC7151DEB11001A3AE56996BC</ID>
    <AppName>LAW - Statement of Financial Interest View All Submissions</AppName>
    <FileName>2024 Submissions</FileName>
    <IsDefault>false</IsDefault>
    <ContentType>user\views</ContentType>
    <DataSourceName>LAWFinancialInterestStmts</DataSourceName>
    <DefName>LAW - Statement of Financial Interest View All Submissions_2024 Submissions</DefName>
    <CreatedBy>40001842</CreatedBy>
    <CreatedDate>2025-05-09T14:04:39.053</CreatedDate>
    <LastModifiedBy />
    <LastModifiedDate>0001-01-01T00:00:00Z</LastModifiedDate>
  </DataSourceAndAppFileAssociation>
  <DataSourceAndAppFileAssociation>
    <ID>AA5612F761F5622411AAA9B2FF2A19CC</ID>
    <AppName>LAW - Statement of Financial Interest View All Submissions</AppName>
    <FileName>All Law - Financial Interest Stmts</FileName>
    <IsDefault>true</IsDefault>
    <ContentType>user\views</ContentType>
    <DataSourceName>LAWFinancialInterestStmts</DataSourceName>
    <DefName>LAW - Statement of Financial Interest View All Submissions_All Law - Financial Interest Stmts</DefName>
    <CreatedBy>40001842</CreatedBy>
    <CreatedDate>2025-05-09T14:04:39.053</CreatedDate>
    <LastModifiedBy>40001842</LastModifiedBy>
    <LastModifiedDate>2025-05-09T14:07:43.13</LastModifiedDate>
  </DataSourceAndAppFileAssociation>
  <DataSourceAndAppFileAssociation>
    <ID>AA5612F761F5622411AAA9B2FF2A19EA</ID>
    <AppName>LAW - Statement of Financial Interest View All Submissions</AppName>
    <FileName>New Law - Financial Interest Stmts</FileName>
    <IsDefault>false</IsDefault>
    <ContentType>user\newforms</ContentType>
    <DataSourceName>LAWFinancialInterestStmts</DataSourceName>
    <DefName>LAW - Statement of Financial Interest View All Submissions_New Law - Financial Interest Stmts</DefName>
    <CreatedBy>40001842</CreatedBy>
    <CreatedDate>2025-05-09T14:04:39.053</CreatedDate>
    <LastModifiedBy />
    <LastModifiedDate>0001-01-01T00:00:00Z</LastModifiedDate>
  </DataSourceAndAppFileAssociation>
  <DataSourceAndAppFileAssociation>
    <ID>AA5612F761F5622411AAA9B2FF2A19C5</ID>
    <AppName>LAW - Statement of Financial Interest View All Submissions</AppName>
    <FileName>Update Law - Financial Interest Stmts</FileName>
    <IsDefault>false</IsDefault>
    <ContentType>user\updateforms</ContentType>
    <DataSourceName>LAWFinancialInterestStmts</DataSourceName>
    <DefName>LAW - Statement of Financial Interest View All Submissions_Update Law - Financial Interest Stmts</DefName>
    <CreatedBy>40001842</CreatedBy>
    <CreatedDate>2025-05-09T14:04:39.053</CreatedDate>
    <LastModifiedBy />
    <LastModifiedDate>0001-01-01T00:00:00Z</LastModifiedDate>
  </DataSourceAndAppFileAssociation>
</ArrayOfDataSourceAndAppFileAssociation>