<?xml version="1.0"?>
<WFEnabledApplication xmlns:xsd="http://www.w3.org/2001/XMLSchema" xmlns:xsi="http://www.w3.org/2001/XMLSchema-instance" ID="822FF817B17E405411AAAA5559C5FD91" Name="LAW - Statement of Financial Interest View All Submissions" Description="" Status="DRAFT" CreatedDate="2020-06-09T09:30:23.217" CreatedBy="143525" AppType="StandaloneForms" Visibility="PAAS" ContentType="application" DisplayName="LAW - Statement of Financial Interest View All Submissions" AppLocale="customlocale" ParentApplicationId="">
  <Folder ID="822FF817B17E405411AAAA5559C5FD92" Name="Shared Resources" ProcGroupID="" AppID="822FF817B17E405411AAAA5559C5FD91" Description="" CreatedBy="143525" CreatedDate="0001-01-01T00:00:00Z" LastModifiedBy="143525" LastModifiedDate="0001-01-01T00:00:00Z" ContentType="Any" ParentFolderID="822FF817B17E405411AAAA5559C5FD91" DisplayName="Shared Resources">
    <Folder ID="822FF817B17E405411AAAA5559C5FD93" Name="Style Sheets" ProcGroupID="" AppID="822FF817B17E405411AAAA5559C5FD91" Description="" CreatedBy="143525" CreatedDate="0001-01-01T00:00:00Z" LastModifiedBy="143525" LastModifiedDate="0001-01-01T00:00:00Z" ContentType="application\CSS" ParentFolderID="822FF817B17E405411AAAA5559C5FD92" DisplayName="Style Sheets" />
    <Folder ID="822FF817B17E405411AAAA5559C5FD94" Name="JavaScript" ProcGroupID="" AppID="822FF817B17E405411AAAA5559C5FD91" Description="" CreatedBy="143525" CreatedDate="0001-01-01T00:00:00Z" LastModifiedBy="143525" LastModifiedDate="0001-01-01T00:00:00Z" ContentType="application\js" ParentFolderID="822FF817B17E405411AAAA5559C5FD92" DisplayName="JavaScript" />
    <Folder ID="822FF817B17E405411AAAA5559C5FD95" Name="Images" ProcGroupID="" AppID="822FF817B17E405411AAAA5559C5FD91" Description="" CreatedBy="143525" CreatedDate="0001-01-01T00:00:00Z" LastModifiedBy="143525" LastModifiedDate="0001-01-01T00:00:00Z" ContentType="application\image" ParentFolderID="822FF817B17E405411AAAA5559C5FD92" DisplayName="Images" />
    <Folder ID="822FF817B17E405411AAAA5559C5FD96" Name="Access Tokens" ProcGroupID="" AppID="822FF817B17E405411AAAA5559C5FD91" Description="" CreatedBy="143525" CreatedDate="0001-01-01T00:00:00Z" LastModifiedBy="143525" LastModifiedDate="0001-01-01T00:00:00Z" ContentType="application\apptoken" ParentFolderID="822FF817B17E405411AAAA5559C5FD92" DisplayName="Access Tokens" />
    <Folder ID="822FF817B17E405411AAAA5559C5FD97" Name="Application Resources" ProcGroupID="" AppID="822FF817B17E405411AAAA5559C5FD91" Description="" CreatedBy="143525" CreatedDate="0001-01-01T00:00:00Z" LastModifiedBy="143525" LastModifiedDate="0001-01-01T00:00:00Z" ContentType="application\applicationresources" ParentFolderID="822FF817B17E405411AAAA5559C5FD92" DisplayName="Application Resources" />
    <Folder ID="8257D4CD9C2F4D1611DDF13AC1FAB0F4" Name="Comments" ProcGroupID="822FF817B17E405411AAAA5559C5FD92" AppID="822FF817B17E405411AAAA5559C5FD91" Description="" CreatedBy="143525" CreatedDate="2023-05-12T23:03:43.21" LastModifiedBy="143525" LastModifiedDate="2023-05-12T23:03:43.21" ContentType="application\comments" ParentFolderID="822FF817B17E405411AAAA5559C5FD92" DisplayName="Comments" />
  </Folder>
  <Folder ID="822FF817B17E405411AAAA5559C5FD98" Name="App Model &amp; Resources" ProcGroupID="" AppID="822FF817B17E405411AAAA5559C5FD91" Description="" CreatedBy="143525" CreatedDate="0001-01-01T00:00:00Z" LastModifiedBy="143525" LastModifiedDate="0001-01-01T00:00:00Z" ContentType="user\processgroup" ParentFolderID="822FF817B17E405411AAAA5559C5FD91" DisplayName="App Model &amp; Resources">
    <Folder ID="822FF817B17E405411AAAA5559C5FD99" Name="Data Model" ProcGroupID="822FF817B17E405411AAAA5559C5FD98" AppID="822FF817B17E405411AAAA5559C5FD91" Description="" CreatedBy="143525" CreatedDate="0001-01-01T00:00:00Z" LastModifiedBy="143525" LastModifiedDate="0001-01-01T00:00:00Z" ContentType="application\datamodel" ParentFolderID="822FF817B17E405411AAAA5559C5FD98" DisplayName="Data Model">
      <File ID="BAED0AFFF82C906711002CDEE6BDF904" Name="Schema.xsd" BaseFileID="822FF817B17E405411AAAA5559C5FD9A" PrevVerFileID="8270E1B36DB8E41F11FF1F81BAF10D50" AppID="822FF817B17E405411AAAA5559C5FD91" ParentFolderID="822FF817B17E405411AAAA5559C5FD99" ProcGroupID="822FF817B17E405411AAAA5559C5FD98" Description="" Version="1.12" Status="DRAFT" ContentType="user\datamodel" CheckedOutBy="" CheckedOutDate="0001-01-01T00:00:00Z" CreatedDate="2025-05-09T14:07:17.567" CreatedBy="40001842" LastModifiedDate="2025-05-09T14:07:26.567" LastModifiedBy="40001842" ThemeID="" ExtraInfo="[{&quot;Name&quot; : &quot;NamespaceUpdated&quot; , &quot;Value&quot; : &quot;True&quot;}]" DisplayName="Schema.xsd" />
      <File ID="BAED0AFFF82C906711002CDEE6BDF906" Name="LAWFinancialInterestStmts" BaseFileID="822FF817B17E405411AAAA5559C5FD9B" PrevVerFileID="8270E1B36DB8E41F11FF1F81BAF10D51" AppID="822FF817B17E405411AAAA5559C5FD91" ParentFolderID="822FF817B17E405411AAAA5559C5FD99" ProcGroupID="822FF817B17E405411AAAA5559C5FD98" Description="Datasource LAWFinancialInterestStmts Schema" Version="1.08" Status="DRAFT" ContentType="user\apdataentitydatamodel" CheckedOutBy="" CheckedOutDate="0001-01-01T00:00:00Z" CreatedDate="2025-05-09T14:07:17.737" CreatedBy="40001842" LastModifiedDate="2025-05-09T14:07:17.847" LastModifiedBy="40001842" ThemeID="" ExtraInfo="" DisplayName="LAWFinancialInterestStmts" />
    </Folder>
    <Folder ID="822FF817B17E405411AAAA5559C5FD9C" Name="Data Source" ProcGroupID="822FF817B17E405411AAAA5559C5FD98" AppID="822FF817B17E405411AAAA5559C5FD91" Description="" CreatedBy="143525" CreatedDate="0001-01-01T00:00:00Z" LastModifiedBy="143525" LastModifiedDate="0001-01-01T00:00:00Z" ContentType="application\datasources" ParentFolderID="822FF817B17E405411AAAA5559C5FD98" DisplayName="Data Source">
      <File ID="BAED0AFFF82C906711002CDED4C56277" Name="LAWFinancialInterestStmts" BaseFileID="822FF817B17E405411AAAA5559C5FD9D" PrevVerFileID="8270E1B36DB8E41F11FF1F81BAF10C48" AppID="822FF817B17E405411AAAA5559C5FD91" ParentFolderID="822FF817B17E405411AAAA5559C5FD9C" ProcGroupID="822FF817B17E405411AAAA5559C5FD98" Description="" Version="1.09" Status="DRAFT" ContentType="user\APDataEntityDataSource" CheckedOutBy="" CheckedOutDate="0001-01-01T00:00:00Z" CreatedDate="2025-05-09T14:06:47.133" CreatedBy="40001842" LastModifiedDate="2025-05-09T14:07:26.52" LastModifiedBy="40001842" ThemeID="" ExtraInfo="" DisplayName="LAWFinancialInterestStmts" />
    </Folder>
    <Folder ID="822FF817B17E405411AAAA5559C5FD9E" Name="Library" ProcGroupID="822FF817B17E405411AAAA5559C5FD98" AppID="822FF817B17E405411AAAA5559C5FD91" Description="" CreatedBy="143525" CreatedDate="0001-01-01T00:00:00Z" LastModifiedBy="143525" LastModifiedDate="0001-01-01T00:00:00Z" ContentType="application\taskformlibrary" ParentFolderID="822FF817B17E405411AAAA5559C5FD98" DisplayName="Library">
      <File ID="BAEE12DEFB27D0ED11002CDE87C957F6" Name="Form Library" BaseFileID="822FF817B17E405411AAAA5559C5FD9F" PrevVerFileID="8270E1B36DB8E41F11FF1F81AEFBFAB4" AppID="822FF817B17E405411AAAA5559C5FD91" ParentFolderID="822FF817B17E405411AAAA5559C5FD9E" ProcGroupID="822FF817B17E405411AAAA5559C5FD98" Description="" Version="1.09" Status="DRAFT" ContentType="user\taskformlibrary" CheckedOutBy="" CheckedOutDate="0001-01-01T00:00:00Z" CreatedDate="2025-05-09T14:04:38.583" CreatedBy="40001842" LastModifiedDate="2025-05-09T14:04:38.583" LastModifiedBy="40001842" ThemeID="" ExtraInfo="" DisplayName="Form Library" />
    </Folder>
    <Folder ID="822FF817B17E405411AAAA5559C5FDA0" Name="Forms" ProcGroupID="822FF817B17E405411AAAA5559C5FD98" AppID="822FF817B17E405411AAAA5559C5FD91" Description="" CreatedBy="143525" CreatedDate="0001-01-01T00:00:00Z" LastModifiedBy="143525" LastModifiedDate="0001-01-01T00:00:00Z" ContentType="application\formsgroup" ParentFolderID="822FF817B17E405411AAAA5559C5FD98" DisplayName="Forms">
      <Folder ID="822FF817B17E405411AAAA5559C5FDA1" Name="New" ProcGroupID="822FF817B17E405411AAAA5559C5FD98" AppID="822FF817B17E405411AAAA5559C5FD91" Description="" CreatedBy="143525" CreatedDate="0001-01-01T00:00:00Z" LastModifiedBy="143525" LastModifiedDate="0001-01-01T00:00:00Z" ContentType="application\newforms" ParentFolderID="822FF817B17E405411AAAA5559C5FDA0" DisplayName="New">
        <File ID="BAEE12DEFB27D0ED11002CDE87C957F7" Name="New Law - Financial Interest Stmts" BaseFileID="822FF817B17E405411AAAA5559C5FDA2" PrevVerFileID="8270E1B36DB8E41F11FF1F81AEFBFAB5" AppID="822FF817B17E405411AAAA5559C5FD91" ParentFolderID="822FF817B17E405411AAAA5559C5FDA1" ProcGroupID="822FF817B17E405411AAAA5559C5FD98" Description="" Version="1.05" Status="DRAFT" ContentType="user\newforms" CheckedOutBy="" CheckedOutDate="0001-01-01T00:00:00Z" CreatedDate="2025-05-09T14:04:38.6" CreatedBy="40001842" LastModifiedDate="2025-05-09T14:04:38.6" LastModifiedBy="40001842" ThemeID="" ExtraInfo="" DisplayName="New Law - Financial Interest Stmts" />
      </Folder>
      <Folder ID="822FF817B17E405411AAAA5559C5FDA3" Name="Update" ProcGroupID="822FF817B17E405411AAAA5559C5FD98" AppID="822FF817B17E405411AAAA5559C5FD91" Description="" CreatedBy="143525" CreatedDate="0001-01-01T00:00:00Z" LastModifiedBy="143525" LastModifiedDate="0001-01-01T00:00:00Z" ContentType="application\updateforms" ParentFolderID="822FF817B17E405411AAAA5559C5FDA0" DisplayName="Update">
        <File ID="BAEE12DEFB27D0ED11002CDE87C957F8" Name="Update Law - Financial Interest Stmts" BaseFileID="822FF817B17E405411AAAA5559C5FDA4" PrevVerFileID="8270E1B36DB8E41F11FF1F81AEFBFAB6" AppID="822FF817B17E405411AAAA5559C5FD91" ParentFolderID="822FF817B17E405411AAAA5559C5FDA3" ProcGroupID="822FF817B17E405411AAAA5559C5FD98" Description="" Version="1.05" Status="DRAFT" ContentType="user\updateforms" CheckedOutBy="" CheckedOutDate="0001-01-01T00:00:00Z" CreatedDate="2025-05-09T14:04:38.617" CreatedBy="40001842" LastModifiedDate="2025-05-09T14:04:38.617" LastModifiedBy="40001842" ThemeID="" ExtraInfo="" DisplayName="Update Law - Financial Interest Stmts" />
      </Folder>
      <Folder ID="822FF817B17E405411AAAA5559C5FDA5" Name="Widgets" ProcGroupID="822FF817B17E405411AAAA5559C5FD98" AppID="822FF817B17E405411AAAA5559C5FD91" Description="" CreatedBy="143525" CreatedDate="0001-01-01T00:00:00Z" LastModifiedBy="143525" LastModifiedDate="0001-01-01T00:00:00Z" ContentType="application\widgets" ParentFolderID="822FF817B17E405411AAAA5559C5FDA0" DisplayName="Widgets" />
      <Folder ID="822FF817B17E405411AAAA5559C5FDA6" Name="Views" ProcGroupID="822FF817B17E405411AAAA5559C5FD98" AppID="822FF817B17E405411AAAA5559C5FD91" Description="" CreatedBy="143525" CreatedDate="0001-01-01T00:00:00Z" LastModifiedBy="143525" LastModifiedDate="0001-01-01T00:00:00Z" ContentType="application\views" ParentFolderID="822FF817B17E405411AAAA5559C5FDA0" DisplayName="Views">
        <File ID="BAEE12DEFB27D0ED11002CDE87C95800" Name="2023 Submissions" BaseFileID="8270E1B36DB8E41F11FF1F81AEFBFAB7" PrevVerFileID="8270E1B36DB8E41F11FF1F81AEFBFAB7" AppID="822FF817B17E405411AAAA5559C5FD91" ParentFolderID="822FF817B17E405411AAAA5559C5FDA6" ProcGroupID="822FF817B17E405411AAAA5559C5FD98" Description="" Version="1.0" Status="DRAFT" ContentType="user\views" CheckedOutBy="" CheckedOutDate="0001-01-01T00:00:00Z" CreatedDate="2025-05-09T14:04:38.723" CreatedBy="40001842" LastModifiedDate="2025-05-09T14:04:38.723" LastModifiedBy="40001842" ThemeID="" ExtraInfo="" DisplayName="2023 Submissions" />
        <File ID="BAEE12DEFB27D0ED11002CDE87C957FF" Name="2024 Submissions" BaseFileID="BAEE12DEFB27D0ED11002CDE87C957FF" PrevVerFileID="" AppID="822FF817B17E405411AAAA5559C5FD91" ParentFolderID="822FF817B17E405411AAAA5559C5FDA6" ProcGroupID="822FF817B17E405411AAAA5559C5FD98" Description="" Version="1.0" Status="DRAFT" ContentType="user\views" CheckedOutBy="" CheckedOutDate="0001-01-01T00:00:00Z" CreatedDate="2025-05-09T14:04:38.71" CreatedBy="40001842" LastModifiedDate="2025-05-09T14:04:38.71" LastModifiedBy="40001842" ThemeID="" ExtraInfo="" DisplayName="2024 Submissions" />
        <File ID="BAEE12DEFB27D0ED11002CDE87C957FD" Name="2021 Submissions" BaseFileID="8248B11C7CD5129511DD0ECC4790A7C1" PrevVerFileID="8270E1B36DB8E41F11FF1F81AEFBFABB" AppID="822FF817B17E405411AAAA5559C5FD91" ParentFolderID="822FF817B17E405411AAAA5559C5FDA6" ProcGroupID="822FF817B17E405411AAAA5559C5FD98" Description="For FY 2021" Version="1.05" Status="DRAFT" ContentType="user\views" CheckedOutBy="" CheckedOutDate="0001-01-01T00:00:00Z" CreatedDate="2025-05-09T14:04:38.693" CreatedBy="40001842" LastModifiedDate="2025-05-09T14:04:38.693" LastModifiedBy="40001842" ThemeID="" ExtraInfo="" DisplayName="2021 Submissions" />
        <File ID="BAEE12DEFB27D0ED11002CDE87C957FA" Name="2019 Submissions" BaseFileID="822FF817B17E405411AAAA5559C5FDA7" PrevVerFileID="8270E1B36DB8E41F11FF1F81AEFBFAB9" AppID="822FF817B17E405411AAAA5559C5FD91" ParentFolderID="822FF817B17E405411AAAA5559C5FDA6" ProcGroupID="822FF817B17E405411AAAA5559C5FD98" Description="" Version="1.05" Status="DRAFT" ContentType="user\views" CheckedOutBy="" CheckedOutDate="0001-01-01T00:00:00Z" CreatedDate="2025-05-09T14:04:38.677" CreatedBy="40001842" LastModifiedDate="2025-05-09T14:04:38.677" LastModifiedBy="40001842" ThemeID="" ExtraInfo="" DisplayName="2019 Submissions" />
        <File ID="BAEE12DEFB27D0ED11002CDE87C957FB" Name="2022 Submissions" BaseFileID="825D91C98EADF2E511EE31F700CAD576" PrevVerFileID="8270E1B36DB8E41F11FF1F81AEFBFAB8" AppID="822FF817B17E405411AAAA5559C5FD91" ParentFolderID="822FF817B17E405411AAAA5559C5FDA6" ProcGroupID="822FF817B17E405411AAAA5559C5FD98" Description="" Version="1.03" Status="DRAFT" ContentType="user\views" CheckedOutBy="" CheckedOutDate="0001-01-01T00:00:00Z" CreatedDate="2025-05-09T14:04:38.677" CreatedBy="40001842" LastModifiedDate="2025-05-09T14:04:38.677" LastModifiedBy="40001842" ThemeID="" ExtraInfo="" DisplayName="2022 Submissions" />
        <File ID="BAEE12DEFB27D0ED11002CDE87C957FC" Name="All Law - Financial Interest Stmts" BaseFileID="822FF817B17E405411AAAA5559C5FDA8" PrevVerFileID="8270E1B36DB8E41F11FF1F81AEFBFABA" AppID="822FF817B17E405411AAAA5559C5FD91" ParentFolderID="822FF817B17E405411AAAA5559C5FDA6" ProcGroupID="822FF817B17E405411AAAA5559C5FD98" Description="" Version="1.06" Status="DRAFT" ContentType="user\views" CheckedOutBy="" CheckedOutDate="0001-01-01T00:00:00Z" CreatedDate="2025-05-09T14:04:38.677" CreatedBy="40001842" LastModifiedDate="2025-05-09T14:04:38.677" LastModifiedBy="40001842" ThemeID="" ExtraInfo="" DisplayName="All Law - Financial Interest Stmts" />
        <File ID="BAEE12DEFB27D0ED11002CDE87C957F9" Name="2020 Submissions" BaseFileID="8236EA3CE9FE70AD11BBC2F207C4D8A6" PrevVerFileID="8270E1B36DB8E41F11FF1F81AEFBFABC" AppID="822FF817B17E405411AAAA5559C5FD91" ParentFolderID="822FF817B17E405411AAAA5559C5FDA6" ProcGroupID="822FF817B17E405411AAAA5559C5FD98" Description="" Version="1.04" Status="DRAFT" ContentType="user\views" CheckedOutBy="" CheckedOutDate="0001-01-01T00:00:00Z" CreatedDate="2025-05-09T14:04:38.663" CreatedBy="40001842" LastModifiedDate="2025-05-09T14:04:38.663" LastModifiedBy="40001842" ThemeID="" ExtraInfo="" DisplayName="2020 Submissions" />
      </Folder>
    </Folder>
    <Folder ID="822FF817B17E405411AAAA5559C5FDA9" Name="Lookups" ProcGroupID="822FF817B17E405411AAAA5559C5FD98" AppID="822FF817B17E405411AAAA5559C5FD91" Description="" CreatedBy="143525" CreatedDate="0001-01-01T00:00:00Z" LastModifiedBy="143525" LastModifiedDate="0001-01-01T00:00:00Z" ContentType="application\lookup" ParentFolderID="822FF817B17E405411AAAA5559C5FD98" DisplayName="Lookups">
      <File ID="BAEE12DEFB27D0ED11002CDE87C95807" Name="Get 2022 Submissions" BaseFileID="825D91C98EADF2E511EE31F700CAD57D" PrevVerFileID="8270E1B36DB8E41F11FF1F81AEFBFABE" AppID="822FF817B17E405411AAAA5559C5FD91" ParentFolderID="822FF817B17E405411AAAA5559C5FDA9" ProcGroupID="822FF817B17E405411AAAA5559C5FD98" Description="" Version="1.03" Status="DRAFT" ContentType="user\lookupmulticolumn" CheckedOutBy="" CheckedOutDate="0001-01-01T00:00:00Z" CreatedDate="2025-05-09T14:04:38.787" CreatedBy="40001842" LastModifiedDate="2025-05-09T14:04:38.787" LastModifiedBy="40001842" ThemeID="" ExtraInfo="" DisplayName="Get 2022 Submissions" />
      <File ID="BAEE12DEFB27D0ED11002CDE87C95808" Name="Get 2023 Statements" BaseFileID="8270E1B36DB8E41F11FF1F81AEFBFABD" PrevVerFileID="8270E1B36DB8E41F11FF1F81AEFBFABD" AppID="822FF817B17E405411AAAA5559C5FD91" ParentFolderID="822FF817B17E405411AAAA5559C5FDA9" ProcGroupID="822FF817B17E405411AAAA5559C5FD98" Description="" Version="1.0" Status="DRAFT" ContentType="user\lookupmulticolumn" CheckedOutBy="" CheckedOutDate="0001-01-01T00:00:00Z" CreatedDate="2025-05-09T14:04:38.787" CreatedBy="40001842" LastModifiedDate="2025-05-09T14:04:38.787" LastModifiedBy="40001842" ThemeID="" ExtraInfo="" DisplayName="Get 2023 Statements" />
      <File ID="BAEE12DEFB27D0ED11002CDE87C95809" Name="Get 2024 Statements" BaseFileID="BAEE12DEFB27D0ED11002CDE87C95809" PrevVerFileID="" AppID="822FF817B17E405411AAAA5559C5FD91" ParentFolderID="822FF817B17E405411AAAA5559C5FDA9" ProcGroupID="822FF817B17E405411AAAA5559C5FD98" Description="" Version="1.0" Status="DRAFT" ContentType="user\lookupmulticolumn" CheckedOutBy="" CheckedOutDate="0001-01-01T00:00:00Z" CreatedDate="2025-05-09T14:04:38.787" CreatedBy="40001842" LastModifiedDate="2025-05-09T14:04:38.787" LastModifiedBy="40001842" ThemeID="" ExtraInfo="" DisplayName="Get 2024 Statements" />
      <File ID="BAEE12DEFB27D0ED11002CDE87C95804" Name="GetLaw - Financial Interest StmtsRecentlyModified" BaseFileID="822FF817B17E405411AAAA5559C5FDAB" PrevVerFileID="8270E1B36DB8E41F11FF1F81AEFBFAC2" AppID="822FF817B17E405411AAAA5559C5FD91" ParentFolderID="822FF817B17E405411AAAA5559C5FDA9" ProcGroupID="822FF817B17E405411AAAA5559C5FD98" Description="" Version="1.04" Status="DRAFT" ContentType="user\lookupmulticolumn" CheckedOutBy="" CheckedOutDate="0001-01-01T00:00:00Z" CreatedDate="2025-05-09T14:04:38.77" CreatedBy="40001842" LastModifiedDate="2025-05-09T14:04:38.77" LastModifiedBy="40001842" ThemeID="" ExtraInfo="" DisplayName="GetLaw - Financial Interest StmtsRecentlyModified" />
      <File ID="BAEE12DEFB27D0ED11002CDE87C95805" Name="GetLaw - Financial Interest StmtsRecentlyCreated" BaseFileID="822FF817B17E405411AAAA5559C5FDAA" PrevVerFileID="8270E1B36DB8E41F11FF1F81AEFBFAC3" AppID="822FF817B17E405411AAAA5559C5FD91" ParentFolderID="822FF817B17E405411AAAA5559C5FDA9" ProcGroupID="822FF817B17E405411AAAA5559C5FD98" Description="" Version="1.04" Status="DRAFT" ContentType="user\lookupmulticolumn" CheckedOutBy="" CheckedOutDate="0001-01-01T00:00:00Z" CreatedDate="2025-05-09T14:04:38.77" CreatedBy="40001842" LastModifiedDate="2025-05-09T14:04:38.77" LastModifiedBy="40001842" ThemeID="" ExtraInfo="" DisplayName="GetLaw - Financial Interest StmtsRecentlyCreated" />
      <File ID="BAEE12DEFB27D0ED11002CDE87C95806" Name="Get 2019 Submissions" BaseFileID="822FF817B17E405411AAAA5559C5FDAD" PrevVerFileID="8270E1B36DB8E41F11FF1F81AEFBFABF" AppID="822FF817B17E405411AAAA5559C5FD91" ParentFolderID="822FF817B17E405411AAAA5559C5FDA9" ProcGroupID="822FF817B17E405411AAAA5559C5FD98" Description="" Version="1.05" Status="DRAFT" ContentType="user\lookupmulticolumn" CheckedOutBy="" CheckedOutDate="0001-01-01T00:00:00Z" CreatedDate="2025-05-09T14:04:38.77" CreatedBy="40001842" LastModifiedDate="2025-05-09T14:04:38.77" LastModifiedBy="40001842" ThemeID="" ExtraInfo="" DisplayName="Get 2019 Submissions" />
      <File ID="BAEE12DEFB27D0ED11002CDE87C95803" Name="Get 2021 Statements" BaseFileID="8248B11C7CD5129511DD0ECC4790A7C9" PrevVerFileID="8270E1B36DB8E41F11FF1F81AEFBFAC1" AppID="822FF817B17E405411AAAA5559C5FD91" ParentFolderID="822FF817B17E405411AAAA5559C5FDA9" ProcGroupID="822FF817B17E405411AAAA5559C5FD98" Description="" Version="1.03" Status="DRAFT" ContentType="user\lookupmulticolumn" CheckedOutBy="" CheckedOutDate="0001-01-01T00:00:00Z" CreatedDate="2025-05-09T14:04:38.757" CreatedBy="40001842" LastModifiedDate="2025-05-09T14:04:38.757" LastModifiedBy="40001842" ThemeID="" ExtraInfo="" DisplayName="Get 2021 Statements" />
      <File ID="BAEE12DEFB27D0ED11002CDE87C95801" Name="Get2020Submissions" BaseFileID="8236EA3CE9FE70AD11BBC2F207C4D8AA" PrevVerFileID="8270E1B36DB8E41F11FF1F81AEFBFAC4" AppID="822FF817B17E405411AAAA5559C5FD91" ParentFolderID="822FF817B17E405411AAAA5559C5FDA9" ProcGroupID="822FF817B17E405411AAAA5559C5FD98" Description="" Version="1.04" Status="DRAFT" ContentType="user\lookupmulticolumn" CheckedOutBy="" CheckedOutDate="0001-01-01T00:00:00Z" CreatedDate="2025-05-09T14:04:38.74" CreatedBy="40001842" LastModifiedDate="2025-05-09T14:04:38.74" LastModifiedBy="40001842" ThemeID="" ExtraInfo="" DisplayName="Get2020Submissions" />
      <File ID="BAEE12DEFB27D0ED11002CDE87C95802" Name="GetLaw - Financial Interest Stmts" BaseFileID="822FF817B17E405411AAAA5559C5FDAC" PrevVerFileID="8270E1B36DB8E41F11FF1F81AEFBFAC0" AppID="822FF817B17E405411AAAA5559C5FD91" ParentFolderID="822FF817B17E405411AAAA5559C5FDA9" ProcGroupID="822FF817B17E405411AAAA5559C5FD98" Description="" Version="1.05" Status="DRAFT" ContentType="user\lookupmulticolumn" CheckedOutBy="" CheckedOutDate="0001-01-01T00:00:00Z" CreatedDate="2025-05-09T14:04:38.74" CreatedBy="40001842" LastModifiedDate="2025-05-09T14:04:38.74" LastModifiedBy="40001842" ThemeID="" ExtraInfo="" DisplayName="GetLaw - Financial Interest Stmts" />
    </Folder>
    <Folder ID="822FF817B17E405411AAAA5559C5FDAE" Name="Translation" ProcGroupID="822FF817B17E405411AAAA5559C5FD98" AppID="822FF817B17E405411AAAA5559C5FD91" Description="" CreatedBy="143525" CreatedDate="0001-01-01T00:00:00Z" LastModifiedBy="143525" LastModifiedDate="0001-01-01T00:00:00Z" ContentType="application\translation" ParentFolderID="822FF817B17E405411AAAA5559C5FD98" DisplayName="Translation" />
    <Folder ID="822FF817B17E405411AAAA5559C5FDAF" Name="Document Repository" ProcGroupID="822FF817B17E405411AAAA5559C5FD98" AppID="822FF817B17E405411AAAA5559C5FD91" Description="" CreatedBy="143525" CreatedDate="0001-01-01T00:00:00Z" LastModifiedBy="143525" LastModifiedDate="0001-01-01T00:00:00Z" ContentType="application\documentrepository" ParentFolderID="822FF817B17E405411AAAA5559C5FD98" DisplayName="Document Repository" />
    <Folder ID="822FF817B17E405411AAAA5559C5FDB0" Name="System Files" ProcGroupID="822FF817B17E405411AAAA5559C5FD98" AppID="822FF817B17E405411AAAA5559C5FD91" Description="" CreatedBy="143525" CreatedDate="0001-01-01T00:00:00Z" LastModifiedBy="143525" LastModifiedDate="0001-01-01T00:00:00Z" ContentType="application\hidden" ParentFolderID="822FF817B17E405411AAAA5559C5FD98" DisplayName="System Files" />
    <Folder ID="822FF817B17E405411AAAA5559C5FDB1" Name="Process Model" ProcGroupID="822FF817B17E405411AAAA5559C5FD98" AppID="822FF817B17E405411AAAA5559C5FD91" Description="" CreatedBy="143525" CreatedDate="0001-01-01T00:00:00Z" LastModifiedBy="143525" LastModifiedDate="0001-01-01T00:00:00Z" ContentType="application\processmodel" ParentFolderID="822FF817B17E405411AAAA5559C5FD98" DisplayName="Process Model">
      <File ID="BAEE12DEFB27D0ED11002CDE87C95819" Name="LAW - Statement of Financial Interest View All Submissions_2024 Submissions" BaseFileID="BAEE12DEFB27D0ED11002CDE87C95819" PrevVerFileID="" AppID="822FF817B17E405411AAAA5559C5FD91" ParentFolderID="822FF817B17E405411AAAA5559C5FDB1" ProcGroupID="822FF817B17E405411AAAA5559C5FD98" Description="" Version="1.0" Status="DRAFT" ContentType="user\processmodel" CheckedOutBy="" CheckedOutDate="0001-01-01T00:00:00Z" CreatedDate="2025-05-09T14:04:38.927" CreatedBy="40001842" LastModifiedDate="2025-05-09T14:04:38.927" LastModifiedBy="40001842" ThemeID="" ExtraInfo="" DisplayName="LAW - Statement of Financial Interest View All Submissions_2024 Submissions" />
      <File ID="BAEE12DEFB27D0ED11002CDE87C95816" Name="LAW - Statement of Financial Interest View All Submissions_2022 Submissions" BaseFileID="825D91C98EADF2E511EE31F700CAD583" PrevVerFileID="8270E1B36DB8E41F11FF1F81AEFBFAC6" AppID="822FF817B17E405411AAAA5559C5FD91" ParentFolderID="822FF817B17E405411AAAA5559C5FDB1" ProcGroupID="822FF817B17E405411AAAA5559C5FD98" Description="" Version="1.01" Status="DRAFT" ContentType="user\processmodel" CheckedOutBy="" CheckedOutDate="0001-01-01T00:00:00Z" CreatedDate="2025-05-09T14:04:38.913" CreatedBy="40001842" LastModifiedDate="2025-05-09T14:04:38.913" LastModifiedBy="40001842" ThemeID="" ExtraInfo="" DisplayName="2022 Submissions" />
      <File ID="BAEE12DEFB27D0ED11002CDE87C95817" Name="LAW - Statement of Financial Interest View All Submissions_New Law - Financial Interest Stmts" BaseFileID="822FF817B17E405411AAAA5559C5FDB5" PrevVerFileID="8270E1B36DB8E41F11FF1F81AEFBFACA" AppID="822FF817B17E405411AAAA5559C5FD91" ParentFolderID="822FF817B17E405411AAAA5559C5FDB1" ProcGroupID="822FF817B17E405411AAAA5559C5FD98" Description="" Version="1.04" Status="DRAFT" ContentType="user\processmodel" CheckedOutBy="" CheckedOutDate="0001-01-01T00:00:00Z" CreatedDate="2025-05-09T14:04:38.913" CreatedBy="40001842" LastModifiedDate="2025-05-09T14:04:38.913" LastModifiedBy="40001842" ThemeID="" ExtraInfo="" DisplayName="New Law - Financial Interest Stmts" />
      <File ID="BAEE12DEFB27D0ED11002CDE87C95818" Name="LAW - Statement of Financial Interest View All Submissions_Recently Created Law - Financial Interest Stmts" BaseFileID="822FF817B17E405411AAAA5559C5FDB4" PrevVerFileID="8270E1B36DB8E41F11FF1F81AEFBFAC8" AppID="822FF817B17E405411AAAA5559C5FD91" ParentFolderID="822FF817B17E405411AAAA5559C5FDB1" ProcGroupID="822FF817B17E405411AAAA5559C5FD98" Description="" Version="1.04" Status="DRAFT" ContentType="user\processmodel" CheckedOutBy="" CheckedOutDate="0001-01-01T00:00:00Z" CreatedDate="2025-05-09T14:04:38.913" CreatedBy="40001842" LastModifiedDate="2025-05-09T14:04:38.913" LastModifiedBy="40001842" ThemeID="" ExtraInfo="" DisplayName="Recently Created Law - Financial Interest Stmts" />
      <File ID="BAEE12DEFB27D0ED11002CDE87C95814" Name="LAW - Statement of Financial Interest View All Submissions_All Law - Financial Interest Stmts" BaseFileID="822FF817B17E405411AAAA5559C5FDB2" PrevVerFileID="8270E1B36DB8E41F11FF1F81AEFBFAC9" AppID="822FF817B17E405411AAAA5559C5FD91" ParentFolderID="822FF817B17E405411AAAA5559C5FDB1" ProcGroupID="822FF817B17E405411AAAA5559C5FD98" Description="" Version="1.04" Status="DRAFT" ContentType="user\processmodel" CheckedOutBy="" CheckedOutDate="0001-01-01T00:00:00Z" CreatedDate="2025-05-09T14:04:38.897" CreatedBy="40001842" LastModifiedDate="2025-05-09T14:04:38.897" LastModifiedBy="40001842" ThemeID="" ExtraInfo="" DisplayName="All Law - Financial Interest Stmts" />
      <File ID="BAEE12DEFB27D0ED11002CDE87C95815" Name="LAW - Statement of Financial Interest View All Submissions_2023 Submissions" BaseFileID="8270E1B36DB8E41F11FF1F81AEFBFAC5" PrevVerFileID="8270E1B36DB8E41F11FF1F81AEFBFAC5" AppID="822FF817B17E405411AAAA5559C5FD91" ParentFolderID="822FF817B17E405411AAAA5559C5FDB1" ProcGroupID="822FF817B17E405411AAAA5559C5FD98" Description="" Version="1.0" Status="DRAFT" ContentType="user\processmodel" CheckedOutBy="" CheckedOutDate="0001-01-01T00:00:00Z" CreatedDate="2025-05-09T14:04:38.897" CreatedBy="40001842" LastModifiedDate="2025-05-09T14:04:38.897" LastModifiedBy="40001842" ThemeID="" ExtraInfo="" DisplayName="2023 Submissions" />
      <File ID="BAEE12DEFB27D0ED11002CDE87C95813" Name="LAW - Statement of Financial Interest View All Submissions_2020 Submissions" BaseFileID="8236EA3CE9FE70AD11BBC2F207C4D8AE" PrevVerFileID="8270E1B36DB8E41F11FF1F81AEFBFACE" AppID="822FF817B17E405411AAAA5559C5FD91" ParentFolderID="822FF817B17E405411AAAA5559C5FDB1" ProcGroupID="822FF817B17E405411AAAA5559C5FD98" Description="" Version="1.03" Status="DRAFT" ContentType="user\processmodel" CheckedOutBy="" CheckedOutDate="0001-01-01T00:00:00Z" CreatedDate="2025-05-09T14:04:38.88" CreatedBy="40001842" LastModifiedDate="2025-05-09T14:04:38.88" LastModifiedBy="40001842" ThemeID="" ExtraInfo="" DisplayName="2020 Submissions" />
      <File ID="BAEE12DEFB27D0ED11002CDE87C95811" Name="LAW - Statement of Financial Interest View All Submissions_2019 Submissions" BaseFileID="822FF817B17E405411AAAA5559C5FDB6" PrevVerFileID="8270E1B36DB8E41F11FF1F81AEFBFACB" AppID="822FF817B17E405411AAAA5559C5FD91" ParentFolderID="822FF817B17E405411AAAA5559C5FDB1" ProcGroupID="822FF817B17E405411AAAA5559C5FD98" Description="" Version="1.04" Status="DRAFT" ContentType="user\processmodel" CheckedOutBy="" CheckedOutDate="0001-01-01T00:00:00Z" CreatedDate="2025-05-09T14:04:38.867" CreatedBy="40001842" LastModifiedDate="2025-05-09T14:04:38.867" LastModifiedBy="40001842" ThemeID="" ExtraInfo="" DisplayName="2019 Submissions" />
      <File ID="BAEE12DEFB27D0ED11002CDE87C95812" Name="LAW - Statement of Financial Interest View All Submissions_Recently Modified Law - Financial Interest Stmts" BaseFileID="822FF817B17E405411AAAA5559C5FDB3" PrevVerFileID="8270E1B36DB8E41F11FF1F81AEFBFAC7" AppID="822FF817B17E405411AAAA5559C5FD91" ParentFolderID="822FF817B17E405411AAAA5559C5FDB1" ProcGroupID="822FF817B17E405411AAAA5559C5FD98" Description="" Version="1.04" Status="DRAFT" ContentType="user\processmodel" CheckedOutBy="" CheckedOutDate="0001-01-01T00:00:00Z" CreatedDate="2025-05-09T14:04:38.867" CreatedBy="40001842" LastModifiedDate="2025-05-09T14:04:38.867" LastModifiedBy="40001842" ThemeID="" ExtraInfo="" DisplayName="Recently Modified Law - Financial Interest Stmts" />
      <File ID="BAEE12DEFB27D0ED11002CDE87C9580A" Name="LAW - Statement of Financial Interest View All Submissions_2021 Submissions" BaseFileID="8248B11C7CD5129511DD0ECC4790A7D7" PrevVerFileID="8270E1B36DB8E41F11FF1F81AEFBFACC" AppID="822FF817B17E405411AAAA5559C5FD91" ParentFolderID="822FF817B17E405411AAAA5559C5FDB1" ProcGroupID="822FF817B17E405411AAAA5559C5FD98" Description="" Version="1.02" Status="DRAFT" ContentType="user\processmodel" CheckedOutBy="" CheckedOutDate="0001-01-01T00:00:00Z" CreatedDate="2025-05-09T14:04:38.85" CreatedBy="40001842" LastModifiedDate="2025-05-09T14:04:38.85" LastModifiedBy="40001842" ThemeID="" ExtraInfo="" DisplayName="2021 Submissions" />
      <File ID="BAEE12DEFB27D0ED11002CDE87C9580B" Name="LAW - Statement of Financial Interest View All Submissions_Update Law - Financial Interest Stmts" BaseFileID="822FF817B17E405411AAAA5559C5FDB7" PrevVerFileID="8270E1B36DB8E41F11FF1F81AEFBFACD" AppID="822FF817B17E405411AAAA5559C5FD91" ParentFolderID="822FF817B17E405411AAAA5559C5FDB1" ProcGroupID="822FF817B17E405411AAAA5559C5FD98" Description="" Version="1.04" Status="DRAFT" ContentType="user\processmodel" CheckedOutBy="" CheckedOutDate="0001-01-01T00:00:00Z" CreatedDate="2025-05-09T14:04:38.85" CreatedBy="40001842" LastModifiedDate="2025-05-09T14:04:38.85" LastModifiedBy="40001842" ThemeID="" ExtraInfo="" DisplayName="Update Law - Financial Interest Stmts" />
    </Folder>
    <Folder ID="822FF817B17E405411AAAA5559C5FDB8" Name="Notification" ProcGroupID="822FF817B17E405411AAAA5559C5FD98" AppID="822FF817B17E405411AAAA5559C5FD91" Description="" CreatedBy="143525" CreatedDate="0001-01-01T00:00:00Z" LastModifiedBy="143525" LastModifiedDate="0001-01-01T00:00:00Z" ContentType="application\notification" ParentFolderID="822FF817B17E405411AAAA5559C5FD98" DisplayName="Notification">
      <Folder ID="822FF817B17E405411AAAA5559C5FDBC" Name="Attachment Repository" ProcGroupID="822FF817B17E405411AAAA5559C5FD98" AppID="822FF817B17E405411AAAA5559C5FD91" Description="" CreatedBy="143525" CreatedDate="0001-01-01T00:00:00Z" LastModifiedBy="143525" LastModifiedDate="0001-01-01T00:00:00Z" ContentType="application\attachmentrepository" ParentFolderID="822FF817B17E405411AAAA5559C5FDB8" DisplayName="Attachment Repository" />
      <Folder ID="8257D4CD9C2F4D1611DDF13AC1FAB176" Name="E-mails" ProcGroupID="822FF817B17E405411AAAA5559C5FD98" AppID="822FF817B17E405411AAAA5559C5FD91" Description="" CreatedBy="143525" CreatedDate="2023-05-12T23:03:44.227" LastModifiedBy="143525" LastModifiedDate="2023-05-12T23:03:44.227" ContentType="application\email" ParentFolderID="822FF817B17E405411AAAA5559C5FDB8" DisplayName="E-mails">
        <File ID="BAEE12DEFB27D0ED11002CDE87C9581B" Name="Record Deleted" BaseFileID="825D91C98EADF2E511EE31F700CAD590" PrevVerFileID="8270E1B36DB8E41F11FF1F81AEFBFAD0" AppID="822FF817B17E405411AAAA5559C5FD91" ParentFolderID="8257D4CD9C2F4D1611DDF13AC1FAB176" ProcGroupID="822FF817B17E405411AAAA5559C5FD98" Description="" Version="1.01" Status="DRAFT" ContentType="user\email" CheckedOutBy="" CheckedOutDate="0001-01-01T00:00:00Z" CreatedDate="2025-05-09T14:04:38.99" CreatedBy="40001842" LastModifiedDate="2025-05-09T14:04:38.99" LastModifiedBy="40001842" ThemeID="" ExtraInfo="" DisplayName="Record Deleted" />
        <File ID="BAEE12DEFB27D0ED11002CDE87C9581C" Name="Record Added" BaseFileID="825D91C98EADF2E511EE31F700CAD594" PrevVerFileID="8270E1B36DB8E41F11FF1F81AEFBFAD1" AppID="822FF817B17E405411AAAA5559C5FD91" ParentFolderID="8257D4CD9C2F4D1611DDF13AC1FAB176" ProcGroupID="822FF817B17E405411AAAA5559C5FD98" Description="" Version="1.01" Status="DRAFT" ContentType="user\email" CheckedOutBy="" CheckedOutDate="0001-01-01T00:00:00Z" CreatedDate="2025-05-09T14:04:38.99" CreatedBy="40001842" LastModifiedDate="2025-05-09T14:04:38.99" LastModifiedBy="40001842" ThemeID="" ExtraInfo="" DisplayName="Record Added" />
        <File ID="BAEE12DEFB27D0ED11002CDE87C9581A" Name="Record Edited" BaseFileID="825D91C98EADF2E511EE31F700CAD593" PrevVerFileID="8270E1B36DB8E41F11FF1F81AEFBFACF" AppID="822FF817B17E405411AAAA5559C5FD91" ParentFolderID="8257D4CD9C2F4D1611DDF13AC1FAB176" ProcGroupID="822FF817B17E405411AAAA5559C5FD98" Description="" Version="1.01" Status="DRAFT" ContentType="user\email" CheckedOutBy="" CheckedOutDate="0001-01-01T00:00:00Z" CreatedDate="2025-05-09T14:04:38.973" CreatedBy="40001842" LastModifiedDate="2025-05-09T14:04:38.973" LastModifiedBy="40001842" ThemeID="" ExtraInfo="" DisplayName="Record Edited" />
      </Folder>
    </Folder>
  </Folder>
  <CoAuthored>false</CoAuthored>
</WFEnabledApplication>