<?xml version="1.0"?>
<WFEnabledApplication xmlns:xsd="http://www.w3.org/2001/XMLSchema" xmlns:xsi="http://www.w3.org/2001/XMLSchema-instance" ID="823D8B789D407B0311CC7D6B26FADB73" Name="OPAT - Police Accountability and Transparency" Description="" Status="DRAFT" CreatedDate="2022-01-24T18:12:57.56" CreatedBy="162157" AppType="eForms" Visibility="PAAS" ContentType="application" DisplayName="OPAT - Police Accountability and Transparency" AppLocale="customlocale" ParentApplicationId="">
  <Folder ID="823D8B789D407B0311CC7D6B26FADB74" Name="Shared Resources" ProcGroupID="" AppID="823D8B789D407B0311CC7D6B26FADB73" Description="" CreatedBy="162157" CreatedDate="0001-01-01T00:00:00Z" LastModifiedBy="162157" LastModifiedDate="0001-01-01T00:00:00Z" ContentType="Any" ParentFolderID="823D8B789D407B0311CC7D6B26FADB73" DisplayName="Shared Resources">
    <Folder ID="823D8B789D407B0311CC7D6B26FADB75" Name="Style Sheets" ProcGroupID="" AppID="823D8B789D407B0311CC7D6B26FADB73" Description="" CreatedBy="162157" CreatedDate="0001-01-01T00:00:00Z" LastModifiedBy="162157" LastModifiedDate="0001-01-01T00:00:00Z" ContentType="application\CSS" ParentFolderID="823D8B789D407B0311CC7D6B26FADB74" DisplayName="Style Sheets" />
    <Folder ID="823D8B789D407B0311CC7D6B26FADB76" Name="JavaScript" ProcGroupID="" AppID="823D8B789D407B0311CC7D6B26FADB73" Description="" CreatedBy="162157" CreatedDate="0001-01-01T00:00:00Z" LastModifiedBy="162157" LastModifiedDate="0001-01-01T00:00:00Z" ContentType="application\js" ParentFolderID="823D8B789D407B0311CC7D6B26FADB74" DisplayName="JavaScript" />
    <Folder ID="823D8B789D407B0311CC7D6B26FADB77" Name="Images" ProcGroupID="" AppID="823D8B789D407B0311CC7D6B26FADB73" Description="" CreatedBy="162157" CreatedDate="0001-01-01T00:00:00Z" LastModifiedBy="162157" LastModifiedDate="0001-01-01T00:00:00Z" ContentType="application\image" ParentFolderID="823D8B789D407B0311CC7D6B26FADB74" DisplayName="Images" />
    <Folder ID="823D8B789D407B0311CC7D6B26FADB78" Name="Access Tokens" ProcGroupID="" AppID="823D8B789D407B0311CC7D6B26FADB73" Description="" CreatedBy="162157" CreatedDate="0001-01-01T00:00:00Z" LastModifiedBy="162157" LastModifiedDate="0001-01-01T00:00:00Z" ContentType="application\apptoken" ParentFolderID="823D8B789D407B0311CC7D6B26FADB74" DisplayName="Access Tokens" />
    <Folder ID="823D8B789D407B0311CC7D6B26FADB79" Name="Application Resources" ProcGroupID="" AppID="823D8B789D407B0311CC7D6B26FADB73" Description="" CreatedBy="162157" CreatedDate="0001-01-01T00:00:00Z" LastModifiedBy="162157" LastModifiedDate="0001-01-01T00:00:00Z" ContentType="application\applicationresources" ParentFolderID="823D8B789D407B0311CC7D6B26FADB74" DisplayName="Application Resources" />
    <Folder ID="8257D4CD9C2F4D1611DDF13AC1FAB118" Name="Comments" ProcGroupID="823D8B789D407B0311CC7D6B26FADB74" AppID="823D8B789D407B0311CC7D6B26FADB73" Description="" CreatedBy="162157" CreatedDate="2023-05-12T23:03:43.26" LastModifiedBy="162157" LastModifiedDate="2023-05-12T23:03:43.26" ContentType="application\comments" ParentFolderID="823D8B789D407B0311CC7D6B26FADB74" DisplayName="Comments" />
    <Folder ID="BAF312DEFB27D0ED11006444AFB607CB" Name="ML Advisor" ProcGroupID="" AppID="823D8B789D407B0311CC7D6B26FADB73" Description="" CreatedBy="162157" CreatedDate="2025-07-19T02:04:24.09" LastModifiedBy="162157" LastModifiedDate="2025-07-19T02:04:24.09" ContentType="application\mladvisor" ParentFolderID="823D8B789D407B0311CC7D6B26FADB74" DisplayName="ML Advisor" />
  </Folder>
  <Folder ID="823D8B789D407B0311CC7D6B26FADB7A" Name="Processes" ProcGroupID="" AppID="823D8B789D407B0311CC7D6B26FADB73" Description="" CreatedBy="162157" CreatedDate="0001-01-01T00:00:00Z" LastModifiedBy="162157" LastModifiedDate="0001-01-01T00:00:00Z" ContentType="application\processgroup" ParentFolderID="823D8B789D407B0311CC7D6B26FADB73" DisplayName="Processes">
    <Folder ID="823D8B789D407B0311CC7D6B26FADB7B" Name="OPAT - Police Accountability and Transparency" ProcGroupID="" AppID="823D8B789D407B0311CC7D6B26FADB73" Description="" CreatedBy="162157" CreatedDate="0001-01-01T00:00:00Z" LastModifiedBy="162157" LastModifiedDate="0001-01-01T00:00:00Z" ContentType="user\processgroup" ParentFolderID="823D8B789D407B0311CC7D6B26FADB7A" DisplayName="OPAT - Police Accountability and Transparency">
      <Folder ID="823D8B789D407B0311CC7D6B26FADB7C" Name="Process Model" ProcGroupID="823D8B789D407B0311CC7D6B26FADB7B" AppID="823D8B789D407B0311CC7D6B26FADB73" Description="" CreatedBy="162157" CreatedDate="0001-01-01T00:00:00Z" LastModifiedBy="162157" LastModifiedDate="0001-01-01T00:00:00Z" ContentType="application\processmodel" ParentFolderID="823D8B789D407B0311CC7D6B26FADB7B" DisplayName="Process Model">
        <File ID="BAF812DEFB27D0ED1100ADCBF54D6FA3" Name="OPATPoliceAccountability" BaseFileID="823D8B789D407B0311CC7D6B26FADB7D" PrevVerFileID="BAF80AFFF82C90671100A95405D600DB" AppID="823D8B789D407B0311CC7D6B26FADB73" ParentFolderID="823D8B789D407B0311CC7D6B26FADB7C" ProcGroupID="823D8B789D407B0311CC7D6B26FADB7B" Description="" Version="1.3" Status="RELEASED" ContentType="user\processmodel" CheckedOutBy="" CheckedOutDate="0001-01-01T00:00:00Z" CreatedDate="2025-10-20T15:46:45.653" CreatedBy="40001842" LastModifiedDate="2025-10-20T15:46:45.653" LastModifiedBy="40001842" ThemeID="" ExtraInfo="" DisplayName="OPATPoliceAccountability" />
      </Folder>
      <Folder ID="823D8B789D407B0311CC7D6B26FADB7E" Name="Notification" ProcGroupID="823D8B789D407B0311CC7D6B26FADB7B" AppID="823D8B789D407B0311CC7D6B26FADB73" Description="" CreatedBy="162157" CreatedDate="0001-01-01T00:00:00Z" LastModifiedBy="162157" LastModifiedDate="0001-01-01T00:00:00Z" ContentType="application\notification" ParentFolderID="823D8B789D407B0311CC7D6B26FADB7B" DisplayName="Notification">
        <Folder ID="823D8B789D407B0311CC7D6B26FADB7F" Name="E-mails" ProcGroupID="823D8B789D407B0311CC7D6B26FADB7B" AppID="823D8B789D407B0311CC7D6B26FADB73" Description="" CreatedBy="162157" CreatedDate="0001-01-01T00:00:00Z" LastModifiedBy="162157" LastModifiedDate="0001-01-01T00:00:00Z" ContentType="application\email" ParentFolderID="823D8B789D407B0311CC7D6B26FADB7E" DisplayName="E-mails">
          <File ID="BAF812DEFB27D0ED1100ADCBF54D6FB4" Name="Email - Non Anonymous Spanish" BaseFileID="8242BA8981764D7711CCA96396150544" PrevVerFileID="BAF80AFFF82C90671100A95405D600ED" AppID="823D8B789D407B0311CC7D6B26FADB73" ParentFolderID="823D8B789D407B0311CC7D6B26FADB7F" ProcGroupID="823D8B789D407B0311CC7D6B26FADB7B" Description="" Version="1.12" Status="RELEASED" ContentType="user\email" CheckedOutBy="" CheckedOutDate="0001-01-01T00:00:00Z" CreatedDate="2025-10-20T15:46:45.81" CreatedBy="40001842" LastModifiedDate="2025-10-20T15:46:45.81" LastModifiedBy="40001842" ThemeID="" ExtraInfo="" DisplayName="Email - Non Anonymous Spanish" />
          <File ID="BAF812DEFB27D0ED1100ADCBF54D6FB1" Name="Notification to Investigator Additional info required" BaseFileID="823D8B789D407B0311CC7D6B26FADB81" PrevVerFileID="BAF80AFFF82C90671100A95405D600EA" AppID="823D8B789D407B0311CC7D6B26FADB73" ParentFolderID="823D8B789D407B0311CC7D6B26FADB7F" ProcGroupID="823D8B789D407B0311CC7D6B26FADB7B" Description="" Version="1.24" Status="RELEASED" ContentType="user\email" CheckedOutBy="" CheckedOutDate="0001-01-01T00:00:00Z" CreatedDate="2025-10-20T15:46:45.793" CreatedBy="40001842" LastModifiedDate="2025-10-20T15:46:45.793" LastModifiedBy="40001842" ThemeID="" ExtraInfo="" DisplayName="Notification to Investigator Additional info required" />
          <File ID="BAF812DEFB27D0ED1100ADCBF54D6FB2" Name="Notification Email to Assigned Investigator" BaseFileID="823D8B789D407B0311CC7D6B26FADB80" PrevVerFileID="BAF80AFFF82C90671100A95405D600EB" AppID="823D8B789D407B0311CC7D6B26FADB73" ParentFolderID="823D8B789D407B0311CC7D6B26FADB7F" ProcGroupID="823D8B789D407B0311CC7D6B26FADB7B" Description="" Version="1.24" Status="RELEASED" ContentType="user\email" CheckedOutBy="" CheckedOutDate="0001-01-01T00:00:00Z" CreatedDate="2025-10-20T15:46:45.793" CreatedBy="40001842" LastModifiedDate="2025-10-20T15:46:45.793" LastModifiedBy="40001842" ThemeID="" ExtraInfo="" DisplayName="Notification Email to Assigned Investigator" />
          <File ID="BAF812DEFB27D0ED1100ADCBF54D6FB3" Name="Email - Non Anonymous" BaseFileID="823D8B789D407B0311CC7D6B26FADB8A" PrevVerFileID="BAF80AFFF82C90671100A95405D600EC" AppID="823D8B789D407B0311CC7D6B26FADB73" ParentFolderID="823D8B789D407B0311CC7D6B26FADB7F" ProcGroupID="823D8B789D407B0311CC7D6B26FADB7B" Description="" Version="1.24" Status="RELEASED" ContentType="user\email" CheckedOutBy="" CheckedOutDate="0001-01-01T00:00:00Z" CreatedDate="2025-10-20T15:46:45.793" CreatedBy="40001842" LastModifiedDate="2025-10-20T15:46:45.793" LastModifiedBy="40001842" ThemeID="" ExtraInfo="" DisplayName="Email - Non Anonymous" />
          <File ID="BAF812DEFB27D0ED1100ADCBF54D6FAD" Name="Notification - Board Review" BaseFileID="823D8B789D407B0311CC7D6B26FADB82" PrevVerFileID="BAF80AFFF82C90671100A95405D600E6" AppID="823D8B789D407B0311CC7D6B26FADB73" ParentFolderID="823D8B789D407B0311CC7D6B26FADB7F" ProcGroupID="823D8B789D407B0311CC7D6B26FADB7B" Description="" Version="1.24" Status="RELEASED" ContentType="user\email" CheckedOutBy="" CheckedOutDate="0001-01-01T00:00:00Z" CreatedDate="2025-10-20T15:46:45.777" CreatedBy="40001842" LastModifiedDate="2025-10-20T15:46:45.777" LastModifiedBy="40001842" ThemeID="" ExtraInfo="" DisplayName="Notification - Board Review" />
          <File ID="BAF812DEFB27D0ED1100ADCBF54D6FAE" Name="Overdue - Assign Investigator" BaseFileID="823D8B789D407B0311CC7D6B26FADB83" PrevVerFileID="BAF80AFFF82C90671100A95405D600E7" AppID="823D8B789D407B0311CC7D6B26FADB73" ParentFolderID="823D8B789D407B0311CC7D6B26FADB7F" ProcGroupID="823D8B789D407B0311CC7D6B26FADB7B" Description="" Version="1.24" Status="RELEASED" ContentType="user\email" CheckedOutBy="" CheckedOutDate="0001-01-01T00:00:00Z" CreatedDate="2025-10-20T15:46:45.777" CreatedBy="40001842" LastModifiedDate="2025-10-20T15:46:45.777" LastModifiedBy="40001842" ThemeID="" ExtraInfo="" DisplayName="Overdue - Assign Investigator" />
          <File ID="BAF812DEFB27D0ED1100ADCBF54D6FAF" Name="Thank You" BaseFileID="823D8B789D407B0311CC7D6B26FADB89" PrevVerFileID="BAF80AFFF82C90671100A95405D600E8" AppID="823D8B789D407B0311CC7D6B26FADB73" ParentFolderID="823D8B789D407B0311CC7D6B26FADB7F" ProcGroupID="823D8B789D407B0311CC7D6B26FADB7B" Description="" Version="1.24" Status="RELEASED" ContentType="user\email" CheckedOutBy="" CheckedOutDate="0001-01-01T00:00:00Z" CreatedDate="2025-10-20T15:46:45.777" CreatedBy="40001842" LastModifiedDate="2025-10-20T15:46:45.777" LastModifiedBy="40001842" ThemeID="" ExtraInfo="" DisplayName="Thank You" />
          <File ID="BAF812DEFB27D0ED1100ADCBF54D6FB0" Name="Overdue - Director Review" BaseFileID="823D8B789D407B0311CC7D6B26FADB85" PrevVerFileID="BAF80AFFF82C90671100A95405D600E9" AppID="823D8B789D407B0311CC7D6B26FADB73" ParentFolderID="823D8B789D407B0311CC7D6B26FADB7F" ProcGroupID="823D8B789D407B0311CC7D6B26FADB7B" Description="" Version="1.24" Status="RELEASED" ContentType="user\email" CheckedOutBy="" CheckedOutDate="0001-01-01T00:00:00Z" CreatedDate="2025-10-20T15:46:45.777" CreatedBy="40001842" LastModifiedDate="2025-10-20T15:46:45.777" LastModifiedBy="40001842" ThemeID="" ExtraInfo="" DisplayName="Overdue - Director Review" />
          <File ID="BAF812DEFB27D0ED1100ADCBF54D6FAA" Name="Confirmation" BaseFileID="823D8B789D407B0311CC7D6B26FADB8D" PrevVerFileID="BAF80AFFF82C90671100A95405D600E3" AppID="823D8B789D407B0311CC7D6B26FADB73" ParentFolderID="823D8B789D407B0311CC7D6B26FADB7F" ProcGroupID="823D8B789D407B0311CC7D6B26FADB7B" Description="" Version="1.24" Status="RELEASED" ContentType="user\email" CheckedOutBy="" CheckedOutDate="0001-01-01T00:00:00Z" CreatedDate="2025-10-20T15:46:45.76" CreatedBy="40001842" LastModifiedDate="2025-10-20T15:46:45.76" LastModifiedBy="40001842" ThemeID="" ExtraInfo="" DisplayName="Confirmation" />
          <File ID="BAF812DEFB27D0ED1100ADCBF54D6FAB" Name="Email - Investigation complete" BaseFileID="823D8B789D407B0311CC7D6B26FADB88" PrevVerFileID="BAF80AFFF82C90671100A95405D600E4" AppID="823D8B789D407B0311CC7D6B26FADB73" ParentFolderID="823D8B789D407B0311CC7D6B26FADB7F" ProcGroupID="823D8B789D407B0311CC7D6B26FADB7B" Description="" Version="1.24" Status="RELEASED" ContentType="user\email" CheckedOutBy="" CheckedOutDate="0001-01-01T00:00:00Z" CreatedDate="2025-10-20T15:46:45.76" CreatedBy="40001842" LastModifiedDate="2025-10-20T15:46:45.76" LastModifiedBy="40001842" ThemeID="" ExtraInfo="" DisplayName="Email - Investigation complete" />
          <File ID="BAF812DEFB27D0ED1100ADCBF54D6FAC" Name="Overdue - Board Review" BaseFileID="823D8B789D407B0311CC7D6B26FADB84" PrevVerFileID="BAF80AFFF82C90671100A95405D600E5" AppID="823D8B789D407B0311CC7D6B26FADB73" ParentFolderID="823D8B789D407B0311CC7D6B26FADB7F" ProcGroupID="823D8B789D407B0311CC7D6B26FADB7B" Description="" Version="1.24" Status="RELEASED" ContentType="user\email" CheckedOutBy="" CheckedOutDate="0001-01-01T00:00:00Z" CreatedDate="2025-10-20T15:46:45.76" CreatedBy="40001842" LastModifiedDate="2025-10-20T15:46:45.76" LastModifiedBy="40001842" ThemeID="" ExtraInfo="" DisplayName="Overdue - Board Review" />
          <File ID="BAF812DEFB27D0ED1100ADCBF54D6FA7" Name="Overdue - Investigation" BaseFileID="823D8B789D407B0311CC7D6B26FADB86" PrevVerFileID="BAF80AFFF82C90671100A95405D600E0" AppID="823D8B789D407B0311CC7D6B26FADB73" ParentFolderID="823D8B789D407B0311CC7D6B26FADB7F" ProcGroupID="823D8B789D407B0311CC7D6B26FADB7B" Description="" Version="1.24" Status="RELEASED" ContentType="user\email" CheckedOutBy="" CheckedOutDate="0001-01-01T00:00:00Z" CreatedDate="2025-10-20T15:46:45.747" CreatedBy="40001842" LastModifiedDate="2025-10-20T15:46:45.747" LastModifiedBy="40001842" ThemeID="" ExtraInfo="" DisplayName="Overdue - Investigation" />
          <File ID="BAF812DEFB27D0ED1100ADCBF54D6FA8" Name="Overdue - OPAT Intake" BaseFileID="823D8B789D407B0311CC7D6B26FADB87" PrevVerFileID="BAF80AFFF82C90671100A95405D600E1" AppID="823D8B789D407B0311CC7D6B26FADB73" ParentFolderID="823D8B789D407B0311CC7D6B26FADB7F" ProcGroupID="823D8B789D407B0311CC7D6B26FADB7B" Description="" Version="1.25" Status="RELEASED" ContentType="user\email" CheckedOutBy="" CheckedOutDate="0001-01-01T00:00:00Z" CreatedDate="2025-10-20T15:46:45.747" CreatedBy="40001842" LastModifiedDate="2025-10-20T15:46:45.747" LastModifiedBy="40001842" ThemeID="" ExtraInfo="" DisplayName="Overdue - OPAT Intake" />
          <File ID="BAF812DEFB27D0ED1100ADCBF54D6FA9" Name="Notification - Assign Investigator" BaseFileID="823D8B789D407B0311CC7D6B26FADB8C" PrevVerFileID="BAF80AFFF82C90671100A95405D600E2" AppID="823D8B789D407B0311CC7D6B26FADB73" ParentFolderID="823D8B789D407B0311CC7D6B26FADB7F" ProcGroupID="823D8B789D407B0311CC7D6B26FADB7B" Description="" Version="1.24" Status="RELEASED" ContentType="user\email" CheckedOutBy="" CheckedOutDate="0001-01-01T00:00:00Z" CreatedDate="2025-10-20T15:46:45.747" CreatedBy="40001842" LastModifiedDate="2025-10-20T15:46:45.747" LastModifiedBy="40001842" ThemeID="" ExtraInfo="" DisplayName="Notification - Assign Investigator" />
          <File ID="BAF812DEFB27D0ED1100ADCBF54D6FA4" Name="Email - Appeal" BaseFileID="8243EE24A762EDC311CCCB51721B6B58" PrevVerFileID="BAF80AFFF82C90671100A95405D600DD" AppID="823D8B789D407B0311CC7D6B26FADB73" ParentFolderID="823D8B789D407B0311CC7D6B26FADB7F" ProcGroupID="823D8B789D407B0311CC7D6B26FADB7B" Description="" Version="1.1" Status="RELEASED" ContentType="user\email" CheckedOutBy="" CheckedOutDate="0001-01-01T00:00:00Z" CreatedDate="2025-10-20T15:46:45.73" CreatedBy="40001842" LastModifiedDate="2025-10-20T15:46:45.73" LastModifiedBy="40001842" ThemeID="" ExtraInfo="" DisplayName="Email - Appeal" />
          <File ID="BAF812DEFB27D0ED1100ADCBF54D6FA5" Name="Reminder" BaseFileID="823D8B789D407B0311CC7D6B26FADB8E" PrevVerFileID="BAF80AFFF82C90671100A95405D600DE" AppID="823D8B789D407B0311CC7D6B26FADB73" ParentFolderID="823D8B789D407B0311CC7D6B26FADB7F" ProcGroupID="823D8B789D407B0311CC7D6B26FADB7B" Description="" Version="1.24" Status="RELEASED" ContentType="user\email" CheckedOutBy="" CheckedOutDate="0001-01-01T00:00:00Z" CreatedDate="2025-10-20T15:46:45.73" CreatedBy="40001842" LastModifiedDate="2025-10-20T15:46:45.73" LastModifiedBy="40001842" ThemeID="" ExtraInfo="" DisplayName="Reminder" />
          <File ID="BAF812DEFB27D0ED1100ADCBF54D6FA6" Name="Notification" BaseFileID="823D8B789D407B0311CC7D6B26FADB8B" PrevVerFileID="BAF80AFFF82C90671100A95405D600DF" AppID="823D8B789D407B0311CC7D6B26FADB73" ParentFolderID="823D8B789D407B0311CC7D6B26FADB7F" ProcGroupID="823D8B789D407B0311CC7D6B26FADB7B" Description="" Version="1.27" Status="RELEASED" ContentType="user\email" CheckedOutBy="" CheckedOutDate="0001-01-01T00:00:00Z" CreatedDate="2025-10-20T15:46:45.73" CreatedBy="40001842" LastModifiedDate="2025-10-20T15:46:45.73" LastModifiedBy="40001842" ThemeID="" ExtraInfo="" DisplayName="Notification" />
        </Folder>
        <Folder ID="823D8B789D407B0311CC7D6B26FADB8F" Name="Yammer" ProcGroupID="823D8B789D407B0311CC7D6B26FADB7B" AppID="823D8B789D407B0311CC7D6B26FADB73" Description="" CreatedBy="162157" CreatedDate="0001-01-01T00:00:00Z" LastModifiedBy="162157" LastModifiedDate="0001-01-01T00:00:00Z" ContentType="application\yammer" ParentFolderID="823D8B789D407B0311CC7D6B26FADB7E" DisplayName="Viva Engage" />
        <Folder ID="823D8B789D407B0311CC7D6B26FADB90" Name="Chatter" ProcGroupID="823D8B789D407B0311CC7D6B26FADB7B" AppID="823D8B789D407B0311CC7D6B26FADB73" Description="" CreatedBy="162157" CreatedDate="0001-01-01T00:00:00Z" LastModifiedBy="162157" LastModifiedDate="0001-01-01T00:00:00Z" ContentType="application\chatter" ParentFolderID="823D8B789D407B0311CC7D6B26FADB7E" DisplayName="Chatter" />
        <Folder ID="823D8B789D407B0311CC7D6B26FADB91" Name="MicrosoftTeams" ProcGroupID="823D8B789D407B0311CC7D6B26FADB7B" AppID="823D8B789D407B0311CC7D6B26FADB73" Description="" CreatedBy="162157" CreatedDate="0001-01-01T00:00:00Z" LastModifiedBy="162157" LastModifiedDate="2023-05-12T23:03:43.807" ContentType="application\microsoftteams" ParentFolderID="823D8B789D407B0311CC7D6B26FADB7E" DisplayName="Microsoft Teams" />
        <Folder ID="823D8B789D407B0311CC7D6B26FADB92" Name="SMS" ProcGroupID="823D8B789D407B0311CC7D6B26FADB7B" AppID="823D8B789D407B0311CC7D6B26FADB73" Description="" CreatedBy="162157" CreatedDate="0001-01-01T00:00:00Z" LastModifiedBy="162157" LastModifiedDate="0001-01-01T00:00:00Z" ContentType="application\sms" ParentFolderID="823D8B789D407B0311CC7D6B26FADB7E" DisplayName="SMS" />
        <Folder ID="823D8B789D407B0311CC7D6B26FADBB0" Name="Attachment Repository" ProcGroupID="823D8B789D407B0311CC7D6B26FADB7B" AppID="823D8B789D407B0311CC7D6B26FADB73" Description="" CreatedBy="162157" CreatedDate="2022-01-24T18:12:58.263" LastModifiedBy="162157" LastModifiedDate="2022-01-24T18:12:58.263" ContentType="application\attachmentrepository" ParentFolderID="823D8B789D407B0311CC7D6B26FADB7E" DisplayName="Attachment Repository" />
      </Folder>
      <Folder ID="823D8B789D407B0311CC7D6B26FADB93" Name="Data Model" ProcGroupID="823D8B789D407B0311CC7D6B26FADB7B" AppID="823D8B789D407B0311CC7D6B26FADB73" Description="" CreatedBy="162157" CreatedDate="0001-01-01T00:00:00Z" LastModifiedBy="162157" LastModifiedDate="0001-01-01T00:00:00Z" ContentType="application\datamodel" ParentFolderID="823D8B789D407B0311CC7D6B26FADB7B" DisplayName="Data Model">
        <File ID="BAF90AFFF82C90671100B5A3D9FBF39C" Name="Schema.xsd" BaseFileID="823D8B789D407B0311CC7D6B26FADB94" PrevVerFileID="BAF812DEFB27D0ED1100ADD4A89FF022" AppID="823D8B789D407B0311CC7D6B26FADB73" ParentFolderID="823D8B789D407B0311CC7D6B26FADB93" ProcGroupID="823D8B789D407B0311CC7D6B26FADB7B" Description="" Version="1.62" Status="DRAFT" ContentType="user\datamodel" CheckedOutBy="" CheckedOutDate="0001-01-01T00:00:00Z" CreatedDate="2025-10-30T15:19:42.23" CreatedBy="40001842" LastModifiedDate="2025-10-30T15:21:58.783" LastModifiedBy="40001842" ThemeID="" ExtraInfo="[{&quot;Name&quot; : &quot;NamespaceUpdated&quot; , &quot;Value&quot; : &quot;True&quot;}]" DisplayName="Schema.xsd" />
        <File ID="BAF812DEFB27D0ED1100ADCBF54D6FB6" Name="OPATComplaints" BaseFileID="823D8B789D407B0311CC7D6B26FADB95" PrevVerFileID="BAF80AFFF82C90671100A95405D600EF" AppID="823D8B789D407B0311CC7D6B26FADB73" ParentFolderID="823D8B789D407B0311CC7D6B26FADB93" ProcGroupID="823D8B789D407B0311CC7D6B26FADB7B" Description="Datasource OPATComplaints Schema" Version="1.28" Status="RELEASED" ContentType="user\apdataentitydatamodel" CheckedOutBy="" CheckedOutDate="0001-01-01T00:00:00Z" CreatedDate="2025-10-20T15:46:45.823" CreatedBy="40001842" LastModifiedDate="2025-10-20T15:46:45.823" LastModifiedBy="40001842" ThemeID="" ExtraInfo="" DisplayName="OPATComplaints" />
      </Folder>
      <Folder ID="823D8B789D407B0311CC7D6B26FADB96" Name="Data Source" ProcGroupID="823D8B789D407B0311CC7D6B26FADB7B" AppID="823D8B789D407B0311CC7D6B26FADB73" Description="" CreatedBy="162157" CreatedDate="0001-01-01T00:00:00Z" LastModifiedBy="162157" LastModifiedDate="0001-01-01T00:00:00Z" ContentType="application\datasources" ParentFolderID="823D8B789D407B0311CC7D6B26FADB7B" DisplayName="Data Source">
        <File ID="BAF812DEFB27D0ED1100ADCBF54D6FB7" Name="OPATComplaints" BaseFileID="823D8B789D407B0311CC7D6B26FADB97" PrevVerFileID="BAF80AFFF82C90671100A95405D600F0" AppID="823D8B789D407B0311CC7D6B26FADB73" ParentFolderID="823D8B789D407B0311CC7D6B26FADB96" ProcGroupID="823D8B789D407B0311CC7D6B26FADB7B" Description="" Version="1.29" Status="RELEASED" ContentType="user\APDataEntityDataSource" CheckedOutBy="" CheckedOutDate="0001-01-01T00:00:00Z" CreatedDate="2025-10-20T15:46:45.823" CreatedBy="40001842" LastModifiedDate="2025-10-20T15:46:45.823" LastModifiedBy="40001842" ThemeID="" ExtraInfo="" DisplayName="OPATComplaints" />
      </Folder>
      <Folder ID="823D8B789D407B0311CC7D6B26FADB98" Name="Library" ProcGroupID="823D8B789D407B0311CC7D6B26FADB7B" AppID="823D8B789D407B0311CC7D6B26FADB73" Description="" CreatedBy="162157" CreatedDate="0001-01-01T00:00:00Z" LastModifiedBy="162157" LastModifiedDate="0001-01-01T00:00:00Z" ContentType="application\taskformlibrary" ParentFolderID="823D8B789D407B0311CC7D6B26FADB7B" DisplayName="Library">
        <File ID="BAF90AFFF82C90671100B5A3D9FBF3A2" Name="Form Library" BaseFileID="823D8B789D407B0311CC7D6B26FADB99" PrevVerFileID="BAF812DEFB27D0ED1100ADD4A89FF024" AppID="823D8B789D407B0311CC7D6B26FADB73" ParentFolderID="823D8B789D407B0311CC7D6B26FADB98" ProcGroupID="823D8B789D407B0311CC7D6B26FADB7B" Description="" Version="1.54" Status="DRAFT" ContentType="user\taskformlibrary" CheckedOutBy="" CheckedOutDate="0001-01-01T00:00:00Z" CreatedDate="2025-10-30T15:19:42.573" CreatedBy="40001842" LastModifiedDate="2025-10-30T15:21:58.707" LastModifiedBy="40001842" ThemeID="" ExtraInfo="" DisplayName="Form Library" />
      </Folder>
      <Folder ID="823D8B789D407B0311CC7D6B26FADB9A" Name="Forms" ProcGroupID="823D8B789D407B0311CC7D6B26FADB7B" AppID="823D8B789D407B0311CC7D6B26FADB73" Description="" CreatedBy="162157" CreatedDate="0001-01-01T00:00:00Z" LastModifiedBy="162157" LastModifiedDate="0001-01-01T00:00:00Z" ContentType="application\formsgroup" ParentFolderID="823D8B789D407B0311CC7D6B26FADB7B" DisplayName="Forms">
        <Folder ID="823D8B789D407B0311CC7D6B26FADB9B" Name="Task Forms" ProcGroupID="823D8B789D407B0311CC7D6B26FADB7B" AppID="823D8B789D407B0311CC7D6B26FADB73" Description="" CreatedBy="162157" CreatedDate="0001-01-01T00:00:00Z" LastModifiedBy="162157" LastModifiedDate="0001-01-01T00:00:00Z" ContentType="application\taskforms" ParentFolderID="823D8B789D407B0311CC7D6B26FADB9A" DisplayName="Task Forms">
          <File ID="BAF90AFFF82C90671100B5A3D9FBF3A3" Name="Initial Submission" BaseFileID="823D8B789D407B0311CC7D6B26FADB9D" PrevVerFileID="BAF812DEFB27D0ED1100ADD4A89FF025" AppID="823D8B789D407B0311CC7D6B26FADB73" ParentFolderID="823D8B789D407B0311CC7D6B26FADB9B" ProcGroupID="823D8B789D407B0311CC7D6B26FADB7B" Description="" Version="1.36" Status="DRAFT" ContentType="user\taskforms" CheckedOutBy="" CheckedOutDate="0001-01-01T00:00:00Z" CreatedDate="2025-10-30T15:19:42.683" CreatedBy="40001842" LastModifiedDate="2025-10-30T15:21:58.767" LastModifiedBy="40001842" ThemeID="" ExtraInfo="" DisplayName="Initial Submission" />
          <File ID="BAF812DEFB27D0ED1100ADCBF54D6FBD" Name="Investigation Complete" BaseFileID="823D8B789D407B0311CC7D6B26FADBA2" PrevVerFileID="BAF80AFFF82C90671100A95405D600F8" AppID="823D8B789D407B0311CC7D6B26FADB73" ParentFolderID="823D8B789D407B0311CC7D6B26FADB9B" ProcGroupID="823D8B789D407B0311CC7D6B26FADB7B" Description="" Version="1.26" Status="RELEASED" ContentType="user\taskforms" CheckedOutBy="" CheckedOutDate="0001-01-01T00:00:00Z" CreatedDate="2025-10-20T15:46:45.933" CreatedBy="40001842" LastModifiedDate="2025-10-20T15:46:45.933" LastModifiedBy="40001842" ThemeID="" ExtraInfo="" DisplayName="Investigation Complete" />
          <File ID="BAF812DEFB27D0ED1100ADCBF54D6FBE" Name="Investigation" BaseFileID="823D8B789D407B0311CC7D6B26FADBA0" PrevVerFileID="BAF80AFFF82C90671100A95405D600F9" AppID="823D8B789D407B0311CC7D6B26FADB73" ParentFolderID="823D8B789D407B0311CC7D6B26FADB9B" ProcGroupID="823D8B789D407B0311CC7D6B26FADB7B" Description="" Version="1.29" Status="RELEASED" ContentType="user\taskforms" CheckedOutBy="" CheckedOutDate="0001-01-01T00:00:00Z" CreatedDate="2025-10-20T15:46:45.933" CreatedBy="40001842" LastModifiedDate="2025-10-20T15:46:45.933" LastModifiedBy="40001842" ThemeID="" ExtraInfo="" DisplayName="Investigation" />
          <File ID="BAF812DEFB27D0ED1100ADCBF54D6FBB" Name="Initial Review" BaseFileID="823D8B789D407B0311CC7D6B26FADB9E" PrevVerFileID="BAF80AFFF82C90671100A95405D600F6" AppID="823D8B789D407B0311CC7D6B26FADB73" ParentFolderID="823D8B789D407B0311CC7D6B26FADB9B" ProcGroupID="823D8B789D407B0311CC7D6B26FADB7B" Description="" Version="1.29" Status="RELEASED" ContentType="user\taskforms" CheckedOutBy="" CheckedOutDate="0001-01-01T00:00:00Z" CreatedDate="2025-10-20T15:46:45.917" CreatedBy="40001842" LastModifiedDate="2025-10-20T15:46:45.917" LastModifiedBy="40001842" ThemeID="" ExtraInfo="" DisplayName="Initial Review" />
          <File ID="BAF812DEFB27D0ED1100ADCBF54D6FBC" Name="Assign Investigator" BaseFileID="823D8B789D407B0311CC7D6B26FADB9F" PrevVerFileID="BAF80AFFF82C90671100A95405D600F7" AppID="823D8B789D407B0311CC7D6B26FADB73" ParentFolderID="823D8B789D407B0311CC7D6B26FADB9B" ProcGroupID="823D8B789D407B0311CC7D6B26FADB7B" Description="" Version="1.28" Status="RELEASED" ContentType="user\taskforms" CheckedOutBy="" CheckedOutDate="0001-01-01T00:00:00Z" CreatedDate="2025-10-20T15:46:45.917" CreatedBy="40001842" LastModifiedDate="2025-10-20T15:46:45.917" LastModifiedBy="40001842" ThemeID="" ExtraInfo="" DisplayName="Assign Investigator" />
          <File ID="BAF812DEFB27D0ED1100ADCBF54D6FB9" Name="Board Review" BaseFileID="823D8B789D407B0311CC7D6B26FADBA1" PrevVerFileID="BAF80AFFF82C90671100A95405D600F4" AppID="823D8B789D407B0311CC7D6B26FADB73" ParentFolderID="823D8B789D407B0311CC7D6B26FADB9B" ProcGroupID="823D8B789D407B0311CC7D6B26FADB7B" Description="" Version="1.26" Status="RELEASED" ContentType="user\taskforms" CheckedOutBy="" CheckedOutDate="0001-01-01T00:00:00Z" CreatedDate="2025-10-20T15:46:45.903" CreatedBy="40001842" LastModifiedDate="2025-10-20T15:46:45.903" LastModifiedBy="40001842" ThemeID="" ExtraInfo="" DisplayName="Board Review" />
          <File ID="BAF812DEFB27D0ED1100ADCBF54D6FBA" Name="Additional Investigation" BaseFileID="823D8B789D407B0311CC7D6B26FADB9C" PrevVerFileID="BAF80AFFF82C90671100A95405D600F5" AppID="823D8B789D407B0311CC7D6B26FADB73" ParentFolderID="823D8B789D407B0311CC7D6B26FADB9B" ProcGroupID="823D8B789D407B0311CC7D6B26FADB7B" Description="" Version="1.26" Status="RELEASED" ContentType="user\taskforms" CheckedOutBy="" CheckedOutDate="0001-01-01T00:00:00Z" CreatedDate="2025-10-20T15:46:45.903" CreatedBy="40001842" LastModifiedDate="2025-10-20T15:46:45.903" LastModifiedBy="40001842" ThemeID="" ExtraInfo="" DisplayName="Additional Investigation" />
        </Folder>
      </Folder>
      <Folder ID="823D8B789D407B0311CC7D6B26FADBA3" Name="Lookups" ProcGroupID="823D8B789D407B0311CC7D6B26FADB7B" AppID="823D8B789D407B0311CC7D6B26FADB73" Description="" CreatedBy="162157" CreatedDate="0001-01-01T00:00:00Z" LastModifiedBy="162157" LastModifiedDate="0001-01-01T00:00:00Z" ContentType="application\lookup" ParentFolderID="823D8B789D407B0311CC7D6B26FADB7B" DisplayName="Lookups" />
      <Folder ID="823D8B789D407B0311CC7D6B26FADBA4" Name="Translation" ProcGroupID="823D8B789D407B0311CC7D6B26FADB7B" AppID="823D8B789D407B0311CC7D6B26FADB73" Description="" CreatedBy="162157" CreatedDate="0001-01-01T00:00:00Z" LastModifiedBy="162157" LastModifiedDate="0001-01-01T00:00:00Z" ContentType="application\translation" ParentFolderID="823D8B789D407B0311CC7D6B26FADB7B" DisplayName="Translation">
        <File ID="BAF80AFFF82C90671100ADCC60BFA6AE" Name="FormLibrary_es" BaseFileID="8242BA8981764D7711CCA96396150561" PrevVerFileID="BAF812DEFB27D0ED1100A95611D5CDCC" AppID="823D8B789D407B0311CC7D6B26FADB73" ParentFolderID="823D8B789D407B0311CC7D6B26FADBA4" ProcGroupID="823D8B789D407B0311CC7D6B26FADB7B" Description="" Version="1.14" Status="RELEASED" ContentType="user\translation" CheckedOutBy="" CheckedOutDate="0001-01-01T00:00:00Z" CreatedDate="2025-10-20T15:49:41.097" CreatedBy="40001842" LastModifiedDate="2025-10-20T16:13:51.683" LastModifiedBy="40001842" ThemeID="" ExtraInfo="" DisplayName="FormLibrary_Spanish" />
        <File ID="BAF812DEFB27D0ED1100ADCBF54D6FC1" Name="FormLibrary_en-US" BaseFileID="8242BA8981764D7711CCA96396150560" PrevVerFileID="BAF80AFFF82C90671100A95405D600FC" AppID="823D8B789D407B0311CC7D6B26FADB73" ParentFolderID="823D8B789D407B0311CC7D6B26FADBA4" ProcGroupID="823D8B789D407B0311CC7D6B26FADB7B" Description="" Version="1.12" Status="RELEASED" ContentType="user\translation" CheckedOutBy="" CheckedOutDate="0001-01-01T00:00:00Z" CreatedDate="2025-10-20T15:46:45.967" CreatedBy="40001842" LastModifiedDate="2025-10-20T15:46:45.967" LastModifiedBy="40001842" ThemeID="" ExtraInfo="" DisplayName="FormLibrary_English (United States)" />
      </Folder>
      <Folder ID="823D8B789D407B0311CC7D6B26FADBA5" Name="Document Repository" ProcGroupID="823D8B789D407B0311CC7D6B26FADB7B" AppID="823D8B789D407B0311CC7D6B26FADB73" Description="" CreatedBy="162157" CreatedDate="0001-01-01T00:00:00Z" LastModifiedBy="162157" LastModifiedDate="0001-01-01T00:00:00Z" ContentType="application\documentrepository" ParentFolderID="823D8B789D407B0311CC7D6B26FADB7B" DisplayName="Document Repository">
        <File ID="BAF812DEFB27D0ED1100ADCBF54D6FC7" Name="File Upload 1" BaseFileID="823D8B789D407B0311CC7D6B26FADBA7" PrevVerFileID="BAF80AFFF82C90671100A95405D60102" AppID="823D8B789D407B0311CC7D6B26FADB73" ParentFolderID="823D8B789D407B0311CC7D6B26FADBA5" ProcGroupID="823D8B789D407B0311CC7D6B26FADB7B" Description="" Version="1.24" Status="RELEASED" ContentType="user\documentrepository" CheckedOutBy="" CheckedOutDate="0001-01-01T00:00:00Z" CreatedDate="2025-10-20T15:46:45.98" CreatedBy="40001842" LastModifiedDate="2025-10-20T15:46:45.98" LastModifiedBy="40001842" ThemeID="" ExtraInfo="" DisplayName="File Upload 1" />
        <File ID="BAF812DEFB27D0ED1100ADCBF54D6FC8" Name="File Upload" BaseFileID="823D8B789D407B0311CC7D6B26FADBA6" PrevVerFileID="BAF80AFFF82C90671100A95405D60108" AppID="823D8B789D407B0311CC7D6B26FADB73" ParentFolderID="823D8B789D407B0311CC7D6B26FADBA5" ProcGroupID="823D8B789D407B0311CC7D6B26FADB7B" Description="" Version="1.24" Status="RELEASED" ContentType="user\documentrepository" CheckedOutBy="" CheckedOutDate="0001-01-01T00:00:00Z" CreatedDate="2025-10-20T15:46:45.98" CreatedBy="40001842" LastModifiedDate="2025-10-20T15:46:45.98" LastModifiedBy="40001842" ThemeID="" ExtraInfo="" DisplayName="File Upload" />
      </Folder>
      <Folder ID="823D8B789D407B0311CC7D6B26FADBA8" Name="System Files" ProcGroupID="823D8B789D407B0311CC7D6B26FADB7B" AppID="823D8B789D407B0311CC7D6B26FADB73" Description="" CreatedBy="162157" CreatedDate="0001-01-01T00:00:00Z" LastModifiedBy="162157" LastModifiedDate="0001-01-01T00:00:00Z" ContentType="application\hidden" ParentFolderID="823D8B789D407B0311CC7D6B26FADB7B" DisplayName="System Files" />
    </Folder>
  </Folder>
  <CoAuthored>false</CoAuthored>
  <IsAIGenerated>false</IsAIGenerated>
</WFEnabledApplication>