<?xml version="1.0"?>
<WFEnabledApplication xmlns:xsd="http://www.w3.org/2001/XMLSchema" xmlns:xsi="http://www.w3.org/2001/XMLSchema-instance" ID="8244BA71F546E6F111CC7A3F789388A9" Name="OPAT - View Complaints" Description="" Status="DRAFT" CreatedDate="2022-01-20T17:22:45.627" CreatedBy="BOSTON-S-AS01\Bryan.Carroll" AppType="StandaloneForms" Visibility="PAAS" ContentType="application" DisplayName="OPAT - View Complaints" AppLocale="customlocale" ParentApplicationId="">
  <Folder ID="8244BA71F546E6F111CC7A3F789388AA" Name="Shared Resources" ProcGroupID="" AppID="8244BA71F546E6F111CC7A3F789388A9" Description="" CreatedBy="BOSTON-S-AS01\Bryan.Carroll" CreatedDate="0001-01-01T00:00:00Z" LastModifiedBy="BOSTON-S-AS01\Bryan.Carroll" LastModifiedDate="0001-01-01T00:00:00Z" ContentType="Any" ParentFolderID="8244BA71F546E6F111CC7A3F789388A9" DisplayName="Shared Resources">
    <Folder ID="8244BA71F546E6F111CC7A3F789388AB" Name="Style Sheets" ProcGroupID="" AppID="8244BA71F546E6F111CC7A3F789388A9" Description="" CreatedBy="BOSTON-S-AS01\Bryan.Carroll" CreatedDate="0001-01-01T00:00:00Z" LastModifiedBy="BOSTON-S-AS01\Bryan.Carroll" LastModifiedDate="0001-01-01T00:00:00Z" ContentType="application\CSS" ParentFolderID="8244BA71F546E6F111CC7A3F789388AA" DisplayName="Style Sheets" />
    <Folder ID="8244BA71F546E6F111CC7A3F789388AC" Name="JavaScript" ProcGroupID="" AppID="8244BA71F546E6F111CC7A3F789388A9" Description="" CreatedBy="BOSTON-S-AS01\Bryan.Carroll" CreatedDate="0001-01-01T00:00:00Z" LastModifiedBy="BOSTON-S-AS01\Bryan.Carroll" LastModifiedDate="0001-01-01T00:00:00Z" ContentType="application\js" ParentFolderID="8244BA71F546E6F111CC7A3F789388AA" DisplayName="JavaScript" />
    <Folder ID="8244BA71F546E6F111CC7A3F789388AD" Name="Images" ProcGroupID="" AppID="8244BA71F546E6F111CC7A3F789388A9" Description="" CreatedBy="BOSTON-S-AS01\Bryan.Carroll" CreatedDate="0001-01-01T00:00:00Z" LastModifiedBy="BOSTON-S-AS01\Bryan.Carroll" LastModifiedDate="0001-01-01T00:00:00Z" ContentType="application\image" ParentFolderID="8244BA71F546E6F111CC7A3F789388AA" DisplayName="Images" />
    <Folder ID="8244BA71F546E6F111CC7A3F789388AE" Name="Access Tokens" ProcGroupID="" AppID="8244BA71F546E6F111CC7A3F789388A9" Description="" CreatedBy="BOSTON-S-AS01\Bryan.Carroll" CreatedDate="0001-01-01T00:00:00Z" LastModifiedBy="BOSTON-S-AS01\Bryan.Carroll" LastModifiedDate="0001-01-01T00:00:00Z" ContentType="application\apptoken" ParentFolderID="8244BA71F546E6F111CC7A3F789388AA" DisplayName="Access Tokens" />
    <Folder ID="8244BA71F546E6F111CC7A3F789388AF" Name="Application Resources" ProcGroupID="" AppID="8244BA71F546E6F111CC7A3F789388A9" Description="" CreatedBy="BOSTON-S-AS01\Bryan.Carroll" CreatedDate="0001-01-01T00:00:00Z" LastModifiedBy="BOSTON-S-AS01\Bryan.Carroll" LastModifiedDate="0001-01-01T00:00:00Z" ContentType="application\applicationresources" ParentFolderID="8244BA71F546E6F111CC7A3F789388AA" DisplayName="Application Resources" />
    <Folder ID="825FC2FFACA72A8211DDE63888F826C2" Name="Comments" ProcGroupID="8244BA71F546E6F111CC7A3F789388AA" AppID="8244BA71F546E6F111CC7A3F789388A9" Description="" CreatedBy="BOSTON-S-AS01\Bryan.Carroll" CreatedDate="2023-04-28T22:50:10.693" LastModifiedBy="BOSTON-S-AS01\Bryan.Carroll" LastModifiedDate="2023-04-28T22:50:10.693" ContentType="application\comments" ParentFolderID="8244BA71F546E6F111CC7A3F789388AA" DisplayName="Comments" />
  </Folder>
  <Folder ID="8244BA71F546E6F111CC7A3F789388B0" Name="App Model &amp; Resources" ProcGroupID="" AppID="8244BA71F546E6F111CC7A3F789388A9" Description="" CreatedBy="BOSTON-S-AS01\Bryan.Carroll" CreatedDate="0001-01-01T00:00:00Z" LastModifiedBy="BOSTON-S-AS01\Bryan.Carroll" LastModifiedDate="0001-01-01T00:00:00Z" ContentType="user\processgroup" ParentFolderID="8244BA71F546E6F111CC7A3F789388A9" DisplayName="App Model &amp; Resources">
    <Folder ID="8244BA71F546E6F111CC7A3F789388B1" Name="Data Model" ProcGroupID="8244BA71F546E6F111CC7A3F789388B0" AppID="8244BA71F546E6F111CC7A3F789388A9" Description="" CreatedBy="BOSTON-S-AS01\Bryan.Carroll" CreatedDate="0001-01-01T00:00:00Z" LastModifiedBy="BOSTON-S-AS01\Bryan.Carroll" LastModifiedDate="0001-01-01T00:00:00Z" ContentType="application\datamodel" ParentFolderID="8244BA71F546E6F111CC7A3F789388B0" DisplayName="Data Model">
      <File ID="BAE812E420D57DA911FFD993F2327D9A" Name="Schema.xsd" BaseFileID="8244BA71F546E6F111CC7A3F789388B2" PrevVerFileID="BAE90AFFE869EF2311FFD9935B5B11BA" AppID="8244BA71F546E6F111CC7A3F789388A9" ParentFolderID="8244BA71F546E6F111CC7A3F789388B1" ProcGroupID="8244BA71F546E6F111CC7A3F789388B0" Description="" Version="1.05" Status="DRAFT" ContentType="user\datamodel" CheckedOutBy="" CheckedOutDate="0001-01-01T00:00:00Z" CreatedDate="2025-01-23T14:11:36.877" CreatedBy="40001842" LastModifiedDate="2025-01-23T14:17:00.99" LastModifiedBy="40001842" ThemeID="" ExtraInfo="[{&quot;Name&quot; : &quot;NamespaceUpdated&quot; , &quot;Value&quot; : &quot;True&quot;}]" DisplayName="Schema.xsd" />
      <File ID="827F9EDFD5C6728C11FF9614A3A29444" Name="OPATComplaints" BaseFileID="8244BA71F546E6F111CC7A3F789388B3" PrevVerFileID="824C8718ADEBFEE611CCCB513C941FE0" AppID="8244BA71F546E6F111CC7A3F789388A9" ParentFolderID="8244BA71F546E6F111CC7A3F789388B1" ProcGroupID="8244BA71F546E6F111CC7A3F789388B0" Description="Datasource OPATComplaints Schema" Version="1.03" Status="RELEASED" ContentType="user\apdataentitydatamodel" CheckedOutBy="" CheckedOutDate="0001-01-01T00:00:00Z" CreatedDate="2024-10-29T12:41:27.66" CreatedBy="40001842" LastModifiedDate="2024-10-29T12:41:27.66" LastModifiedBy="40001842" ThemeID="" ExtraInfo="" DisplayName="OPATComplaints" />
    </Folder>
    <Folder ID="8244BA71F546E6F111CC7A3F789388B4" Name="Data Source" ProcGroupID="8244BA71F546E6F111CC7A3F789388B0" AppID="8244BA71F546E6F111CC7A3F789388A9" Description="" CreatedBy="BOSTON-S-AS01\Bryan.Carroll" CreatedDate="0001-01-01T00:00:00Z" LastModifiedBy="BOSTON-S-AS01\Bryan.Carroll" LastModifiedDate="0001-01-01T00:00:00Z" ContentType="application\datasources" ParentFolderID="8244BA71F546E6F111CC7A3F789388B0" DisplayName="Data Source">
      <File ID="827F9EDFD5C6728C11FF9614A3A29445" Name="OPATComplaints" BaseFileID="8244BA71F546E6F111CC7A3F789388B5" PrevVerFileID="824C8718ADEBFEE611CCCB513C941FE1" AppID="8244BA71F546E6F111CC7A3F789388A9" ParentFolderID="8244BA71F546E6F111CC7A3F789388B4" ProcGroupID="8244BA71F546E6F111CC7A3F789388B0" Description="" Version="1.03" Status="RELEASED" ContentType="user\APDataEntityDataSource" CheckedOutBy="" CheckedOutDate="0001-01-01T00:00:00Z" CreatedDate="2024-10-29T12:41:27.66" CreatedBy="40001842" LastModifiedDate="2024-10-29T12:41:27.66" LastModifiedBy="40001842" ThemeID="" ExtraInfo="" DisplayName="OPATComplaints" />
    </Folder>
    <Folder ID="8244BA71F546E6F111CC7A3F789388B6" Name="Library" ProcGroupID="8244BA71F546E6F111CC7A3F789388B0" AppID="8244BA71F546E6F111CC7A3F789388A9" Description="" CreatedBy="BOSTON-S-AS01\Bryan.Carroll" CreatedDate="0001-01-01T00:00:00Z" LastModifiedBy="BOSTON-S-AS01\Bryan.Carroll" LastModifiedDate="0001-01-01T00:00:00Z" ContentType="application\taskformlibrary" ParentFolderID="8244BA71F546E6F111CC7A3F789388B0" DisplayName="Library">
      <File ID="BAE812E420D57DA911FFD993F2327D9C" Name="Form Library" BaseFileID="8244BA71F546E6F111CC7A3F789388B7" PrevVerFileID="BAE90AFFE869EF2311FFD9935B5B11B7" AppID="8244BA71F546E6F111CC7A3F789388A9" ParentFolderID="8244BA71F546E6F111CC7A3F789388B6" ProcGroupID="8244BA71F546E6F111CC7A3F789388B0" Description="" Version="1.05" Status="DRAFT" ContentType="user\taskformlibrary" CheckedOutBy="" CheckedOutDate="0001-01-01T00:00:00Z" CreatedDate="2025-01-23T14:11:37.063" CreatedBy="40001842" LastModifiedDate="2025-01-23T14:17:00.863" LastModifiedBy="40001842" ThemeID="" ExtraInfo="" DisplayName="Form Library" />
    </Folder>
    <Folder ID="8244BA71F546E6F111CC7A3F789388BD" Name="Forms" ProcGroupID="8244BA71F546E6F111CC7A3F789388B0" AppID="8244BA71F546E6F111CC7A3F789388A9" Description="" CreatedBy="BOSTON-S-AS01\Bryan.Carroll" CreatedDate="0001-01-01T00:00:00Z" LastModifiedBy="BOSTON-S-AS01\Bryan.Carroll" LastModifiedDate="0001-01-01T00:00:00Z" ContentType="application\formsgroup" ParentFolderID="8244BA71F546E6F111CC7A3F789388B0" DisplayName="Forms">
      <Folder ID="8244BA71F546E6F111CC7A3F789388BE" Name="New" ProcGroupID="8244BA71F546E6F111CC7A3F789388B0" AppID="8244BA71F546E6F111CC7A3F789388A9" Description="" CreatedBy="BOSTON-S-AS01\Bryan.Carroll" CreatedDate="0001-01-01T00:00:00Z" LastModifiedBy="BOSTON-S-AS01\Bryan.Carroll" LastModifiedDate="0001-01-01T00:00:00Z" ContentType="application\newforms" ParentFolderID="8244BA71F546E6F111CC7A3F789388BD" DisplayName="New">
        <File ID="827F9EDFD5C6728C11FF9614A3A29447" Name="New OPAT Complaints" BaseFileID="8244BA71F546E6F111CC7A3F789388BF" PrevVerFileID="824C8718ADEBFEE611CCCB513C941FE3" AppID="8244BA71F546E6F111CC7A3F789388A9" ParentFolderID="8244BA71F546E6F111CC7A3F789388BE" ProcGroupID="8244BA71F546E6F111CC7A3F789388B0" Description="" Version="1.03" Status="RELEASED" ContentType="user\newforms" CheckedOutBy="" CheckedOutDate="0001-01-01T00:00:00Z" CreatedDate="2024-10-29T12:41:27.74" CreatedBy="40001842" LastModifiedDate="2024-10-29T12:41:27.74" LastModifiedBy="40001842" ThemeID="" ExtraInfo="" DisplayName="New OPAT Complaints" />
      </Folder>
      <Folder ID="8244BA71F546E6F111CC7A3F789388C0" Name="Update" ProcGroupID="8244BA71F546E6F111CC7A3F789388B0" AppID="8244BA71F546E6F111CC7A3F789388A9" Description="" CreatedBy="BOSTON-S-AS01\Bryan.Carroll" CreatedDate="0001-01-01T00:00:00Z" LastModifiedBy="BOSTON-S-AS01\Bryan.Carroll" LastModifiedDate="0001-01-01T00:00:00Z" ContentType="application\updateforms" ParentFolderID="8244BA71F546E6F111CC7A3F789388BD" DisplayName="Update">
        <File ID="BAE90AFFE869EF2311FFD994A5311E8F" Name="Update OPAT Complaints" BaseFileID="8244BA71F546E6F111CC7A3F789388C1" PrevVerFileID="827F9EDFD5C6728C11FF9614A3A29448" AppID="8244BA71F546E6F111CC7A3F789388A9" ParentFolderID="8244BA71F546E6F111CC7A3F789388C0" ProcGroupID="8244BA71F546E6F111CC7A3F789388B0" Description="" Version="1.04" Status="DRAFT" ContentType="user\updateforms" CheckedOutBy="" CheckedOutDate="0001-01-01T00:00:00Z" CreatedDate="2025-01-23T14:16:38.557" CreatedBy="40001842" LastModifiedDate="2025-01-23T14:16:59.833" LastModifiedBy="40001842" ThemeID="" ExtraInfo="" DisplayName="Update OPAT Complaints" />
      </Folder>
      <Folder ID="8244BA71F546E6F111CC7A3F789388C2" Name="Widgets" ProcGroupID="8244BA71F546E6F111CC7A3F789388B0" AppID="8244BA71F546E6F111CC7A3F789388A9" Description="" CreatedBy="BOSTON-S-AS01\Bryan.Carroll" CreatedDate="0001-01-01T00:00:00Z" LastModifiedBy="BOSTON-S-AS01\Bryan.Carroll" LastModifiedDate="0001-01-01T00:00:00Z" ContentType="application\widgets" ParentFolderID="8244BA71F546E6F111CC7A3F789388BD" DisplayName="Widgets" />
      <Folder ID="8244BA71F546E6F111CC7A3F789388C3" Name="Views" ProcGroupID="8244BA71F546E6F111CC7A3F789388B0" AppID="8244BA71F546E6F111CC7A3F789388A9" Description="" CreatedBy="BOSTON-S-AS01\Bryan.Carroll" CreatedDate="0001-01-01T00:00:00Z" LastModifiedBy="BOSTON-S-AS01\Bryan.Carroll" LastModifiedDate="0001-01-01T00:00:00Z" ContentType="application\views" ParentFolderID="8244BA71F546E6F111CC7A3F789388BD" DisplayName="Views">
        <File ID="BAE812E420D57DA911FFD993F2327D9D" Name="All OPAT  Complaints" BaseFileID="8244BA71F546E6F111CC7A3F789388C4" PrevVerFileID="BAE90AFFE869EF2311FFD9935B5B11B5" AppID="8244BA71F546E6F111CC7A3F789388A9" ParentFolderID="8244BA71F546E6F111CC7A3F789388C3" ProcGroupID="8244BA71F546E6F111CC7A3F789388B0" Description="" Version="1.05" Status="DRAFT" ContentType="user\views" CheckedOutBy="" CheckedOutDate="0001-01-01T00:00:00Z" CreatedDate="2025-01-23T14:11:37.127" CreatedBy="40001842" LastModifiedDate="2025-01-23T14:17:14.987" LastModifiedBy="40001842" ThemeID="" ExtraInfo="" DisplayName="All OPAT  Complaints" />
        <File ID="827F9EDFD5C6728C11FF9614A3A2944B" Name="Recently Modified OPAT  Complaints" BaseFileID="8244BA71F546E6F111CC7A3F789388C6" PrevVerFileID="824C8718ADEBFEE611CCCB513C941FE9" AppID="8244BA71F546E6F111CC7A3F789388A9" ParentFolderID="8244BA71F546E6F111CC7A3F789388C3" ProcGroupID="8244BA71F546E6F111CC7A3F789388B0" Description="" Version="1.03" Status="RELEASED" ContentType="user\views" CheckedOutBy="" CheckedOutDate="0001-01-01T00:00:00Z" CreatedDate="2024-10-29T12:41:27.787" CreatedBy="40001842" LastModifiedDate="2024-10-29T12:41:27.787" LastModifiedBy="40001842" ThemeID="" ExtraInfo="" DisplayName="Recently Modified OPAT  Complaints" />
        <File ID="827F9EDFD5C6728C11FF9614A3A2944C" Name="All Cases Under Investigation" BaseFileID="8244BA71F546E6F111CC7A3F789388C8" PrevVerFileID="824C8718ADEBFEE611CCCB513C941FE7" AppID="8244BA71F546E6F111CC7A3F789388A9" ParentFolderID="8244BA71F546E6F111CC7A3F789388C3" ProcGroupID="8244BA71F546E6F111CC7A3F789388B0" Description="" Version="1.03" Status="RELEASED" ContentType="user\views" CheckedOutBy="" CheckedOutDate="0001-01-01T00:00:00Z" CreatedDate="2024-10-29T12:41:27.787" CreatedBy="40001842" LastModifiedDate="2024-10-29T12:41:27.787" LastModifiedBy="40001842" ThemeID="" ExtraInfo="" DisplayName="All Cases Under Investigation" />
        <File ID="827F9EDFD5C6728C11FF9614A3A2944D" Name="All Initial Submissions" BaseFileID="8244BA71F546E6F111CC7A3F789388C7" PrevVerFileID="824C8718ADEBFEE611CCCB513C941FE5" AppID="8244BA71F546E6F111CC7A3F789388A9" ParentFolderID="8244BA71F546E6F111CC7A3F789388C3" ProcGroupID="8244BA71F546E6F111CC7A3F789388B0" Description="" Version="1.03" Status="RELEASED" ContentType="user\views" CheckedOutBy="" CheckedOutDate="0001-01-01T00:00:00Z" CreatedDate="2024-10-29T12:41:27.787" CreatedBy="40001842" LastModifiedDate="2024-10-29T12:41:27.787" LastModifiedBy="40001842" ThemeID="" ExtraInfo="" DisplayName="All Initial Submissions" />
        <File ID="827F9EDFD5C6728C11FF9614A3A2944A" Name="Recently Created OPAT  Complaints" BaseFileID="8244BA71F546E6F111CC7A3F789388C5" PrevVerFileID="824C8718ADEBFEE611CCCB513C941FE8" AppID="8244BA71F546E6F111CC7A3F789388A9" ParentFolderID="8244BA71F546E6F111CC7A3F789388C3" ProcGroupID="8244BA71F546E6F111CC7A3F789388B0" Description="" Version="1.03" Status="RELEASED" ContentType="user\views" CheckedOutBy="" CheckedOutDate="0001-01-01T00:00:00Z" CreatedDate="2024-10-29T12:41:27.77" CreatedBy="40001842" LastModifiedDate="2024-10-29T12:41:27.77" LastModifiedBy="40001842" ThemeID="" ExtraInfo="" DisplayName="Recently Created OPAT  Complaints" />
      </Folder>
    </Folder>
    <Folder ID="8244BA71F546E6F111CC7A3F789388C9" Name="Lookups" ProcGroupID="8244BA71F546E6F111CC7A3F789388B0" AppID="8244BA71F546E6F111CC7A3F789388A9" Description="" CreatedBy="BOSTON-S-AS01\Bryan.Carroll" CreatedDate="0001-01-01T00:00:00Z" LastModifiedBy="BOSTON-S-AS01\Bryan.Carroll" LastModifiedDate="0001-01-01T00:00:00Z" ContentType="application\lookup" ParentFolderID="8244BA71F546E6F111CC7A3F789388B0" DisplayName="Lookups">
      <File ID="827F9EDFD5C6728C11FF9614A3A29451" Name="UnderInvestigation" BaseFileID="8244BA71F546E6F111CC7A3F789388CE" PrevVerFileID="824C8718ADEBFEE611CCCB513C941FEC" AppID="8244BA71F546E6F111CC7A3F789388A9" ParentFolderID="8244BA71F546E6F111CC7A3F789388C9" ProcGroupID="8244BA71F546E6F111CC7A3F789388B0" Description="" Version="1.03" Status="RELEASED" ContentType="user\lookupmulticolumn" CheckedOutBy="" CheckedOutDate="0001-01-01T00:00:00Z" CreatedDate="2024-10-29T12:41:27.833" CreatedBy="40001842" LastModifiedDate="2024-10-29T12:41:27.833" LastModifiedBy="40001842" ThemeID="" ExtraInfo="" DisplayName="UnderInvestigation" />
      <File ID="827F9EDFD5C6728C11FF9614A3A29452" Name="GetOPAT  Complaints" BaseFileID="8244BA71F546E6F111CC7A3F789388CA" PrevVerFileID="824C8718ADEBFEE611CCCB513C941FEA" AppID="8244BA71F546E6F111CC7A3F789388A9" ParentFolderID="8244BA71F546E6F111CC7A3F789388C9" ProcGroupID="8244BA71F546E6F111CC7A3F789388B0" Description="" Version="1.03" Status="RELEASED" ContentType="user\lookupmulticolumn" CheckedOutBy="" CheckedOutDate="0001-01-01T00:00:00Z" CreatedDate="2024-10-29T12:41:27.833" CreatedBy="40001842" LastModifiedDate="2024-10-29T12:41:27.833" LastModifiedBy="40001842" ThemeID="" ExtraInfo="" DisplayName="GetOPAT  Complaints" />
      <File ID="827F9EDFD5C6728C11FF9614A3A2944E" Name="GetOPAT  ComplaintsRecentlyModified" BaseFileID="8244BA71F546E6F111CC7A3F789388CC" PrevVerFileID="824C8718ADEBFEE611CCCB513C941FEE" AppID="8244BA71F546E6F111CC7A3F789388A9" ParentFolderID="8244BA71F546E6F111CC7A3F789388C9" ProcGroupID="8244BA71F546E6F111CC7A3F789388B0" Description="" Version="1.03" Status="RELEASED" ContentType="user\lookupmulticolumn" CheckedOutBy="" CheckedOutDate="0001-01-01T00:00:00Z" CreatedDate="2024-10-29T12:41:27.817" CreatedBy="40001842" LastModifiedDate="2024-10-29T12:41:27.817" LastModifiedBy="40001842" ThemeID="" ExtraInfo="" DisplayName="GetOPAT  ComplaintsRecentlyModified" />
      <File ID="827F9EDFD5C6728C11FF9614A3A2944F" Name="GetOPAT  ComplaintsRecentlyCreated" BaseFileID="8244BA71F546E6F111CC7A3F789388CB" PrevVerFileID="824C8718ADEBFEE611CCCB513C941FED" AppID="8244BA71F546E6F111CC7A3F789388A9" ParentFolderID="8244BA71F546E6F111CC7A3F789388C9" ProcGroupID="8244BA71F546E6F111CC7A3F789388B0" Description="" Version="1.03" Status="RELEASED" ContentType="user\lookupmulticolumn" CheckedOutBy="" CheckedOutDate="0001-01-01T00:00:00Z" CreatedDate="2024-10-29T12:41:27.817" CreatedBy="40001842" LastModifiedDate="2024-10-29T12:41:27.817" LastModifiedBy="40001842" ThemeID="" ExtraInfo="" DisplayName="GetOPAT  ComplaintsRecentlyCreated" />
      <File ID="827F9EDFD5C6728C11FF9614A3A29450" Name="InitialSubmissions" BaseFileID="8244BA71F546E6F111CC7A3F789388CD" PrevVerFileID="824C8718ADEBFEE611CCCB513C941FEB" AppID="8244BA71F546E6F111CC7A3F789388A9" ParentFolderID="8244BA71F546E6F111CC7A3F789388C9" ProcGroupID="8244BA71F546E6F111CC7A3F789388B0" Description="" Version="1.03" Status="RELEASED" ContentType="user\lookupmulticolumn" CheckedOutBy="" CheckedOutDate="0001-01-01T00:00:00Z" CreatedDate="2024-10-29T12:41:27.817" CreatedBy="40001842" LastModifiedDate="2024-10-29T12:41:27.817" LastModifiedBy="40001842" ThemeID="" ExtraInfo="" DisplayName="InitialSubmissions" />
    </Folder>
    <Folder ID="8244BA71F546E6F111CC7A3F789388CF" Name="Translation" ProcGroupID="8244BA71F546E6F111CC7A3F789388B0" AppID="8244BA71F546E6F111CC7A3F789388A9" Description="" CreatedBy="BOSTON-S-AS01\Bryan.Carroll" CreatedDate="0001-01-01T00:00:00Z" LastModifiedBy="BOSTON-S-AS01\Bryan.Carroll" LastModifiedDate="0001-01-01T00:00:00Z" ContentType="application\translation" ParentFolderID="8244BA71F546E6F111CC7A3F789388B0" DisplayName="Translation" />
    <Folder ID="8244BA71F546E6F111CC7A3F789388D0" Name="Document Repository" ProcGroupID="8244BA71F546E6F111CC7A3F789388B0" AppID="8244BA71F546E6F111CC7A3F789388A9" Description="" CreatedBy="BOSTON-S-AS01\Bryan.Carroll" CreatedDate="0001-01-01T00:00:00Z" LastModifiedBy="BOSTON-S-AS01\Bryan.Carroll" LastModifiedDate="0001-01-01T00:00:00Z" ContentType="application\documentrepository" ParentFolderID="8244BA71F546E6F111CC7A3F789388B0" DisplayName="Document Repository" />
    <Folder ID="8244BA71F546E6F111CC7A3F789388D1" Name="System Files" ProcGroupID="8244BA71F546E6F111CC7A3F789388B0" AppID="8244BA71F546E6F111CC7A3F789388A9" Description="" CreatedBy="BOSTON-S-AS01\Bryan.Carroll" CreatedDate="0001-01-01T00:00:00Z" LastModifiedBy="BOSTON-S-AS01\Bryan.Carroll" LastModifiedDate="0001-01-01T00:00:00Z" ContentType="application\hidden" ParentFolderID="8244BA71F546E6F111CC7A3F789388B0" DisplayName="System Files" />
    <Folder ID="8244BA71F546E6F111CC7A3F789388D2" Name="Process Model" ProcGroupID="8244BA71F546E6F111CC7A3F789388B0" AppID="8244BA71F546E6F111CC7A3F789388A9" Description="" CreatedBy="BOSTON-S-AS01\Bryan.Carroll" CreatedDate="0001-01-01T00:00:00Z" LastModifiedBy="BOSTON-S-AS01\Bryan.Carroll" LastModifiedDate="0001-01-01T00:00:00Z" ContentType="application\processmodel" ParentFolderID="8244BA71F546E6F111CC7A3F789388B0" DisplayName="Process Model">
      <File ID="827F9EDFD5C6728C11FF9614A3A29458" Name="OPAT - View Complaints_All Cases Under Investigation" BaseFileID="8244BA71F546E6F111CC7A3F789388D3" PrevVerFileID="824C8718ADEBFEE611CCCB513C941FEF" AppID="8244BA71F546E6F111CC7A3F789388A9" ParentFolderID="8244BA71F546E6F111CC7A3F789388D2" ProcGroupID="8244BA71F546E6F111CC7A3F789388B0" Description="" Version="1.03" Status="RELEASED" ContentType="user\processmodel" CheckedOutBy="" CheckedOutDate="0001-01-01T00:00:00Z" CreatedDate="2024-10-29T12:41:27.897" CreatedBy="40001842" LastModifiedDate="2024-10-29T12:41:27.897" LastModifiedBy="40001842" ThemeID="" ExtraInfo="" DisplayName="All Cases Under Investigation" />
      <File ID="827F9EDFD5C6728C11FF9614A3A29459" Name="OPAT - View Complaints_All Initial Submissions" BaseFileID="8244BA71F546E6F111CC7A3F789388D4" PrevVerFileID="824C8718ADEBFEE611CCCB513C941FF0" AppID="8244BA71F546E6F111CC7A3F789388A9" ParentFolderID="8244BA71F546E6F111CC7A3F789388D2" ProcGroupID="8244BA71F546E6F111CC7A3F789388B0" Description="" Version="1.03" Status="RELEASED" ContentType="user\processmodel" CheckedOutBy="" CheckedOutDate="0001-01-01T00:00:00Z" CreatedDate="2024-10-29T12:41:27.897" CreatedBy="40001842" LastModifiedDate="2024-10-29T12:41:27.897" LastModifiedBy="40001842" ThemeID="" ExtraInfo="" DisplayName="All Initial Submissions" />
      <File ID="827F9EDFD5C6728C11FF9614A3A29456" Name="OPAT - View Complaints_New OPAT Complaints" BaseFileID="8244BA71F546E6F111CC7A3F789388D6" PrevVerFileID="824C8718ADEBFEE611CCCB513C941FF2" AppID="8244BA71F546E6F111CC7A3F789388A9" ParentFolderID="8244BA71F546E6F111CC7A3F789388D2" ProcGroupID="8244BA71F546E6F111CC7A3F789388B0" Description="" Version="1.03" Status="RELEASED" ContentType="user\processmodel" CheckedOutBy="" CheckedOutDate="0001-01-01T00:00:00Z" CreatedDate="2024-10-29T12:41:27.88" CreatedBy="40001842" LastModifiedDate="2024-10-29T12:41:27.88" LastModifiedBy="40001842" ThemeID="" ExtraInfo="" DisplayName="New OPAT Complaints" />
      <File ID="827F9EDFD5C6728C11FF9614A3A29457" Name="OPAT - View Complaints_All OPAT  Complaints" BaseFileID="8244BA71F546E6F111CC7A3F789388D5" PrevVerFileID="824C8718ADEBFEE611CCCB513C941FF1" AppID="8244BA71F546E6F111CC7A3F789388A9" ParentFolderID="8244BA71F546E6F111CC7A3F789388D2" ProcGroupID="8244BA71F546E6F111CC7A3F789388B0" Description="" Version="1.03" Status="RELEASED" ContentType="user\processmodel" CheckedOutBy="" CheckedOutDate="0001-01-01T00:00:00Z" CreatedDate="2024-10-29T12:41:27.88" CreatedBy="40001842" LastModifiedDate="2024-10-29T12:41:27.88" LastModifiedBy="40001842" ThemeID="" ExtraInfo="" DisplayName="All OPAT  Complaints" />
      <File ID="827F9EDFD5C6728C11FF9614A3A29453" Name="OPAT - View Complaints_Update OPAT Complaints" BaseFileID="8244BA71F546E6F111CC7A3F789388D9" PrevVerFileID="824C8718ADEBFEE611CCCB513C941FF5" AppID="8244BA71F546E6F111CC7A3F789388A9" ParentFolderID="8244BA71F546E6F111CC7A3F789388D2" ProcGroupID="8244BA71F546E6F111CC7A3F789388B0" Description="" Version="1.03" Status="RELEASED" ContentType="user\processmodel" CheckedOutBy="" CheckedOutDate="0001-01-01T00:00:00Z" CreatedDate="2024-10-29T12:41:27.863" CreatedBy="40001842" LastModifiedDate="2024-10-29T12:41:27.863" LastModifiedBy="40001842" ThemeID="" ExtraInfo="" DisplayName="Update OPAT Complaints" />
      <File ID="827F9EDFD5C6728C11FF9614A3A29454" Name="OPAT - View Complaints_Recently Created OPAT  Complaints" BaseFileID="8244BA71F546E6F111CC7A3F789388D7" PrevVerFileID="824C8718ADEBFEE611CCCB513C941FF3" AppID="8244BA71F546E6F111CC7A3F789388A9" ParentFolderID="8244BA71F546E6F111CC7A3F789388D2" ProcGroupID="8244BA71F546E6F111CC7A3F789388B0" Description="" Version="1.03" Status="RELEASED" ContentType="user\processmodel" CheckedOutBy="" CheckedOutDate="0001-01-01T00:00:00Z" CreatedDate="2024-10-29T12:41:27.863" CreatedBy="40001842" LastModifiedDate="2024-10-29T12:41:27.863" LastModifiedBy="40001842" ThemeID="" ExtraInfo="" DisplayName="Recently Created OPAT  Complaints" />
      <File ID="827F9EDFD5C6728C11FF9614A3A29455" Name="OPAT - View Complaints_Recently Modified OPAT  Complaints" BaseFileID="8244BA71F546E6F111CC7A3F789388D8" PrevVerFileID="824C8718ADEBFEE611CCCB513C941FF4" AppID="8244BA71F546E6F111CC7A3F789388A9" ParentFolderID="8244BA71F546E6F111CC7A3F789388D2" ProcGroupID="8244BA71F546E6F111CC7A3F789388B0" Description="" Version="1.03" Status="RELEASED" ContentType="user\processmodel" CheckedOutBy="" CheckedOutDate="0001-01-01T00:00:00Z" CreatedDate="2024-10-29T12:41:27.863" CreatedBy="40001842" LastModifiedDate="2024-10-29T12:41:27.863" LastModifiedBy="40001842" ThemeID="" ExtraInfo="" DisplayName="Recently Modified OPAT  Complaints" />
    </Folder>
    <Folder ID="8244BA71F546E6F111CC7A3F789388DA" Name="Notification" ProcGroupID="8244BA71F546E6F111CC7A3F789388B0" AppID="8244BA71F546E6F111CC7A3F789388A9" Description="" CreatedBy="BOSTON-S-AS01\Bryan.Carroll" CreatedDate="2022-01-20T17:22:45.86" LastModifiedBy="BOSTON-S-AS01\Bryan.Carroll" LastModifiedDate="2022-01-20T17:22:45.86" ContentType="application\notification" ParentFolderID="8244BA71F546E6F111CC7A3F789388B0" DisplayName="Notification">
      <Folder ID="8244BA71F546E6F111CC7A3F789388DE" Name="Attachment Repository" ProcGroupID="8244BA71F546E6F111CC7A3F789388B0" AppID="8244BA71F546E6F111CC7A3F789388A9" Description="" CreatedBy="BOSTON-S-AS01\Bryan.Carroll" CreatedDate="2022-01-20T17:22:45.907" LastModifiedBy="BOSTON-S-AS01\Bryan.Carroll" LastModifiedDate="2022-01-20T17:22:45.907" ContentType="application\attachmentrepository" ParentFolderID="8244BA71F546E6F111CC7A3F789388DA" DisplayName="Attachment Repository" />
      <Folder ID="825FC2FFACA72A8211DDE63888F8271D" Name="E-mails" ProcGroupID="8244BA71F546E6F111CC7A3F789388B0" AppID="8244BA71F546E6F111CC7A3F789388A9" Description="" CreatedBy="BOSTON-S-AS01\Bryan.Carroll" CreatedDate="2023-04-28T22:50:11.57" LastModifiedBy="BOSTON-S-AS01\Bryan.Carroll" LastModifiedDate="2023-04-28T22:50:11.57" ContentType="application\email" ParentFolderID="8244BA71F546E6F111CC7A3F789388DA" DisplayName="E-mails">
        <File ID="827F9EDFD5C6728C11FF9614A3A2945B" Name="Record Edited" BaseFileID="827F9EDFD5C6728C11FF9614A3A2945B" PrevVerFileID="" AppID="8244BA71F546E6F111CC7A3F789388A9" ParentFolderID="825FC2FFACA72A8211DDE63888F8271D" ProcGroupID="8244BA71F546E6F111CC7A3F789388B0" Description="" Version="1.0" Status="RELEASED" ContentType="user\email" CheckedOutBy="" CheckedOutDate="0001-01-01T00:00:00Z" CreatedDate="2024-10-29T12:41:27.95" CreatedBy="40001842" LastModifiedDate="2024-10-29T12:41:27.95" LastModifiedBy="40001842" ThemeID="" ExtraInfo="" DisplayName="Record Edited" />
        <File ID="827F9EDFD5C6728C11FF9614A3A2945C" Name="Record Added" BaseFileID="827F9EDFD5C6728C11FF9614A3A2945C" PrevVerFileID="" AppID="8244BA71F546E6F111CC7A3F789388A9" ParentFolderID="825FC2FFACA72A8211DDE63888F8271D" ProcGroupID="8244BA71F546E6F111CC7A3F789388B0" Description="" Version="1.0" Status="RELEASED" ContentType="user\email" CheckedOutBy="" CheckedOutDate="0001-01-01T00:00:00Z" CreatedDate="2024-10-29T12:41:27.95" CreatedBy="40001842" LastModifiedDate="2024-10-29T12:41:27.95" LastModifiedBy="40001842" ThemeID="" ExtraInfo="" DisplayName="Record Added" />
        <File ID="827F9EDFD5C6728C11FF9614A3A2945A" Name="Record Deleted" BaseFileID="827F9EDFD5C6728C11FF9614A3A2945A" PrevVerFileID="" AppID="8244BA71F546E6F111CC7A3F789388A9" ParentFolderID="825FC2FFACA72A8211DDE63888F8271D" ProcGroupID="8244BA71F546E6F111CC7A3F789388B0" Description="" Version="1.0" Status="RELEASED" ContentType="user\email" CheckedOutBy="" CheckedOutDate="0001-01-01T00:00:00Z" CreatedDate="2024-10-29T12:41:27.933" CreatedBy="40001842" LastModifiedDate="2024-10-29T12:41:27.933" LastModifiedBy="40001842" ThemeID="" ExtraInfo="" DisplayName="Record Deleted" />
      </Folder>
    </Folder>
  </Folder>
  <CoAuthored>false</CoAuthored>
</WFEnabledApplication>