<?xml version="1.0"?>
<WFApplicationDynamicDependencies xmlns:xsd="http://www.w3.org/2001/XMLSchema" xmlns:xsi="http://www.w3.org/2001/XMLSchema-instance">
  <AppName>PWD - Code Enforcement Public Records Request View All Submissions</AppName>
  <Version>Unpublished</Version>
  <DataEntities>
    <DataEntity>
      <EntityName>PWDCEPublicRecordsReqs__u</EntityName>
      <EntityDisplayName>PWD - CE Public Records Reqs</EntityDisplayName>
      <UsedIn>
        <DependencyUsedIn>
          <FileName>PWDCEPubRecordsReqs</FileName>
          <FileDisplayName>PWDCEPubRecordsReqs</FileDisplayName>
          <Activities />
          <FileType>Data Source</FileType>
          <NumberOfTimesUsed>1</NumberOfTimesUsed>
        </DependencyUsedIn>
        <DependencyUsedIn>
          <FileName>GetPWDCEPublicRecordsReqs__us</FileName>
          <FileDisplayName>GetPWDCEPublicRecordsReqs__us</FileDisplayName>
          <Activities />
          <FileType>Lookup</FileType>
          <NumberOfTimesUsed>1</NumberOfTimesUsed>
        </DependencyUsedIn>
      </UsedIn>
      <IsExists>false</IsExists>
    </DataEntity>
  </DataEntities>
  <PickLists>
    <PickList>
      <PickListName>USAStates</PickListName>
      <PickListDisplayName>USA States</PickListDisplayName>
      <UsedIn>
        <DependencyUsedIn>
          <FileName>Form Library</FileName>
          <FileDisplayName>Form Library</FileDisplayName>
          <Activities />
          <FileType>eForm Library</FileType>
          <NumberOfTimesUsed>2</NumberOfTimesUsed>
        </DependencyUsedIn>
      </UsedIn>
      <IsExists>false</IsExists>
    </PickList>
  </PickLists>
</WFApplicationDynamicDependencies>