<?xml version="1.0"?>
<ArrayOfDataSourceAndAppFileAssociation xmlns:xsd="http://www.w3.org/2001/XMLSchema" xmlns:xsi="http://www.w3.org/2001/XMLSchema-instance">
  <DataSourceAndAppFileAssociation>
    <ID>AA5012F761F562241199EAC2B87CCFA5</ID>
    <AppName>PWD - Code Enforcement Public Records Request View All Submissions</AppName>
    <FileName>All PWDCEPublicRecordsReqs__us</FileName>
    <IsDefault>true</IsDefault>
    <ContentType>user\views</ContentType>
    <DataSourceName>PWDCEPubRecordsReqs</DataSourceName>
    <DefName>PWD - Code Enforcement Public Records Request View All Submissions_All PWDCEPublicRecordsReqs__us</DefName>
    <CreatedBy>143525</CreatedBy>
    <CreatedDate>2019-10-09T18:34:55.473</CreatedDate>
    <LastModifiedBy>183510</LastModifiedBy>
    <LastModifiedDate>2025-09-24T19:32:25.197</LastModifiedDate>
  </DataSourceAndAppFileAssociation>
  <DataSourceAndAppFileAssociation>
    <ID>AA5012F761F562241199EAC2EEC3D99A</ID>
    <AppName>PWD - Code Enforcement Public Records Request View All Submissions</AppName>
    <FileName>Export all records as CSV file</FileName>
    <IsDefault>false</IsDefault>
    <ContentType>user\views</ContentType>
    <DataSourceName>PWDCEPubRecordsReqs</DataSourceName>
    <DefName>PWD - Code Enforcement Public Records Request View All Submissions_Export all records as CSV file</DefName>
    <CreatedBy>143525</CreatedBy>
    <CreatedDate>2019-10-09T18:34:55.473</CreatedDate>
    <LastModifiedBy />
    <LastModifiedDate>0001-01-01T00:00:00Z</LastModifiedDate>
  </DataSourceAndAppFileAssociation>
  <DataSourceAndAppFileAssociation>
    <ID>AA5012F761F562241199EAC2BE7C37B2</ID>
    <AppName>PWD - Code Enforcement Public Records Request View All Submissions</AppName>
    <FileName>New PWD - CE Public Records Reqs</FileName>
    <IsDefault>false</IsDefault>
    <ContentType>user\newforms</ContentType>
    <DataSourceName>PWDCEPubRecordsReqs</DataSourceName>
    <DefName>PWD - Code Enforcement Public Records Request View All Submissions_New PWD - CE Public Records Reqs</DefName>
    <CreatedBy>143525</CreatedBy>
    <CreatedDate>2019-10-09T18:34:55.473</CreatedDate>
    <LastModifiedBy />
    <LastModifiedDate>0001-01-01T00:00:00Z</LastModifiedDate>
  </DataSourceAndAppFileAssociation>
  <DataSourceAndAppFileAssociation>
    <ID>AA5012F761F562241199EAC2B87CCF9E</ID>
    <AppName>PWD - Code Enforcement Public Records Request View All Submissions</AppName>
    <FileName>Update PWD - CE Public Records Reqs</FileName>
    <IsDefault>false</IsDefault>
    <ContentType>user\updateforms</ContentType>
    <DataSourceName>PWDCEPubRecordsReqs</DataSourceName>
    <DefName>PWD - Code Enforcement Public Records Request View All Submissions_Update PWD - CE Public Records Reqs</DefName>
    <CreatedBy>143525</CreatedBy>
    <CreatedDate>2019-10-09T18:34:55.473</CreatedDate>
    <LastModifiedBy />
    <LastModifiedDate>0001-01-01T00:00:00Z</LastModifiedDate>
  </DataSourceAndAppFileAssociation>
</ArrayOfDataSourceAndAppFileAssociation>