<?xml version="1.0"?>
<WFEnabledApplication xmlns:xsd="http://www.w3.org/2001/XMLSchema" xmlns:xsi="http://www.w3.org/2001/XMLSchema-instance" ID="822BC26FCE8184E61199EAC37B97F1FE" Name="PWD - Code Enforcement Public Records Request View All Submissions" Description="" Status="DRAFT" CreatedDate="2019-10-09T18:34:55.1" CreatedBy="143525" AppType="StandaloneForms" Visibility="PAAS" ContentType="application" DisplayName="PWD - Code Enforcement Public Records Request View All Submissions" AppLocale="customlocale" ParentApplicationId="">
  <Folder ID="822BC26FCE8184E61199EAC37B97F1FF" Name="Shared Resources" ProcGroupID="" AppID="822BC26FCE8184E61199EAC37B97F1FE" Description="" CreatedBy="143525" CreatedDate="0001-01-01T00:00:00Z" LastModifiedBy="143525" LastModifiedDate="0001-01-01T00:00:00Z" ContentType="Any" ParentFolderID="822BC26FCE8184E61199EAC37B97F1FE" DisplayName="Shared Resources">
    <Folder ID="822BC26FCE8184E61199EAC37B97F200" Name="Style Sheets" ProcGroupID="" AppID="822BC26FCE8184E61199EAC37B97F1FE" Description="" CreatedBy="143525" CreatedDate="0001-01-01T00:00:00Z" LastModifiedBy="143525" LastModifiedDate="0001-01-01T00:00:00Z" ContentType="application\CSS" ParentFolderID="822BC26FCE8184E61199EAC37B97F1FF" DisplayName="Style Sheets" />
    <Folder ID="822BC26FCE8184E61199EAC37B97F201" Name="JavaScript" ProcGroupID="" AppID="822BC26FCE8184E61199EAC37B97F1FE" Description="" CreatedBy="143525" CreatedDate="0001-01-01T00:00:00Z" LastModifiedBy="143525" LastModifiedDate="0001-01-01T00:00:00Z" ContentType="application\js" ParentFolderID="822BC26FCE8184E61199EAC37B97F1FF" DisplayName="JavaScript" />
    <Folder ID="822BC26FCE8184E61199EAC37B97F202" Name="Images" ProcGroupID="" AppID="822BC26FCE8184E61199EAC37B97F1FE" Description="" CreatedBy="143525" CreatedDate="0001-01-01T00:00:00Z" LastModifiedBy="143525" LastModifiedDate="0001-01-01T00:00:00Z" ContentType="application\image" ParentFolderID="822BC26FCE8184E61199EAC37B97F1FF" DisplayName="Images" />
    <Folder ID="822BC26FCE8184E61199EAC37B97F203" Name="Access Tokens" ProcGroupID="" AppID="822BC26FCE8184E61199EAC37B97F1FE" Description="" CreatedBy="143525" CreatedDate="0001-01-01T00:00:00Z" LastModifiedBy="143525" LastModifiedDate="0001-01-01T00:00:00Z" ContentType="application\apptoken" ParentFolderID="822BC26FCE8184E61199EAC37B97F1FF" DisplayName="Access Tokens" />
    <Folder ID="822BC26FCE8184E61199EAC37B97F204" Name="Application Resources" ProcGroupID="" AppID="822BC26FCE8184E61199EAC37B97F1FE" Description="" CreatedBy="143525" CreatedDate="0001-01-01T00:00:00Z" LastModifiedBy="143525" LastModifiedDate="0001-01-01T00:00:00Z" ContentType="application\applicationresources" ParentFolderID="822BC26FCE8184E61199EAC37B97F1FF" DisplayName="Application Resources" />
    <Folder ID="8257D4CD9C2F4D1611DDF13AC1FAB0B9" Name="Comments" ProcGroupID="822BC26FCE8184E61199EAC37B97F1FF" AppID="822BC26FCE8184E61199EAC37B97F1FE" Description="" CreatedBy="143525" CreatedDate="2023-05-12T23:03:43.117" LastModifiedBy="143525" LastModifiedDate="2023-05-12T23:03:43.117" ContentType="application\comments" ParentFolderID="822BC26FCE8184E61199EAC37B97F1FF" DisplayName="Comments" />
    <Folder ID="BAF312DEFB27D0ED11006444AFB6070B" Name="ML Advisor" ProcGroupID="" AppID="822BC26FCE8184E61199EAC37B97F1FE" Description="" CreatedBy="143525" CreatedDate="2025-07-19T02:04:23.983" LastModifiedBy="143525" LastModifiedDate="2025-07-19T02:04:23.983" ContentType="application\mladvisor" ParentFolderID="822BC26FCE8184E61199EAC37B97F1FF" DisplayName="ML Advisor" />
  </Folder>
  <Folder ID="822BC26FCE8184E61199EAC37B97F205" Name="App Model &amp; Resources" ProcGroupID="" AppID="822BC26FCE8184E61199EAC37B97F1FE" Description="" CreatedBy="143525" CreatedDate="0001-01-01T00:00:00Z" LastModifiedBy="143525" LastModifiedDate="0001-01-01T00:00:00Z" ContentType="user\processgroup" ParentFolderID="822BC26FCE8184E61199EAC37B97F1FE" DisplayName="App Model &amp; Resources">
    <Folder ID="822BC26FCE8184E61199EAC37B97F206" Name="Data Model" ProcGroupID="822BC26FCE8184E61199EAC37B97F205" AppID="822BC26FCE8184E61199EAC37B97F1FE" Description="" CreatedBy="143525" CreatedDate="0001-01-01T00:00:00Z" LastModifiedBy="143525" LastModifiedDate="0001-01-01T00:00:00Z" ContentType="application\datamodel" ParentFolderID="822BC26FCE8184E61199EAC37B97F205" DisplayName="Data Model">
      <File ID="BAF812DEFB27D0ED11009D5BDBF0C9F5" Name="Schema.xsd" BaseFileID="822BC26FCE8184E61199EAC37B97F208" PrevVerFileID="BAF60AFFF82C90671100997D24C16745" AppID="822BC26FCE8184E61199EAC37B97F1FE" ParentFolderID="822BC26FCE8184E61199EAC37B97F206" ProcGroupID="822BC26FCE8184E61199EAC37B97F205" Description="" Version="1.1" Status="DRAFT" ContentType="user\datamodel" CheckedOutBy="" CheckedOutDate="0001-01-01T00:00:00Z" CreatedDate="2025-09-29T17:44:00.293" CreatedBy="143525" LastModifiedDate="2025-09-29T17:44:13.957" LastModifiedBy="183510" ThemeID="" ExtraInfo="[{&quot;Name&quot; : &quot;NamespaceUpdated&quot; , &quot;Value&quot; : &quot;True&quot;}]" DisplayName="Schema.xsd" />
      <File ID="BAF60AFFF82C90671100997D24C16746" Name="PWDCEPubRecordsReqs" BaseFileID="822BC26FCE8184E61199EAC37B97F207" PrevVerFileID="822BC26FCE8184E61199EAC37B97F207" AppID="822BC26FCE8184E61199EAC37B97F1FE" ParentFolderID="822BC26FCE8184E61199EAC37B97F206" ProcGroupID="822BC26FCE8184E61199EAC37B97F205" Description="Datasource PWDCEPubRecordsReqs Schema" Version="1.02" Status="RELEASED" ContentType="user\apdataentitydatamodel" CheckedOutBy="" CheckedOutDate="0001-01-01T00:00:00Z" CreatedDate="2025-09-24T19:32:06.073" CreatedBy="143525" LastModifiedDate="2025-09-24T19:32:06.153" LastModifiedBy="183510" ThemeID="" ExtraInfo="" DisplayName="PWDCEPubRecordsReqs" />
    </Folder>
    <Folder ID="822BC26FCE8184E61199EAC37B97F209" Name="Data Source" ProcGroupID="822BC26FCE8184E61199EAC37B97F205" AppID="822BC26FCE8184E61199EAC37B97F1FE" Description="" CreatedBy="143525" CreatedDate="0001-01-01T00:00:00Z" LastModifiedBy="143525" LastModifiedDate="0001-01-01T00:00:00Z" ContentType="application\datasources" ParentFolderID="822BC26FCE8184E61199EAC37B97F205" DisplayName="Data Source">
      <File ID="BAF612DEFB27D0ED1100997D1BF567D1" Name="PWDCEPubRecordsReqs" BaseFileID="822BC26FCE8184E61199EAC37B97F20A" PrevVerFileID="822BC26FCE8184E61199EAC37B97F20A" AppID="822BC26FCE8184E61199EAC37B97F1FE" ParentFolderID="822BC26FCE8184E61199EAC37B97F209" ProcGroupID="822BC26FCE8184E61199EAC37B97F205" Description="" Version="1.03" Status="RELEASED" ContentType="user\APDataEntityDataSource" CheckedOutBy="" CheckedOutDate="0001-01-01T00:00:00Z" CreatedDate="2025-09-24T19:31:55.91" CreatedBy="143525" LastModifiedDate="2025-09-24T19:32:10.527" LastModifiedBy="183510" ThemeID="" ExtraInfo="" DisplayName="PWDCEPubRecordsReqs" />
    </Folder>
    <Folder ID="822BC26FCE8184E61199EAC37B97F20B" Name="Library" ProcGroupID="822BC26FCE8184E61199EAC37B97F205" AppID="822BC26FCE8184E61199EAC37B97F1FE" Description="" CreatedBy="143525" CreatedDate="0001-01-01T00:00:00Z" LastModifiedBy="143525" LastModifiedDate="0001-01-01T00:00:00Z" ContentType="application\taskformlibrary" ParentFolderID="822BC26FCE8184E61199EAC37B97F205" DisplayName="Library">
      <File ID="BAF812DEFB27D0ED11009D5BDBF0C9F6" Name="Form Library" BaseFileID="822BC26FCE8184E61199EAC37B97F20C" PrevVerFileID="BAF612DEFB27D0ED1100997CEB0FA9EE" AppID="822BC26FCE8184E61199EAC37B97F1FE" ParentFolderID="822BC26FCE8184E61199EAC37B97F20B" ProcGroupID="822BC26FCE8184E61199EAC37B97F205" Description="" Version="1.09" Status="DRAFT" ContentType="user\taskformlibrary" CheckedOutBy="" CheckedOutDate="0001-01-01T00:00:00Z" CreatedDate="2025-09-29T17:44:00.45" CreatedBy="143525" LastModifiedDate="2025-09-29T17:44:13.957" LastModifiedBy="183510" ThemeID="" ExtraInfo="" DisplayName="Form Library" />
    </Folder>
    <Folder ID="822BC26FCE8184E61199EAC37B97F20D" Name="Forms" ProcGroupID="822BC26FCE8184E61199EAC37B97F205" AppID="822BC26FCE8184E61199EAC37B97F1FE" Description="" CreatedBy="143525" CreatedDate="0001-01-01T00:00:00Z" LastModifiedBy="143525" LastModifiedDate="0001-01-01T00:00:00Z" ContentType="application\formsgroup" ParentFolderID="822BC26FCE8184E61199EAC37B97F205" DisplayName="Forms">
      <Folder ID="822BC26FCE8184E61199EAC37B97F20E" Name="New" ProcGroupID="822BC26FCE8184E61199EAC37B97F205" AppID="822BC26FCE8184E61199EAC37B97F1FE" Description="" CreatedBy="143525" CreatedDate="0001-01-01T00:00:00Z" LastModifiedBy="143525" LastModifiedDate="0001-01-01T00:00:00Z" ContentType="application\newforms" ParentFolderID="822BC26FCE8184E61199EAC37B97F20D" DisplayName="New">
        <File ID="BAF60AFFF82C90671100997CEECAE437" Name="New PWD - CE Public Records Reqs" BaseFileID="822BC26FCE8184E61199EAC37B97F20F" PrevVerFileID="822BC26FCE8184E61199EAC37B97F20F" AppID="822BC26FCE8184E61199EAC37B97F1FE" ParentFolderID="822BC26FCE8184E61199EAC37B97F20E" ProcGroupID="822BC26FCE8184E61199EAC37B97F205" Description="" Version="1.01" Status="RELEASED" ContentType="user\newforms" CheckedOutBy="" CheckedOutDate="0001-01-01T00:00:00Z" CreatedDate="2025-09-24T19:30:37.477" CreatedBy="143525" LastModifiedDate="2025-09-24T19:30:54.743" LastModifiedBy="183510" ThemeID="" ExtraInfo="" DisplayName="New PWD - CE Public Records Reqs" />
      </Folder>
      <Folder ID="822BC26FCE8184E61199EAC37B97F210" Name="Update" ProcGroupID="822BC26FCE8184E61199EAC37B97F205" AppID="822BC26FCE8184E61199EAC37B97F1FE" Description="" CreatedBy="143525" CreatedDate="0001-01-01T00:00:00Z" LastModifiedBy="143525" LastModifiedDate="0001-01-01T00:00:00Z" ContentType="application\updateforms" ParentFolderID="822BC26FCE8184E61199EAC37B97F20D" DisplayName="Update">
        <File ID="BAF612DEFB27D0ED1100997CEB0FA9EF" Name="Update PWD - CE Public Records Reqs" BaseFileID="822BC26FCE8184E61199EAC37B97F211" PrevVerFileID="822BC26FCE8184E61199F0D66426BB5C" AppID="822BC26FCE8184E61199EAC37B97F1FE" ParentFolderID="822BC26FCE8184E61199EAC37B97F210" ProcGroupID="822BC26FCE8184E61199EAC37B97F205" Description="" Version="1.04" Status="RELEASED" ContentType="user\updateforms" CheckedOutBy="" CheckedOutDate="0001-01-01T00:00:00Z" CreatedDate="2025-09-24T19:30:32.03" CreatedBy="143525" LastModifiedDate="2025-09-24T19:30:54.79" LastModifiedBy="183510" ThemeID="" ExtraInfo="" DisplayName="Update PWD - CE Public Records Reqs" />
      </Folder>
      <Folder ID="822BC26FCE8184E61199EAC37B97F212" Name="Widgets" ProcGroupID="822BC26FCE8184E61199EAC37B97F205" AppID="822BC26FCE8184E61199EAC37B97F1FE" Description="" CreatedBy="143525" CreatedDate="0001-01-01T00:00:00Z" LastModifiedBy="143525" LastModifiedDate="0001-01-01T00:00:00Z" ContentType="application\widgets" ParentFolderID="822BC26FCE8184E61199EAC37B97F20D" DisplayName="Widgets" />
      <Folder ID="822BC26FCE8184E61199EAC37B97F213" Name="Views" ProcGroupID="822BC26FCE8184E61199EAC37B97F205" AppID="822BC26FCE8184E61199EAC37B97F1FE" Description="" CreatedBy="143525" CreatedDate="0001-01-01T00:00:00Z" LastModifiedBy="143525" LastModifiedDate="0001-01-01T00:00:00Z" ContentType="application\views" ParentFolderID="822BC26FCE8184E61199EAC37B97F20D" DisplayName="Views">
        <File ID="BAF812DEFB27D0ED11009D5BDBF0C9F7" Name="Export all records as CSV file" BaseFileID="822BC26FCE8184E61199EAC37B97F214" PrevVerFileID="BAF60AFFF82C90671100997CD6DF785F" AppID="822BC26FCE8184E61199EAC37B97F1FE" ParentFolderID="822BC26FCE8184E61199EAC37B97F213" ProcGroupID="822BC26FCE8184E61199EAC37B97F205" Description="" Version="1.03" Status="DRAFT" ContentType="user\views" CheckedOutBy="" CheckedOutDate="0001-01-01T00:00:00Z" CreatedDate="2025-09-29T17:44:00.48" CreatedBy="143525" LastModifiedDate="2025-09-29T17:44:13.893" LastModifiedBy="183510" ThemeID="" ExtraInfo="" DisplayName="Export all records as CSV file" />
        <File ID="BAF612DEFB27D0ED1100997CF152BA63" Name="All PWDCEPublicRecordsReqs__us" BaseFileID="822BC26FCE8184E61199EAC37B97F215" PrevVerFileID="822BDCDF7567B6A81199EC3601917A6A" AppID="822BC26FCE8184E61199EAC37B97F1FE" ParentFolderID="822BC26FCE8184E61199EAC37B97F213" ProcGroupID="822BC26FCE8184E61199EAC37B97F205" Description="" Version="1.03" Status="RELEASED" ContentType="user\views" CheckedOutBy="" CheckedOutDate="0001-01-01T00:00:00Z" CreatedDate="2025-09-24T19:30:44.38" CreatedBy="143525" LastModifiedDate="2025-09-24T19:30:49.067" LastModifiedBy="183510" ThemeID="" ExtraInfo="" DisplayName="All PWDCEPublicRecordsReqs__us" />
      </Folder>
    </Folder>
    <Folder ID="822BC26FCE8184E61199EAC37B97F216" Name="Lookups" ProcGroupID="822BC26FCE8184E61199EAC37B97F205" AppID="822BC26FCE8184E61199EAC37B97F1FE" Description="" CreatedBy="143525" CreatedDate="0001-01-01T00:00:00Z" LastModifiedBy="143525" LastModifiedDate="0001-01-01T00:00:00Z" ContentType="application\lookup" ParentFolderID="822BC26FCE8184E61199EAC37B97F205" DisplayName="Lookups">
      <File ID="BAF60AFFF82C90671100997CAD06DAC8" Name="GetPWDCEPublicRecordsReqs__us" BaseFileID="822BC26FCE8184E61199EAC37B97F217" PrevVerFileID="822BC26FCE8184E61199EAC37B97F217" AppID="822BC26FCE8184E61199EAC37B97F1FE" ParentFolderID="822BC26FCE8184E61199EAC37B97F216" ProcGroupID="822BC26FCE8184E61199EAC37B97F205" Description="" Version="1.01" Status="RELEASED" ContentType="user\lookupmulticolumn" CheckedOutBy="" CheckedOutDate="0001-01-01T00:00:00Z" CreatedDate="2025-09-24T19:28:42.31" CreatedBy="143525" LastModifiedDate="2025-09-24T19:30:54.697" LastModifiedBy="183510" ThemeID="" ExtraInfo="" DisplayName="GetPWDCEPublicRecordsReqs__us" />
    </Folder>
    <Folder ID="822BC26FCE8184E61199EAC37B97F218" Name="Translation" ProcGroupID="822BC26FCE8184E61199EAC37B97F205" AppID="822BC26FCE8184E61199EAC37B97F1FE" Description="" CreatedBy="143525" CreatedDate="0001-01-01T00:00:00Z" LastModifiedBy="143525" LastModifiedDate="0001-01-01T00:00:00Z" ContentType="application\translation" ParentFolderID="822BC26FCE8184E61199EAC37B97F205" DisplayName="Translation" />
    <Folder ID="822BC26FCE8184E61199EAC37B97F219" Name="Document Repository" ProcGroupID="822BC26FCE8184E61199EAC37B97F205" AppID="822BC26FCE8184E61199EAC37B97F1FE" Description="" CreatedBy="143525" CreatedDate="0001-01-01T00:00:00Z" LastModifiedBy="143525" LastModifiedDate="0001-01-01T00:00:00Z" ContentType="application\documentrepository" ParentFolderID="822BC26FCE8184E61199EAC37B97F205" DisplayName="Document Repository" />
    <Folder ID="822BC26FCE8184E61199EAC37B97F21A" Name="System Files" ProcGroupID="822BC26FCE8184E61199EAC37B97F205" AppID="822BC26FCE8184E61199EAC37B97F1FE" Description="" CreatedBy="143525" CreatedDate="0001-01-01T00:00:00Z" LastModifiedBy="143525" LastModifiedDate="0001-01-01T00:00:00Z" ContentType="application\hidden" ParentFolderID="822BC26FCE8184E61199EAC37B97F205" DisplayName="System Files" />
    <Folder ID="822BC26FCE8184E61199EAC37B97F21B" Name="Process Model" ProcGroupID="822BC26FCE8184E61199EAC37B97F205" AppID="822BC26FCE8184E61199EAC37B97F1FE" Description="" CreatedBy="143525" CreatedDate="0001-01-01T00:00:00Z" LastModifiedBy="143525" LastModifiedDate="0001-01-01T00:00:00Z" ContentType="application\processmodel" ParentFolderID="822BC26FCE8184E61199EAC37B97F205" DisplayName="Process Model">
      <File ID="822BC26FCE8184E61199EAC37B97F221" Name="PWD - Code Enforcement Public Records Request View All Submissions_Export all records as CSV file" BaseFileID="822BC26FCE8184E61199EAC37B97F221" PrevVerFileID="" AppID="822BC26FCE8184E61199EAC37B97F1FE" ParentFolderID="822BC26FCE8184E61199EAC37B97F21B" ProcGroupID="822BC26FCE8184E61199EAC37B97F205" Description="" Version="1.0" Status="RELEASED" ContentType="user\processmodel" CheckedOutBy="" CheckedOutDate="0001-01-01T00:00:00Z" CreatedDate="2019-10-09T18:34:55.257" CreatedBy="143525" LastModifiedDate="2019-10-09T18:34:55.257" LastModifiedBy="143525" ThemeID="" ExtraInfo="" DisplayName="Export all records as CSV file" />
      <File ID="822BC26FCE8184E61199EAC37B97F220" Name="PWD - Code Enforcement Public Records Request View All Submissions_New PWD - CE Public Records Reqs" BaseFileID="822BC26FCE8184E61199EAC37B97F220" PrevVerFileID="" AppID="822BC26FCE8184E61199EAC37B97F1FE" ParentFolderID="822BC26FCE8184E61199EAC37B97F21B" ProcGroupID="822BC26FCE8184E61199EAC37B97F205" Description="" Version="1.0" Status="RELEASED" ContentType="user\processmodel" CheckedOutBy="" CheckedOutDate="0001-01-01T00:00:00Z" CreatedDate="2019-10-09T18:34:55.24" CreatedBy="143525" LastModifiedDate="2019-10-09T18:34:55.24" LastModifiedBy="143525" ThemeID="" ExtraInfo="" DisplayName="New PWD - CE Public Records Reqs" />
      <File ID="822BC26FCE8184E61199EAC37B97F21E" Name="PWD - Code Enforcement Public Records Request View All Submissions_Recently Modified PWDCEPublicRecordsReqs__us" BaseFileID="822BC26FCE8184E61199EAC37B97F21E" PrevVerFileID="" AppID="822BC26FCE8184E61199EAC37B97F1FE" ParentFolderID="822BC26FCE8184E61199EAC37B97F21B" ProcGroupID="822BC26FCE8184E61199EAC37B97F205" Description="" Version="1.0" Status="RELEASED" ContentType="user\processmodel" CheckedOutBy="" CheckedOutDate="0001-01-01T00:00:00Z" CreatedDate="2019-10-09T18:34:55.223" CreatedBy="143525" LastModifiedDate="2019-10-09T18:34:55.223" LastModifiedBy="143525" ThemeID="" ExtraInfo="" DisplayName="Recently Modified PWDCEPublicRecordsReqs__us" />
      <File ID="822BC26FCE8184E61199EAC37B97F21F" Name="PWD - Code Enforcement Public Records Request View All Submissions_Recently Created PWDCEPublicRecordsReqs__us" BaseFileID="822BC26FCE8184E61199EAC37B97F21F" PrevVerFileID="" AppID="822BC26FCE8184E61199EAC37B97F1FE" ParentFolderID="822BC26FCE8184E61199EAC37B97F21B" ProcGroupID="822BC26FCE8184E61199EAC37B97F205" Description="" Version="1.0" Status="RELEASED" ContentType="user\processmodel" CheckedOutBy="" CheckedOutDate="0001-01-01T00:00:00Z" CreatedDate="2019-10-09T18:34:55.223" CreatedBy="143525" LastModifiedDate="2019-10-09T18:34:55.223" LastModifiedBy="143525" ThemeID="" ExtraInfo="" DisplayName="Recently Created PWDCEPublicRecordsReqs__us" />
      <File ID="822BC26FCE8184E61199EAC37B97F21D" Name="PWD - Code Enforcement Public Records Request View All Submissions_All PWDCEPublicRecordsReqs__us" BaseFileID="822BC26FCE8184E61199EAC37B97F21D" PrevVerFileID="" AppID="822BC26FCE8184E61199EAC37B97F1FE" ParentFolderID="822BC26FCE8184E61199EAC37B97F21B" ProcGroupID="822BC26FCE8184E61199EAC37B97F205" Description="" Version="1.0" Status="RELEASED" ContentType="user\processmodel" CheckedOutBy="" CheckedOutDate="0001-01-01T00:00:00Z" CreatedDate="2019-10-09T18:34:55.21" CreatedBy="143525" LastModifiedDate="2019-10-09T18:34:55.21" LastModifiedBy="143525" ThemeID="" ExtraInfo="" DisplayName="All PWDCEPublicRecordsReqs__us" />
      <File ID="822BC26FCE8184E61199EAC37B97F21C" Name="PWD - Code Enforcement Public Records Request View All Submissions_Update PWD - CE Public Records Reqs" BaseFileID="822BC26FCE8184E61199EAC37B97F21C" PrevVerFileID="" AppID="822BC26FCE8184E61199EAC37B97F1FE" ParentFolderID="822BC26FCE8184E61199EAC37B97F21B" ProcGroupID="822BC26FCE8184E61199EAC37B97F205" Description="" Version="1.0" Status="RELEASED" ContentType="user\processmodel" CheckedOutBy="" CheckedOutDate="0001-01-01T00:00:00Z" CreatedDate="2019-10-09T18:34:55.193" CreatedBy="143525" LastModifiedDate="2019-10-09T18:34:55.193" LastModifiedBy="143525" ThemeID="" ExtraInfo="" DisplayName="Update PWD - CE Public Records Reqs" />
    </Folder>
    <Folder ID="822BC26FCE8184E61199EAC37B97F223" Name="Notification" ProcGroupID="822BC26FCE8184E61199EAC37B97F205" AppID="822BC26FCE8184E61199EAC37B97F1FE" Description="" CreatedBy="143525" CreatedDate="2019-10-09T18:34:55.513" LastModifiedBy="143525" LastModifiedDate="2019-10-09T18:34:55.513" ContentType="application\notification" ParentFolderID="822BC26FCE8184E61199EAC37B97F205" DisplayName="Notification">
      <Folder ID="822BC26FCE8184E61199EAC37B97F227" Name="Attachment Repository" ProcGroupID="822BC26FCE8184E61199EAC37B97F205" AppID="822BC26FCE8184E61199EAC37B97F1FE" Description="" CreatedBy="143525" CreatedDate="2019-10-09T18:34:55.563" LastModifiedBy="143525" LastModifiedDate="2019-10-09T18:34:55.563" ContentType="application\attachmentrepository" ParentFolderID="822BC26FCE8184E61199EAC37B97F223" DisplayName="Attachment Repository" />
      <Folder ID="8257D4CD9C2F4D1611DDF13AC1FAB156" Name="E-mails" ProcGroupID="822BC26FCE8184E61199EAC37B97F205" AppID="822BC26FCE8184E61199EAC37B97F1FE" Description="" CreatedBy="143525" CreatedDate="2023-05-12T23:03:44.087" LastModifiedBy="143525" LastModifiedDate="2023-05-12T23:03:44.087" ContentType="application\email" ParentFolderID="822BC26FCE8184E61199EAC37B97F223" DisplayName="E-mails">
        <File ID="BAF60AFFF82C90671100997CE8CB8866" Name="Record Edited" BaseFileID="BAF60AFFF82C90671100997CE8CB8866" PrevVerFileID="" AppID="822BC26FCE8184E61199EAC37B97F1FE" ParentFolderID="8257D4CD9C2F4D1611DDF13AC1FAB156" ProcGroupID="822BC26FCE8184E61199EAC37B97F205" Description="" Version="1.02" Status="RELEASED" ContentType="user\email" CheckedOutBy="" CheckedOutDate="0001-01-01T00:00:00Z" CreatedDate="2025-09-24T19:30:25.79" CreatedBy="BOSTON-P-AS01\svc_agpdev" LastModifiedDate="2025-09-24T19:30:54.773" LastModifiedBy="183510" ThemeID="" ExtraInfo="" DisplayName="Record Edited" />
        <File ID="8257D4CD9C2F4D1611DDF13AC7FB7478" Name="Record Deleted" BaseFileID="8257D4CD9C2F4D1611DDF13AC7FB7478" PrevVerFileID="" AppID="822BC26FCE8184E61199EAC37B97F1FE" ParentFolderID="8257D4CD9C2F4D1611DDF13AC1FAB156" ProcGroupID="822BC26FCE8184E61199EAC37B97F205" Description="" Version="1.01" Status="RELEASED" ContentType="user\email" CheckedOutBy="" CheckedOutDate="0001-01-01T00:00:00Z" CreatedDate="2023-05-12T23:03:50.563" CreatedBy="BOSTON-P-AS01\svc_agpdev" LastModifiedDate="2023-05-12T23:03:50.61" LastModifiedBy="BOSTON-P-AS01\svc_agpdev" ThemeID="" ExtraInfo="" DisplayName="Record Deleted" />
        <File ID="8257D4CD9C2F4D1611DDF13AC7FB746C" Name="Record Added" BaseFileID="8257D4CD9C2F4D1611DDF13AC7FB746C" PrevVerFileID="" AppID="822BC26FCE8184E61199EAC37B97F1FE" ParentFolderID="8257D4CD9C2F4D1611DDF13AC1FAB156" ProcGroupID="822BC26FCE8184E61199EAC37B97F205" Description="" Version="1.01" Status="RELEASED" ContentType="user\email" CheckedOutBy="" CheckedOutDate="0001-01-01T00:00:00Z" CreatedDate="2023-05-12T23:03:50.173" CreatedBy="BOSTON-P-AS01\svc_agpdev" LastModifiedDate="2023-05-12T23:03:50.25" LastModifiedBy="BOSTON-P-AS01\svc_agpdev" ThemeID="" ExtraInfo="" DisplayName="Record Added" />
      </Folder>
    </Folder>
  </Folder>
  <CoAuthored>false</CoAuthored>
  <IsAIGenerated>false</IsAIGenerated>
</WFEnabledApplication>