<?xml version="1.0"?>
<WFApplicationDynamicDependencies xmlns:xsd="http://www.w3.org/2001/XMLSchema" xmlns:xsi="http://www.w3.org/2001/XMLSchema-instance">
  <AppName>DoIT - View Firewall Change Requests</AppName>
  <Version>Unpublished</Version>
  <DataEntities>
    <DataEntity>
      <EntityName>DoITFirewallChangeRequests__u</EntityName>
      <EntityDisplayName>DoIT Firewall Change Requests</EntityDisplayName>
      <UsedIn>
        <DependencyUsedIn>
          <FileName>DoITViewFirewallRequests</FileName>
          <FileDisplayName>DoITViewFirewallRequests</FileDisplayName>
          <Activities />
          <FileType>Data Source</FileType>
          <NumberOfTimesUsed>1</NumberOfTimesUsed>
        </DependencyUsedIn>
        <DependencyUsedIn>
          <FileName>GetDoIT Firewall Change RequestssRecentlyModified</FileName>
          <FileDisplayName>GetDoIT Firewall Change RequestssRecentlyModified</FileDisplayName>
          <Activities />
          <FileType>Lookup</FileType>
          <NumberOfTimesUsed>1</NumberOfTimesUsed>
        </DependencyUsedIn>
        <DependencyUsedIn>
          <FileName>GetDoIT Firewall Change RequestssRecentlyCreated</FileName>
          <FileDisplayName>GetDoIT Firewall Change RequestssRecentlyCreated</FileDisplayName>
          <Activities />
          <FileType>Lookup</FileType>
          <NumberOfTimesUsed>1</NumberOfTimesUsed>
        </DependencyUsedIn>
        <DependencyUsedIn>
          <FileName>GetDoIT Firewall Change Requestss</FileName>
          <FileDisplayName>GetDoIT Firewall Change Requestss</FileDisplayName>
          <Activities />
          <FileType>Lookup</FileType>
          <NumberOfTimesUsed>1</NumberOfTimesUsed>
        </DependencyUsedIn>
        <DependencyUsedIn>
          <FileName>ExportallrecordstoCSV</FileName>
          <FileDisplayName>ExportallrecordstoCSV</FileDisplayName>
          <Activities />
          <FileType>Lookup</FileType>
          <NumberOfTimesUsed>1</NumberOfTimesUsed>
        </DependencyUsedIn>
      </UsedIn>
      <IsExists>false</IsExists>
    </DataEntity>
  </DataEntities>
</WFApplicationDynamicDependencies>