<?xml version="1.0"?>
<ArrayOfDataSourceAndAppFileAssociation xmlns:xsd="http://www.w3.org/2001/XMLSchema" xmlns:xsi="http://www.w3.org/2001/XMLSchema-instance">
  <DataSourceAndAppFileAssociation>
    <ID>AA6212F761F5622411CC2D139F50F817</ID>
    <AppName>DoIT - View Firewall Change Requests</AppName>
    <FileName>All DoIT Firewall Change Requestss</FileName>
    <IsDefault>true</IsDefault>
    <ContentType>user\views</ContentType>
    <DataSourceName>DoITViewFirewallRequests</DataSourceName>
    <DefName>DoIT - View Firewall Change Requests_All DoIT Firewall Change Requestss</DefName>
    <CreatedBy>40001842</CreatedBy>
    <CreatedDate>2023-04-25T11:55:43.143</CreatedDate>
    <LastModifiedBy>40001842</LastModifiedBy>
    <LastModifiedDate>2023-04-25T11:56:50.823</LastModifiedDate>
  </DataSourceAndAppFileAssociation>
  <DataSourceAndAppFileAssociation>
    <ID>AA6212F761F5622411CC35BACA79F10C</ID>
    <AppName>DoIT - View Firewall Change Requests</AppName>
    <FileName>Export all records to CSV</FileName>
    <IsDefault>false</IsDefault>
    <ContentType>user\views</ContentType>
    <DataSourceName>DoITViewFirewallRequests</DataSourceName>
    <DefName>DoIT - View Firewall Change Requests_Export all records to CSV</DefName>
    <CreatedBy>40001842</CreatedBy>
    <CreatedDate>2023-04-25T11:55:43.143</CreatedDate>
    <LastModifiedBy />
    <LastModifiedDate>0001-01-01T00:00:00Z</LastModifiedDate>
  </DataSourceAndAppFileAssociation>
  <DataSourceAndAppFileAssociation>
    <ID>AA6212F761F5622411CC2D139F50F83F</ID>
    <AppName>DoIT - View Firewall Change Requests</AppName>
    <FileName>New DoIT Firewall Change Requests</FileName>
    <IsDefault>false</IsDefault>
    <ContentType>user\newforms</ContentType>
    <DataSourceName>DoITViewFirewallRequests</DataSourceName>
    <DefName>DoIT - View Firewall Change Requests_New DoIT Firewall Change Requests</DefName>
    <CreatedBy>40001842</CreatedBy>
    <CreatedDate>2023-04-25T11:55:43.143</CreatedDate>
    <LastModifiedBy />
    <LastModifiedDate>0001-01-01T00:00:00Z</LastModifiedDate>
  </DataSourceAndAppFileAssociation>
  <DataSourceAndAppFileAssociation>
    <ID>AA6212F761F5622411CC2D139F50F82D</ID>
    <AppName>DoIT - View Firewall Change Requests</AppName>
    <FileName>Recently Created DoIT Firewall Change Requestss</FileName>
    <IsDefault>false</IsDefault>
    <ContentType>user\views</ContentType>
    <DataSourceName>DoITViewFirewallRequests</DataSourceName>
    <DefName>DoIT - View Firewall Change Requests_Recently Created DoIT Firewall Change Requestss</DefName>
    <CreatedBy>40001842</CreatedBy>
    <CreatedDate>2023-04-25T11:55:43.143</CreatedDate>
    <LastModifiedBy />
    <LastModifiedDate>0001-01-01T00:00:00Z</LastModifiedDate>
  </DataSourceAndAppFileAssociation>
  <DataSourceAndAppFileAssociation>
    <ID>AA6212F761F5622411CC2D139F50F81E</ID>
    <AppName>DoIT - View Firewall Change Requests</AppName>
    <FileName>Recently Modified DoIT Firewall Change Requestss</FileName>
    <IsDefault>false</IsDefault>
    <ContentType>user\views</ContentType>
    <DataSourceName>DoITViewFirewallRequests</DataSourceName>
    <DefName>DoIT - View Firewall Change Requests_Recently Modified DoIT Firewall Change Requestss</DefName>
    <CreatedBy>40001842</CreatedBy>
    <CreatedDate>2023-04-25T11:55:43.143</CreatedDate>
    <LastModifiedBy />
    <LastModifiedDate>0001-01-01T00:00:00Z</LastModifiedDate>
  </DataSourceAndAppFileAssociation>
  <DataSourceAndAppFileAssociation>
    <ID>AA6212F761F5622411CC2D139F50F809</ID>
    <AppName>DoIT - View Firewall Change Requests</AppName>
    <FileName>Update DoIT Firewall Change Requests</FileName>
    <IsDefault>false</IsDefault>
    <ContentType>user\updateforms</ContentType>
    <DataSourceName>DoITViewFirewallRequests</DataSourceName>
    <DefName>DoIT - View Firewall Change Requests_Update DoIT Firewall Change Requests</DefName>
    <CreatedBy>40001842</CreatedBy>
    <CreatedDate>2023-04-25T11:55:43.143</CreatedDate>
    <LastModifiedBy />
    <LastModifiedDate>0001-01-01T00:00:00Z</LastModifiedDate>
  </DataSourceAndAppFileAssociation>
</ArrayOfDataSourceAndAppFileAssociation>