<?xml version="1.0"?>
<WFEnabledApplication xmlns:xsd="http://www.w3.org/2001/XMLSchema" xmlns:xsi="http://www.w3.org/2001/XMLSchema-instance" ID="823880ABFE2D2F8411CC301E48DB2591" Name="DoIT - View Firewall Change Requests" Description="" Status="DRAFT" CreatedDate="2021-10-18T10:18:43.473" CreatedBy="162157" AppType="StandaloneForms" Visibility="PAAS" ContentType="application" DisplayName="DoIT - View Firewall Change Requests" AppLocale="customlocale" ParentApplicationId="">
  <Folder ID="823880ABFE2D2F8411CC301E48DB2592" Name="Shared Resources" ProcGroupID="" AppID="823880ABFE2D2F8411CC301E48DB2591" Description="" CreatedBy="162157" CreatedDate="0001-01-01T00:00:00Z" LastModifiedBy="162157" LastModifiedDate="0001-01-01T00:00:00Z" ContentType="Any" ParentFolderID="823880ABFE2D2F8411CC301E48DB2591" DisplayName="Shared Resources">
    <Folder ID="823880ABFE2D2F8411CC301E48DB2593" Name="Style Sheets" ProcGroupID="" AppID="823880ABFE2D2F8411CC301E48DB2591" Description="" CreatedBy="162157" CreatedDate="0001-01-01T00:00:00Z" LastModifiedBy="162157" LastModifiedDate="0001-01-01T00:00:00Z" ContentType="application\CSS" ParentFolderID="823880ABFE2D2F8411CC301E48DB2592" DisplayName="Style Sheets" />
    <Folder ID="823880ABFE2D2F8411CC301E48DB2594" Name="JavaScript" ProcGroupID="" AppID="823880ABFE2D2F8411CC301E48DB2591" Description="" CreatedBy="162157" CreatedDate="0001-01-01T00:00:00Z" LastModifiedBy="162157" LastModifiedDate="0001-01-01T00:00:00Z" ContentType="application\js" ParentFolderID="823880ABFE2D2F8411CC301E48DB2592" DisplayName="JavaScript" />
    <Folder ID="823880ABFE2D2F8411CC301E48DB2595" Name="Images" ProcGroupID="" AppID="823880ABFE2D2F8411CC301E48DB2591" Description="" CreatedBy="162157" CreatedDate="0001-01-01T00:00:00Z" LastModifiedBy="162157" LastModifiedDate="0001-01-01T00:00:00Z" ContentType="application\image" ParentFolderID="823880ABFE2D2F8411CC301E48DB2592" DisplayName="Images" />
    <Folder ID="823880ABFE2D2F8411CC301E48DB2596" Name="Access Tokens" ProcGroupID="" AppID="823880ABFE2D2F8411CC301E48DB2591" Description="" CreatedBy="162157" CreatedDate="0001-01-01T00:00:00Z" LastModifiedBy="162157" LastModifiedDate="0001-01-01T00:00:00Z" ContentType="application\apptoken" ParentFolderID="823880ABFE2D2F8411CC301E48DB2592" DisplayName="Access Tokens" />
    <Folder ID="823880ABFE2D2F8411CC301E48DB2597" Name="Application Resources" ProcGroupID="" AppID="823880ABFE2D2F8411CC301E48DB2591" Description="" CreatedBy="162157" CreatedDate="0001-01-01T00:00:00Z" LastModifiedBy="162157" LastModifiedDate="0001-01-01T00:00:00Z" ContentType="application\applicationresources" ParentFolderID="823880ABFE2D2F8411CC301E48DB2592" DisplayName="Application Resources" />
    <Folder ID="8257D4CD9C2F4D1611DDF13AC1FAB112" Name="Comments" ProcGroupID="823880ABFE2D2F8411CC301E48DB2592" AppID="823880ABFE2D2F8411CC301E48DB2591" Description="" CreatedBy="162157" CreatedDate="2023-05-12T23:03:43.26" LastModifiedBy="162157" LastModifiedDate="2023-05-12T23:03:43.26" ContentType="application\comments" ParentFolderID="823880ABFE2D2F8411CC301E48DB2592" DisplayName="Comments" />
    <Folder ID="BAF312DEFB27D0ED11006444AFB607BD" Name="ML Advisor" ProcGroupID="" AppID="823880ABFE2D2F8411CC301E48DB2591" Description="" CreatedBy="162157" CreatedDate="2025-07-19T02:04:24.08" LastModifiedBy="162157" LastModifiedDate="2025-07-19T02:04:24.08" ContentType="application\mladvisor" ParentFolderID="823880ABFE2D2F8411CC301E48DB2592" DisplayName="ML Advisor" />
  </Folder>
  <Folder ID="823880ABFE2D2F8411CC301E48DB2598" Name="App Model &amp; Resources" ProcGroupID="" AppID="823880ABFE2D2F8411CC301E48DB2591" Description="" CreatedBy="162157" CreatedDate="0001-01-01T00:00:00Z" LastModifiedBy="162157" LastModifiedDate="0001-01-01T00:00:00Z" ContentType="user\processgroup" ParentFolderID="823880ABFE2D2F8411CC301E48DB2591" DisplayName="App Model &amp; Resources">
    <Folder ID="823880ABFE2D2F8411CC301E48DB2599" Name="Data Model" ProcGroupID="823880ABFE2D2F8411CC301E48DB2598" AppID="823880ABFE2D2F8411CC301E48DB2591" Description="" CreatedBy="162157" CreatedDate="0001-01-01T00:00:00Z" LastModifiedBy="162157" LastModifiedDate="0001-01-01T00:00:00Z" ContentType="application\datamodel" ParentFolderID="823880ABFE2D2F8411CC301E48DB2598" DisplayName="Data Model">
      <File ID="8253A0291B57E1AC11DDE381ADF50E95" Name="Schema.xsd" BaseFileID="823880ABFE2D2F8411CC301E48DB259A" PrevVerFileID="8237FEF1B4C8339611CC35BD6E0FFDA4" AppID="823880ABFE2D2F8411CC301E48DB2591" ParentFolderID="823880ABFE2D2F8411CC301E48DB2599" ProcGroupID="823880ABFE2D2F8411CC301E48DB2598" Description="" Version="1.02" Status="RELEASED" ContentType="user\datamodel" CheckedOutBy="" CheckedOutDate="0001-01-01T00:00:00Z" CreatedDate="2023-04-25T11:56:04.433" CreatedBy="40001842" LastModifiedDate="2023-04-25T11:56:16.333" LastModifiedBy="40001842" ThemeID="" ExtraInfo="[{&quot;Name&quot; : &quot;NamespaceUpdated&quot; , &quot;Value&quot; : &quot;True&quot;}]" DisplayName="Schema.xsd" />
      <File ID="8253A0291B57E1AC11DDE381ADF50E96" Name="DoITViewFirewallRequests" BaseFileID="823880ABFE2D2F8411CC301E48DB259B" PrevVerFileID="8237FEF1B4C8339611CC35BD6E0FFDA5" AppID="823880ABFE2D2F8411CC301E48DB2591" ParentFolderID="823880ABFE2D2F8411CC301E48DB2599" ProcGroupID="823880ABFE2D2F8411CC301E48DB2598" Description="Datasource DoITViewFirewallRequests Schema" Version="1.02" Status="RELEASED" ContentType="user\apdataentitydatamodel" CheckedOutBy="" CheckedOutDate="0001-01-01T00:00:00Z" CreatedDate="2023-04-25T11:56:04.513" CreatedBy="40001842" LastModifiedDate="2023-04-25T11:56:04.56" LastModifiedBy="40001842" ThemeID="" ExtraInfo="" DisplayName="DoITViewFirewallRequests" />
    </Folder>
    <Folder ID="823880ABFE2D2F8411CC301E48DB259C" Name="Data Source" ProcGroupID="823880ABFE2D2F8411CC301E48DB2598" AppID="823880ABFE2D2F8411CC301E48DB2591" Description="" CreatedBy="162157" CreatedDate="0001-01-01T00:00:00Z" LastModifiedBy="162157" LastModifiedDate="0001-01-01T00:00:00Z" ContentType="application\datasources" ParentFolderID="823880ABFE2D2F8411CC301E48DB2598" DisplayName="Data Source">
      <File ID="8253A0291B57E1AC11DDE381A7FA4AA8" Name="DoITViewFirewallRequests" BaseFileID="823880ABFE2D2F8411CC301E48DB259D" PrevVerFileID="8237FEF1B4C8339611CC35BD6E0FFDA6" AppID="823880ABFE2D2F8411CC301E48DB2591" ParentFolderID="823880ABFE2D2F8411CC301E48DB259C" ProcGroupID="823880ABFE2D2F8411CC301E48DB2598" Description="" Version="1.02" Status="RELEASED" ContentType="user\APDataEntityDataSource" CheckedOutBy="" CheckedOutDate="0001-01-01T00:00:00Z" CreatedDate="2023-04-25T11:55:56.017" CreatedBy="40001842" LastModifiedDate="2023-04-25T11:56:16.38" LastModifiedBy="40001842" ThemeID="" ExtraInfo="" DisplayName="DoITViewFirewallRequests" />
    </Folder>
    <Folder ID="823880ABFE2D2F8411CC301E48DB259E" Name="Library" ProcGroupID="823880ABFE2D2F8411CC301E48DB2598" AppID="823880ABFE2D2F8411CC301E48DB2591" Description="" CreatedBy="162157" CreatedDate="0001-01-01T00:00:00Z" LastModifiedBy="162157" LastModifiedDate="0001-01-01T00:00:00Z" ContentType="application\taskformlibrary" ParentFolderID="823880ABFE2D2F8411CC301E48DB2598" DisplayName="Library">
      <File ID="8253A0291B57E1AC11DDE3819C02C2FB" Name="Form Library" BaseFileID="823880ABFE2D2F8411CC301E48DB259F" PrevVerFileID="8237FEF1B4C8339611CC35BD6E0FFDA7" AppID="823880ABFE2D2F8411CC301E48DB2591" ParentFolderID="823880ABFE2D2F8411CC301E48DB259E" ProcGroupID="823880ABFE2D2F8411CC301E48DB2598" Description="" Version="1.01" Status="RELEASED" ContentType="user\taskformlibrary" CheckedOutBy="" CheckedOutDate="0001-01-01T00:00:00Z" CreatedDate="2023-04-25T11:55:42.783" CreatedBy="40001842" LastModifiedDate="2023-04-25T11:55:42.783" LastModifiedBy="40001842" ThemeID="" ExtraInfo="" DisplayName="Form Library" />
    </Folder>
    <Folder ID="823880ABFE2D2F8411CC301E48DB25A0" Name="Forms" ProcGroupID="823880ABFE2D2F8411CC301E48DB2598" AppID="823880ABFE2D2F8411CC301E48DB2591" Description="" CreatedBy="162157" CreatedDate="0001-01-01T00:00:00Z" LastModifiedBy="162157" LastModifiedDate="0001-01-01T00:00:00Z" ContentType="application\formsgroup" ParentFolderID="823880ABFE2D2F8411CC301E48DB2598" DisplayName="Forms">
      <Folder ID="823880ABFE2D2F8411CC301E48DB25A1" Name="New" ProcGroupID="823880ABFE2D2F8411CC301E48DB2598" AppID="823880ABFE2D2F8411CC301E48DB2591" Description="" CreatedBy="162157" CreatedDate="0001-01-01T00:00:00Z" LastModifiedBy="162157" LastModifiedDate="0001-01-01T00:00:00Z" ContentType="application\newforms" ParentFolderID="823880ABFE2D2F8411CC301E48DB25A0" DisplayName="New">
        <File ID="8253A0291B57E1AC11DDE3819C02C2FC" Name="New DoIT Firewall Change Requests" BaseFileID="823880ABFE2D2F8411CC301E48DB25A2" PrevVerFileID="8237FEF1B4C8339611CC35BD6E0FFDA8" AppID="823880ABFE2D2F8411CC301E48DB2591" ParentFolderID="823880ABFE2D2F8411CC301E48DB25A1" ProcGroupID="823880ABFE2D2F8411CC301E48DB2598" Description="" Version="1.01" Status="RELEASED" ContentType="user\newforms" CheckedOutBy="" CheckedOutDate="0001-01-01T00:00:00Z" CreatedDate="2023-04-25T11:55:42.847" CreatedBy="40001842" LastModifiedDate="2023-04-25T11:55:42.847" LastModifiedBy="40001842" ThemeID="" ExtraInfo="" DisplayName="New DoIT Firewall Change Requests" />
      </Folder>
      <Folder ID="823880ABFE2D2F8411CC301E48DB25A3" Name="Update" ProcGroupID="823880ABFE2D2F8411CC301E48DB2598" AppID="823880ABFE2D2F8411CC301E48DB2591" Description="" CreatedBy="162157" CreatedDate="0001-01-01T00:00:00Z" LastModifiedBy="162157" LastModifiedDate="0001-01-01T00:00:00Z" ContentType="application\updateforms" ParentFolderID="823880ABFE2D2F8411CC301E48DB25A0" DisplayName="Update">
        <File ID="8253A0291B57E1AC11DDE3819C02C2FD" Name="Update DoIT Firewall Change Requests" BaseFileID="823880ABFE2D2F8411CC301E48DB25A4" PrevVerFileID="8237FEF1B4C8339611CC35BD6E0FFDA9" AppID="823880ABFE2D2F8411CC301E48DB2591" ParentFolderID="823880ABFE2D2F8411CC301E48DB25A3" ProcGroupID="823880ABFE2D2F8411CC301E48DB2598" Description="" Version="1.01" Status="RELEASED" ContentType="user\updateforms" CheckedOutBy="" CheckedOutDate="0001-01-01T00:00:00Z" CreatedDate="2023-04-25T11:55:42.86" CreatedBy="40001842" LastModifiedDate="2023-04-25T11:55:42.86" LastModifiedBy="40001842" ThemeID="" ExtraInfo="" DisplayName="Update DoIT Firewall Change Requests" />
      </Folder>
      <Folder ID="823880ABFE2D2F8411CC301E48DB25A5" Name="Widgets" ProcGroupID="823880ABFE2D2F8411CC301E48DB2598" AppID="823880ABFE2D2F8411CC301E48DB2591" Description="" CreatedBy="162157" CreatedDate="0001-01-01T00:00:00Z" LastModifiedBy="162157" LastModifiedDate="0001-01-01T00:00:00Z" ContentType="application\widgets" ParentFolderID="823880ABFE2D2F8411CC301E48DB25A0" DisplayName="Widgets" />
      <Folder ID="823880ABFE2D2F8411CC301E48DB25A6" Name="Views" ProcGroupID="823880ABFE2D2F8411CC301E48DB2598" AppID="823880ABFE2D2F8411CC301E48DB2591" Description="" CreatedBy="162157" CreatedDate="0001-01-01T00:00:00Z" LastModifiedBy="162157" LastModifiedDate="0001-01-01T00:00:00Z" ContentType="application\views" ParentFolderID="823880ABFE2D2F8411CC301E48DB25A0" DisplayName="Views">
        <File ID="8253A0291B57E1AC11DDE3819C02C301" Name="Recently Modified DoIT Firewall Change Requestss" BaseFileID="823880ABFE2D2F8411CC301E48DB25A7" PrevVerFileID="8237FEF1B4C8339611CC35BD6E0FFDAC" AppID="823880ABFE2D2F8411CC301E48DB2591" ParentFolderID="823880ABFE2D2F8411CC301E48DB25A6" ProcGroupID="823880ABFE2D2F8411CC301E48DB2598" Description="" Version="1.01" Status="RELEASED" ContentType="user\views" CheckedOutBy="" CheckedOutDate="0001-01-01T00:00:00Z" CreatedDate="2023-04-25T11:55:42.91" CreatedBy="40001842" LastModifiedDate="2023-04-25T11:55:42.91" LastModifiedBy="40001842" ThemeID="" ExtraInfo="" DisplayName="Recently Modified DoIT Firewall Change Requestss" />
        <File ID="8253A0291B57E1AC11DDE3819C02C302" Name="All DoIT Firewall Change Requestss" BaseFileID="823880ABFE2D2F8411CC301E48DB25AA" PrevVerFileID="8237FEF1B4C8339611CC35BD6E0FFDAE" AppID="823880ABFE2D2F8411CC301E48DB2591" ParentFolderID="823880ABFE2D2F8411CC301E48DB25A6" ProcGroupID="823880ABFE2D2F8411CC301E48DB2598" Description="" Version="1.01" Status="RELEASED" ContentType="user\views" CheckedOutBy="" CheckedOutDate="0001-01-01T00:00:00Z" CreatedDate="2023-04-25T11:55:42.91" CreatedBy="40001842" LastModifiedDate="2023-04-25T11:55:42.91" LastModifiedBy="40001842" ThemeID="" ExtraInfo="" DisplayName="All DoIT Firewall Change Requestss" />
        <File ID="8253A0291B57E1AC11DDE3819C02C2FF" Name="Export all records to CSV" BaseFileID="8237FEF1B4C8339611CC35BD6E0FFDAB" PrevVerFileID="8237FEF1B4C8339611CC35BD6E0FFDAB" AppID="823880ABFE2D2F8411CC301E48DB2591" ParentFolderID="823880ABFE2D2F8411CC301E48DB25A6" ProcGroupID="823880ABFE2D2F8411CC301E48DB2598" Description="" Version="1.0" Status="RELEASED" ContentType="user\views" CheckedOutBy="" CheckedOutDate="0001-01-01T00:00:00Z" CreatedDate="2023-04-25T11:55:42.9" CreatedBy="40001842" LastModifiedDate="2023-04-25T11:55:42.9" LastModifiedBy="40001842" ThemeID="" ExtraInfo="" DisplayName="Export all records to CSV" />
        <File ID="8253A0291B57E1AC11DDE3819C02C300" Name="Recently Created DoIT Firewall Change Requestss" BaseFileID="823880ABFE2D2F8411CC301E48DB25A8" PrevVerFileID="8237FEF1B4C8339611CC35BD6E0FFDAD" AppID="823880ABFE2D2F8411CC301E48DB2591" ParentFolderID="823880ABFE2D2F8411CC301E48DB25A6" ProcGroupID="823880ABFE2D2F8411CC301E48DB2598" Description="" Version="1.01" Status="RELEASED" ContentType="user\views" CheckedOutBy="" CheckedOutDate="0001-01-01T00:00:00Z" CreatedDate="2023-04-25T11:55:42.9" CreatedBy="40001842" LastModifiedDate="2023-04-25T11:55:42.9" LastModifiedBy="40001842" ThemeID="" ExtraInfo="" DisplayName="Recently Created DoIT Firewall Change Requestss" />
      </Folder>
    </Folder>
    <Folder ID="823880ABFE2D2F8411CC301E48DB25AB" Name="Lookups" ProcGroupID="823880ABFE2D2F8411CC301E48DB2598" AppID="823880ABFE2D2F8411CC301E48DB2591" Description="" CreatedBy="162157" CreatedDate="0001-01-01T00:00:00Z" LastModifiedBy="162157" LastModifiedDate="0001-01-01T00:00:00Z" ContentType="application\lookup" ParentFolderID="823880ABFE2D2F8411CC301E48DB2598" DisplayName="Lookups">
      <File ID="8253A0291B57E1AC11DDE3819C02C306" Name="GetDoIT Firewall Change RequestssRecentlyModified" BaseFileID="823880ABFE2D2F8411CC301E48DB25AD" PrevVerFileID="8237FEF1B4C8339611CC35BD6E0FFDB1" AppID="823880ABFE2D2F8411CC301E48DB2591" ParentFolderID="823880ABFE2D2F8411CC301E48DB25AB" ProcGroupID="823880ABFE2D2F8411CC301E48DB2598" Description="" Version="1.01" Status="RELEASED" ContentType="user\lookupmulticolumn" CheckedOutBy="" CheckedOutDate="0001-01-01T00:00:00Z" CreatedDate="2023-04-25T11:55:42.97" CreatedBy="40001842" LastModifiedDate="2023-04-25T11:55:42.97" LastModifiedBy="40001842" ThemeID="" ExtraInfo="" DisplayName="GetDoIT Firewall Change RequestssRecentlyModified" />
      <File ID="8253A0291B57E1AC11DDE3819C02C305" Name="GetDoIT Firewall Change RequestssRecentlyCreated" BaseFileID="823880ABFE2D2F8411CC301E48DB25AC" PrevVerFileID="8237FEF1B4C8339611CC35BD6E0FFDB0" AppID="823880ABFE2D2F8411CC301E48DB2591" ParentFolderID="823880ABFE2D2F8411CC301E48DB25AB" ProcGroupID="823880ABFE2D2F8411CC301E48DB2598" Description="" Version="1.01" Status="RELEASED" ContentType="user\lookupmulticolumn" CheckedOutBy="" CheckedOutDate="0001-01-01T00:00:00Z" CreatedDate="2023-04-25T11:55:42.957" CreatedBy="40001842" LastModifiedDate="2023-04-25T11:55:42.957" LastModifiedBy="40001842" ThemeID="" ExtraInfo="" DisplayName="GetDoIT Firewall Change RequestssRecentlyCreated" />
      <File ID="8253A0291B57E1AC11DDE3819C02C303" Name="GetDoIT Firewall Change Requestss" BaseFileID="823880ABFE2D2F8411CC301E48DB25AE" PrevVerFileID="8237FEF1B4C8339611CC35BD6E0FFDB2" AppID="823880ABFE2D2F8411CC301E48DB2591" ParentFolderID="823880ABFE2D2F8411CC301E48DB25AB" ProcGroupID="823880ABFE2D2F8411CC301E48DB2598" Description="" Version="1.01" Status="RELEASED" ContentType="user\lookupmulticolumn" CheckedOutBy="" CheckedOutDate="0001-01-01T00:00:00Z" CreatedDate="2023-04-25T11:55:42.94" CreatedBy="40001842" LastModifiedDate="2023-04-25T11:55:42.94" LastModifiedBy="40001842" ThemeID="" ExtraInfo="" DisplayName="GetDoIT Firewall Change Requestss" />
      <File ID="8253A0291B57E1AC11DDE3819C02C304" Name="ExportallrecordstoCSV" BaseFileID="8237FEF1B4C8339611CC35BD6E0FFDAF" PrevVerFileID="8237FEF1B4C8339611CC35BD6E0FFDAF" AppID="823880ABFE2D2F8411CC301E48DB2591" ParentFolderID="823880ABFE2D2F8411CC301E48DB25AB" ProcGroupID="823880ABFE2D2F8411CC301E48DB2598" Description="" Version="1.0" Status="RELEASED" ContentType="user\lookupmulticolumn" CheckedOutBy="" CheckedOutDate="0001-01-01T00:00:00Z" CreatedDate="2023-04-25T11:55:42.94" CreatedBy="40001842" LastModifiedDate="2023-04-25T11:55:42.94" LastModifiedBy="40001842" ThemeID="" ExtraInfo="" DisplayName="ExportallrecordstoCSV" />
    </Folder>
    <Folder ID="823880ABFE2D2F8411CC301E48DB25AF" Name="Translation" ProcGroupID="823880ABFE2D2F8411CC301E48DB2598" AppID="823880ABFE2D2F8411CC301E48DB2591" Description="" CreatedBy="162157" CreatedDate="0001-01-01T00:00:00Z" LastModifiedBy="162157" LastModifiedDate="0001-01-01T00:00:00Z" ContentType="application\translation" ParentFolderID="823880ABFE2D2F8411CC301E48DB2598" DisplayName="Translation" />
    <Folder ID="823880ABFE2D2F8411CC301E48DB25B0" Name="Document Repository" ProcGroupID="823880ABFE2D2F8411CC301E48DB2598" AppID="823880ABFE2D2F8411CC301E48DB2591" Description="" CreatedBy="162157" CreatedDate="0001-01-01T00:00:00Z" LastModifiedBy="162157" LastModifiedDate="0001-01-01T00:00:00Z" ContentType="application\documentrepository" ParentFolderID="823880ABFE2D2F8411CC301E48DB2598" DisplayName="Document Repository" />
    <Folder ID="823880ABFE2D2F8411CC301E48DB25B1" Name="System Files" ProcGroupID="823880ABFE2D2F8411CC301E48DB2598" AppID="823880ABFE2D2F8411CC301E48DB2591" Description="" CreatedBy="162157" CreatedDate="0001-01-01T00:00:00Z" LastModifiedBy="162157" LastModifiedDate="0001-01-01T00:00:00Z" ContentType="application\hidden" ParentFolderID="823880ABFE2D2F8411CC301E48DB2598" DisplayName="System Files" />
    <Folder ID="823880ABFE2D2F8411CC301E48DB25B2" Name="Process Model" ProcGroupID="823880ABFE2D2F8411CC301E48DB2598" AppID="823880ABFE2D2F8411CC301E48DB2591" Description="" CreatedBy="162157" CreatedDate="0001-01-01T00:00:00Z" LastModifiedBy="162157" LastModifiedDate="0001-01-01T00:00:00Z" ContentType="application\processmodel" ParentFolderID="823880ABFE2D2F8411CC301E48DB2598" DisplayName="Process Model">
      <File ID="8253A0291B57E1AC11DDE3819C02C30B" Name="DoIT - View Firewall Change Requests_Export all records to CSV" BaseFileID="8237FEF1B4C8339611CC35BD6E0FFDB3" PrevVerFileID="8237FEF1B4C8339611CC35BD6E0FFDB3" AppID="823880ABFE2D2F8411CC301E48DB2591" ParentFolderID="823880ABFE2D2F8411CC301E48DB25B2" ProcGroupID="823880ABFE2D2F8411CC301E48DB2598" Description="" Version="1.0" Status="RELEASED" ContentType="user\processmodel" CheckedOutBy="" CheckedOutDate="0001-01-01T00:00:00Z" CreatedDate="2023-04-25T11:55:43.063" CreatedBy="40001842" LastModifiedDate="2023-04-25T11:55:43.063" LastModifiedBy="40001842" ThemeID="" ExtraInfo="" DisplayName="Export all records to CSV" />
      <File ID="8253A0291B57E1AC11DDE3819C02C30C" Name="DoIT - View Firewall Change Requests_Update DoIT Firewall Change Requests" BaseFileID="823880ABFE2D2F8411CC301E48DB25B3" PrevVerFileID="8237FEF1B4C8339611CC35BD6E0FFDB4" AppID="823880ABFE2D2F8411CC301E48DB2591" ParentFolderID="823880ABFE2D2F8411CC301E48DB25B2" ProcGroupID="823880ABFE2D2F8411CC301E48DB2598" Description="" Version="1.01" Status="RELEASED" ContentType="user\processmodel" CheckedOutBy="" CheckedOutDate="0001-01-01T00:00:00Z" CreatedDate="2023-04-25T11:55:43.063" CreatedBy="40001842" LastModifiedDate="2023-04-25T11:55:43.063" LastModifiedBy="40001842" ThemeID="" ExtraInfo="" DisplayName="Update DoIT Firewall Change Requests" />
      <File ID="8253A0291B57E1AC11DDE3819C02C30A" Name="DoIT - View Firewall Change Requests_New DoIT Firewall Change Requests" BaseFileID="823880ABFE2D2F8411CC301E48DB25B7" PrevVerFileID="8237FEF1B4C8339611CC35BD6E0FFDB8" AppID="823880ABFE2D2F8411CC301E48DB2591" ParentFolderID="823880ABFE2D2F8411CC301E48DB25B2" ProcGroupID="823880ABFE2D2F8411CC301E48DB2598" Description="" Version="1.01" Status="RELEASED" ContentType="user\processmodel" CheckedOutBy="" CheckedOutDate="0001-01-01T00:00:00Z" CreatedDate="2023-04-25T11:55:43.05" CreatedBy="40001842" LastModifiedDate="2023-04-25T11:55:43.05" LastModifiedBy="40001842" ThemeID="" ExtraInfo="" DisplayName="New DoIT Firewall Change Requests" />
      <File ID="8253A0291B57E1AC11DDE3819C02C308" Name="DoIT - View Firewall Change Requests_Recently Modified DoIT Firewall Change Requestss" BaseFileID="823880ABFE2D2F8411CC301E48DB25B5" PrevVerFileID="8237FEF1B4C8339611CC35BD6E0FFDB6" AppID="823880ABFE2D2F8411CC301E48DB2591" ParentFolderID="823880ABFE2D2F8411CC301E48DB25B2" ProcGroupID="823880ABFE2D2F8411CC301E48DB2598" Description="" Version="1.01" Status="RELEASED" ContentType="user\processmodel" CheckedOutBy="" CheckedOutDate="0001-01-01T00:00:00Z" CreatedDate="2023-04-25T11:55:43.033" CreatedBy="40001842" LastModifiedDate="2023-04-25T11:55:43.033" LastModifiedBy="40001842" ThemeID="" ExtraInfo="" DisplayName="Recently Modified DoIT Firewall Change Requestss" />
      <File ID="8253A0291B57E1AC11DDE3819C02C309" Name="DoIT - View Firewall Change Requests_Recently Created DoIT Firewall Change Requestss" BaseFileID="823880ABFE2D2F8411CC301E48DB25B6" PrevVerFileID="8237FEF1B4C8339611CC35BD6E0FFDB7" AppID="823880ABFE2D2F8411CC301E48DB2591" ParentFolderID="823880ABFE2D2F8411CC301E48DB25B2" ProcGroupID="823880ABFE2D2F8411CC301E48DB2598" Description="" Version="1.01" Status="RELEASED" ContentType="user\processmodel" CheckedOutBy="" CheckedOutDate="0001-01-01T00:00:00Z" CreatedDate="2023-04-25T11:55:43.033" CreatedBy="40001842" LastModifiedDate="2023-04-25T11:55:43.033" LastModifiedBy="40001842" ThemeID="" ExtraInfo="" DisplayName="Recently Created DoIT Firewall Change Requestss" />
      <File ID="8253A0291B57E1AC11DDE3819C02C307" Name="DoIT - View Firewall Change Requests_All DoIT Firewall Change Requestss" BaseFileID="823880ABFE2D2F8411CC301E48DB25B4" PrevVerFileID="8237FEF1B4C8339611CC35BD6E0FFDB5" AppID="823880ABFE2D2F8411CC301E48DB2591" ParentFolderID="823880ABFE2D2F8411CC301E48DB25B2" ProcGroupID="823880ABFE2D2F8411CC301E48DB2598" Description="" Version="1.01" Status="RELEASED" ContentType="user\processmodel" CheckedOutBy="" CheckedOutDate="0001-01-01T00:00:00Z" CreatedDate="2023-04-25T11:55:43.017" CreatedBy="40001842" LastModifiedDate="2023-04-25T11:55:43.017" LastModifiedBy="40001842" ThemeID="" ExtraInfo="" DisplayName="All DoIT Firewall Change Requestss" />
    </Folder>
    <Folder ID="823880ABFE2D2F8411CC301E48DB25B9" Name="Notification" ProcGroupID="823880ABFE2D2F8411CC301E48DB2598" AppID="823880ABFE2D2F8411CC301E48DB2591" Description="" CreatedBy="162157" CreatedDate="2021-10-18T10:18:43.693" LastModifiedBy="162157" LastModifiedDate="2021-10-18T10:18:43.693" ContentType="application\notification" ParentFolderID="823880ABFE2D2F8411CC301E48DB2598" DisplayName="Notification">
      <Folder ID="823880ABFE2D2F8411CC301E48DB25BD" Name="Attachment Repository" ProcGroupID="823880ABFE2D2F8411CC301E48DB2598" AppID="823880ABFE2D2F8411CC301E48DB2591" Description="" CreatedBy="162157" CreatedDate="2021-10-18T10:18:43.753" LastModifiedBy="162157" LastModifiedDate="2021-10-18T10:18:43.753" ContentType="application\attachmentrepository" ParentFolderID="823880ABFE2D2F8411CC301E48DB25B9" DisplayName="Attachment Repository" />
      <Folder ID="8257D4CD9C2F4D1611DDF13AC1FAB186" Name="E-mails" ProcGroupID="823880ABFE2D2F8411CC301E48DB2598" AppID="823880ABFE2D2F8411CC301E48DB2591" Description="" CreatedBy="162157" CreatedDate="2023-05-12T23:03:44.29" LastModifiedBy="162157" LastModifiedDate="2023-05-12T23:03:44.29" ContentType="application\email" ParentFolderID="823880ABFE2D2F8411CC301E48DB25B9" DisplayName="E-mails">
        <File ID="8257D4CD9C2F4D1611DDF13AE5DFD5F5" Name="Record Deleted" BaseFileID="8257D4CD9C2F4D1611DDF13AE5DFD5F5" PrevVerFileID="" AppID="823880ABFE2D2F8411CC301E48DB2591" ParentFolderID="8257D4CD9C2F4D1611DDF13AC1FAB186" ProcGroupID="823880ABFE2D2F8411CC301E48DB2598" Description="" Version="1.01" Status="DRAFT" ContentType="user\email" CheckedOutBy="" CheckedOutDate="0001-01-01T00:00:00Z" CreatedDate="2023-05-12T23:04:39.54" CreatedBy="BOSTON-P-AS01\svc_agpdev" LastModifiedDate="2023-05-12T23:04:39.68" LastModifiedBy="BOSTON-P-AS01\svc_agpdev" ThemeID="" ExtraInfo="" DisplayName="Record Deleted" />
        <File ID="8257D4CD9C2F4D1611DDF13ADFE8A5E5" Name="Record Edited" BaseFileID="8257D4CD9C2F4D1611DDF13ADFE8A5E5" PrevVerFileID="" AppID="823880ABFE2D2F8411CC301E48DB2591" ParentFolderID="8257D4CD9C2F4D1611DDF13AC1FAB186" ProcGroupID="823880ABFE2D2F8411CC301E48DB2598" Description="" Version="1.01" Status="DRAFT" ContentType="user\email" CheckedOutBy="" CheckedOutDate="0001-01-01T00:00:00Z" CreatedDate="2023-05-12T23:04:39.15" CreatedBy="BOSTON-P-AS01\svc_agpdev" LastModifiedDate="2023-05-12T23:04:39.273" LastModifiedBy="BOSTON-P-AS01\svc_agpdev" ThemeID="" ExtraInfo="" DisplayName="Record Edited" />
        <File ID="8257D4CD9C2F4D1611DDF13ADFE8A5E2" Name="Record Added" BaseFileID="8257D4CD9C2F4D1611DDF13ADFE8A5E2" PrevVerFileID="" AppID="823880ABFE2D2F8411CC301E48DB2591" ParentFolderID="8257D4CD9C2F4D1611DDF13AC1FAB186" ProcGroupID="823880ABFE2D2F8411CC301E48DB2598" Description="" Version="1.01" Status="DRAFT" ContentType="user\email" CheckedOutBy="" CheckedOutDate="0001-01-01T00:00:00Z" CreatedDate="2023-05-12T23:04:38.773" CreatedBy="BOSTON-P-AS01\svc_agpdev" LastModifiedDate="2023-05-12T23:04:38.913" LastModifiedBy="BOSTON-P-AS01\svc_agpdev" ThemeID="" ExtraInfo="" DisplayName="Record Added" />
      </Folder>
    </Folder>
  </Folder>
  <CoAuthored>false</CoAuthored>
  <IsAIGenerated>false</IsAIGenerated>
</WFEnabledApplication>