<?xml version="1.0"?>
<WFApplicationDynamicDependencies xmlns:xsd="http://www.w3.org/2001/XMLSchema" xmlns:xsi="http://www.w3.org/2001/XMLSchema-instance">
  <AppName>MO - Childcare Survey</AppName>
  <Version>Unpublished</Version>
  <DataEntities>
    <DataEntity>
      <EntityName>MOChildcareSurveys__u</EntityName>
      <EntityDisplayName>MO - Childcare Surveys</EntityDisplayName>
      <UsedIn>
        <DependencyUsedIn>
          <FileName>MOChildcareSurveys</FileName>
          <FileDisplayName>MOChildcareSurveys</FileDisplayName>
          <Activities />
          <FileType>Data Source</FileType>
          <NumberOfTimesUsed>1</NumberOfTimesUsed>
        </DependencyUsedIn>
      </UsedIn>
      <IsExists>false</IsExists>
    </DataEntity>
    <DataEntity>
      <EntityName>mochildcaresurveychildren__u</EntityName>
      <EntityDisplayName>MO - Childcare Survey Children</EntityDisplayName>
      <UsedIn>
        <DependencyUsedIn>
          <FileName>MOChildcareSurveys</FileName>
          <FileDisplayName>MOChildcareSurveys</FileDisplayName>
          <Activities />
          <FileType>Data Source</FileType>
          <NumberOfTimesUsed>1</NumberOfTimesUsed>
        </DependencyUsedIn>
      </UsedIn>
      <IsExists>false</IsExists>
    </DataEntity>
    <DataEntity>
      <EntityName>COBZipCodes__u</EntityName>
      <EntityDisplayName>COB - Zip Codes</EntityDisplayName>
      <UsedIn>
        <DependencyUsedIn>
          <FileName>COBZipCodes</FileName>
          <FileDisplayName>COBZipCodes</FileDisplayName>
          <Activities />
          <FileType>Lookup</FileType>
          <NumberOfTimesUsed>1</NumberOfTimesUsed>
        </DependencyUsedIn>
        <DependencyUsedIn>
          <FileName>ValidateBostonZip</FileName>
          <FileDisplayName>ValidateBostonZip</FileDisplayName>
          <Activities />
          <FileType>Lookup</FileType>
          <NumberOfTimesUsed>1</NumberOfTimesUsed>
        </DependencyUsedIn>
      </UsedIn>
      <IsExists>false</IsExists>
    </DataEntity>
  </DataEntities>
  <TranslationLanguages>
    <TranslationLanguage>
      <LanguageName>French</LanguageName>
      <LanguageCode>fr</LanguageCode>
      <IsExists>false</IsExists>
    </TranslationLanguage>
    <TranslationLanguage>
      <LanguageName>Spanish</LanguageName>
      <LanguageCode>es</LanguageCode>
      <IsExists>false</IsExists>
    </TranslationLanguage>
    <TranslationLanguage>
      <LanguageName>Creole (Cape Verdean)</LanguageName>
      <LanguageCode>af</LanguageCode>
      <IsExists>false</IsExists>
    </TranslationLanguage>
    <TranslationLanguage>
      <LanguageName>Portuguese (Brazil)</LanguageName>
      <LanguageCode>pt-BR</LanguageCode>
      <IsExists>false</IsExists>
    </TranslationLanguage>
    <TranslationLanguage>
      <LanguageName>Vietnamese</LanguageName>
      <LanguageCode>vi</LanguageCode>
      <IsExists>false</IsExists>
    </TranslationLanguage>
    <TranslationLanguage>
      <LanguageName>Haitian Creole</LanguageName>
      <LanguageCode>bg</LanguageCode>
      <IsExists>false</IsExists>
    </TranslationLanguage>
    <TranslationLanguage>
      <LanguageName>Chinese (Traditional)</LanguageName>
      <LanguageCode>zh-Hant</LanguageCode>
      <IsExists>false</IsExists>
    </TranslationLanguage>
  </TranslationLanguages>
</WFApplicationDynamicDependencies>