<?xml version="1.0"?>
<WFEnabledApplication xmlns:xsd="http://www.w3.org/2001/XMLSchema" xmlns:xsi="http://www.w3.org/2001/XMLSchema-instance" ID="82598F4031FCF3BC11DDABCF8942177C" Name="MO - Childcare Survey" Description="" Status="RELEASED" CreatedDate="2023-02-13T13:52:21.37" CreatedBy="40003040" AppType="eForms" Visibility="PAAS" ContentType="application" DisplayName="MO - Childcare Survey" AppLocale="customlocale" ParentApplicationId="">
  <Folder ID="82598F4031FCF3BC11DDABCF8942177D" Name="Shared Resources" ProcGroupID="" AppID="82598F4031FCF3BC11DDABCF8942177C" Description="" CreatedBy="40003040" CreatedDate="0001-01-01T00:00:00Z" LastModifiedBy="40003040" LastModifiedDate="0001-01-01T00:00:00Z" ContentType="Any" ParentFolderID="82598F4031FCF3BC11DDABCF8942177C" DisplayName="Shared Resources">
    <Folder ID="82598F4031FCF3BC11DDABCF8942177E" Name="Style Sheets" ProcGroupID="" AppID="82598F4031FCF3BC11DDABCF8942177C" Description="" CreatedBy="40003040" CreatedDate="0001-01-01T00:00:00Z" LastModifiedBy="40003040" LastModifiedDate="0001-01-01T00:00:00Z" ContentType="application\CSS" ParentFolderID="82598F4031FCF3BC11DDABCF8942177D" DisplayName="Style Sheets" />
    <Folder ID="82598F4031FCF3BC11DDABCF8942177F" Name="JavaScript" ProcGroupID="" AppID="82598F4031FCF3BC11DDABCF8942177C" Description="" CreatedBy="40003040" CreatedDate="0001-01-01T00:00:00Z" LastModifiedBy="40003040" LastModifiedDate="0001-01-01T00:00:00Z" ContentType="application\js" ParentFolderID="82598F4031FCF3BC11DDABCF8942177D" DisplayName="JavaScript" />
    <Folder ID="82598F4031FCF3BC11DDABCF89421780" Name="Images" ProcGroupID="" AppID="82598F4031FCF3BC11DDABCF8942177C" Description="" CreatedBy="40003040" CreatedDate="0001-01-01T00:00:00Z" LastModifiedBy="40003040" LastModifiedDate="0001-01-01T00:00:00Z" ContentType="application\image" ParentFolderID="82598F4031FCF3BC11DDABCF8942177D" DisplayName="Images" />
    <Folder ID="82598F4031FCF3BC11DDABCF89421782" Name="Access Tokens" ProcGroupID="" AppID="82598F4031FCF3BC11DDABCF8942177C" Description="" CreatedBy="40003040" CreatedDate="0001-01-01T00:00:00Z" LastModifiedBy="40003040" LastModifiedDate="0001-01-01T00:00:00Z" ContentType="application\apptoken" ParentFolderID="82598F4031FCF3BC11DDABCF8942177D" DisplayName="Access Tokens" />
    <Folder ID="82598F4031FCF3BC11DDABCF89421783" Name="Application Resources" ProcGroupID="" AppID="82598F4031FCF3BC11DDABCF8942177C" Description="" CreatedBy="40003040" CreatedDate="0001-01-01T00:00:00Z" LastModifiedBy="40003040" LastModifiedDate="0001-01-01T00:00:00Z" ContentType="application\applicationresources" ParentFolderID="82598F4031FCF3BC11DDABCF8942177D" DisplayName="Application Resources" />
    <Folder ID="825FC2FFACA72A8211DDE63888F826D0" Name="Comments" ProcGroupID="82598F4031FCF3BC11DDABCF8942177D" AppID="82598F4031FCF3BC11DDABCF8942177C" Description="" CreatedBy="40003040" CreatedDate="2023-04-28T22:50:10.71" LastModifiedBy="40003040" LastModifiedDate="2023-04-28T22:50:10.71" ContentType="application\comments" ParentFolderID="82598F4031FCF3BC11DDABCF8942177D" DisplayName="Comments" />
  </Folder>
  <Folder ID="82598F4031FCF3BC11DDABCF89421784" Name="Processes" ProcGroupID="" AppID="82598F4031FCF3BC11DDABCF8942177C" Description="" CreatedBy="40003040" CreatedDate="0001-01-01T00:00:00Z" LastModifiedBy="40003040" LastModifiedDate="0001-01-01T00:00:00Z" ContentType="application\processgroup" ParentFolderID="82598F4031FCF3BC11DDABCF8942177C" DisplayName="Processes">
    <Folder ID="82598F4031FCF3BC11DDABCF89421785" Name="MO - Childcare Survey" ProcGroupID="" AppID="82598F4031FCF3BC11DDABCF8942177C" Description="" CreatedBy="40003040" CreatedDate="0001-01-01T00:00:00Z" LastModifiedBy="40003040" LastModifiedDate="0001-01-01T00:00:00Z" ContentType="user\processgroup" ParentFolderID="82598F4031FCF3BC11DDABCF89421784" DisplayName="MO - Childcare Survey">
      <Folder ID="82598F4031FCF3BC11DDABCF89421786" Name="Process Model" ProcGroupID="82598F4031FCF3BC11DDABCF89421785" AppID="82598F4031FCF3BC11DDABCF8942177C" Description="" CreatedBy="40003040" CreatedDate="0001-01-01T00:00:00Z" LastModifiedBy="40003040" LastModifiedDate="0001-01-01T00:00:00Z" ContentType="application\processmodel" ParentFolderID="82598F4031FCF3BC11DDABCF89421785" DisplayName="Process Model">
        <File ID="826FF205F6C807D911EEB6109F20DF07" Name="MO - Childcare Survey" BaseFileID="82598F4031FCF3BC11DDABCF89421787" PrevVerFileID="825BD998DE1E427711DDE38131EDB4A1" AppID="82598F4031FCF3BC11DDABCF8942177C" ParentFolderID="82598F4031FCF3BC11DDABCF89421786" ProcGroupID="82598F4031FCF3BC11DDABCF89421785" Description="" Version="1.09" Status="RELEASED" ContentType="user\processmodel" CheckedOutBy="" CheckedOutDate="0001-01-01T00:00:00Z" CreatedDate="2024-01-18T09:48:28.667" CreatedBy="40003040" LastModifiedDate="2024-01-18T09:48:28.667" LastModifiedBy="40003040" ThemeID="" ExtraInfo="" DisplayName="MO - Childcare Survey" />
      </Folder>
      <Folder ID="82598F4031FCF3BC11DDABCF89421789" Name="Notification" ProcGroupID="82598F4031FCF3BC11DDABCF89421785" AppID="82598F4031FCF3BC11DDABCF8942177C" Description="" CreatedBy="40003040" CreatedDate="0001-01-01T00:00:00Z" LastModifiedBy="40003040" LastModifiedDate="0001-01-01T00:00:00Z" ContentType="application\notification" ParentFolderID="82598F4031FCF3BC11DDABCF89421785" DisplayName="Notification">
        <Folder ID="82598F4031FCF3BC11DDABCF8942178A" Name="E-mails" ProcGroupID="82598F4031FCF3BC11DDABCF89421785" AppID="82598F4031FCF3BC11DDABCF8942177C" Description="" CreatedBy="40003040" CreatedDate="0001-01-01T00:00:00Z" LastModifiedBy="40003040" LastModifiedDate="0001-01-01T00:00:00Z" ContentType="application\email" ParentFolderID="82598F4031FCF3BC11DDABCF89421789" DisplayName="E-mails" />
        <Folder ID="82598F4031FCF3BC11DDABCF8942178B" Name="Yammer" ProcGroupID="82598F4031FCF3BC11DDABCF89421785" AppID="82598F4031FCF3BC11DDABCF8942177C" Description="" CreatedBy="40003040" CreatedDate="0001-01-01T00:00:00Z" LastModifiedBy="40003040" LastModifiedDate="0001-01-01T00:00:00Z" ContentType="application\yammer" ParentFolderID="82598F4031FCF3BC11DDABCF89421789" DisplayName="Yammer" />
        <Folder ID="82598F4031FCF3BC11DDABCF8942178C" Name="Chatter" ProcGroupID="82598F4031FCF3BC11DDABCF89421785" AppID="82598F4031FCF3BC11DDABCF8942177C" Description="" CreatedBy="40003040" CreatedDate="0001-01-01T00:00:00Z" LastModifiedBy="40003040" LastModifiedDate="0001-01-01T00:00:00Z" ContentType="application\chatter" ParentFolderID="82598F4031FCF3BC11DDABCF89421789" DisplayName="Chatter" />
        <Folder ID="82598F4031FCF3BC11DDABCF8942178D" Name="MicrosoftTeams" ProcGroupID="82598F4031FCF3BC11DDABCF89421785" AppID="82598F4031FCF3BC11DDABCF8942177C" Description="" CreatedBy="40003040" CreatedDate="0001-01-01T00:00:00Z" LastModifiedBy="40003040" LastModifiedDate="2023-04-28T22:50:11.117" ContentType="application\microsoftteams" ParentFolderID="82598F4031FCF3BC11DDABCF89421789" DisplayName="Microsoft Teams" />
        <Folder ID="82598F4031FCF3BC11DDABCF8942178E" Name="SMS" ProcGroupID="82598F4031FCF3BC11DDABCF89421785" AppID="82598F4031FCF3BC11DDABCF8942177C" Description="" CreatedBy="40003040" CreatedDate="0001-01-01T00:00:00Z" LastModifiedBy="40003040" LastModifiedDate="0001-01-01T00:00:00Z" ContentType="application\sms" ParentFolderID="82598F4031FCF3BC11DDABCF89421789" DisplayName="SMS" />
        <Folder ID="82598F4031FCF3BC11DDABCF8942178F" Name="Attachment Repository" ProcGroupID="82598F4031FCF3BC11DDABCF89421785" AppID="82598F4031FCF3BC11DDABCF8942177C" Description="" CreatedBy="40003040" CreatedDate="0001-01-01T00:00:00Z" LastModifiedBy="40003040" LastModifiedDate="0001-01-01T00:00:00Z" ContentType="application\attachmentrepository" ParentFolderID="82598F4031FCF3BC11DDABCF89421789" DisplayName="Attachment Repository" />
      </Folder>
      <Folder ID="82598F4031FCF3BC11DDABCF89421790" Name="Data Model" ProcGroupID="82598F4031FCF3BC11DDABCF89421785" AppID="82598F4031FCF3BC11DDABCF8942177C" Description="" CreatedBy="40003040" CreatedDate="0001-01-01T00:00:00Z" LastModifiedBy="40003040" LastModifiedDate="0001-01-01T00:00:00Z" ContentType="application\datamodel" ParentFolderID="82598F4031FCF3BC11DDABCF89421785" DisplayName="Data Model">
        <File ID="8270BB6579C2659711EEB610C5A5F178" Name="Schema.xsd" BaseFileID="82598F4031FCF3BC11DDABCF89421791" PrevVerFileID="8264BFDE1181BC0911EE1C0D51D3B69B" AppID="82598F4031FCF3BC11DDABCF8942177C" ParentFolderID="82598F4031FCF3BC11DDABCF89421790" ProcGroupID="82598F4031FCF3BC11DDABCF89421785" Description="" Version="1.29" Status="RELEASED" ContentType="user\datamodel" CheckedOutBy="" CheckedOutDate="0001-01-01T00:00:00Z" CreatedDate="2024-01-18T09:49:26.963" CreatedBy="40003040" LastModifiedDate="2024-01-18T09:50:45.523" LastModifiedBy="40003040" ThemeID="" ExtraInfo="[{&quot;Name&quot; : &quot;NamespaceUpdated&quot; , &quot;Value&quot; : &quot;True&quot;}]" DisplayName="Schema.xsd" />
        <File ID="8270BB6579C2659711EEB610C5A5F179" Name="MOChildcareSurveys" BaseFileID="82598F4031FCF3BC11DDABCF89421792" PrevVerFileID="8264AB902E88E66211EE1C1DEF9F0696" AppID="82598F4031FCF3BC11DDABCF8942177C" ParentFolderID="82598F4031FCF3BC11DDABCF89421790" ProcGroupID="82598F4031FCF3BC11DDABCF89421785" Description="Datasource MOChildcareSurveys Schema" Version="1.12" Status="RELEASED" ContentType="user\apdataentitydatamodel" CheckedOutBy="" CheckedOutDate="0001-01-01T00:00:00Z" CreatedDate="2024-01-18T09:49:27.04" CreatedBy="40003040" LastModifiedDate="2024-01-18T09:49:27.04" LastModifiedBy="40003040" ThemeID="" ExtraInfo="" DisplayName="MOChildcareSurveys" />
      </Folder>
      <Folder ID="82598F4031FCF3BC11DDABCF89421793" Name="Data Source" ProcGroupID="82598F4031FCF3BC11DDABCF89421785" AppID="82598F4031FCF3BC11DDABCF8942177C" Description="" CreatedBy="40003040" CreatedDate="0001-01-01T00:00:00Z" LastModifiedBy="40003040" LastModifiedDate="0001-01-01T00:00:00Z" ContentType="application\datasources" ParentFolderID="82598F4031FCF3BC11DDABCF89421785" DisplayName="Data Source">
        <File ID="8270BB6579C2659711EEB610BFA8F3CC" Name="MOChildcareSurveys" BaseFileID="82598F4031FCF3BC11DDABCF89421795" PrevVerFileID="8264AB902E88E66211EE1C1DDDA4CA8B" AppID="82598F4031FCF3BC11DDABCF8942177C" ParentFolderID="82598F4031FCF3BC11DDABCF89421793" ProcGroupID="82598F4031FCF3BC11DDABCF89421785" Description="" Version="1.13" Status="RELEASED" ContentType="user\APDataEntityDataSource" CheckedOutBy="" CheckedOutDate="0001-01-01T00:00:00Z" CreatedDate="2024-01-18T09:49:17.937" CreatedBy="40003040" LastModifiedDate="2024-01-18T09:50:45.587" LastModifiedBy="40003040" ThemeID="" ExtraInfo="" DisplayName="MOChildcareSurveys" />
      </Folder>
      <Folder ID="82598F4031FCF3BC11DDABCF89421796" Name="Library" ProcGroupID="82598F4031FCF3BC11DDABCF89421785" AppID="82598F4031FCF3BC11DDABCF8942177C" Description="" CreatedBy="40003040" CreatedDate="0001-01-01T00:00:00Z" LastModifiedBy="40003040" LastModifiedDate="0001-01-01T00:00:00Z" ContentType="application\taskformlibrary" ParentFolderID="82598F4031FCF3BC11DDABCF89421785" DisplayName="Library">
        <File ID="8270BB6579C2659711EEB610C5A5F1B4" Name="Form Library" BaseFileID="82598F4031FCF3BC11DDABCF89421797" PrevVerFileID="8264BFDE1181BC0911EE1C0D51D3B69D" AppID="82598F4031FCF3BC11DDABCF8942177C" ParentFolderID="82598F4031FCF3BC11DDABCF89421796" ProcGroupID="82598F4031FCF3BC11DDABCF89421785" Description="" Version="1.24" Status="RELEASED" ContentType="user\taskformlibrary" CheckedOutBy="" CheckedOutDate="0001-01-01T00:00:00Z" CreatedDate="2024-01-18T09:49:35.057" CreatedBy="40003040" LastModifiedDate="2024-01-18T09:50:45.603" LastModifiedBy="40003040" ThemeID="" ExtraInfo="" DisplayName="Form Library" />
      </Folder>
      <Folder ID="82598F4031FCF3BC11DDABCF894217A0" Name="Forms" ProcGroupID="82598F4031FCF3BC11DDABCF89421785" AppID="82598F4031FCF3BC11DDABCF8942177C" Description="" CreatedBy="40003040" CreatedDate="0001-01-01T00:00:00Z" LastModifiedBy="40003040" LastModifiedDate="0001-01-01T00:00:00Z" ContentType="application\formsgroup" ParentFolderID="82598F4031FCF3BC11DDABCF89421785" DisplayName="Forms">
        <Folder ID="82598F4031FCF3BC11DDABCF894217A1" Name="Task Forms" ProcGroupID="82598F4031FCF3BC11DDABCF89421785" AppID="82598F4031FCF3BC11DDABCF8942177C" Description="" CreatedBy="40003040" CreatedDate="0001-01-01T00:00:00Z" LastModifiedBy="40003040" LastModifiedDate="0001-01-01T00:00:00Z" ContentType="application\taskforms" ParentFolderID="82598F4031FCF3BC11DDABCF894217A0" DisplayName="Task Forms">
          <File ID="8270BB6579C2659711EEB610C5A5F1B3" Name="Childcare Survey Submission" BaseFileID="82598F4031FCF3BC11DDABCF894217A3" PrevVerFileID="8264BFDE1181BC0911EE1C0D51D3B69C" AppID="82598F4031FCF3BC11DDABCF8942177C" ParentFolderID="82598F4031FCF3BC11DDABCF894217A1" ProcGroupID="82598F4031FCF3BC11DDABCF89421785" Description="" Version="1.21" Status="RELEASED" ContentType="user\taskforms" CheckedOutBy="" CheckedOutDate="0001-01-01T00:00:00Z" CreatedDate="2024-01-18T09:49:34.963" CreatedBy="40003040" LastModifiedDate="2024-01-18T09:50:45.617" LastModifiedBy="40003040" ThemeID="" ExtraInfo="" DisplayName="Childcare Survey Submission" />
          <File ID="826FF205F6C807D911EEB6109F20DF10" Name="Debug Launcher Form" BaseFileID="82598F4031FCF3BC11DDAE2E7B3693AA" PrevVerFileID="8264AB902E88E66211EE1C1DFB9672D4" AppID="82598F4031FCF3BC11DDABCF8942177C" ParentFolderID="82598F4031FCF3BC11DDABCF894217A1" ProcGroupID="82598F4031FCF3BC11DDABCF89421785" Description="" Version="1.04" Status="RELEASED" ContentType="user\taskforms" CheckedOutBy="" CheckedOutDate="0001-01-01T00:00:00Z" CreatedDate="2024-01-18T09:48:28.903" CreatedBy="40003040" LastModifiedDate="2024-01-18T09:48:28.903" LastModifiedBy="40003040" ThemeID="" ExtraInfo="" DisplayName="Debug Launcher Form" />
        </Folder>
      </Folder>
      <Folder ID="82598F4031FCF3BC11DDABCF894217A4" Name="Lookups" ProcGroupID="82598F4031FCF3BC11DDABCF89421785" AppID="82598F4031FCF3BC11DDABCF8942177C" Description="" CreatedBy="40003040" CreatedDate="0001-01-01T00:00:00Z" LastModifiedBy="40003040" LastModifiedDate="0001-01-01T00:00:00Z" ContentType="application\lookup" ParentFolderID="82598F4031FCF3BC11DDABCF89421785" DisplayName="Lookups">
        <File ID="826FF205F6C807D911EEB6109F20DF11" Name="COBZipCodes" BaseFileID="82598F4031FCF3BC11DDABCF894217A6" PrevVerFileID="825BE2BCB8290C0911DDB90F19E9AE2F" AppID="82598F4031FCF3BC11DDABCF8942177C" ParentFolderID="82598F4031FCF3BC11DDABCF894217A4" ProcGroupID="82598F4031FCF3BC11DDABCF89421785" Description="" Version="1.07" Status="RELEASED" ContentType="user\lookupnamevalue" CheckedOutBy="" CheckedOutDate="0001-01-01T00:00:00Z" CreatedDate="2024-01-18T09:48:28.933" CreatedBy="40003040" LastModifiedDate="2024-01-18T09:48:28.933" LastModifiedBy="40003040" ThemeID="" ExtraInfo="" DisplayName="COBZipCodes" />
        <File ID="826FF205F6C807D911EEB6109F20DF12" Name="ValidateBostonZip" BaseFileID="82598F4031FCF3BC11DDABCF894217A5" PrevVerFileID="825BE2BCB8290C0911DDB90F19E9AE2E" AppID="82598F4031FCF3BC11DDABCF8942177C" ParentFolderID="82598F4031FCF3BC11DDABCF894217A4" ProcGroupID="82598F4031FCF3BC11DDABCF89421785" Description="" Version="1.08" Status="RELEASED" ContentType="user\lookupmulticolumn" CheckedOutBy="" CheckedOutDate="0001-01-01T00:00:00Z" CreatedDate="2024-01-18T09:48:28.933" CreatedBy="40003040" LastModifiedDate="2024-01-18T09:48:28.933" LastModifiedBy="40003040" ThemeID="" ExtraInfo="" DisplayName="ValidateBostonZip" />
      </Folder>
      <Folder ID="82598F4031FCF3BC11DDABCF894217A7" Name="Translation" ProcGroupID="82598F4031FCF3BC11DDABCF89421785" AppID="82598F4031FCF3BC11DDABCF8942177C" Description="" CreatedBy="40003040" CreatedDate="0001-01-01T00:00:00Z" LastModifiedBy="40003040" LastModifiedDate="0001-01-01T00:00:00Z" ContentType="application\translation" ParentFolderID="82598F4031FCF3BC11DDABCF89421785" DisplayName="Translation">
        <File ID="826FF205F6C807D911EEB6109F20DF18" Name="FormLibrary_fr" BaseFileID="825A93051559ACF811DDB485448B640E" PrevVerFileID="825BE2BCB8290C0911DDB90F19E9AE36" AppID="82598F4031FCF3BC11DDABCF8942177C" ParentFolderID="82598F4031FCF3BC11DDABCF894217A7" ProcGroupID="82598F4031FCF3BC11DDABCF89421785" Description="" Version="1.01" Status="RELEASED" ContentType="user\translation" CheckedOutBy="" CheckedOutDate="0001-01-01T00:00:00Z" CreatedDate="2024-01-18T09:48:28.997" CreatedBy="40003040" LastModifiedDate="2024-01-18T09:48:28.997" LastModifiedBy="40003040" ThemeID="" ExtraInfo="" DisplayName="FormLibrary_French" />
        <File ID="826FF205F6C807D911EEB6109F20DF19" Name="FormLibrary_es" BaseFileID="82598F4031FCF3BC11DDABCF894217AC" PrevVerFileID="825BE2BCB8290C0911DDB90F19E9AE34" AppID="82598F4031FCF3BC11DDABCF8942177C" ParentFolderID="82598F4031FCF3BC11DDABCF894217A7" ProcGroupID="82598F4031FCF3BC11DDABCF89421785" Description="" Version="1.08" Status="RELEASED" ContentType="user\translation" CheckedOutBy="" CheckedOutDate="0001-01-01T00:00:00Z" CreatedDate="2024-01-18T09:48:28.997" CreatedBy="40003040" LastModifiedDate="2024-01-18T09:48:28.997" LastModifiedBy="40003040" ThemeID="" ExtraInfo="" DisplayName="FormLibrary_Spanish" />
        <File ID="826FF205F6C807D911EEB6109F20DF17" Name="FormLibrary_af" BaseFileID="82598F4031FCF3BC11DDABCF894217A8" PrevVerFileID="825BE2BCB8290C0911DDB90F19E9AE35" AppID="82598F4031FCF3BC11DDABCF8942177C" ParentFolderID="82598F4031FCF3BC11DDABCF894217A7" ProcGroupID="82598F4031FCF3BC11DDABCF89421785" Description="" Version="1.06" Status="RELEASED" ContentType="user\translation" CheckedOutBy="" CheckedOutDate="0001-01-01T00:00:00Z" CreatedDate="2024-01-18T09:48:28.983" CreatedBy="40003040" LastModifiedDate="2024-01-18T09:48:28.983" LastModifiedBy="40003040" ThemeID="" ExtraInfo="" DisplayName="FormLibrary_Creole (Cape Verdean)" />
        <File ID="826FF205F6C807D911EEB6109F20DF15" Name="FormLibrary_pt-BR" BaseFileID="82598F4031FCF3BC11DDABCF894217AE" PrevVerFileID="825BE2BCB8290C0911DDB90F19E9AE33" AppID="82598F4031FCF3BC11DDABCF8942177C" ParentFolderID="82598F4031FCF3BC11DDABCF894217A7" ProcGroupID="82598F4031FCF3BC11DDABCF89421785" Description="" Version="1.08" Status="RELEASED" ContentType="user\translation" CheckedOutBy="" CheckedOutDate="0001-01-01T00:00:00Z" CreatedDate="2024-01-18T09:48:28.967" CreatedBy="40003040" LastModifiedDate="2024-01-18T09:48:28.967" LastModifiedBy="40003040" ThemeID="" ExtraInfo="" DisplayName="FormLibrary_Portuguese (Brazil)" />
        <File ID="826FF205F6C807D911EEB6109F20DF16" Name="FormLibrary_vi" BaseFileID="82598F4031FCF3BC11DDABCF894217AD" PrevVerFileID="825BE2BCB8290C0911DDB90F19E9AE31" AppID="82598F4031FCF3BC11DDABCF8942177C" ParentFolderID="82598F4031FCF3BC11DDABCF894217A7" ProcGroupID="82598F4031FCF3BC11DDABCF89421785" Description="" Version="1.06" Status="RELEASED" ContentType="user\translation" CheckedOutBy="" CheckedOutDate="0001-01-01T00:00:00Z" CreatedDate="2024-01-18T09:48:28.967" CreatedBy="40003040" LastModifiedDate="2024-01-18T09:48:28.967" LastModifiedBy="40003040" ThemeID="" ExtraInfo="" DisplayName="FormLibrary_Vietnamese" />
        <File ID="826FF205F6C807D911EEB6109F20DF13" Name="FormLibrary_bg" BaseFileID="82598F4031FCF3BC11DDABCF894217AA" PrevVerFileID="825BE2BCB8290C0911DDB90F19E9AE30" AppID="82598F4031FCF3BC11DDABCF8942177C" ParentFolderID="82598F4031FCF3BC11DDABCF894217A7" ProcGroupID="82598F4031FCF3BC11DDABCF89421785" Description="" Version="1.07" Status="RELEASED" ContentType="user\translation" CheckedOutBy="" CheckedOutDate="0001-01-01T00:00:00Z" CreatedDate="2024-01-18T09:48:28.95" CreatedBy="40003040" LastModifiedDate="2024-01-18T09:48:28.95" LastModifiedBy="40003040" ThemeID="" ExtraInfo="" DisplayName="FormLibrary_Haitian Creole" />
        <File ID="826FF205F6C807D911EEB6109F20DF14" Name="FormLibrary_zh-Hant" BaseFileID="82598F4031FCF3BC11DDABCF894217A9" PrevVerFileID="825BE2BCB8290C0911DDB90F19E9AE32" AppID="82598F4031FCF3BC11DDABCF8942177C" ParentFolderID="82598F4031FCF3BC11DDABCF894217A7" ProcGroupID="82598F4031FCF3BC11DDABCF89421785" Description="" Version="1.07" Status="RELEASED" ContentType="user\translation" CheckedOutBy="" CheckedOutDate="0001-01-01T00:00:00Z" CreatedDate="2024-01-18T09:48:28.95" CreatedBy="40003040" LastModifiedDate="2024-01-18T09:48:28.95" LastModifiedBy="40003040" ThemeID="" ExtraInfo="" DisplayName="FormLibrary_Chinese (Traditional)" />
      </Folder>
      <Folder ID="82598F4031FCF3BC11DDABCF894217B0" Name="Document Repository" ProcGroupID="82598F4031FCF3BC11DDABCF89421785" AppID="82598F4031FCF3BC11DDABCF8942177C" Description="" CreatedBy="40003040" CreatedDate="0001-01-01T00:00:00Z" LastModifiedBy="40003040" LastModifiedDate="0001-01-01T00:00:00Z" ContentType="application\documentrepository" ParentFolderID="82598F4031FCF3BC11DDABCF89421785" DisplayName="Document Repository" />
      <Folder ID="82598F4031FCF3BC11DDABCF894217B1" Name="System Files" ProcGroupID="82598F4031FCF3BC11DDABCF89421785" AppID="82598F4031FCF3BC11DDABCF8942177C" Description="" CreatedBy="40003040" CreatedDate="0001-01-01T00:00:00Z" LastModifiedBy="40003040" LastModifiedDate="0001-01-01T00:00:00Z" ContentType="application\hidden" ParentFolderID="82598F4031FCF3BC11DDABCF89421785" DisplayName="System Files" />
    </Folder>
  </Folder>
</WFEnabledApplication>