<?xml version="1.0"?>
<WFApplicationDynamicDependencies xmlns:xsd="http://www.w3.org/2001/XMLSchema" xmlns:xsi="http://www.w3.org/2001/XMLSchema-instance">
  <AppName>BTD - Blue Bikes Discount Application</AppName>
  <Version>1.66</Version>
  <SharedAttributes>
    <SharedCustomAttribute>
      <AttributeName>Task Link Prefix</AttributeName>
      <UsedIn>
        <DependencyUsedIn>
          <FileName>Notification to BTD</FileName>
          <FileDisplayName>Notification to BTD</FileDisplayName>
          <Activities />
          <FileType>Email Notification</FileType>
          <NumberOfTimesUsed>1</NumberOfTimesUsed>
        </DependencyUsedIn>
      </UsedIn>
      <IsExists>false</IsExists>
    </SharedCustomAttribute>
  </SharedAttributes>
  <Groups>
    <Group>
      <GroupName>BTD - Blue Bikes Discount Application</GroupName>
      <UsedIn>
        <DependencyUsedIn>
          <FileName>BTD - Blue Bikes Discount Application</FileName>
          <FileDisplayName>BTD - Blue Bikes Discount Application</FileDisplayName>
          <Activities>
            <Activity>
              <InternalName>eForms_StandardTask.1</InternalName>
              <DisplayName>BTD Review</DisplayName>
            </Activity>
          </Activities>
          <FileType>Process Model</FileType>
          <NumberOfTimesUsed>1</NumberOfTimesUsed>
        </DependencyUsedIn>
      </UsedIn>
      <IsExists>false</IsExists>
    </Group>
  </Groups>
  <DataEntities>
    <DataEntity>
      <EntityName>BTDBlueBikesDiscountCode__u</EntityName>
      <EntityDisplayName>BTD - Blue Bikes Discount Code</EntityDisplayName>
      <UsedIn>
        <DependencyUsedIn>
          <FileName>BTD - Blue Bikes Discount Application</FileName>
          <FileDisplayName>BTD - Blue Bikes Discount Application</FileDisplayName>
          <Activities>
            <Activity>
              <InternalName>UpdateAPDataEntity.1</InternalName>
              <DisplayName>Used Code Set</DisplayName>
            </Activity>
          </Activities>
          <FileType>Process Model</FileType>
          <NumberOfTimesUsed>1</NumberOfTimesUsed>
        </DependencyUsedIn>
        <DependencyUsedIn>
          <FileName>Discount Code Lookup</FileName>
          <FileDisplayName>Discount Code Lookup</FileDisplayName>
          <Activities />
          <FileType>Lookup</FileType>
          <NumberOfTimesUsed>1</NumberOfTimesUsed>
        </DependencyUsedIn>
        <DependencyUsedIn>
          <FileName>Discount Codes</FileName>
          <FileDisplayName>Discount Codes</FileDisplayName>
          <Activities />
          <FileType>Lookup</FileType>
          <NumberOfTimesUsed>1</NumberOfTimesUsed>
        </DependencyUsedIn>
      </UsedIn>
      <IsExists>false</IsExists>
    </DataEntity>
    <DataEntity>
      <EntityName>BTDBlueBikesApps__u</EntityName>
      <EntityDisplayName>BTD - Blue Bikes Apps</EntityDisplayName>
      <UsedIn>
        <DependencyUsedIn>
          <FileName>BTDBlukeBikes</FileName>
          <FileDisplayName>BTDBlukeBikes</FileDisplayName>
          <Activities />
          <FileType>Data Source</FileType>
          <NumberOfTimesUsed>1</NumberOfTimesUsed>
        </DependencyUsedIn>
      </UsedIn>
      <IsExists>false</IsExists>
    </DataEntity>
    <DataEntity>
      <EntityName>btdbluebikesdiscountcode__u</EntityName>
      <EntityDisplayName>BTD - Blue Bikes Discount Code</EntityDisplayName>
      <UsedIn>
        <DependencyUsedIn>
          <FileName>BTDBlukeBikes</FileName>
          <FileDisplayName>BTDBlukeBikes</FileDisplayName>
          <Activities />
          <FileType>Data Source</FileType>
          <NumberOfTimesUsed>1</NumberOfTimesUsed>
        </DependencyUsedIn>
      </UsedIn>
      <IsExists>false</IsExists>
    </DataEntity>
    <DataEntity>
      <EntityName>COBZipCodes__u</EntityName>
      <EntityDisplayName>COB - Zip Codes</EntityDisplayName>
      <UsedIn>
        <DependencyUsedIn>
          <FileName>Validate Boston Zip</FileName>
          <FileDisplayName>Validate Boston Zip</FileDisplayName>
          <Activities />
          <FileType>Lookup</FileType>
          <NumberOfTimesUsed>1</NumberOfTimesUsed>
        </DependencyUsedIn>
      </UsedIn>
      <IsExists>false</IsExists>
    </DataEntity>
  </DataEntities>
  <PickLists>
    <PickList>
      <PickListName>BTDDiscountCodes__p</PickListName>
      <PickListDisplayName>BTD - Discount Codes</PickListDisplayName>
      <UsedIn>
        <DependencyUsedIn>
          <FileName>Form Library</FileName>
          <FileDisplayName>Form Library</FileDisplayName>
          <Activities />
          <FileType>eForm Library</FileType>
          <NumberOfTimesUsed>1</NumberOfTimesUsed>
        </DependencyUsedIn>
      </UsedIn>
      <IsExists>false</IsExists>
    </PickList>
  </PickLists>
  <GlobalAppTokens>
    <GlobalAppToken>
      <TokenName>AgilePoint Google Drive</TokenName>
      <UsedIn>
        <DependencyUsedIn>
          <FileName>BTD - Blue Bikes Discount Application</FileName>
          <FileDisplayName>BTD - Blue Bikes Discount Application</FileDisplayName>
          <Activities>
            <Activity>
              <InternalName>RESTAgilePart.2</InternalName>
              <DisplayName>Delete Income Doc</DisplayName>
            </Activity>
            <Activity>
              <InternalName>RESTAgilePart.1</InternalName>
              <DisplayName>Delete Public Assistance File</DisplayName>
            </Activity>
          </Activities>
          <FileType>Process Model</FileType>
          <NumberOfTimesUsed>2</NumberOfTimesUsed>
        </DependencyUsedIn>
        <DependencyUsedIn>
          <FileName>BTD Blue Bikes File Upload</FileName>
          <FileDisplayName>BTD Blue Bikes File Upload</FileDisplayName>
          <Activities />
          <FileType>Document Repository</FileType>
          <NumberOfTimesUsed>1</NumberOfTimesUsed>
        </DependencyUsedIn>
      </UsedIn>
      <IsExists>false</IsExists>
    </GlobalAppToken>
  </GlobalAppTokens>
  <ValidationMasks>
    <ValidationMask>
      <MaskName>Numeric Text Only Five Digits</MaskName>
      <UsedIn>
        <DependencyUsedIn>
          <FileName>Blue Bikes Discount Application</FileName>
          <FileDisplayName>Blue Bikes Discount Application</FileDisplayName>
          <Activities />
          <FileType>eForm</FileType>
          <NumberOfTimesUsed>1</NumberOfTimesUsed>
        </DependencyUsedIn>
      </UsedIn>
      <IsExists>false</IsExists>
    </ValidationMask>
  </ValidationMasks>
  <FileTypeGroups>
    <FileTypeGroup>
      <FileTypeGroupName>All Approved Files Types (Word, Excel, PDF, jpeg &amp; png)</FileTypeGroupName>
      <UsedIn>
        <DependencyUsedIn>
          <FileName>Form Library</FileName>
          <FileDisplayName>Form Library</FileDisplayName>
          <Activities />
          <FileType>eForm Library</FileType>
          <NumberOfTimesUsed>1</NumberOfTimesUsed>
        </DependencyUsedIn>
      </UsedIn>
      <IsExists>false</IsExists>
    </FileTypeGroup>
  </FileTypeGroups>
</WFApplicationDynamicDependencies>