<?xml version="1.0"?>
<WFEnabledApplication xmlns:xsd="http://www.w3.org/2001/XMLSchema" xmlns:xsi="http://www.w3.org/2001/XMLSchema-instance" ID="8232FBA5AB6DE9F911AAB576811C5F6B" Name="BTD - Blue Bikes Discount Application" Description="" Status="DRAFT" CreatedDate="2020-06-23T13:25:18.997" CreatedBy="BOSTON-S-AS01\Kayla.Patel" AppType="eForms" Visibility="PAAS" ContentType="application" DisplayName="BTD - Bluebikes Discount Application" AppLocale="customlocale" ParentApplicationId="">
  <Folder ID="8232FBA5AB6DE9F911AAB576811C5F6C" Name="Shared Resources" ProcGroupID="" AppID="8232FBA5AB6DE9F911AAB576811C5F6B" Description="" CreatedBy="BOSTON-S-AS01\Kayla.Patel" CreatedDate="0001-01-01T00:00:00Z" LastModifiedBy="BOSTON-S-AS01\Kayla.Patel" LastModifiedDate="0001-01-01T00:00:00Z" ContentType="Any" ParentFolderID="8232FBA5AB6DE9F911AAB576811C5F6B" DisplayName="Shared Resources">
    <Folder ID="8232FBA5AB6DE9F911AAB576811C5F6D" Name="Style Sheets" ProcGroupID="" AppID="8232FBA5AB6DE9F911AAB576811C5F6B" Description="" CreatedBy="BOSTON-S-AS01\Kayla.Patel" CreatedDate="0001-01-01T00:00:00Z" LastModifiedBy="BOSTON-S-AS01\Kayla.Patel" LastModifiedDate="0001-01-01T00:00:00Z" ContentType="application\CSS" ParentFolderID="8232FBA5AB6DE9F911AAB576811C5F6C" DisplayName="Style Sheets">
      <File ID="BAE70AFFE869EF2311FFBCFBF2473031" Name="Logo banner change.css" BaseFileID="82688500F891B63C11EE5CBF9F6BAC3C" PrevVerFileID="BAE70AFFE869EF2311FFB1ABD3FBCBDF" AppID="8232FBA5AB6DE9F911AAB576811C5F6B" ParentFolderID="8232FBA5AB6DE9F911AAB576811C5F6D" ProcGroupID="" Description="Change logo on form banner" Version="1.19" Status="RELEASED" ContentType="user\CSS" CheckedOutBy="" CheckedOutDate="0001-01-01T00:00:00Z" CreatedDate="2024-12-18T04:53:06.657" CreatedBy="40001842" LastModifiedDate="2024-12-18T04:53:06.657" LastModifiedBy="40001842" ThemeID="" ExtraInfo="" DisplayName="Logo banner change.css" />
      <File ID="BAE70AFFE869EF2311FFBCFBF2473032" Name="Blue Bikes StyleSheet.css" BaseFileID="8232FBA5AB6DE9F911AAB576811C5F6E" PrevVerFileID="BAE70AFFE869EF2311FFB1ABD3FBCBE0" AppID="8232FBA5AB6DE9F911AAB576811C5F6B" ParentFolderID="8232FBA5AB6DE9F911AAB576811C5F6D" ProcGroupID="" Description="" Version="1.37" Status="RELEASED" ContentType="user\CSS" CheckedOutBy="" CheckedOutDate="0001-01-01T00:00:00Z" CreatedDate="2024-12-18T04:53:06.657" CreatedBy="40001842" LastModifiedDate="2024-12-18T04:53:06.657" LastModifiedBy="40001842" ThemeID="" ExtraInfo="" DisplayName="Blue Bikes StyleSheet.css" />
    </Folder>
    <Folder ID="8232FBA5AB6DE9F911AAB576811C5F6F" Name="JavaScript" ProcGroupID="" AppID="8232FBA5AB6DE9F911AAB576811C5F6B" Description="" CreatedBy="BOSTON-S-AS01\Kayla.Patel" CreatedDate="0001-01-01T00:00:00Z" LastModifiedBy="BOSTON-S-AS01\Kayla.Patel" LastModifiedDate="0001-01-01T00:00:00Z" ContentType="application\js" ParentFolderID="8232FBA5AB6DE9F911AAB576811C5F6C" DisplayName="JavaScript" />
    <Folder ID="8232FBA5AB6DE9F911AAB576811C5F70" Name="Images" ProcGroupID="" AppID="8232FBA5AB6DE9F911AAB576811C5F6B" Description="" CreatedBy="BOSTON-S-AS01\Kayla.Patel" CreatedDate="0001-01-01T00:00:00Z" LastModifiedBy="BOSTON-S-AS01\Kayla.Patel" LastModifiedDate="0001-01-01T00:00:00Z" ContentType="application\image" ParentFolderID="8232FBA5AB6DE9F911AAB576811C5F6C" DisplayName="Images" />
    <Folder ID="8232FBA5AB6DE9F911AAB576811C5F71" Name="Access Tokens" ProcGroupID="" AppID="8232FBA5AB6DE9F911AAB576811C5F6B" Description="" CreatedBy="BOSTON-S-AS01\Kayla.Patel" CreatedDate="0001-01-01T00:00:00Z" LastModifiedBy="BOSTON-S-AS01\Kayla.Patel" LastModifiedDate="0001-01-01T00:00:00Z" ContentType="application\apptoken" ParentFolderID="8232FBA5AB6DE9F911AAB576811C5F6C" DisplayName="Access Tokens" />
    <Folder ID="8232FBA5AB6DE9F911AAB576811C5F72" Name="Application Resources" ProcGroupID="" AppID="8232FBA5AB6DE9F911AAB576811C5F6B" Description="" CreatedBy="BOSTON-S-AS01\Kayla.Patel" CreatedDate="0001-01-01T00:00:00Z" LastModifiedBy="BOSTON-S-AS01\Kayla.Patel" LastModifiedDate="0001-01-01T00:00:00Z" ContentType="application\applicationresources" ParentFolderID="8232FBA5AB6DE9F911AAB576811C5F6C" DisplayName="Application Resources" />
    <Folder ID="825FC2FFACA72A8211DDE63888F8269D" Name="Comments" ProcGroupID="8232FBA5AB6DE9F911AAB576811C5F6C" AppID="8232FBA5AB6DE9F911AAB576811C5F6B" Description="" CreatedBy="BOSTON-S-AS01\Kayla.Patel" CreatedDate="2023-04-28T22:50:10.647" LastModifiedBy="BOSTON-S-AS01\Kayla.Patel" LastModifiedDate="2023-04-28T22:50:10.647" ContentType="application\comments" ParentFolderID="8232FBA5AB6DE9F911AAB576811C5F6C" DisplayName="Comments" />
  </Folder>
  <Folder ID="8232FBA5AB6DE9F911AAB576811C5F73" Name="Processes" ProcGroupID="" AppID="8232FBA5AB6DE9F911AAB576811C5F6B" Description="" CreatedBy="BOSTON-S-AS01\Kayla.Patel" CreatedDate="0001-01-01T00:00:00Z" LastModifiedBy="BOSTON-S-AS01\Kayla.Patel" LastModifiedDate="0001-01-01T00:00:00Z" ContentType="application\processgroup" ParentFolderID="8232FBA5AB6DE9F911AAB576811C5F6B" DisplayName="Processes">
    <Folder ID="8232FBA5AB6DE9F911AAB576811C5F74" Name="BTD - Blue Bikes Discount Application" ProcGroupID="" AppID="8232FBA5AB6DE9F911AAB576811C5F6B" Description="" CreatedBy="BOSTON-S-AS01\Kayla.Patel" CreatedDate="0001-01-01T00:00:00Z" LastModifiedBy="BOSTON-S-AS01\Kayla.Patel" LastModifiedDate="0001-01-01T00:00:00Z" ContentType="user\processgroup" ParentFolderID="8232FBA5AB6DE9F911AAB576811C5F73" DisplayName="BTD - Blue Bikes Discount Application">
      <Folder ID="8232FBA5AB6DE9F911AAB576811C5F75" Name="Process Model" ProcGroupID="8232FBA5AB6DE9F911AAB576811C5F74" AppID="8232FBA5AB6DE9F911AAB576811C5F6B" Description="" CreatedBy="BOSTON-S-AS01\Kayla.Patel" CreatedDate="0001-01-01T00:00:00Z" LastModifiedBy="BOSTON-S-AS01\Kayla.Patel" LastModifiedDate="0001-01-01T00:00:00Z" ContentType="application\processmodel" ParentFolderID="8232FBA5AB6DE9F911AAB576811C5F74" DisplayName="Process Model">
        <File ID="BAE70AFFE869EF2311FFBCFBF2473033" Name="BTD - Blue Bikes Discount Application" BaseFileID="8232FBA5AB6DE9F911AAB576811C5F76" PrevVerFileID="BAE612E420D57DA911FFBCF6CD8A6ED6" AppID="8232FBA5AB6DE9F911AAB576811C5F6B" ParentFolderID="8232FBA5AB6DE9F911AAB576811C5F75" ProcGroupID="8232FBA5AB6DE9F911AAB576811C5F74" Description="" Version="1.58" Status="RELEASED" ContentType="user\processmodel" CheckedOutBy="" CheckedOutDate="0001-01-01T00:00:00Z" CreatedDate="2024-12-18T04:53:06.703" CreatedBy="40001842" LastModifiedDate="2024-12-18T04:53:06.703" LastModifiedBy="40001842" ThemeID="" ExtraInfo="" DisplayName="BTD - Blue Bikes Discount Application" />
      </Folder>
      <Folder ID="8232FBA5AB6DE9F911AAB576811C5F77" Name="Notification" ProcGroupID="8232FBA5AB6DE9F911AAB576811C5F74" AppID="8232FBA5AB6DE9F911AAB576811C5F6B" Description="" CreatedBy="BOSTON-S-AS01\Kayla.Patel" CreatedDate="0001-01-01T00:00:00Z" LastModifiedBy="BOSTON-S-AS01\Kayla.Patel" LastModifiedDate="0001-01-01T00:00:00Z" ContentType="application\notification" ParentFolderID="8232FBA5AB6DE9F911AAB576811C5F74" DisplayName="Notification">
        <Folder ID="8232FBA5AB6DE9F911AAB576811C5F78" Name="E-mails" ProcGroupID="8232FBA5AB6DE9F911AAB576811C5F74" AppID="8232FBA5AB6DE9F911AAB576811C5F6B" Description="" CreatedBy="BOSTON-S-AS01\Kayla.Patel" CreatedDate="0001-01-01T00:00:00Z" LastModifiedBy="BOSTON-S-AS01\Kayla.Patel" LastModifiedDate="0001-01-01T00:00:00Z" ContentType="application\email" ParentFolderID="8232FBA5AB6DE9F911AAB576811C5F77" DisplayName="E-mails">
          <File ID="BAE70AFFE869EF2311FFBCFBF2473038" Name="Renewal Approval Email" BaseFileID="8235CF492BE0F4EF11AABAE3000F2F45" PrevVerFileID="BAE70AFFE869EF2311FFB1ABD3FBCBE2" AppID="8232FBA5AB6DE9F911AAB576811C5F6B" ParentFolderID="8232FBA5AB6DE9F911AAB576811C5F78" ProcGroupID="8232FBA5AB6DE9F911AAB576811C5F74" Description="" Version="1.38" Status="RELEASED" ContentType="user\email" CheckedOutBy="" CheckedOutDate="0001-01-01T00:00:00Z" CreatedDate="2024-12-18T04:53:06.763" CreatedBy="40001842" LastModifiedDate="2024-12-18T04:53:06.763" LastModifiedBy="40001842" ThemeID="" ExtraInfo="" DisplayName="Renewal Approval Email" />
          <File ID="BAE70AFFE869EF2311FFBCFBF2473039" Name="New Application Approval Email" BaseFileID="8235CF492BE0F4EF11AABAE3000F2F46" PrevVerFileID="BAE70AFFE869EF2311FFB1ABD3FBCBE3" AppID="8232FBA5AB6DE9F911AAB576811C5F6B" ParentFolderID="8232FBA5AB6DE9F911AAB576811C5F78" ProcGroupID="8232FBA5AB6DE9F911AAB576811C5F74" Description="" Version="1.48" Status="RELEASED" ContentType="user\email" CheckedOutBy="" CheckedOutDate="0001-01-01T00:00:00Z" CreatedDate="2024-12-18T04:53:06.763" CreatedBy="40001842" LastModifiedDate="2024-12-18T04:53:06.763" LastModifiedBy="40001842" ThemeID="" ExtraInfo="" DisplayName="New Application Approval Email" />
          <File ID="BAE70AFFE869EF2311FFBCFBF2473034" Name="Non Income-Eligible Boston resident" BaseFileID="82688500F891B63C11EE5CBF9F6BAC42" PrevVerFileID="BAE70AFFE869EF2311FFB1ABD3FBCBE7" AppID="8232FBA5AB6DE9F911AAB576811C5F6B" ParentFolderID="8232FBA5AB6DE9F911AAB576811C5F78" ProcGroupID="8232FBA5AB6DE9F911AAB576811C5F74" Description="" Version="1.23" Status="RELEASED" ContentType="user\email" CheckedOutBy="" CheckedOutDate="0001-01-01T00:00:00Z" CreatedDate="2024-12-18T04:53:06.75" CreatedBy="40001842" LastModifiedDate="2024-12-18T04:53:06.75" LastModifiedBy="40001842" ThemeID="" ExtraInfo="" DisplayName="Non Income-Eligible Boston resident" />
          <File ID="BAE70AFFE869EF2311FFBCFBF2473035" Name="Your application has been submitted!" BaseFileID="82688500F891B63C11EE50C16E2E7E2D" PrevVerFileID="BAE70AFFE869EF2311FFB1ABD3FBCBE4" AppID="8232FBA5AB6DE9F911AAB576811C5F6B" ParentFolderID="8232FBA5AB6DE9F911AAB576811C5F78" ProcGroupID="8232FBA5AB6DE9F911AAB576811C5F74" Description="" Version="1.2" Status="RELEASED" ContentType="user\email" CheckedOutBy="" CheckedOutDate="0001-01-01T00:00:00Z" CreatedDate="2024-12-18T04:53:06.75" CreatedBy="40001842" LastModifiedDate="2024-12-18T04:53:06.75" LastModifiedBy="40001842" ThemeID="" ExtraInfo="" DisplayName="Your application has been submitted!" />
          <File ID="BAE70AFFE869EF2311FFBCFBF2473036" Name="Notification to BTD" BaseFileID="8232FBA5AB6DE9F911AAB576811C5F79" PrevVerFileID="BAE70AFFE869EF2311FFB1ABD3FBCBE5" AppID="8232FBA5AB6DE9F911AAB576811C5F6B" ParentFolderID="8232FBA5AB6DE9F911AAB576811C5F78" ProcGroupID="8232FBA5AB6DE9F911AAB576811C5F74" Description="" Version="1.37" Status="RELEASED" ContentType="user\email" CheckedOutBy="" CheckedOutDate="0001-01-01T00:00:00Z" CreatedDate="2024-12-18T04:53:06.75" CreatedBy="40001842" LastModifiedDate="2024-12-18T04:53:06.75" LastModifiedBy="40001842" ThemeID="" ExtraInfo="" DisplayName="Notification to BTD" />
          <File ID="BAE70AFFE869EF2311FFBCFBF2473037" Name="Denial Email" BaseFileID="8232FBA5AB6DE9F911AAB576811C5F7A" PrevVerFileID="BAE70AFFE869EF2311FFB1ABD3FBCBE6" AppID="8232FBA5AB6DE9F911AAB576811C5F6B" ParentFolderID="8232FBA5AB6DE9F911AAB576811C5F78" ProcGroupID="8232FBA5AB6DE9F911AAB576811C5F74" Description="" Version="1.42" Status="RELEASED" ContentType="user\email" CheckedOutBy="" CheckedOutDate="0001-01-01T00:00:00Z" CreatedDate="2024-12-18T04:53:06.75" CreatedBy="40001842" LastModifiedDate="2024-12-18T04:53:06.75" LastModifiedBy="40001842" ThemeID="" ExtraInfo="" DisplayName="Denial Email" />
        </Folder>
        <Folder ID="8232FBA5AB6DE9F911AAB576811C5F7C" Name="Yammer" ProcGroupID="8232FBA5AB6DE9F911AAB576811C5F74" AppID="8232FBA5AB6DE9F911AAB576811C5F6B" Description="" CreatedBy="BOSTON-S-AS01\Kayla.Patel" CreatedDate="0001-01-01T00:00:00Z" LastModifiedBy="BOSTON-S-AS01\Kayla.Patel" LastModifiedDate="0001-01-01T00:00:00Z" ContentType="application\yammer" ParentFolderID="8232FBA5AB6DE9F911AAB576811C5F77" DisplayName="Viva Engage" />
        <Folder ID="8232FBA5AB6DE9F911AAB576811C5F7D" Name="Chatter" ProcGroupID="8232FBA5AB6DE9F911AAB576811C5F74" AppID="8232FBA5AB6DE9F911AAB576811C5F6B" Description="" CreatedBy="BOSTON-S-AS01\Kayla.Patel" CreatedDate="0001-01-01T00:00:00Z" LastModifiedBy="BOSTON-S-AS01\Kayla.Patel" LastModifiedDate="0001-01-01T00:00:00Z" ContentType="application\chatter" ParentFolderID="8232FBA5AB6DE9F911AAB576811C5F77" DisplayName="Chatter" />
        <Folder ID="8232FBA5AB6DE9F911AAB576811C5F7E" Name="MicrosoftTeams" ProcGroupID="8232FBA5AB6DE9F911AAB576811C5F74" AppID="8232FBA5AB6DE9F911AAB576811C5F6B" Description="" CreatedBy="BOSTON-S-AS01\Kayla.Patel" CreatedDate="0001-01-01T00:00:00Z" LastModifiedBy="BOSTON-S-AS01\Kayla.Patel" LastModifiedDate="2023-04-28T22:50:10.897" ContentType="application\microsoftteams" ParentFolderID="8232FBA5AB6DE9F911AAB576811C5F77" DisplayName="Microsoft Teams" />
        <Folder ID="8232FBA5AB6DE9F911AAB576811C5F7F" Name="SMS" ProcGroupID="8232FBA5AB6DE9F911AAB576811C5F74" AppID="8232FBA5AB6DE9F911AAB576811C5F6B" Description="" CreatedBy="BOSTON-S-AS01\Kayla.Patel" CreatedDate="0001-01-01T00:00:00Z" LastModifiedBy="BOSTON-S-AS01\Kayla.Patel" LastModifiedDate="0001-01-01T00:00:00Z" ContentType="application\sms" ParentFolderID="8232FBA5AB6DE9F911AAB576811C5F77" DisplayName="SMS" />
        <Folder ID="8232FBA5AB6DE9F911AAB576811C5F80" Name="Attachment Repository" ProcGroupID="8232FBA5AB6DE9F911AAB576811C5F74" AppID="8232FBA5AB6DE9F911AAB576811C5F6B" Description="" CreatedBy="BOSTON-S-AS01\Kayla.Patel" CreatedDate="0001-01-01T00:00:00Z" LastModifiedBy="BOSTON-S-AS01\Kayla.Patel" LastModifiedDate="0001-01-01T00:00:00Z" ContentType="application\attachmentrepository" ParentFolderID="8232FBA5AB6DE9F911AAB576811C5F77" DisplayName="Attachment Repository" />
      </Folder>
      <Folder ID="8232FBA5AB6DE9F911AAB576811C5F81" Name="Data Model" ProcGroupID="8232FBA5AB6DE9F911AAB576811C5F74" AppID="8232FBA5AB6DE9F911AAB576811C5F6B" Description="" CreatedBy="BOSTON-S-AS01\Kayla.Patel" CreatedDate="0001-01-01T00:00:00Z" LastModifiedBy="BOSTON-S-AS01\Kayla.Patel" LastModifiedDate="0001-01-01T00:00:00Z" ContentType="application\datamodel" ParentFolderID="8232FBA5AB6DE9F911AAB576811C5F74" DisplayName="Data Model">
        <File ID="BAE90AFFE869EF2311FFD415891BE3F3" Name="Schema.xsd" BaseFileID="8232FBA5AB6DE9F911AAB576811C5F82" PrevVerFileID="BAE70AFFE869EF2311FFBCFD17CE810F" AppID="8232FBA5AB6DE9F911AAB576811C5F6B" ParentFolderID="8232FBA5AB6DE9F911AAB576811C5F81" ProcGroupID="8232FBA5AB6DE9F911AAB576811C5F74" Description="" Version="1.9" Status="DRAFT" ContentType="user\datamodel" CheckedOutBy="" CheckedOutDate="0001-01-01T00:00:00Z" CreatedDate="2025-01-16T14:24:04.947" CreatedBy="40001842" LastModifiedDate="2025-01-16T14:37:27.727" LastModifiedBy="40001842" ThemeID="" ExtraInfo="[{&quot;Name&quot; : &quot;NamespaceUpdated&quot; , &quot;Value&quot; : &quot;True&quot;}]" DisplayName="Schema.xsd" />
        <File ID="BAE70AFFE869EF2311FFBCFBF247303C" Name="BTDBlukeBikes" BaseFileID="8232FBA5AB6DE9F911AAB576811C5F83" PrevVerFileID="BAE70AFFE869EF2311FFB1ABE5EF0007" AppID="8232FBA5AB6DE9F911AAB576811C5F6B" ParentFolderID="8232FBA5AB6DE9F911AAB576811C5F81" ProcGroupID="8232FBA5AB6DE9F911AAB576811C5F74" Description="Datasource BTDBlukeBikes Schema" Version="1.5" Status="RELEASED" ContentType="user\apdataentitydatamodel" CheckedOutBy="" CheckedOutDate="0001-01-01T00:00:00Z" CreatedDate="2024-12-18T04:53:06.81" CreatedBy="40001842" LastModifiedDate="2024-12-18T04:53:06.81" LastModifiedBy="40001842" ThemeID="" ExtraInfo="" DisplayName="BTDBlukeBikes" />
      </Folder>
      <Folder ID="8232FBA5AB6DE9F911AAB576811C5F84" Name="Data Source" ProcGroupID="8232FBA5AB6DE9F911AAB576811C5F74" AppID="8232FBA5AB6DE9F911AAB576811C5F6B" Description="" CreatedBy="BOSTON-S-AS01\Kayla.Patel" CreatedDate="0001-01-01T00:00:00Z" LastModifiedBy="BOSTON-S-AS01\Kayla.Patel" LastModifiedDate="0001-01-01T00:00:00Z" ContentType="application\datasources" ParentFolderID="8232FBA5AB6DE9F911AAB576811C5F74" DisplayName="Data Source">
        <File ID="BAE70AFFE869EF2311FFBCFBF247303D" Name="BTDBlukeBikes" BaseFileID="8232FBA5AB6DE9F911AAB576811C5F85" PrevVerFileID="BAE612E420D57DA911FFB1ABDE55D781" AppID="8232FBA5AB6DE9F911AAB576811C5F6B" ParentFolderID="8232FBA5AB6DE9F911AAB576811C5F84" ProcGroupID="8232FBA5AB6DE9F911AAB576811C5F74" Description="" Version="1.52" Status="RELEASED" ContentType="user\APDataEntityDataSource" CheckedOutBy="" CheckedOutDate="0001-01-01T00:00:00Z" CreatedDate="2024-12-18T04:53:06.827" CreatedBy="40001842" LastModifiedDate="2024-12-18T04:53:06.827" LastModifiedBy="40001842" ThemeID="" ExtraInfo="" DisplayName="BTDBlukeBikes" />
      </Folder>
      <Folder ID="8232FBA5AB6DE9F911AAB576811C5F86" Name="Library" ProcGroupID="8232FBA5AB6DE9F911AAB576811C5F74" AppID="8232FBA5AB6DE9F911AAB576811C5F6B" Description="" CreatedBy="BOSTON-S-AS01\Kayla.Patel" CreatedDate="0001-01-01T00:00:00Z" LastModifiedBy="BOSTON-S-AS01\Kayla.Patel" LastModifiedDate="0001-01-01T00:00:00Z" ContentType="application\taskformlibrary" ParentFolderID="8232FBA5AB6DE9F911AAB576811C5F74" DisplayName="Library">
        <File ID="BAE90AFFE869EF2311FFD415891BE3F5" Name="Form Library" BaseFileID="8232FBA5AB6DE9F911AAB576811C5F87" PrevVerFileID="BAE70AFFE869EF2311FFBCFD17CE8111" AppID="8232FBA5AB6DE9F911AAB576811C5F6B" ParentFolderID="8232FBA5AB6DE9F911AAB576811C5F86" ProcGroupID="8232FBA5AB6DE9F911AAB576811C5F74" Description="" Version="1.63" Status="DRAFT" ContentType="user\taskformlibrary" CheckedOutBy="" CheckedOutDate="0001-01-01T00:00:00Z" CreatedDate="2025-01-16T14:24:05.15" CreatedBy="40001842" LastModifiedDate="2025-01-16T14:37:27.633" LastModifiedBy="40001842" ThemeID="" ExtraInfo="" DisplayName="Form Library" />
      </Folder>
      <Folder ID="8232FBA5AB6DE9F911AAB576811C5F88" Name="Forms" ProcGroupID="8232FBA5AB6DE9F911AAB576811C5F74" AppID="8232FBA5AB6DE9F911AAB576811C5F6B" Description="" CreatedBy="BOSTON-S-AS01\Kayla.Patel" CreatedDate="0001-01-01T00:00:00Z" LastModifiedBy="BOSTON-S-AS01\Kayla.Patel" LastModifiedDate="0001-01-01T00:00:00Z" ContentType="application\formsgroup" ParentFolderID="8232FBA5AB6DE9F911AAB576811C5F74" DisplayName="Forms">
        <Folder ID="8232FBA5AB6DE9F911AAB576811C5F89" Name="Task Forms" ProcGroupID="8232FBA5AB6DE9F911AAB576811C5F74" AppID="8232FBA5AB6DE9F911AAB576811C5F6B" Description="" CreatedBy="BOSTON-S-AS01\Kayla.Patel" CreatedDate="0001-01-01T00:00:00Z" LastModifiedBy="BOSTON-S-AS01\Kayla.Patel" LastModifiedDate="0001-01-01T00:00:00Z" ContentType="application\taskforms" ParentFolderID="8232FBA5AB6DE9F911AAB576811C5F88" DisplayName="Task Forms">
          <File ID="BAE90AFFE869EF2311FFD415891BE3F7" Name="BTD Review" BaseFileID="8232FBA5AB6DE9F911AAB576811C5F8A" PrevVerFileID="BAE70AFFE869EF2311FFBCFD17CE8112" AppID="8232FBA5AB6DE9F911AAB576811C5F6B" ParentFolderID="8232FBA5AB6DE9F911AAB576811C5F89" ProcGroupID="8232FBA5AB6DE9F911AAB576811C5F74" Description="" Version="1.52" Status="DRAFT" ContentType="user\taskforms" CheckedOutBy="" CheckedOutDate="0001-01-01T00:00:00Z" CreatedDate="2025-01-16T14:24:05.273" CreatedBy="40001842" LastModifiedDate="2025-01-16T14:37:53.913" LastModifiedBy="40001842" ThemeID="" ExtraInfo="" DisplayName="BTD Review" />
          <File ID="BAE90AFFE869EF2311FFD4158F20BE58" Name="Blue Bikes Discount Application" BaseFileID="8232FBA5AB6DE9F911AAB576811C5F8B" PrevVerFileID="BAE70AFFE869EF2311FFBCFBF247303F" AppID="8232FBA5AB6DE9F911AAB576811C5F6B" ParentFolderID="8232FBA5AB6DE9F911AAB576811C5F89" ProcGroupID="8232FBA5AB6DE9F911AAB576811C5F74" Description="" Version="1.56" Status="DRAFT" ContentType="user\taskforms" CheckedOutBy="" CheckedOutDate="0001-01-01T00:00:00Z" CreatedDate="2025-01-16T14:24:22.3" CreatedBy="40001842" LastModifiedDate="2025-01-16T14:37:26.91" LastModifiedBy="40001842" ThemeID="" ExtraInfo="" DisplayName="Blue Bikes Discount Application" />
        </Folder>
      </Folder>
      <Folder ID="8232FBA5AB6DE9F911AAB576811C5F8C" Name="Lookups" ProcGroupID="8232FBA5AB6DE9F911AAB576811C5F74" AppID="8232FBA5AB6DE9F911AAB576811C5F6B" Description="" CreatedBy="BOSTON-S-AS01\Kayla.Patel" CreatedDate="0001-01-01T00:00:00Z" LastModifiedBy="BOSTON-S-AS01\Kayla.Patel" LastModifiedDate="0001-01-01T00:00:00Z" ContentType="application\lookup" ParentFolderID="8232FBA5AB6DE9F911AAB576811C5F74" DisplayName="Lookups">
        <File ID="BAE70AFFE869EF2311FFBCFBF2473043" Name="Discount Code Lookup" BaseFileID="8277A89117EBAA1611FF16E007A9B922" PrevVerFileID="BAE612E420D57DA911FFBCF6C189F67F" AppID="8232FBA5AB6DE9F911AAB576811C5F6B" ParentFolderID="8232FBA5AB6DE9F911AAB576811C5F8C" ProcGroupID="8232FBA5AB6DE9F911AAB576811C5F74" Description="" Version="1.11" Status="RELEASED" ContentType="user\lookupnamevalue" CheckedOutBy="" CheckedOutDate="0001-01-01T00:00:00Z" CreatedDate="2024-12-18T04:53:06.907" CreatedBy="40001842" LastModifiedDate="2024-12-18T04:53:06.907" LastModifiedBy="40001842" ThemeID="" ExtraInfo="" DisplayName="Discount Code Lookup" />
        <File ID="BAE70AFFE869EF2311FFBCFBF2473041" Name="Validate Boston Zip" BaseFileID="826CF888BEB2465311EE7DB3CA236620" PrevVerFileID="BAE70AFFE869EF2311FFBCF7486DA29A" AppID="8232FBA5AB6DE9F911AAB576811C5F6B" ParentFolderID="8232FBA5AB6DE9F911AAB576811C5F8C" ProcGroupID="8232FBA5AB6DE9F911AAB576811C5F74" Description="" Version="1.18" Status="RELEASED" ContentType="user\lookupmulticolumn" CheckedOutBy="" CheckedOutDate="0001-01-01T00:00:00Z" CreatedDate="2024-12-18T04:53:06.89" CreatedBy="40001842" LastModifiedDate="2024-12-18T04:53:06.89" LastModifiedBy="40001842" ThemeID="" ExtraInfo="" DisplayName="Validate Boston Zip" />
        <File ID="BAE70AFFE869EF2311FFBCFBF2473042" Name="Discount Codes" BaseFileID="8277A89117EBAA1611FF16E007A9B920" PrevVerFileID="BAE70AFFE869EF2311FFB1ABD3FBCBF1" AppID="8232FBA5AB6DE9F911AAB576811C5F6B" ParentFolderID="8232FBA5AB6DE9F911AAB576811C5F8C" ProcGroupID="8232FBA5AB6DE9F911AAB576811C5F74" Description="" Version="1.1" Status="RELEASED" ContentType="user\lookupmulticolumn" CheckedOutBy="" CheckedOutDate="0001-01-01T00:00:00Z" CreatedDate="2024-12-18T04:53:06.89" CreatedBy="40001842" LastModifiedDate="2024-12-18T04:53:06.89" LastModifiedBy="40001842" ThemeID="" ExtraInfo="" DisplayName="Discount Codes" />
      </Folder>
      <Folder ID="8232FBA5AB6DE9F911AAB576811C5F8D" Name="Translation" ProcGroupID="8232FBA5AB6DE9F911AAB576811C5F74" AppID="8232FBA5AB6DE9F911AAB576811C5F6B" Description="" CreatedBy="BOSTON-S-AS01\Kayla.Patel" CreatedDate="0001-01-01T00:00:00Z" LastModifiedBy="BOSTON-S-AS01\Kayla.Patel" LastModifiedDate="0001-01-01T00:00:00Z" ContentType="application\translation" ParentFolderID="8232FBA5AB6DE9F911AAB576811C5F74" DisplayName="Translation" />
      <Folder ID="8232FBA5AB6DE9F911AAB576811C5F8E" Name="Document Repository" ProcGroupID="8232FBA5AB6DE9F911AAB576811C5F74" AppID="8232FBA5AB6DE9F911AAB576811C5F6B" Description="" CreatedBy="BOSTON-S-AS01\Kayla.Patel" CreatedDate="0001-01-01T00:00:00Z" LastModifiedBy="BOSTON-S-AS01\Kayla.Patel" LastModifiedDate="0001-01-01T00:00:00Z" ContentType="application\documentrepository" ParentFolderID="8232FBA5AB6DE9F911AAB576811C5F74" DisplayName="Document Repository">
        <File ID="BAE70AFFE869EF2311FFBCFBF2473044" Name="BTD Blue Bikes File Upload" BaseFileID="8232FBA5AB6DE9F911AAB576811C5F8F" PrevVerFileID="BAE70AFFE869EF2311FFB1ABD3FBCBF2" AppID="8232FBA5AB6DE9F911AAB576811C5F6B" ParentFolderID="8232FBA5AB6DE9F911AAB576811C5F8E" ProcGroupID="8232FBA5AB6DE9F911AAB576811C5F74" Description="" Version="1.41" Status="RELEASED" ContentType="user\documentrepository" CheckedOutBy="" CheckedOutDate="0001-01-01T00:00:00Z" CreatedDate="2024-12-18T04:53:06.92" CreatedBy="40001842" LastModifiedDate="2024-12-18T04:53:06.92" LastModifiedBy="40001842" ThemeID="" ExtraInfo="" DisplayName="BTD Blue Bikes File Upload" />
      </Folder>
      <Folder ID="8232FBA5AB6DE9F911AAB576811C5F90" Name="System Files" ProcGroupID="8232FBA5AB6DE9F911AAB576811C5F74" AppID="8232FBA5AB6DE9F911AAB576811C5F6B" Description="" CreatedBy="BOSTON-S-AS01\Kayla.Patel" CreatedDate="0001-01-01T00:00:00Z" LastModifiedBy="BOSTON-S-AS01\Kayla.Patel" LastModifiedDate="0001-01-01T00:00:00Z" ContentType="application\hidden" ParentFolderID="8232FBA5AB6DE9F911AAB576811C5F74" DisplayName="System Files" />
    </Folder>
  </Folder>
  <CoAuthored>false</CoAuthored>
</WFEnabledApplication>