<?xml version="1.0"?>
<WFEnabledApplication xmlns:xsd="http://www.w3.org/2001/XMLSchema" xmlns:xsi="http://www.w3.org/2001/XMLSchema-instance" ID="823D8B789D407B0311CC7D6B26FADB73" Name="OPAT - Police Accountability and Transparency" Description="" Status="DRAFT" CreatedDate="2022-01-24T18:12:57.56" CreatedBy="162157" AppType="eForms" Visibility="PAAS" ContentType="application" DisplayName="OPAT - Police Accountability and Transparency" AppLocale="customlocale" ParentApplicationId="">
  <Folder ID="823D8B789D407B0311CC7D6B26FADB74" Name="Shared Resources" ProcGroupID="" AppID="823D8B789D407B0311CC7D6B26FADB73" Description="" CreatedBy="162157" CreatedDate="0001-01-01T00:00:00Z" LastModifiedBy="162157" LastModifiedDate="0001-01-01T00:00:00Z" ContentType="Any" ParentFolderID="823D8B789D407B0311CC7D6B26FADB73" DisplayName="Shared Resources">
    <Folder ID="823D8B789D407B0311CC7D6B26FADB75" Name="Style Sheets" ProcGroupID="" AppID="823D8B789D407B0311CC7D6B26FADB73" Description="" CreatedBy="162157" CreatedDate="0001-01-01T00:00:00Z" LastModifiedBy="162157" LastModifiedDate="0001-01-01T00:00:00Z" ContentType="application\CSS" ParentFolderID="823D8B789D407B0311CC7D6B26FADB74" DisplayName="Style Sheets" />
    <Folder ID="823D8B789D407B0311CC7D6B26FADB76" Name="JavaScript" ProcGroupID="" AppID="823D8B789D407B0311CC7D6B26FADB73" Description="" CreatedBy="162157" CreatedDate="0001-01-01T00:00:00Z" LastModifiedBy="162157" LastModifiedDate="0001-01-01T00:00:00Z" ContentType="application\js" ParentFolderID="823D8B789D407B0311CC7D6B26FADB74" DisplayName="JavaScript" />
    <Folder ID="823D8B789D407B0311CC7D6B26FADB77" Name="Images" ProcGroupID="" AppID="823D8B789D407B0311CC7D6B26FADB73" Description="" CreatedBy="162157" CreatedDate="0001-01-01T00:00:00Z" LastModifiedBy="162157" LastModifiedDate="0001-01-01T00:00:00Z" ContentType="application\image" ParentFolderID="823D8B789D407B0311CC7D6B26FADB74" DisplayName="Images" />
    <Folder ID="823D8B789D407B0311CC7D6B26FADB78" Name="Access Tokens" ProcGroupID="" AppID="823D8B789D407B0311CC7D6B26FADB73" Description="" CreatedBy="162157" CreatedDate="0001-01-01T00:00:00Z" LastModifiedBy="162157" LastModifiedDate="0001-01-01T00:00:00Z" ContentType="application\apptoken" ParentFolderID="823D8B789D407B0311CC7D6B26FADB74" DisplayName="Access Tokens" />
    <Folder ID="823D8B789D407B0311CC7D6B26FADB79" Name="Application Resources" ProcGroupID="" AppID="823D8B789D407B0311CC7D6B26FADB73" Description="" CreatedBy="162157" CreatedDate="0001-01-01T00:00:00Z" LastModifiedBy="162157" LastModifiedDate="0001-01-01T00:00:00Z" ContentType="application\applicationresources" ParentFolderID="823D8B789D407B0311CC7D6B26FADB74" DisplayName="Application Resources" />
    <Folder ID="8257D4CD9C2F4D1611DDF13AC1FAB118" Name="Comments" ProcGroupID="823D8B789D407B0311CC7D6B26FADB74" AppID="823D8B789D407B0311CC7D6B26FADB73" Description="" CreatedBy="162157" CreatedDate="2023-05-12T23:03:43.26" LastModifiedBy="162157" LastModifiedDate="2023-05-12T23:03:43.26" ContentType="application\comments" ParentFolderID="823D8B789D407B0311CC7D6B26FADB74" DisplayName="Comments" />
  </Folder>
  <Folder ID="823D8B789D407B0311CC7D6B26FADB7A" Name="Processes" ProcGroupID="" AppID="823D8B789D407B0311CC7D6B26FADB73" Description="" CreatedBy="162157" CreatedDate="0001-01-01T00:00:00Z" LastModifiedBy="162157" LastModifiedDate="0001-01-01T00:00:00Z" ContentType="application\processgroup" ParentFolderID="823D8B789D407B0311CC7D6B26FADB73" DisplayName="Processes">
    <Folder ID="823D8B789D407B0311CC7D6B26FADB7B" Name="OPAT - Police Accountability and Transparency" ProcGroupID="" AppID="823D8B789D407B0311CC7D6B26FADB73" Description="" CreatedBy="162157" CreatedDate="0001-01-01T00:00:00Z" LastModifiedBy="162157" LastModifiedDate="0001-01-01T00:00:00Z" ContentType="user\processgroup" ParentFolderID="823D8B789D407B0311CC7D6B26FADB7A" DisplayName="OPAT - Police Accountability and Transparency">
      <Folder ID="823D8B789D407B0311CC7D6B26FADB7C" Name="Process Model" ProcGroupID="823D8B789D407B0311CC7D6B26FADB7B" AppID="823D8B789D407B0311CC7D6B26FADB73" Description="" CreatedBy="162157" CreatedDate="0001-01-01T00:00:00Z" LastModifiedBy="162157" LastModifiedDate="0001-01-01T00:00:00Z" ContentType="application\processmodel" ParentFolderID="823D8B789D407B0311CC7D6B26FADB7B" DisplayName="Process Model">
        <File ID="BAED0AFFF82C90671100328681B5D416" Name="OPATPoliceAccountability" BaseFileID="823D8B789D407B0311CC7D6B26FADB7D" PrevVerFileID="BAE612DEFB27D0ED11FFD28BC14892A7" AppID="823D8B789D407B0311CC7D6B26FADB73" ParentFolderID="823D8B789D407B0311CC7D6B26FADB7C" ProcGroupID="823D8B789D407B0311CC7D6B26FADB7B" Description="" Version="1.25" Status="DRAFT" ContentType="user\processmodel" CheckedOutBy="" CheckedOutDate="0001-01-01T00:00:00Z" CreatedDate="2025-05-16T18:49:40.593" CreatedBy="40001842" LastModifiedDate="2025-05-16T18:49:40.593" LastModifiedBy="40001842" ThemeID="" ExtraInfo="" DisplayName="OPATPoliceAccountability" />
      </Folder>
      <Folder ID="823D8B789D407B0311CC7D6B26FADB7E" Name="Notification" ProcGroupID="823D8B789D407B0311CC7D6B26FADB7B" AppID="823D8B789D407B0311CC7D6B26FADB73" Description="" CreatedBy="162157" CreatedDate="0001-01-01T00:00:00Z" LastModifiedBy="162157" LastModifiedDate="0001-01-01T00:00:00Z" ContentType="application\notification" ParentFolderID="823D8B789D407B0311CC7D6B26FADB7B" DisplayName="Notification">
        <Folder ID="823D8B789D407B0311CC7D6B26FADB7F" Name="E-mails" ProcGroupID="823D8B789D407B0311CC7D6B26FADB7B" AppID="823D8B789D407B0311CC7D6B26FADB73" Description="" CreatedBy="162157" CreatedDate="0001-01-01T00:00:00Z" LastModifiedBy="162157" LastModifiedDate="0001-01-01T00:00:00Z" ContentType="application\email" ParentFolderID="823D8B789D407B0311CC7D6B26FADB7E" DisplayName="E-mails">
          <File ID="BAED0AFFF82C90671100328681B5D42D" Name="Notification" BaseFileID="823D8B789D407B0311CC7D6B26FADB8B" PrevVerFileID="BAE612DEFB27D0ED11FFD28BC14892A9" AppID="823D8B789D407B0311CC7D6B26FADB73" ParentFolderID="823D8B789D407B0311CC7D6B26FADB7F" ProcGroupID="823D8B789D407B0311CC7D6B26FADB7B" Description="" Version="1.22" Status="DRAFT" ContentType="user\email" CheckedOutBy="" CheckedOutDate="0001-01-01T00:00:00Z" CreatedDate="2025-05-16T18:49:40.95" CreatedBy="40001842" LastModifiedDate="2025-05-16T18:49:40.95" LastModifiedBy="40001842" ThemeID="" ExtraInfo="" DisplayName="Notification" />
          <File ID="BAED0AFFF82C90671100328681B5D42E" Name="Email - Appeal" BaseFileID="8243EE24A762EDC311CCCB51721B6B58" PrevVerFileID="BAE612DEFB27D0ED11FFD28BC14892AA" AppID="823D8B789D407B0311CC7D6B26FADB73" ParentFolderID="823D8B789D407B0311CC7D6B26FADB7F" ProcGroupID="823D8B789D407B0311CC7D6B26FADB7B" Description="" Version="1.05" Status="DRAFT" ContentType="user\email" CheckedOutBy="" CheckedOutDate="0001-01-01T00:00:00Z" CreatedDate="2025-05-16T18:49:40.95" CreatedBy="40001842" LastModifiedDate="2025-05-16T18:49:40.95" LastModifiedBy="40001842" ThemeID="" ExtraInfo="" DisplayName="Email - Appeal" />
          <File ID="BAED0AFFF82C90671100328681B5D42B" Name="Overdue - OPAT Intake" BaseFileID="823D8B789D407B0311CC7D6B26FADB87" PrevVerFileID="BAE612DEFB27D0ED11FFD28BC14892AB" AppID="823D8B789D407B0311CC7D6B26FADB73" ParentFolderID="823D8B789D407B0311CC7D6B26FADB7F" ProcGroupID="823D8B789D407B0311CC7D6B26FADB7B" Description="" Version="1.2" Status="DRAFT" ContentType="user\email" CheckedOutBy="" CheckedOutDate="0001-01-01T00:00:00Z" CreatedDate="2025-05-16T18:49:40.937" CreatedBy="40001842" LastModifiedDate="2025-05-16T18:49:40.937" LastModifiedBy="40001842" ThemeID="" ExtraInfo="" DisplayName="Overdue - OPAT Intake" />
          <File ID="BAED0AFFF82C90671100328681B5D42C" Name="Reminder" BaseFileID="823D8B789D407B0311CC7D6B26FADB8E" PrevVerFileID="BAE612DEFB27D0ED11FFD28BC14892AC" AppID="823D8B789D407B0311CC7D6B26FADB73" ParentFolderID="823D8B789D407B0311CC7D6B26FADB7F" ProcGroupID="823D8B789D407B0311CC7D6B26FADB7B" Description="" Version="1.19" Status="DRAFT" ContentType="user\email" CheckedOutBy="" CheckedOutDate="0001-01-01T00:00:00Z" CreatedDate="2025-05-16T18:49:40.937" CreatedBy="40001842" LastModifiedDate="2025-05-16T18:49:40.937" LastModifiedBy="40001842" ThemeID="" ExtraInfo="" DisplayName="Reminder" />
          <File ID="BAED0AFFF82C90671100328681B5D429" Name="Confirmation" BaseFileID="823D8B789D407B0311CC7D6B26FADB8D" PrevVerFileID="BAE612DEFB27D0ED11FFD28BC14892AE" AppID="823D8B789D407B0311CC7D6B26FADB73" ParentFolderID="823D8B789D407B0311CC7D6B26FADB7F" ProcGroupID="823D8B789D407B0311CC7D6B26FADB7B" Description="" Version="1.19" Status="DRAFT" ContentType="user\email" CheckedOutBy="" CheckedOutDate="0001-01-01T00:00:00Z" CreatedDate="2025-05-16T18:49:40.92" CreatedBy="40001842" LastModifiedDate="2025-05-16T18:49:40.92" LastModifiedBy="40001842" ThemeID="" ExtraInfo="" DisplayName="Confirmation" />
          <File ID="BAED0AFFF82C90671100328681B5D42A" Name="Overdue - Investigation" BaseFileID="823D8B789D407B0311CC7D6B26FADB86" PrevVerFileID="BAE612DEFB27D0ED11FFD28BC14892AF" AppID="823D8B789D407B0311CC7D6B26FADB73" ParentFolderID="823D8B789D407B0311CC7D6B26FADB7F" ProcGroupID="823D8B789D407B0311CC7D6B26FADB7B" Description="" Version="1.19" Status="DRAFT" ContentType="user\email" CheckedOutBy="" CheckedOutDate="0001-01-01T00:00:00Z" CreatedDate="2025-05-16T18:49:40.92" CreatedBy="40001842" LastModifiedDate="2025-05-16T18:49:40.92" LastModifiedBy="40001842" ThemeID="" ExtraInfo="" DisplayName="Overdue - Investigation" />
          <File ID="BAED0AFFF82C90671100328681B5D425" Name="Email - Investigation complete" BaseFileID="823D8B789D407B0311CC7D6B26FADB88" PrevVerFileID="BAE612DEFB27D0ED11FFD28BC14892B0" AppID="823D8B789D407B0311CC7D6B26FADB73" ParentFolderID="823D8B789D407B0311CC7D6B26FADB7F" ProcGroupID="823D8B789D407B0311CC7D6B26FADB7B" Description="" Version="1.19" Status="DRAFT" ContentType="user\email" CheckedOutBy="" CheckedOutDate="0001-01-01T00:00:00Z" CreatedDate="2025-05-16T18:49:40.903" CreatedBy="40001842" LastModifiedDate="2025-05-16T18:49:40.903" LastModifiedBy="40001842" ThemeID="" ExtraInfo="" DisplayName="Email - Investigation complete" />
          <File ID="BAED0AFFF82C90671100328681B5D426" Name="Overdue - Board Review" BaseFileID="823D8B789D407B0311CC7D6B26FADB84" PrevVerFileID="BAE612DEFB27D0ED11FFD28BC14892B1" AppID="823D8B789D407B0311CC7D6B26FADB73" ParentFolderID="823D8B789D407B0311CC7D6B26FADB7F" ProcGroupID="823D8B789D407B0311CC7D6B26FADB7B" Description="" Version="1.19" Status="DRAFT" ContentType="user\email" CheckedOutBy="" CheckedOutDate="0001-01-01T00:00:00Z" CreatedDate="2025-05-16T18:49:40.903" CreatedBy="40001842" LastModifiedDate="2025-05-16T18:49:40.903" LastModifiedBy="40001842" ThemeID="" ExtraInfo="" DisplayName="Overdue - Board Review" />
          <File ID="BAED0AFFF82C90671100328681B5D427" Name="Notification - Assign Investigator" BaseFileID="823D8B789D407B0311CC7D6B26FADB8C" PrevVerFileID="BAE612DEFB27D0ED11FFD28BC14892AD" AppID="823D8B789D407B0311CC7D6B26FADB73" ParentFolderID="823D8B789D407B0311CC7D6B26FADB7F" ProcGroupID="823D8B789D407B0311CC7D6B26FADB7B" Description="" Version="1.19" Status="DRAFT" ContentType="user\email" CheckedOutBy="" CheckedOutDate="0001-01-01T00:00:00Z" CreatedDate="2025-05-16T18:49:40.903" CreatedBy="40001842" LastModifiedDate="2025-05-16T18:49:40.903" LastModifiedBy="40001842" ThemeID="" ExtraInfo="" DisplayName="Notification - Assign Investigator" />
          <File ID="BAED0AFFF82C90671100328681B5D423" Name="Notification - Board Review" BaseFileID="823D8B789D407B0311CC7D6B26FADB82" PrevVerFileID="BAE612DEFB27D0ED11FFD28BC14892B3" AppID="823D8B789D407B0311CC7D6B26FADB73" ParentFolderID="823D8B789D407B0311CC7D6B26FADB7F" ProcGroupID="823D8B789D407B0311CC7D6B26FADB7B" Description="" Version="1.19" Status="DRAFT" ContentType="user\email" CheckedOutBy="" CheckedOutDate="0001-01-01T00:00:00Z" CreatedDate="2025-05-16T18:49:40.89" CreatedBy="40001842" LastModifiedDate="2025-05-16T18:49:40.89" LastModifiedBy="40001842" ThemeID="" ExtraInfo="" DisplayName="Notification - Board Review" />
          <File ID="BAED0AFFF82C90671100328681B5D424" Name="Overdue - Assign Investigator" BaseFileID="823D8B789D407B0311CC7D6B26FADB83" PrevVerFileID="BAE612DEFB27D0ED11FFD28BC14892B4" AppID="823D8B789D407B0311CC7D6B26FADB73" ParentFolderID="823D8B789D407B0311CC7D6B26FADB7F" ProcGroupID="823D8B789D407B0311CC7D6B26FADB7B" Description="" Version="1.19" Status="DRAFT" ContentType="user\email" CheckedOutBy="" CheckedOutDate="0001-01-01T00:00:00Z" CreatedDate="2025-05-16T18:49:40.89" CreatedBy="40001842" LastModifiedDate="2025-05-16T18:49:40.89" LastModifiedBy="40001842" ThemeID="" ExtraInfo="" DisplayName="Overdue - Assign Investigator" />
          <File ID="BAED0AFFF82C90671100328681B5D421" Name="Thank You" BaseFileID="823D8B789D407B0311CC7D6B26FADB89" PrevVerFileID="BAE612DEFB27D0ED11FFD28BC14892B7" AppID="823D8B789D407B0311CC7D6B26FADB73" ParentFolderID="823D8B789D407B0311CC7D6B26FADB7F" ProcGroupID="823D8B789D407B0311CC7D6B26FADB7B" Description="" Version="1.19" Status="DRAFT" ContentType="user\email" CheckedOutBy="" CheckedOutDate="0001-01-01T00:00:00Z" CreatedDate="2025-05-16T18:49:40.873" CreatedBy="40001842" LastModifiedDate="2025-05-16T18:49:40.873" LastModifiedBy="40001842" ThemeID="" ExtraInfo="" DisplayName="Thank You" />
          <File ID="BAED0AFFF82C90671100328681B5D422" Name="Overdue - Director Review" BaseFileID="823D8B789D407B0311CC7D6B26FADB85" PrevVerFileID="BAE612DEFB27D0ED11FFD28BC14892B2" AppID="823D8B789D407B0311CC7D6B26FADB73" ParentFolderID="823D8B789D407B0311CC7D6B26FADB7F" ProcGroupID="823D8B789D407B0311CC7D6B26FADB7B" Description="" Version="1.19" Status="DRAFT" ContentType="user\email" CheckedOutBy="" CheckedOutDate="0001-01-01T00:00:00Z" CreatedDate="2025-05-16T18:49:40.873" CreatedBy="40001842" LastModifiedDate="2025-05-16T18:49:40.873" LastModifiedBy="40001842" ThemeID="" ExtraInfo="" DisplayName="Overdue - Director Review" />
          <File ID="BAED0AFFF82C90671100328681B5D41F" Name="Notification Email to Assigned Investigator" BaseFileID="823D8B789D407B0311CC7D6B26FADB80" PrevVerFileID="BAE612DEFB27D0ED11FFD28BC14892B5" AppID="823D8B789D407B0311CC7D6B26FADB73" ParentFolderID="823D8B789D407B0311CC7D6B26FADB7F" ProcGroupID="823D8B789D407B0311CC7D6B26FADB7B" Description="" Version="1.19" Status="DRAFT" ContentType="user\email" CheckedOutBy="" CheckedOutDate="0001-01-01T00:00:00Z" CreatedDate="2025-05-16T18:49:40.857" CreatedBy="40001842" LastModifiedDate="2025-05-16T18:49:40.857" LastModifiedBy="40001842" ThemeID="" ExtraInfo="" DisplayName="Notification Email to Assigned Investigator" />
          <File ID="BAED0AFFF82C90671100328681B5D420" Name="Notification to Investigator Additional info required" BaseFileID="823D8B789D407B0311CC7D6B26FADB81" PrevVerFileID="BAE612DEFB27D0ED11FFD28BC14892B6" AppID="823D8B789D407B0311CC7D6B26FADB73" ParentFolderID="823D8B789D407B0311CC7D6B26FADB7F" ProcGroupID="823D8B789D407B0311CC7D6B26FADB7B" Description="" Version="1.19" Status="DRAFT" ContentType="user\email" CheckedOutBy="" CheckedOutDate="0001-01-01T00:00:00Z" CreatedDate="2025-05-16T18:49:40.857" CreatedBy="40001842" LastModifiedDate="2025-05-16T18:49:40.857" LastModifiedBy="40001842" ThemeID="" ExtraInfo="" DisplayName="Notification to Investigator Additional info required" />
          <File ID="BAED0AFFF82C90671100328681B5D41C" Name="Email - Non Anonymous Spanish" BaseFileID="8242BA8981764D7711CCA96396150544" PrevVerFileID="BAE612DEFB27D0ED11FFD28BC14892B8" AppID="823D8B789D407B0311CC7D6B26FADB73" ParentFolderID="823D8B789D407B0311CC7D6B26FADB7F" ProcGroupID="823D8B789D407B0311CC7D6B26FADB7B" Description="" Version="1.07" Status="DRAFT" ContentType="user\email" CheckedOutBy="" CheckedOutDate="0001-01-01T00:00:00Z" CreatedDate="2025-05-16T18:49:40.843" CreatedBy="40001842" LastModifiedDate="2025-05-16T18:49:40.843" LastModifiedBy="40001842" ThemeID="" ExtraInfo="" DisplayName="Email - Non Anonymous Spanish" />
          <File ID="BAED0AFFF82C90671100328681B5D41E" Name="Email - Non Anonymous" BaseFileID="823D8B789D407B0311CC7D6B26FADB8A" PrevVerFileID="BAE612DEFB27D0ED11FFD28BC14892B9" AppID="823D8B789D407B0311CC7D6B26FADB73" ParentFolderID="823D8B789D407B0311CC7D6B26FADB7F" ProcGroupID="823D8B789D407B0311CC7D6B26FADB7B" Description="" Version="1.19" Status="DRAFT" ContentType="user\email" CheckedOutBy="" CheckedOutDate="0001-01-01T00:00:00Z" CreatedDate="2025-05-16T18:49:40.843" CreatedBy="40001842" LastModifiedDate="2025-05-16T18:49:40.843" LastModifiedBy="40001842" ThemeID="" ExtraInfo="" DisplayName="Email - Non Anonymous" />
        </Folder>
        <Folder ID="823D8B789D407B0311CC7D6B26FADB8F" Name="Yammer" ProcGroupID="823D8B789D407B0311CC7D6B26FADB7B" AppID="823D8B789D407B0311CC7D6B26FADB73" Description="" CreatedBy="162157" CreatedDate="0001-01-01T00:00:00Z" LastModifiedBy="162157" LastModifiedDate="0001-01-01T00:00:00Z" ContentType="application\yammer" ParentFolderID="823D8B789D407B0311CC7D6B26FADB7E" DisplayName="Viva Engage" />
        <Folder ID="823D8B789D407B0311CC7D6B26FADB90" Name="Chatter" ProcGroupID="823D8B789D407B0311CC7D6B26FADB7B" AppID="823D8B789D407B0311CC7D6B26FADB73" Description="" CreatedBy="162157" CreatedDate="0001-01-01T00:00:00Z" LastModifiedBy="162157" LastModifiedDate="0001-01-01T00:00:00Z" ContentType="application\chatter" ParentFolderID="823D8B789D407B0311CC7D6B26FADB7E" DisplayName="Chatter" />
        <Folder ID="823D8B789D407B0311CC7D6B26FADB91" Name="MicrosoftTeams" ProcGroupID="823D8B789D407B0311CC7D6B26FADB7B" AppID="823D8B789D407B0311CC7D6B26FADB73" Description="" CreatedBy="162157" CreatedDate="0001-01-01T00:00:00Z" LastModifiedBy="162157" LastModifiedDate="2023-05-12T23:03:43.807" ContentType="application\microsoftteams" ParentFolderID="823D8B789D407B0311CC7D6B26FADB7E" DisplayName="Microsoft Teams" />
        <Folder ID="823D8B789D407B0311CC7D6B26FADB92" Name="SMS" ProcGroupID="823D8B789D407B0311CC7D6B26FADB7B" AppID="823D8B789D407B0311CC7D6B26FADB73" Description="" CreatedBy="162157" CreatedDate="0001-01-01T00:00:00Z" LastModifiedBy="162157" LastModifiedDate="0001-01-01T00:00:00Z" ContentType="application\sms" ParentFolderID="823D8B789D407B0311CC7D6B26FADB7E" DisplayName="SMS" />
        <Folder ID="823D8B789D407B0311CC7D6B26FADBB0" Name="Attachment Repository" ProcGroupID="823D8B789D407B0311CC7D6B26FADB7B" AppID="823D8B789D407B0311CC7D6B26FADB73" Description="" CreatedBy="162157" CreatedDate="2022-01-24T18:12:58.263" LastModifiedBy="162157" LastModifiedDate="2022-01-24T18:12:58.263" ContentType="application\attachmentrepository" ParentFolderID="823D8B789D407B0311CC7D6B26FADB7E" DisplayName="Attachment Repository" />
      </Folder>
      <Folder ID="823D8B789D407B0311CC7D6B26FADB93" Name="Data Model" ProcGroupID="823D8B789D407B0311CC7D6B26FADB7B" AppID="823D8B789D407B0311CC7D6B26FADB73" Description="" CreatedBy="162157" CreatedDate="0001-01-01T00:00:00Z" LastModifiedBy="162157" LastModifiedDate="0001-01-01T00:00:00Z" ContentType="application\datamodel" ParentFolderID="823D8B789D407B0311CC7D6B26FADB7B" DisplayName="Data Model">
        <File ID="BAED0AFFF82C90671100328681B5D42F" Name="Schema.xsd" BaseFileID="823D8B789D407B0311CC7D6B26FADB94" PrevVerFileID="BAE612DEFB27D0ED11FFD28BC14892BA" AppID="823D8B789D407B0311CC7D6B26FADB73" ParentFolderID="823D8B789D407B0311CC7D6B26FADB93" ProcGroupID="823D8B789D407B0311CC7D6B26FADB7B" Description="" Version="1.4" Status="DRAFT" ContentType="user\datamodel" CheckedOutBy="" CheckedOutDate="0001-01-01T00:00:00Z" CreatedDate="2025-05-16T18:49:41" CreatedBy="40001842" LastModifiedDate="2025-05-16T18:49:41" LastModifiedBy="40001842" ThemeID="" ExtraInfo="[{&quot;Name&quot; : &quot;NamespaceUpdated&quot; , &quot;Value&quot; : &quot;True&quot;}]" DisplayName="Schema.xsd" />
        <File ID="BAED0AFFF82C90671100328681B5D430" Name="OPATComplaints" BaseFileID="823D8B789D407B0311CC7D6B26FADB95" PrevVerFileID="BAE612DEFB27D0ED11FFD28BC14892BB" AppID="823D8B789D407B0311CC7D6B26FADB73" ParentFolderID="823D8B789D407B0311CC7D6B26FADB93" ProcGroupID="823D8B789D407B0311CC7D6B26FADB7B" Description="Datasource OPATComplaints Schema" Version="1.22" Status="DRAFT" ContentType="user\apdataentitydatamodel" CheckedOutBy="" CheckedOutDate="0001-01-01T00:00:00Z" CreatedDate="2025-05-16T18:49:41" CreatedBy="40001842" LastModifiedDate="2025-05-16T18:49:41" LastModifiedBy="40001842" ThemeID="" ExtraInfo="" DisplayName="OPATComplaints" />
      </Folder>
      <Folder ID="823D8B789D407B0311CC7D6B26FADB96" Name="Data Source" ProcGroupID="823D8B789D407B0311CC7D6B26FADB7B" AppID="823D8B789D407B0311CC7D6B26FADB73" Description="" CreatedBy="162157" CreatedDate="0001-01-01T00:00:00Z" LastModifiedBy="162157" LastModifiedDate="0001-01-01T00:00:00Z" ContentType="application\datasources" ParentFolderID="823D8B789D407B0311CC7D6B26FADB7B" DisplayName="Data Source">
        <File ID="BAEE12DEFB27D0ED11003286A68A45EC" Name="OPATComplaints" BaseFileID="823D8B789D407B0311CC7D6B26FADB97" PrevVerFileID="BAE612DEFB27D0ED11FFD28BC14892BC" AppID="823D8B789D407B0311CC7D6B26FADB73" ParentFolderID="823D8B789D407B0311CC7D6B26FADB96" ProcGroupID="823D8B789D407B0311CC7D6B26FADB7B" Description="" Version="1.23" Status="DRAFT" ContentType="user\APDataEntityDataSource" CheckedOutBy="" CheckedOutDate="0001-01-01T00:00:00Z" CreatedDate="2025-05-16T18:50:38.193" CreatedBy="40001842" LastModifiedDate="2025-05-16T19:09:34.303" LastModifiedBy="40001842" ThemeID="" ExtraInfo="" DisplayName="OPATComplaints" />
      </Folder>
      <Folder ID="823D8B789D407B0311CC7D6B26FADB98" Name="Library" ProcGroupID="823D8B789D407B0311CC7D6B26FADB7B" AppID="823D8B789D407B0311CC7D6B26FADB73" Description="" CreatedBy="162157" CreatedDate="0001-01-01T00:00:00Z" LastModifiedBy="162157" LastModifiedDate="0001-01-01T00:00:00Z" ContentType="application\taskformlibrary" ParentFolderID="823D8B789D407B0311CC7D6B26FADB7B" DisplayName="Library">
        <File ID="BAED0AFFF82C90671100328681B5D432" Name="Form Library" BaseFileID="823D8B789D407B0311CC7D6B26FADB99" PrevVerFileID="BAE612DEFB27D0ED11FFD28BC14892BD" AppID="823D8B789D407B0311CC7D6B26FADB73" ParentFolderID="823D8B789D407B0311CC7D6B26FADB98" ProcGroupID="823D8B789D407B0311CC7D6B26FADB7B" Description="" Version="1.33" Status="DRAFT" ContentType="user\taskformlibrary" CheckedOutBy="" CheckedOutDate="0001-01-01T00:00:00Z" CreatedDate="2025-05-16T18:49:41.03" CreatedBy="40001842" LastModifiedDate="2025-05-16T18:49:41.03" LastModifiedBy="40001842" ThemeID="" ExtraInfo="" DisplayName="Form Library" />
      </Folder>
      <Folder ID="823D8B789D407B0311CC7D6B26FADB9A" Name="Forms" ProcGroupID="823D8B789D407B0311CC7D6B26FADB7B" AppID="823D8B789D407B0311CC7D6B26FADB73" Description="" CreatedBy="162157" CreatedDate="0001-01-01T00:00:00Z" LastModifiedBy="162157" LastModifiedDate="0001-01-01T00:00:00Z" ContentType="application\formsgroup" ParentFolderID="823D8B789D407B0311CC7D6B26FADB7B" DisplayName="Forms">
        <Folder ID="823D8B789D407B0311CC7D6B26FADB9B" Name="Task Forms" ProcGroupID="823D8B789D407B0311CC7D6B26FADB7B" AppID="823D8B789D407B0311CC7D6B26FADB73" Description="" CreatedBy="162157" CreatedDate="0001-01-01T00:00:00Z" LastModifiedBy="162157" LastModifiedDate="0001-01-01T00:00:00Z" ContentType="application\taskforms" ParentFolderID="823D8B789D407B0311CC7D6B26FADB9A" DisplayName="Task Forms">
          <File ID="BAED0AFFF82C90671100328681B5D43A" Name="Initial Submission" BaseFileID="823D8B789D407B0311CC7D6B26FADB9D" PrevVerFileID="BAE612DEFB27D0ED11FFD28BC14892BE" AppID="823D8B789D407B0311CC7D6B26FADB73" ParentFolderID="823D8B789D407B0311CC7D6B26FADB9B" ProcGroupID="823D8B789D407B0311CC7D6B26FADB7B" Description="" Version="1.22" Status="DRAFT" ContentType="user\taskforms" CheckedOutBy="" CheckedOutDate="0001-01-01T00:00:00Z" CreatedDate="2025-05-16T18:49:41.14" CreatedBy="40001842" LastModifiedDate="2025-05-16T18:49:41.14" LastModifiedBy="40001842" ThemeID="" ExtraInfo="" DisplayName="Initial Submission" />
          <File ID="BAED0AFFF82C90671100328681B5D438" Name="Board Review" BaseFileID="823D8B789D407B0311CC7D6B26FADBA1" PrevVerFileID="BAE612DEFB27D0ED11FFD28BC14892C9" AppID="823D8B789D407B0311CC7D6B26FADB73" ParentFolderID="823D8B789D407B0311CC7D6B26FADB9B" ProcGroupID="823D8B789D407B0311CC7D6B26FADB7B" Description="" Version="1.2" Status="DRAFT" ContentType="user\taskforms" CheckedOutBy="" CheckedOutDate="0001-01-01T00:00:00Z" CreatedDate="2025-05-16T18:49:41.123" CreatedBy="40001842" LastModifiedDate="2025-05-16T18:49:41.123" LastModifiedBy="40001842" ThemeID="" ExtraInfo="" DisplayName="Board Review" />
          <File ID="BAED0AFFF82C90671100328681B5D439" Name="Additional Investigation" BaseFileID="823D8B789D407B0311CC7D6B26FADB9C" PrevVerFileID="BAE612DEFB27D0ED11FFD28BC14892C8" AppID="823D8B789D407B0311CC7D6B26FADB73" ParentFolderID="823D8B789D407B0311CC7D6B26FADB9B" ProcGroupID="823D8B789D407B0311CC7D6B26FADB7B" Description="" Version="1.2" Status="DRAFT" ContentType="user\taskforms" CheckedOutBy="" CheckedOutDate="0001-01-01T00:00:00Z" CreatedDate="2025-05-16T18:49:41.123" CreatedBy="40001842" LastModifiedDate="2025-05-16T18:49:41.123" LastModifiedBy="40001842" ThemeID="" ExtraInfo="" DisplayName="Additional Investigation" />
          <File ID="BAED0AFFF82C90671100328681B5D437" Name="Assign Investigator" BaseFileID="823D8B789D407B0311CC7D6B26FADB9F" PrevVerFileID="BAE612DEFB27D0ED11FFD28BC14892CA" AppID="823D8B789D407B0311CC7D6B26FADB73" ParentFolderID="823D8B789D407B0311CC7D6B26FADB9B" ProcGroupID="823D8B789D407B0311CC7D6B26FADB7B" Description="" Version="1.22" Status="DRAFT" ContentType="user\taskforms" CheckedOutBy="" CheckedOutDate="0001-01-01T00:00:00Z" CreatedDate="2025-05-16T18:49:41.107" CreatedBy="40001842" LastModifiedDate="2025-05-16T18:49:41.107" LastModifiedBy="40001842" ThemeID="" ExtraInfo="" DisplayName="Assign Investigator" />
          <File ID="BAED0AFFF82C90671100328681B5D435" Name="Investigation Complete" BaseFileID="823D8B789D407B0311CC7D6B26FADBA2" PrevVerFileID="BAE612DEFB27D0ED11FFD28BC14892C7" AppID="823D8B789D407B0311CC7D6B26FADB73" ParentFolderID="823D8B789D407B0311CC7D6B26FADB9B" ProcGroupID="823D8B789D407B0311CC7D6B26FADB7B" Description="" Version="1.2" Status="DRAFT" ContentType="user\taskforms" CheckedOutBy="" CheckedOutDate="0001-01-01T00:00:00Z" CreatedDate="2025-05-16T18:49:41.093" CreatedBy="40001842" LastModifiedDate="2025-05-16T18:49:41.093" LastModifiedBy="40001842" ThemeID="" ExtraInfo="" DisplayName="Investigation Complete" />
          <File ID="BAED0AFFF82C90671100328681B5D436" Name="Initial Review" BaseFileID="823D8B789D407B0311CC7D6B26FADB9E" PrevVerFileID="BAE612DEFB27D0ED11FFD28BC14892C6" AppID="823D8B789D407B0311CC7D6B26FADB73" ParentFolderID="823D8B789D407B0311CC7D6B26FADB9B" ProcGroupID="823D8B789D407B0311CC7D6B26FADB7B" Description="" Version="1.22" Status="DRAFT" ContentType="user\taskforms" CheckedOutBy="" CheckedOutDate="0001-01-01T00:00:00Z" CreatedDate="2025-05-16T18:49:41.093" CreatedBy="40001842" LastModifiedDate="2025-05-16T18:49:41.093" LastModifiedBy="40001842" ThemeID="" ExtraInfo="" DisplayName="Initial Review" />
          <File ID="BAED0AFFF82C90671100328681B5D433" Name="Investigation" BaseFileID="823D8B789D407B0311CC7D6B26FADBA0" PrevVerFileID="BAE612DEFB27D0ED11FFD28BC14892C5" AppID="823D8B789D407B0311CC7D6B26FADB73" ParentFolderID="823D8B789D407B0311CC7D6B26FADB9B" ProcGroupID="823D8B789D407B0311CC7D6B26FADB7B" Description="" Version="1.23" Status="DRAFT" ContentType="user\taskforms" CheckedOutBy="" CheckedOutDate="0001-01-01T00:00:00Z" CreatedDate="2025-05-16T18:49:41.077" CreatedBy="40001842" LastModifiedDate="2025-05-16T18:49:41.077" LastModifiedBy="40001842" ThemeID="" ExtraInfo="" DisplayName="Investigation" />
        </Folder>
      </Folder>
      <Folder ID="823D8B789D407B0311CC7D6B26FADBA3" Name="Lookups" ProcGroupID="823D8B789D407B0311CC7D6B26FADB7B" AppID="823D8B789D407B0311CC7D6B26FADB73" Description="" CreatedBy="162157" CreatedDate="0001-01-01T00:00:00Z" LastModifiedBy="162157" LastModifiedDate="0001-01-01T00:00:00Z" ContentType="application\lookup" ParentFolderID="823D8B789D407B0311CC7D6B26FADB7B" DisplayName="Lookups" />
      <Folder ID="823D8B789D407B0311CC7D6B26FADBA4" Name="Translation" ProcGroupID="823D8B789D407B0311CC7D6B26FADB7B" AppID="823D8B789D407B0311CC7D6B26FADB73" Description="" CreatedBy="162157" CreatedDate="0001-01-01T00:00:00Z" LastModifiedBy="162157" LastModifiedDate="0001-01-01T00:00:00Z" ContentType="application\translation" ParentFolderID="823D8B789D407B0311CC7D6B26FADB7B" DisplayName="Translation">
        <File ID="BAED0AFFF82C90671100328681B5D440" Name="FormLibrary_es" BaseFileID="8242BA8981764D7711CCA96396150561" PrevVerFileID="BAE612DEFB27D0ED11FFD28BC14892CD" AppID="823D8B789D407B0311CC7D6B26FADB73" ParentFolderID="823D8B789D407B0311CC7D6B26FADBA4" ProcGroupID="823D8B789D407B0311CC7D6B26FADB7B" Description="" Version="1.07" Status="DRAFT" ContentType="user\translation" CheckedOutBy="" CheckedOutDate="0001-01-01T00:00:00Z" CreatedDate="2025-05-16T18:49:41.173" CreatedBy="40001842" LastModifiedDate="2025-05-16T18:49:41.173" LastModifiedBy="40001842" ThemeID="" ExtraInfo="" DisplayName="FormLibrary_Spanish" />
        <File ID="BAED0AFFF82C90671100328681B5D441" Name="FormLibrary_en-US" BaseFileID="8242BA8981764D7711CCA96396150560" PrevVerFileID="BAE612DEFB27D0ED11FFD28BC14892CC" AppID="823D8B789D407B0311CC7D6B26FADB73" ParentFolderID="823D8B789D407B0311CC7D6B26FADBA4" ProcGroupID="823D8B789D407B0311CC7D6B26FADB7B" Description="" Version="1.07" Status="DRAFT" ContentType="user\translation" CheckedOutBy="" CheckedOutDate="0001-01-01T00:00:00Z" CreatedDate="2025-05-16T18:49:41.173" CreatedBy="40001842" LastModifiedDate="2025-05-16T18:49:41.173" LastModifiedBy="40001842" ThemeID="" ExtraInfo="" DisplayName="FormLibrary_English (United States)" />
      </Folder>
      <Folder ID="823D8B789D407B0311CC7D6B26FADBA5" Name="Document Repository" ProcGroupID="823D8B789D407B0311CC7D6B26FADB7B" AppID="823D8B789D407B0311CC7D6B26FADB73" Description="" CreatedBy="162157" CreatedDate="0001-01-01T00:00:00Z" LastModifiedBy="162157" LastModifiedDate="0001-01-01T00:00:00Z" ContentType="application\documentrepository" ParentFolderID="823D8B789D407B0311CC7D6B26FADB7B" DisplayName="Document Repository">
        <File ID="BAED0AFFF82C90671100328681B5D449" Name="File Upload" BaseFileID="823D8B789D407B0311CC7D6B26FADBA6" PrevVerFileID="BAE612DEFB27D0ED11FFD28BC14892D3" AppID="823D8B789D407B0311CC7D6B26FADB73" ParentFolderID="823D8B789D407B0311CC7D6B26FADBA5" ProcGroupID="823D8B789D407B0311CC7D6B26FADB7B" Description="" Version="1.19" Status="DRAFT" ContentType="user\documentrepository" CheckedOutBy="" CheckedOutDate="0001-01-01T00:00:00Z" CreatedDate="2025-05-16T18:49:41.203" CreatedBy="40001842" LastModifiedDate="2025-05-16T18:49:41.203" LastModifiedBy="40001842" ThemeID="" ExtraInfo="" DisplayName="File Upload" />
        <File ID="BAED0AFFF82C90671100328681B5D44C" Name="File Upload 1" BaseFileID="823D8B789D407B0311CC7D6B26FADBA7" PrevVerFileID="BAE612DEFB27D0ED11FFD28BC14892D2" AppID="823D8B789D407B0311CC7D6B26FADB73" ParentFolderID="823D8B789D407B0311CC7D6B26FADBA5" ProcGroupID="823D8B789D407B0311CC7D6B26FADB7B" Description="" Version="1.19" Status="DRAFT" ContentType="user\documentrepository" CheckedOutBy="" CheckedOutDate="0001-01-01T00:00:00Z" CreatedDate="2025-05-16T18:49:41.203" CreatedBy="40001842" LastModifiedDate="2025-05-16T18:49:41.203" LastModifiedBy="40001842" ThemeID="" ExtraInfo="" DisplayName="File Upload 1" />
      </Folder>
      <Folder ID="823D8B789D407B0311CC7D6B26FADBA8" Name="System Files" ProcGroupID="823D8B789D407B0311CC7D6B26FADB7B" AppID="823D8B789D407B0311CC7D6B26FADB73" Description="" CreatedBy="162157" CreatedDate="0001-01-01T00:00:00Z" LastModifiedBy="162157" LastModifiedDate="0001-01-01T00:00:00Z" ContentType="application\hidden" ParentFolderID="823D8B789D407B0311CC7D6B26FADB7B" DisplayName="System Files" />
    </Folder>
  </Folder>
  <CoAuthored>false</CoAuthored>
</WFEnabledApplication>