<?xml version="1.0"?>
<WFEnabledApplication xmlns:xsd="http://www.w3.org/2001/XMLSchema" xmlns:xsi="http://www.w3.org/2001/XMLSchema-instance" ID="82309107B3DA343D11AA2B1A3199B0B0" Name="ASD - 38D Forms" Description="A template application for our migration from SeamlessDocs to AgilePoint." Status="DRAFT" CreatedDate="2019-12-30T07:36:55.513" CreatedBy="143525" AppType="eForms" Visibility="PAAS" ContentType="application" DisplayName="ASD - 38D Forms" AppLocale="customlocale" ParentApplicationId="AA4E12F761F562241199C9B7B336933B">
  <Folder ID="82309107B3DA343D11AA2B1A3199B0B1" Name="Shared Resources" ProcGroupID="" AppID="82309107B3DA343D11AA2B1A3199B0B0" Description="" CreatedBy="143525" CreatedDate="0001-01-01T00:00:00Z" LastModifiedBy="143525" LastModifiedDate="0001-01-01T00:00:00Z" ContentType="Any" ParentFolderID="82309107B3DA343D11AA2B1A3199B0B0" DisplayName="Shared Resources">
    <Folder ID="82309107B3DA343D11AA2B1A3199B0B2" Name="Style Sheets" ProcGroupID="" AppID="82309107B3DA343D11AA2B1A3199B0B0" Description="" CreatedBy="143525" CreatedDate="0001-01-01T00:00:00Z" LastModifiedBy="143525" LastModifiedDate="0001-01-01T00:00:00Z" ContentType="application\CSS" ParentFolderID="82309107B3DA343D11AA2B1A3199B0B1" DisplayName="Style Sheets" />
    <Folder ID="82309107B3DA343D11AA2B1A3199B0B3" Name="JavaScript" ProcGroupID="" AppID="82309107B3DA343D11AA2B1A3199B0B0" Description="" CreatedBy="143525" CreatedDate="0001-01-01T00:00:00Z" LastModifiedBy="143525" LastModifiedDate="0001-01-01T00:00:00Z" ContentType="application\js" ParentFolderID="82309107B3DA343D11AA2B1A3199B0B1" DisplayName="JavaScript" />
    <Folder ID="82309107B3DA343D11AA2B1A3199B0B4" Name="Images" ProcGroupID="" AppID="82309107B3DA343D11AA2B1A3199B0B0" Description="" CreatedBy="143525" CreatedDate="0001-01-01T00:00:00Z" LastModifiedBy="143525" LastModifiedDate="0001-01-01T00:00:00Z" ContentType="application\image" ParentFolderID="82309107B3DA343D11AA2B1A3199B0B1" DisplayName="Images" />
    <Folder ID="82309107B3DA343D11AA2B1A3199B0B5" Name="Access Tokens" ProcGroupID="" AppID="82309107B3DA343D11AA2B1A3199B0B0" Description="" CreatedBy="143525" CreatedDate="0001-01-01T00:00:00Z" LastModifiedBy="143525" LastModifiedDate="0001-01-01T00:00:00Z" ContentType="application\apptoken" ParentFolderID="82309107B3DA343D11AA2B1A3199B0B1" DisplayName="Access Tokens">
      <File ID="82309107B3DA343D11AA2B1A3199B0DA" Name="Anonymous Access - SeamlessDocs Migration" BaseFileID="82309107B3DA343D11AA2B1A3199B0DA" AppID="82309107B3DA343D11AA2B1A3199B0B0" ParentFolderID="82309107B3DA343D11AA2B1A3199B0B5" Description="" Status="RELEASED" ContentType="user\apptoken" CheckedOutDate="0001-01-01T00:00:00Z" CreatedDate="2019-12-30T07:36:55.657" CreatedBy="143525" LastModifiedDate="2019-12-30T07:36:55.687" LastModifiedBy="143525" DisplayName="Anonymous Access - SeamlessDocs Migration" />
    </Folder>
    <Folder ID="82309107B3DA343D11AA2B1A3199B0B6" Name="Application Resources" ProcGroupID="" AppID="82309107B3DA343D11AA2B1A3199B0B0" Description="" CreatedBy="143525" CreatedDate="0001-01-01T00:00:00Z" LastModifiedBy="143525" LastModifiedDate="0001-01-01T00:00:00Z" ContentType="application\applicationresources" ParentFolderID="82309107B3DA343D11AA2B1A3199B0B1" DisplayName="Application Resources" />
    <Folder ID="825FC2FFACA72A8211DDE63888F82690" Name="Comments" ProcGroupID="82309107B3DA343D11AA2B1A3199B0B1" AppID="82309107B3DA343D11AA2B1A3199B0B0" Description="" CreatedBy="143525" CreatedDate="2023-04-28T22:50:10.63" LastModifiedBy="143525" LastModifiedDate="2023-04-28T22:50:10.63" ContentType="application\comments" ParentFolderID="82309107B3DA343D11AA2B1A3199B0B1" DisplayName="Comments" />
  </Folder>
  <Folder ID="82309107B3DA343D11AA2B1A3199B0B7" Name="Processes" ProcGroupID="" AppID="82309107B3DA343D11AA2B1A3199B0B0" Description="" CreatedBy="143525" CreatedDate="0001-01-01T00:00:00Z" LastModifiedBy="143525" LastModifiedDate="0001-01-01T00:00:00Z" ContentType="application\processgroup" ParentFolderID="82309107B3DA343D11AA2B1A3199B0B0" DisplayName="Processes">
    <Folder ID="82309107B3DA343D11AA2B1A3199B0B8" Name="Template Application - SeamlessDoc Migration" ProcGroupID="" AppID="82309107B3DA343D11AA2B1A3199B0B0" Description="" CreatedBy="143525" CreatedDate="0001-01-01T00:00:00Z" LastModifiedBy="143525" LastModifiedDate="0001-01-01T00:00:00Z" ContentType="user\processgroup" ParentFolderID="82309107B3DA343D11AA2B1A3199B0B7" DisplayName="Template Application - SeamlessDoc Migration">
      <Folder ID="82309107B3DA343D11AA2B1A3199B0B9" Name="Document Repository" ProcGroupID="82309107B3DA343D11AA2B1A3199B0B8" AppID="82309107B3DA343D11AA2B1A3199B0B0" Description="" CreatedBy="143525" CreatedDate="0001-01-01T00:00:00Z" LastModifiedBy="143525" LastModifiedDate="0001-01-01T00:00:00Z" ContentType="application\documentrepository" ParentFolderID="82309107B3DA343D11AA2B1A3199B0B8" DisplayName="Document Repository">
        <File ID="BAE812E420D57DA911FFDCCD870AA64E" Name="Form ST1 Submission" BaseFileID="823891ADF6F5495111BB8BF485D12075" PrevVerFileID="8274F865F19F99BB11FF026AC2E4AE05" AppID="82309107B3DA343D11AA2B1A3199B0B0" ParentFolderID="82309107B3DA343D11AA2B1A3199B0B9" ProcGroupID="82309107B3DA343D11AA2B1A3199B0B8" Description="" Version="1.15" Status="DRAFT" ContentType="user\documentrepository" CheckedOutBy="" CheckedOutDate="0001-01-01T00:00:00Z" CreatedDate="2025-01-27T16:41:25.417" CreatedBy="40001842" LastModifiedDate="2025-01-27T16:41:25.417" LastModifiedBy="40001842" ThemeID="" ExtraInfo="" DisplayName="Form ST1 Submission" />
        <File ID="BAE812E420D57DA911FFDCCD870AA644" Name="Form O File Upload Repository" BaseFileID="82309107B3DA343D11AA2B1A3199B0BD" PrevVerFileID="8274F865F19F99BB11FF026AC2E4AE08" AppID="82309107B3DA343D11AA2B1A3199B0B0" ParentFolderID="82309107B3DA343D11AA2B1A3199B0B9" ProcGroupID="82309107B3DA343D11AA2B1A3199B0B8" Description="" Version="1.39" Status="DRAFT" ContentType="user\documentrepository" CheckedOutBy="" CheckedOutDate="0001-01-01T00:00:00Z" CreatedDate="2025-01-27T16:41:25.403" CreatedBy="40001842" LastModifiedDate="2025-01-27T16:41:25.403" LastModifiedBy="40001842" ThemeID="" ExtraInfo="" DisplayName="Form O File Upload Repository" />
        <File ID="BAE812E420D57DA911FFDCCD870AA645" Name="Form PK File Upload Repository" BaseFileID="82309107B3DA343D11AA2B1A3199B0BE" PrevVerFileID="8274F865F19F99BB11FF026AC2E4AE09" AppID="82309107B3DA343D11AA2B1A3199B0B0" ParentFolderID="82309107B3DA343D11AA2B1A3199B0B9" ProcGroupID="82309107B3DA343D11AA2B1A3199B0B8" Description="" Version="1.39" Status="DRAFT" ContentType="user\documentrepository" CheckedOutBy="" CheckedOutDate="0001-01-01T00:00:00Z" CreatedDate="2025-01-27T16:41:25.403" CreatedBy="40001842" LastModifiedDate="2025-01-27T16:41:25.403" LastModifiedBy="40001842" ThemeID="" ExtraInfo="" DisplayName="Form PK File Upload Repository" />
        <File ID="BAE812E420D57DA911FFDCCD870AA646" Name="Form D File Upload Repository" BaseFileID="826FF205F6C807D911EEC05A6618BBFF" PrevVerFileID="8274F865F19F99BB11FF026AC2E4AE03" AppID="82309107B3DA343D11AA2B1A3199B0B0" ParentFolderID="82309107B3DA343D11AA2B1A3199B0B9" ProcGroupID="82309107B3DA343D11AA2B1A3199B0B8" Description="" Version="1.13" Status="DRAFT" ContentType="user\documentrepository" CheckedOutBy="" CheckedOutDate="0001-01-01T00:00:00Z" CreatedDate="2025-01-27T16:41:25.403" CreatedBy="40001842" LastModifiedDate="2025-01-27T16:41:25.403" LastModifiedBy="40001842" ThemeID="" ExtraInfo="" DisplayName="Form D File Upload Repository" />
        <File ID="BAE812E420D57DA911FFDCCD870AA647" Name="Form W File Upload Repository" BaseFileID="826FF205F6C807D911EEC05A6618BC00" PrevVerFileID="8274F865F19F99BB11FF026AC2E4AE04" AppID="82309107B3DA343D11AA2B1A3199B0B0" ParentFolderID="82309107B3DA343D11AA2B1A3199B0B9" ProcGroupID="82309107B3DA343D11AA2B1A3199B0B8" Description="" Version="1.17" Status="DRAFT" ContentType="user\documentrepository" CheckedOutBy="" CheckedOutDate="0001-01-01T00:00:00Z" CreatedDate="2025-01-27T16:41:25.403" CreatedBy="40001842" LastModifiedDate="2025-01-27T16:41:25.403" LastModifiedBy="40001842" ThemeID="" ExtraInfo="" DisplayName="Form W File Upload Repository" />
        <File ID="BAE812E420D57DA911FFDCCD870AA642" Name="Form SH File Upload Repository" BaseFileID="82309107B3DA343D11AA2B1A3199B0BF" PrevVerFileID="8274F865F19F99BB11FF026AC2E4AE06" AppID="82309107B3DA343D11AA2B1A3199B0B0" ParentFolderID="82309107B3DA343D11AA2B1A3199B0B9" ProcGroupID="82309107B3DA343D11AA2B1A3199B0B8" Description="" Version="1.4" Status="DRAFT" ContentType="user\documentrepository" CheckedOutBy="" CheckedOutDate="0001-01-01T00:00:00Z" CreatedDate="2025-01-27T16:41:25.387" CreatedBy="40001842" LastModifiedDate="2025-01-27T16:41:25.387" LastModifiedBy="40001842" ThemeID="" ExtraInfo="" DisplayName="Form SH File Upload Repository" />
        <File ID="BAE812E420D57DA911FFDCCD870AA643" Name="Form H File Upload Repository" BaseFileID="82309107B3DA343D11AA2B1A3199B0BB" PrevVerFileID="8274F865F19F99BB11FF026AC2E4AE07" AppID="82309107B3DA343D11AA2B1A3199B0B0" ParentFolderID="82309107B3DA343D11AA2B1A3199B0B9" ProcGroupID="82309107B3DA343D11AA2B1A3199B0B8" Description="" Version="1.39" Status="DRAFT" ContentType="user\documentrepository" CheckedOutBy="" CheckedOutDate="0001-01-01T00:00:00Z" CreatedDate="2025-01-27T16:41:25.387" CreatedBy="40001842" LastModifiedDate="2025-01-27T16:41:25.387" LastModifiedBy="40001842" ThemeID="" ExtraInfo="" DisplayName="Form H File Upload Repository" />
        <File ID="BAE812E420D57DA911FFDCCD870AA640" Name="Form NC File Upload Repository" BaseFileID="82309107B3DA343D11AA2B1A3199B0BC" PrevVerFileID="8274F865F19F99BB11FF026AC2E4AE0A" AppID="82309107B3DA343D11AA2B1A3199B0B0" ParentFolderID="82309107B3DA343D11AA2B1A3199B0B9" ProcGroupID="82309107B3DA343D11AA2B1A3199B0B8" Description="" Version="1.4" Status="DRAFT" ContentType="user\documentrepository" CheckedOutBy="" CheckedOutDate="0001-01-01T00:00:00Z" CreatedDate="2025-01-27T16:41:25.37" CreatedBy="40001842" LastModifiedDate="2025-01-27T16:41:25.37" LastModifiedBy="40001842" ThemeID="" ExtraInfo="" DisplayName="Form NC File Upload Repository" />
        <File ID="BAE812E420D57DA911FFDCCD870AA641" Name="Form A2 File Upload Repository" BaseFileID="82309107B3DA343D11AA2B1A3199B0BA" PrevVerFileID="8274F865F19F99BB11FF026AC2E4AE02" AppID="82309107B3DA343D11AA2B1A3199B0B0" ParentFolderID="82309107B3DA343D11AA2B1A3199B0B9" ProcGroupID="82309107B3DA343D11AA2B1A3199B0B8" Description="" Version="1.47" Status="DRAFT" ContentType="user\documentrepository" CheckedOutBy="" CheckedOutDate="0001-01-01T00:00:00Z" CreatedDate="2025-01-27T16:41:25.37" CreatedBy="40001842" LastModifiedDate="2025-01-27T16:41:25.37" LastModifiedBy="40001842" ThemeID="" ExtraInfo="" DisplayName="Form A2 File Upload Repository" />
      </Folder>
      <Folder ID="82309107B3DA343D11AA2B1A3199B0C1" Name="Data Source" ProcGroupID="82309107B3DA343D11AA2B1A3199B0B8" AppID="82309107B3DA343D11AA2B1A3199B0B0" Description="" CreatedBy="143525" CreatedDate="0001-01-01T00:00:00Z" LastModifiedBy="143525" LastModifiedDate="0001-01-01T00:00:00Z" ContentType="application\datasources" ParentFolderID="82309107B3DA343D11AA2B1A3199B0B8" DisplayName="Data Source">
        <File ID="BAE812E420D57DA911FFDCCDD4E38589" Name="ASD38DForms" BaseFileID="82309107B3DA343D11AA2B1A3199B0C2" PrevVerFileID="8274F865F19F99BB11FF026AC2E4AE0C" AppID="82309107B3DA343D11AA2B1A3199B0B0" ParentFolderID="82309107B3DA343D11AA2B1A3199B0C1" ProcGroupID="82309107B3DA343D11AA2B1A3199B0B8" Description="" Version="1.44" Status="DRAFT" ContentType="user\APDataEntityDataSource" CheckedOutBy="" CheckedOutDate="0001-01-01T00:00:00Z" CreatedDate="2025-01-27T16:43:33.74" CreatedBy="40001842" LastModifiedDate="2025-01-27T16:43:50.373" LastModifiedBy="40001842" ThemeID="" ExtraInfo="" DisplayName="ASD38DForms" />
      </Folder>
      <Folder ID="82309107B3DA343D11AA2B1A3199B0C3" Name="Data Model" ProcGroupID="82309107B3DA343D11AA2B1A3199B0B8" AppID="82309107B3DA343D11AA2B1A3199B0B0" Description="" CreatedBy="143525" CreatedDate="0001-01-01T00:00:00Z" LastModifiedBy="143525" LastModifiedDate="0001-01-01T00:00:00Z" ContentType="application\datamodel" ParentFolderID="82309107B3DA343D11AA2B1A3199B0B8" DisplayName="Data Model">
        <File ID="BAE90AFFE869EF2311FFDCCDDA5BB540" Name="Schema.xsd" BaseFileID="82309107B3DA343D11AA2B1A3199B0C4" PrevVerFileID="8274F865F19F99BB11FF026AC2E4AE0D" AppID="82309107B3DA343D11AA2B1A3199B0B0" ParentFolderID="82309107B3DA343D11AA2B1A3199B0C3" ProcGroupID="82309107B3DA343D11AA2B1A3199B0B8" Description="" Version="2.56" Status="DRAFT" ContentType="user\datamodel" CheckedOutBy="" CheckedOutDate="0001-01-01T00:00:00Z" CreatedDate="2025-01-27T16:43:42.73" CreatedBy="40001842" LastModifiedDate="2025-01-27T16:43:50.45" LastModifiedBy="40001842" ThemeID="" ExtraInfo="[{&quot;Name&quot; : &quot;NamespaceUpdated&quot; , &quot;Value&quot; : &quot;True&quot;}]" DisplayName="Schema.xsd" />
        <File ID="BAE90AFFE869EF2311FFDCCDDA5BB542" Name="ASD38DForms" BaseFileID="82309107B3DA343D11AA2B1A3199B0C5" PrevVerFileID="8274F865F19F99BB11FF026AC2E4AE0E" AppID="82309107B3DA343D11AA2B1A3199B0B0" ParentFolderID="82309107B3DA343D11AA2B1A3199B0C3" ProcGroupID="82309107B3DA343D11AA2B1A3199B0B8" Description="Datasource ASD38DForms Schema" Version="1.44" Status="DRAFT" ContentType="user\apdataentitydatamodel" CheckedOutBy="" CheckedOutDate="0001-01-01T00:00:00Z" CreatedDate="2025-01-27T16:43:42.95" CreatedBy="40001842" LastModifiedDate="2025-01-27T16:43:43.027" LastModifiedBy="40001842" ThemeID="" ExtraInfo="" DisplayName="ASD38DForms" />
      </Folder>
      <Folder ID="82309107B3DA343D11AA2B1A3199B0C6" Name="Notification" ProcGroupID="82309107B3DA343D11AA2B1A3199B0B8" AppID="82309107B3DA343D11AA2B1A3199B0B0" Description="" CreatedBy="143525" CreatedDate="0001-01-01T00:00:00Z" LastModifiedBy="143525" LastModifiedDate="0001-01-01T00:00:00Z" ContentType="application\notification" ParentFolderID="82309107B3DA343D11AA2B1A3199B0B8" DisplayName="Notification">
        <Folder ID="82309107B3DA343D11AA2B1A3199B0C7" Name="E-mails" ProcGroupID="82309107B3DA343D11AA2B1A3199B0B8" AppID="82309107B3DA343D11AA2B1A3199B0B0" Description="" CreatedBy="143525" CreatedDate="0001-01-01T00:00:00Z" LastModifiedBy="143525" LastModifiedDate="0001-01-01T00:00:00Z" ContentType="application\email" ParentFolderID="82309107B3DA343D11AA2B1A3199B0C6" DisplayName="E-mails">
          <File ID="BAE812E420D57DA911FFDCCD870AA654" Name="Thank You" BaseFileID="82309107B3DA343D11AA2B1A3199B0C8" PrevVerFileID="8274F865F19F99BB11FF026AC2E4AE10" AppID="82309107B3DA343D11AA2B1A3199B0B0" ParentFolderID="82309107B3DA343D11AA2B1A3199B0C7" ProcGroupID="82309107B3DA343D11AA2B1A3199B0B8" Description="" Version="1.4" Status="DRAFT" ContentType="user\email" CheckedOutBy="" CheckedOutDate="0001-01-01T00:00:00Z" CreatedDate="2025-01-27T16:41:25.607" CreatedBy="40001842" LastModifiedDate="2025-01-27T16:41:25.607" LastModifiedBy="40001842" ThemeID="" ExtraInfo="" DisplayName="Thank You" />
          <File ID="BAE812E420D57DA911FFDCCD870AA653" Name="Notification" BaseFileID="82309107B3DA343D11AA2B1A3199B0C9" PrevVerFileID="8274F865F19F99BB11FF026AC2E4AE0F" AppID="82309107B3DA343D11AA2B1A3199B0B0" ParentFolderID="82309107B3DA343D11AA2B1A3199B0C7" ProcGroupID="82309107B3DA343D11AA2B1A3199B0B8" Description="" Version="1.45" Status="DRAFT" ContentType="user\email" CheckedOutBy="" CheckedOutDate="0001-01-01T00:00:00Z" CreatedDate="2025-01-27T16:41:25.59" CreatedBy="40001842" LastModifiedDate="2025-01-27T16:41:25.59" LastModifiedBy="40001842" ThemeID="" ExtraInfo="" DisplayName="Notification" />
        </Folder>
        <Folder ID="82309107B3DA343D11AA2B1A3199B0CA" Name="MicrosoftTeams" ProcGroupID="82309107B3DA343D11AA2B1A3199B0B8" AppID="82309107B3DA343D11AA2B1A3199B0B0" Description="" CreatedBy="143525" CreatedDate="0001-01-01T00:00:00Z" LastModifiedBy="143525" LastModifiedDate="2023-04-28T22:50:10.867" ContentType="application\microsoftteams" ParentFolderID="82309107B3DA343D11AA2B1A3199B0C6" DisplayName="Microsoft Teams" />
        <Folder ID="82309107B3DA343D11AA2B1A3199B0CB" Name="Yammer" ProcGroupID="82309107B3DA343D11AA2B1A3199B0B8" AppID="82309107B3DA343D11AA2B1A3199B0B0" Description="" CreatedBy="143525" CreatedDate="0001-01-01T00:00:00Z" LastModifiedBy="143525" LastModifiedDate="0001-01-01T00:00:00Z" ContentType="application\yammer" ParentFolderID="82309107B3DA343D11AA2B1A3199B0C6" DisplayName="Viva Engage" />
        <Folder ID="82309107B3DA343D11AA2B1A3199B0CC" Name="Chatter" ProcGroupID="82309107B3DA343D11AA2B1A3199B0B8" AppID="82309107B3DA343D11AA2B1A3199B0B0" Description="" CreatedBy="143525" CreatedDate="0001-01-01T00:00:00Z" LastModifiedBy="143525" LastModifiedDate="0001-01-01T00:00:00Z" ContentType="application\chatter" ParentFolderID="82309107B3DA343D11AA2B1A3199B0C6" DisplayName="Chatter" />
        <Folder ID="82309107B3DA343D11AA2B1A3199B0CD" Name="Attachment Repository" ProcGroupID="82309107B3DA343D11AA2B1A3199B0B8" AppID="82309107B3DA343D11AA2B1A3199B0B0" Description="" CreatedBy="143525" CreatedDate="0001-01-01T00:00:00Z" LastModifiedBy="143525" LastModifiedDate="0001-01-01T00:00:00Z" ContentType="application\attachmentrepository" ParentFolderID="82309107B3DA343D11AA2B1A3199B0C6" DisplayName="Attachment Repository" />
        <Folder ID="82309107B3DA343D11AA2B1A3199B0CE" Name="SMS" ProcGroupID="82309107B3DA343D11AA2B1A3199B0B8" AppID="82309107B3DA343D11AA2B1A3199B0B0" Description="" CreatedBy="143525" CreatedDate="0001-01-01T00:00:00Z" LastModifiedBy="143525" LastModifiedDate="0001-01-01T00:00:00Z" ContentType="application\sms" ParentFolderID="82309107B3DA343D11AA2B1A3199B0C6" DisplayName="SMS" />
      </Folder>
      <Folder ID="82309107B3DA343D11AA2B1A3199B0CF" Name="Process Model" ProcGroupID="82309107B3DA343D11AA2B1A3199B0B8" AppID="82309107B3DA343D11AA2B1A3199B0B0" Description="" CreatedBy="143525" CreatedDate="0001-01-01T00:00:00Z" LastModifiedBy="143525" LastModifiedDate="0001-01-01T00:00:00Z" ContentType="application\processmodel" ParentFolderID="82309107B3DA343D11AA2B1A3199B0B8" DisplayName="Process Model">
        <File ID="BAE812E420D57DA911FFDCCD870AA655" Name="ASD - 38D Forms" BaseFileID="82309107B3DA343D11AA2B1A3199B0D0" PrevVerFileID="8274F865F19F99BB11FF026AC2E4AE11" AppID="82309107B3DA343D11AA2B1A3199B0B0" ParentFolderID="82309107B3DA343D11AA2B1A3199B0CF" ProcGroupID="82309107B3DA343D11AA2B1A3199B0B8" Description="" Version="2.17" Status="DRAFT" ContentType="user\processmodel" CheckedOutBy="" CheckedOutDate="0001-01-01T00:00:00Z" CreatedDate="2025-01-27T16:41:25.637" CreatedBy="40001842" LastModifiedDate="2025-01-27T16:41:25.637" LastModifiedBy="40001842" ThemeID="" ExtraInfo="" DisplayName="ASD - 38D Forms" />
      </Folder>
      <Folder ID="82309107B3DA343D11AA2B1A3199B0D1" Name="Translation" ProcGroupID="82309107B3DA343D11AA2B1A3199B0B8" AppID="82309107B3DA343D11AA2B1A3199B0B0" Description="" CreatedBy="143525" CreatedDate="0001-01-01T00:00:00Z" LastModifiedBy="143525" LastModifiedDate="0001-01-01T00:00:00Z" ContentType="application\translation" ParentFolderID="82309107B3DA343D11AA2B1A3199B0B8" DisplayName="Translation" />
      <Folder ID="82309107B3DA343D11AA2B1A3199B0D2" Name="Lookups" ProcGroupID="82309107B3DA343D11AA2B1A3199B0B8" AppID="82309107B3DA343D11AA2B1A3199B0B0" Description="" CreatedBy="143525" CreatedDate="0001-01-01T00:00:00Z" LastModifiedBy="143525" LastModifiedDate="0001-01-01T00:00:00Z" ContentType="application\lookup" ParentFolderID="82309107B3DA343D11AA2B1A3199B0B8" DisplayName="Lookups" />
      <Folder ID="82309107B3DA343D11AA2B1A3199B0D3" Name="Forms" ProcGroupID="82309107B3DA343D11AA2B1A3199B0B8" AppID="82309107B3DA343D11AA2B1A3199B0B0" Description="" CreatedBy="143525" CreatedDate="0001-01-01T00:00:00Z" LastModifiedBy="143525" LastModifiedDate="0001-01-01T00:00:00Z" ContentType="application\formsgroup" ParentFolderID="82309107B3DA343D11AA2B1A3199B0B8" DisplayName="Forms">
        <Folder ID="82309107B3DA343D11AA2B1A3199B0D4" Name="Task Forms" ProcGroupID="82309107B3DA343D11AA2B1A3199B0B8" AppID="82309107B3DA343D11AA2B1A3199B0B0" Description="" CreatedBy="143525" CreatedDate="0001-01-01T00:00:00Z" LastModifiedBy="143525" LastModifiedDate="0001-01-01T00:00:00Z" ContentType="application\taskforms" ParentFolderID="82309107B3DA343D11AA2B1A3199B0D3" DisplayName="Task Forms">
          <File ID="BAE812E420D57DA911FFDCCD870AA657" Name="Submission Form" BaseFileID="82309107B3DA343D11AA2B1A3199B0D5" PrevVerFileID="8274F865F19F99BB11FF026AC2E4AE18" AppID="82309107B3DA343D11AA2B1A3199B0B0" ParentFolderID="82309107B3DA343D11AA2B1A3199B0D4" ProcGroupID="82309107B3DA343D11AA2B1A3199B0B8" Description="" Version="1.83" Status="DRAFT" ContentType="user\taskforms" CheckedOutBy="" CheckedOutDate="0001-01-01T00:00:00Z" CreatedDate="2025-01-27T16:41:25.81" CreatedBy="40001842" LastModifiedDate="2025-01-27T16:41:25.81" LastModifiedBy="40001842" ThemeID="" ExtraInfo="" DisplayName="Submission Form" />
          <File ID="BAE812E420D57DA911FFDCCD870AA656" Name="Report View" BaseFileID="82309107B3DA343D11AA2B1A3199B0D6" PrevVerFileID="8274F865F19F99BB11FF026AC2E4AE19" AppID="82309107B3DA343D11AA2B1A3199B0B0" ParentFolderID="82309107B3DA343D11AA2B1A3199B0D4" ProcGroupID="82309107B3DA343D11AA2B1A3199B0B8" Description="" Version="1.51" Status="DRAFT" ContentType="user\taskforms" CheckedOutBy="" CheckedOutDate="0001-01-01T00:00:00Z" CreatedDate="2025-01-27T16:41:25.793" CreatedBy="40001842" LastModifiedDate="2025-01-27T16:41:25.793" LastModifiedBy="40001842" ThemeID="" ExtraInfo="" DisplayName="Report View" />
        </Folder>
      </Folder>
      <Folder ID="82309107B3DA343D11AA2B1A3199B0D7" Name="Library" ProcGroupID="82309107B3DA343D11AA2B1A3199B0B8" AppID="82309107B3DA343D11AA2B1A3199B0B0" Description="" CreatedBy="143525" CreatedDate="0001-01-01T00:00:00Z" LastModifiedBy="143525" LastModifiedDate="0001-01-01T00:00:00Z" ContentType="application\taskformlibrary" ParentFolderID="82309107B3DA343D11AA2B1A3199B0B8" DisplayName="Library">
        <File ID="BAE812E420D57DA911FFDCCD870AA658" Name="Form Library" BaseFileID="82309107B3DA343D11AA2B1A3199B0D8" PrevVerFileID="8274F865F19F99BB11FF026AC2E4AE1A" AppID="82309107B3DA343D11AA2B1A3199B0B0" ParentFolderID="82309107B3DA343D11AA2B1A3199B0D7" ProcGroupID="82309107B3DA343D11AA2B1A3199B0B8" Description="" Version="1.9" Status="DRAFT" ContentType="user\taskformlibrary" CheckedOutBy="" CheckedOutDate="0001-01-01T00:00:00Z" CreatedDate="2025-01-27T16:41:25.823" CreatedBy="40001842" LastModifiedDate="2025-01-27T16:41:25.823" LastModifiedBy="40001842" ThemeID="" ExtraInfo="" DisplayName="Form Library" />
      </Folder>
      <Folder ID="82309107B3DA343D11AA2B1A3199B0D9" Name="System Files" ProcGroupID="82309107B3DA343D11AA2B1A3199B0B8" AppID="82309107B3DA343D11AA2B1A3199B0B0" Description="" CreatedBy="143525" CreatedDate="0001-01-01T00:00:00Z" LastModifiedBy="143525" LastModifiedDate="0001-01-01T00:00:00Z" ContentType="application\hidden" ParentFolderID="82309107B3DA343D11AA2B1A3199B0B8" DisplayName="System Files" />
    </Folder>
  </Folder>
  <CoAuthored>false</CoAuthored>
</WFEnabledApplication>