<?xml version="1.0"?>
<WFApplicationDynamicDependencies xmlns:xsd="http://www.w3.org/2001/XMLSchema" xmlns:xsi="http://www.w3.org/2001/XMLSchema-instance">
  <AppName>BTD - Blue Bikes Discount Applications View All Submissions</AppName>
  <Version>1.08</Version>
  <DataEntities>
    <DataEntity>
      <EntityName>BTDBlueBikesApps__u</EntityName>
      <EntityDisplayName>BTD - Blue Bikes Apps</EntityDisplayName>
      <UsedIn>
        <DependencyUsedIn>
          <FileName>BTDBlukeBikes</FileName>
          <FileDisplayName>BTDBlukeBikes</FileDisplayName>
          <Activities />
          <FileType>Data Source</FileType>
          <NumberOfTimesUsed>1</NumberOfTimesUsed>
        </DependencyUsedIn>
        <DependencyUsedIn>
          <FileName>GetBTD - Blue Bikes AppsRecentlyModified</FileName>
          <FileDisplayName>GetBTD - Blue Bikes AppsRecentlyModified</FileDisplayName>
          <Activities />
          <FileType>Lookup</FileType>
          <NumberOfTimesUsed>1</NumberOfTimesUsed>
        </DependencyUsedIn>
        <DependencyUsedIn>
          <FileName>GetBTD - Blue Bikes AppsRecentlyCreated</FileName>
          <FileDisplayName>GetBTD - Blue Bikes AppsRecentlyCreated</FileDisplayName>
          <Activities />
          <FileType>Lookup</FileType>
          <NumberOfTimesUsed>1</NumberOfTimesUsed>
        </DependencyUsedIn>
        <DependencyUsedIn>
          <FileName>GetBTD - Blue Bikes Apps</FileName>
          <FileDisplayName>GetBTD - Blue Bikes Apps</FileDisplayName>
          <Activities />
          <FileType>Lookup</FileType>
          <NumberOfTimesUsed>1</NumberOfTimesUsed>
        </DependencyUsedIn>
      </UsedIn>
      <IsExists>false</IsExists>
    </DataEntity>
    <DataEntity>
      <EntityName>btdbluebikesdiscountcode__u</EntityName>
      <EntityDisplayName>BTD - Blue Bikes Discount Code</EntityDisplayName>
      <UsedIn>
        <DependencyUsedIn>
          <FileName>BTDBlukeBikes</FileName>
          <FileDisplayName>BTDBlukeBikes</FileDisplayName>
          <Activities />
          <FileType>Data Source</FileType>
          <NumberOfTimesUsed>1</NumberOfTimesUsed>
        </DependencyUsedIn>
      </UsedIn>
      <IsExists>false</IsExists>
    </DataEntity>
    <DataEntity>
      <EntityName>BTDBlueBikesDiscountCode__u</EntityName>
      <EntityDisplayName>BTD - Blue Bikes Discount Code</EntityDisplayName>
      <UsedIn>
        <DependencyUsedIn>
          <FileName>BTD Discount Code</FileName>
          <FileDisplayName>BTD Discount Code</FileDisplayName>
          <Activities />
          <FileType>Lookup</FileType>
          <NumberOfTimesUsed>1</NumberOfTimesUsed>
        </DependencyUsedIn>
      </UsedIn>
      <IsExists>false</IsExists>
    </DataEntity>
  </DataEntities>
</WFApplicationDynamicDependencies>