<?xml version="1.0"?>
<ArrayOfDataSourceAndAppFileAssociation xmlns:xsd="http://www.w3.org/2001/XMLSchema" xmlns:xsi="http://www.w3.org/2001/XMLSchema-instance">
  <DataSourceAndAppFileAssociation>
    <ID>AA5612F761F5622411AAB55CDCA4E0A6</ID>
    <AppName>BTD - Blue Bikes Discount Applications View All Submissions</AppName>
    <FileName>All BTD - Blue Bikes Apps</FileName>
    <IsDefault>true</IsDefault>
    <ContentType>user\views</ContentType>
    <DataSourceName>BTDBlukeBikes</DataSourceName>
    <DefName>BTD - Blue Bikes Discount Applications View All Submissions_All BTD - Blue Bikes Apps</DefName>
    <CreatedBy>40001842</CreatedBy>
    <CreatedDate>2024-10-29T12:42:28.187</CreatedDate>
    <LastModifiedBy>40001842</LastModifiedBy>
    <LastModifiedDate>2024-10-03T17:59:20.753</LastModifiedDate>
  </DataSourceAndAppFileAssociation>
  <DataSourceAndAppFileAssociation>
    <ID>AA5612F761F5622411AAB55CDCA4E0C4</ID>
    <AppName>BTD - Blue Bikes Discount Applications View All Submissions</AppName>
    <FileName>New BTD - Blue Bikes Apps</FileName>
    <IsDefault>false</IsDefault>
    <ContentType>user\newforms</ContentType>
    <DataSourceName>BTDBlukeBikes</DataSourceName>
    <DefName>BTD - Blue Bikes Discount Applications View All Submissions_New BTD - Blue Bikes Apps</DefName>
    <CreatedBy>40001842</CreatedBy>
    <CreatedDate>2024-10-29T12:42:28.187</CreatedDate>
    <LastModifiedBy />
    <LastModifiedDate>0001-01-01T00:00:00Z</LastModifiedDate>
  </DataSourceAndAppFileAssociation>
  <DataSourceAndAppFileAssociation>
    <ID>AA5612F761F5622411AAB55CDCA4E09D</ID>
    <AppName>BTD - Blue Bikes Discount Applications View All Submissions</AppName>
    <FileName>Update BTD - Blue Bikes Apps</FileName>
    <IsDefault>false</IsDefault>
    <ContentType>user\updateforms</ContentType>
    <DataSourceName>BTDBlukeBikes</DataSourceName>
    <DefName>BTD - Blue Bikes Discount Applications View All Submissions_Update BTD - Blue Bikes Apps</DefName>
    <CreatedBy>40001842</CreatedBy>
    <CreatedDate>2024-10-29T12:42:28.187</CreatedDate>
    <LastModifiedBy />
    <LastModifiedDate>0001-01-01T00:00:00Z</LastModifiedDate>
  </DataSourceAndAppFileAssociation>
</ArrayOfDataSourceAndAppFileAssociation>