<?xml version="1.0"?>
<WFEnabledApplication xmlns:xsd="http://www.w3.org/2001/XMLSchema" xmlns:xsi="http://www.w3.org/2001/XMLSchema-instance" ID="8232FBA5AB6DE9F911AAB5767B0C3F7E" Name="BTD - Blue Bikes Discount Applications View All Submissions" Description="" Status="DRAFT" CreatedDate="2020-06-23T13:25:12.497" CreatedBy="BOSTON-S-AS01\Kayla.Patel" AppType="StandaloneForms" Visibility="PAAS" ContentType="application" DisplayName="BTD - Blue Bikes Discount Applications View All Submissions" AppLocale="customlocale" ParentApplicationId="">
  <Folder ID="8232FBA5AB6DE9F911AAB5767B0C3F7F" Name="Shared Resources" ProcGroupID="" AppID="8232FBA5AB6DE9F911AAB5767B0C3F7E" Description="" CreatedBy="BOSTON-S-AS01\Kayla.Patel" CreatedDate="0001-01-01T00:00:00Z" LastModifiedBy="BOSTON-S-AS01\Kayla.Patel" LastModifiedDate="0001-01-01T00:00:00Z" ContentType="Any" ParentFolderID="8232FBA5AB6DE9F911AAB5767B0C3F7E" DisplayName="Shared Resources">
    <Folder ID="8232FBA5AB6DE9F911AAB5767B0C3F80" Name="Style Sheets" ProcGroupID="" AppID="8232FBA5AB6DE9F911AAB5767B0C3F7E" Description="" CreatedBy="BOSTON-S-AS01\Kayla.Patel" CreatedDate="0001-01-01T00:00:00Z" LastModifiedBy="BOSTON-S-AS01\Kayla.Patel" LastModifiedDate="0001-01-01T00:00:00Z" ContentType="application\CSS" ParentFolderID="8232FBA5AB6DE9F911AAB5767B0C3F7F" DisplayName="Style Sheets" />
    <Folder ID="8232FBA5AB6DE9F911AAB5767B0C3F81" Name="JavaScript" ProcGroupID="" AppID="8232FBA5AB6DE9F911AAB5767B0C3F7E" Description="" CreatedBy="BOSTON-S-AS01\Kayla.Patel" CreatedDate="0001-01-01T00:00:00Z" LastModifiedBy="BOSTON-S-AS01\Kayla.Patel" LastModifiedDate="0001-01-01T00:00:00Z" ContentType="application\js" ParentFolderID="8232FBA5AB6DE9F911AAB5767B0C3F7F" DisplayName="JavaScript" />
    <Folder ID="8232FBA5AB6DE9F911AAB5767B0C3F82" Name="Images" ProcGroupID="" AppID="8232FBA5AB6DE9F911AAB5767B0C3F7E" Description="" CreatedBy="BOSTON-S-AS01\Kayla.Patel" CreatedDate="0001-01-01T00:00:00Z" LastModifiedBy="BOSTON-S-AS01\Kayla.Patel" LastModifiedDate="0001-01-01T00:00:00Z" ContentType="application\image" ParentFolderID="8232FBA5AB6DE9F911AAB5767B0C3F7F" DisplayName="Images" />
    <Folder ID="8232FBA5AB6DE9F911AAB5767B0C3F83" Name="Access Tokens" ProcGroupID="" AppID="8232FBA5AB6DE9F911AAB5767B0C3F7E" Description="" CreatedBy="BOSTON-S-AS01\Kayla.Patel" CreatedDate="0001-01-01T00:00:00Z" LastModifiedBy="BOSTON-S-AS01\Kayla.Patel" LastModifiedDate="0001-01-01T00:00:00Z" ContentType="application\apptoken" ParentFolderID="8232FBA5AB6DE9F911AAB5767B0C3F7F" DisplayName="Access Tokens" />
    <Folder ID="8232FBA5AB6DE9F911AAB5767B0C3F84" Name="Application Resources" ProcGroupID="" AppID="8232FBA5AB6DE9F911AAB5767B0C3F7E" Description="" CreatedBy="BOSTON-S-AS01\Kayla.Patel" CreatedDate="0001-01-01T00:00:00Z" LastModifiedBy="BOSTON-S-AS01\Kayla.Patel" LastModifiedDate="0001-01-01T00:00:00Z" ContentType="application\applicationresources" ParentFolderID="8232FBA5AB6DE9F911AAB5767B0C3F7F" DisplayName="Application Resources" />
    <Folder ID="825FC2FFACA72A8211DDE63888F8269C" Name="Comments" ProcGroupID="8232FBA5AB6DE9F911AAB5767B0C3F7F" AppID="8232FBA5AB6DE9F911AAB5767B0C3F7E" Description="" CreatedBy="BOSTON-S-AS01\Kayla.Patel" CreatedDate="2023-04-28T22:50:10.647" LastModifiedBy="BOSTON-S-AS01\Kayla.Patel" LastModifiedDate="2023-04-28T22:50:10.647" ContentType="application\comments" ParentFolderID="8232FBA5AB6DE9F911AAB5767B0C3F7F" DisplayName="Comments" />
  </Folder>
  <Folder ID="8232FBA5AB6DE9F911AAB5767B0C3F85" Name="App Model &amp; Resources" ProcGroupID="" AppID="8232FBA5AB6DE9F911AAB5767B0C3F7E" Description="" CreatedBy="BOSTON-S-AS01\Kayla.Patel" CreatedDate="0001-01-01T00:00:00Z" LastModifiedBy="BOSTON-S-AS01\Kayla.Patel" LastModifiedDate="0001-01-01T00:00:00Z" ContentType="user\processgroup" ParentFolderID="8232FBA5AB6DE9F911AAB5767B0C3F7E" DisplayName="App Model &amp; Resources">
    <Folder ID="8232FBA5AB6DE9F911AAB5767B0C3F86" Name="Data Model" ProcGroupID="8232FBA5AB6DE9F911AAB5767B0C3F85" AppID="8232FBA5AB6DE9F911AAB5767B0C3F7E" Description="" CreatedBy="BOSTON-S-AS01\Kayla.Patel" CreatedDate="0001-01-01T00:00:00Z" LastModifiedBy="BOSTON-S-AS01\Kayla.Patel" LastModifiedDate="0001-01-01T00:00:00Z" ContentType="application\datamodel" ParentFolderID="8232FBA5AB6DE9F911AAB5767B0C3F85" DisplayName="Data Model">
      <File ID="8283A57C5747769E11FF81D189B3A4EB" Name="Schema.xsd" BaseFileID="8232FBA5AB6DE9F911AAB5767B0C3F87" PrevVerFileID="827F9EDFD5C6728C11FF819FA09AA5CF" AppID="8232FBA5AB6DE9F911AAB5767B0C3F7E" ParentFolderID="8232FBA5AB6DE9F911AAB5767B0C3F86" ProcGroupID="8232FBA5AB6DE9F911AAB5767B0C3F85" Description="" Version="1.14" Status="DRAFT" ContentType="user\datamodel" CheckedOutBy="" CheckedOutDate="0001-01-01T00:00:00Z" CreatedDate="2024-10-03T17:50:51.74" CreatedBy="40001842" LastModifiedDate="2024-10-03T17:51:52.02" LastModifiedBy="40001842" ThemeID="" ExtraInfo="[{&quot;Name&quot; : &quot;NamespaceUpdated&quot; , &quot;Value&quot; : &quot;True&quot;}]" DisplayName="Schema.xsd" />
      <File ID="8283A57C5747769E11FF81D1ADD01F1C" Name="BTDBlukeBikes" BaseFileID="8232FBA5AB6DE9F911AAB5767B0C3F88" PrevVerFileID="827F9EDFD5C6728C11FF819FA09AA5D0" AppID="8232FBA5AB6DE9F911AAB5767B0C3F7E" ParentFolderID="8232FBA5AB6DE9F911AAB5767B0C3F86" ProcGroupID="8232FBA5AB6DE9F911AAB5767B0C3F85" Description="Datasource BTDBlukeBikes Schema" Version="1.13" Status="DRAFT" ContentType="user\apdataentitydatamodel" CheckedOutBy="" CheckedOutDate="0001-01-01T00:00:00Z" CreatedDate="2024-10-03T17:51:45.26" CreatedBy="40001842" LastModifiedDate="2024-10-03T17:51:45.273" LastModifiedBy="40001842" ThemeID="" ExtraInfo="" DisplayName="BTDBlukeBikes" />
    </Folder>
    <Folder ID="8232FBA5AB6DE9F911AAB5767B0C3F89" Name="Data Source" ProcGroupID="8232FBA5AB6DE9F911AAB5767B0C3F85" AppID="8232FBA5AB6DE9F911AAB5767B0C3F7E" Description="" CreatedBy="BOSTON-S-AS01\Kayla.Patel" CreatedDate="0001-01-01T00:00:00Z" LastModifiedBy="BOSTON-S-AS01\Kayla.Patel" LastModifiedDate="0001-01-01T00:00:00Z" ContentType="application\datasources" ParentFolderID="8232FBA5AB6DE9F911AAB5767B0C3F85" DisplayName="Data Source">
      <File ID="8283A57C5747769E11FF81D183AF69F6" Name="BTDBlukeBikes" BaseFileID="8232FBA5AB6DE9F911AAB5767B0C3F8A" PrevVerFileID="827F9EDFD5C6728C11FF81A0316288F7" AppID="8232FBA5AB6DE9F911AAB5767B0C3F7E" ParentFolderID="8232FBA5AB6DE9F911AAB5767B0C3F89" ProcGroupID="8232FBA5AB6DE9F911AAB5767B0C3F85" Description="" Version="1.13" Status="DRAFT" ContentType="user\APDataEntityDataSource" CheckedOutBy="" CheckedOutDate="0001-01-01T00:00:00Z" CreatedDate="2024-10-03T17:50:42.027" CreatedBy="40001842" LastModifiedDate="2024-10-03T17:51:52.113" LastModifiedBy="40001842" ThemeID="" ExtraInfo="" DisplayName="BTDBlukeBikes" />
    </Folder>
    <Folder ID="8232FBA5AB6DE9F911AAB5767B0C3F8B" Name="Library" ProcGroupID="8232FBA5AB6DE9F911AAB5767B0C3F85" AppID="8232FBA5AB6DE9F911AAB5767B0C3F7E" Description="" CreatedBy="BOSTON-S-AS01\Kayla.Patel" CreatedDate="0001-01-01T00:00:00Z" LastModifiedBy="BOSTON-S-AS01\Kayla.Patel" LastModifiedDate="0001-01-01T00:00:00Z" ContentType="application\taskformlibrary" ParentFolderID="8232FBA5AB6DE9F911AAB5767B0C3F85" DisplayName="Library">
      <File ID="8283A57C5747769E11FF81D17191E0EF" Name="Form Library" BaseFileID="8232FBA5AB6DE9F911AAB5767B0C3F8C" PrevVerFileID="827F9EDFD5C6728C11FF819FA09AA5D2" AppID="8232FBA5AB6DE9F911AAB5767B0C3F7E" ParentFolderID="8232FBA5AB6DE9F911AAB5767B0C3F8B" ProcGroupID="8232FBA5AB6DE9F911AAB5767B0C3F85" Description="" Version="1.07" Status="DRAFT" ContentType="user\taskformlibrary" CheckedOutBy="" CheckedOutDate="0001-01-01T00:00:00Z" CreatedDate="2024-10-03T17:50:05.237" CreatedBy="40001842" LastModifiedDate="2024-10-03T17:50:05.237" LastModifiedBy="40001842" ThemeID="" ExtraInfo="" DisplayName="Form Library" />
    </Folder>
    <Folder ID="8232FBA5AB6DE9F911AAB5767B0C3F8D" Name="Forms" ProcGroupID="8232FBA5AB6DE9F911AAB5767B0C3F85" AppID="8232FBA5AB6DE9F911AAB5767B0C3F7E" Description="" CreatedBy="BOSTON-S-AS01\Kayla.Patel" CreatedDate="0001-01-01T00:00:00Z" LastModifiedBy="BOSTON-S-AS01\Kayla.Patel" LastModifiedDate="0001-01-01T00:00:00Z" ContentType="application\formsgroup" ParentFolderID="8232FBA5AB6DE9F911AAB5767B0C3F85" DisplayName="Forms">
      <Folder ID="8232FBA5AB6DE9F911AAB5767B0C3F8E" Name="New" ProcGroupID="8232FBA5AB6DE9F911AAB5767B0C3F85" AppID="8232FBA5AB6DE9F911AAB5767B0C3F7E" Description="" CreatedBy="BOSTON-S-AS01\Kayla.Patel" CreatedDate="0001-01-01T00:00:00Z" LastModifiedBy="BOSTON-S-AS01\Kayla.Patel" LastModifiedDate="0001-01-01T00:00:00Z" ContentType="application\newforms" ParentFolderID="8232FBA5AB6DE9F911AAB5767B0C3F8D" DisplayName="New">
        <File ID="8283A57C5747769E11FF81D17191E0F0" Name="New BTD - Blue Bikes Apps" BaseFileID="8232FBA5AB6DE9F911AAB5767B0C3F8F" PrevVerFileID="827F9EDFD5C6728C11FF819FA09AA5D3" AppID="8232FBA5AB6DE9F911AAB5767B0C3F7E" ParentFolderID="8232FBA5AB6DE9F911AAB5767B0C3F8E" ProcGroupID="8232FBA5AB6DE9F911AAB5767B0C3F85" Description="" Version="1.05" Status="DRAFT" ContentType="user\newforms" CheckedOutBy="" CheckedOutDate="0001-01-01T00:00:00Z" CreatedDate="2024-10-03T17:50:05.27" CreatedBy="40001842" LastModifiedDate="2024-10-03T17:50:05.27" LastModifiedBy="40001842" ThemeID="" ExtraInfo="" DisplayName="New BTD - Blue Bikes Apps" />
      </Folder>
      <Folder ID="8232FBA5AB6DE9F911AAB5767B0C3F90" Name="Update" ProcGroupID="8232FBA5AB6DE9F911AAB5767B0C3F85" AppID="8232FBA5AB6DE9F911AAB5767B0C3F7E" Description="" CreatedBy="BOSTON-S-AS01\Kayla.Patel" CreatedDate="0001-01-01T00:00:00Z" LastModifiedBy="BOSTON-S-AS01\Kayla.Patel" LastModifiedDate="0001-01-01T00:00:00Z" ContentType="application\updateforms" ParentFolderID="8232FBA5AB6DE9F911AAB5767B0C3F8D" DisplayName="Update">
        <File ID="8283A57C5747769E11FF81D17191E0F1" Name="Update BTD - Blue Bikes Apps" BaseFileID="8232FBA5AB6DE9F911AAB5767B0C3F91" PrevVerFileID="827F9EDFD5C6728C11FF819FA09AA5D4" AppID="8232FBA5AB6DE9F911AAB5767B0C3F7E" ParentFolderID="8232FBA5AB6DE9F911AAB5767B0C3F90" ProcGroupID="8232FBA5AB6DE9F911AAB5767B0C3F85" Description="" Version="1.06" Status="DRAFT" ContentType="user\updateforms" CheckedOutBy="" CheckedOutDate="0001-01-01T00:00:00Z" CreatedDate="2024-10-03T17:50:05.283" CreatedBy="40001842" LastModifiedDate="2024-10-03T17:50:05.283" LastModifiedBy="40001842" ThemeID="" ExtraInfo="" DisplayName="Update BTD - Blue Bikes Apps" />
      </Folder>
      <Folder ID="8232FBA5AB6DE9F911AAB5767B0C3F92" Name="Widgets" ProcGroupID="8232FBA5AB6DE9F911AAB5767B0C3F85" AppID="8232FBA5AB6DE9F911AAB5767B0C3F7E" Description="" CreatedBy="BOSTON-S-AS01\Kayla.Patel" CreatedDate="0001-01-01T00:00:00Z" LastModifiedBy="BOSTON-S-AS01\Kayla.Patel" LastModifiedDate="0001-01-01T00:00:00Z" ContentType="application\widgets" ParentFolderID="8232FBA5AB6DE9F911AAB5767B0C3F8D" DisplayName="Widgets" />
      <Folder ID="8232FBA5AB6DE9F911AAB5767B0C3F93" Name="Views" ProcGroupID="8232FBA5AB6DE9F911AAB5767B0C3F85" AppID="8232FBA5AB6DE9F911AAB5767B0C3F7E" Description="" CreatedBy="BOSTON-S-AS01\Kayla.Patel" CreatedDate="0001-01-01T00:00:00Z" LastModifiedBy="BOSTON-S-AS01\Kayla.Patel" LastModifiedDate="0001-01-01T00:00:00Z" ContentType="application\views" ParentFolderID="8232FBA5AB6DE9F911AAB5767B0C3F8D" DisplayName="Views">
        <File ID="8283A57C5747769E11FF81D17191E0F2" Name="All BTD - Blue Bikes Apps" BaseFileID="8232FBA5AB6DE9F911AAB5767B0C3F94" PrevVerFileID="827F9EDFD5C6728C11FF819FA09AA5D5" AppID="8232FBA5AB6DE9F911AAB5767B0C3F7E" ParentFolderID="8232FBA5AB6DE9F911AAB5767B0C3F93" ProcGroupID="8232FBA5AB6DE9F911AAB5767B0C3F85" Description="" Version="1.07" Status="DRAFT" ContentType="user\views" CheckedOutBy="" CheckedOutDate="0001-01-01T00:00:00Z" CreatedDate="2024-10-03T17:50:05.313" CreatedBy="40001842" LastModifiedDate="2024-10-03T17:50:05.313" LastModifiedBy="40001842" ThemeID="" ExtraInfo="" DisplayName="All BTD - Blue Bikes Apps" />
      </Folder>
    </Folder>
    <Folder ID="8232FBA5AB6DE9F911AAB5767B0C3F95" Name="Lookups" ProcGroupID="8232FBA5AB6DE9F911AAB5767B0C3F85" AppID="8232FBA5AB6DE9F911AAB5767B0C3F7E" Description="" CreatedBy="BOSTON-S-AS01\Kayla.Patel" CreatedDate="0001-01-01T00:00:00Z" LastModifiedBy="BOSTON-S-AS01\Kayla.Patel" LastModifiedDate="0001-01-01T00:00:00Z" ContentType="application\lookup" ParentFolderID="8232FBA5AB6DE9F911AAB5767B0C3F85" DisplayName="Lookups">
      <File ID="8283A57C5747769E11FF81D17191E0F5" Name="GetBTD - Blue Bikes AppsRecentlyModified" BaseFileID="8232FBA5AB6DE9F911AAB5767B0C3F98" PrevVerFileID="827F9EDFD5C6728C11FF819FA09AA5D8" AppID="8232FBA5AB6DE9F911AAB5767B0C3F7E" ParentFolderID="8232FBA5AB6DE9F911AAB5767B0C3F95" ProcGroupID="8232FBA5AB6DE9F911AAB5767B0C3F85" Description="" Version="1.05" Status="DRAFT" ContentType="user\lookupmulticolumn" CheckedOutBy="" CheckedOutDate="0001-01-01T00:00:00Z" CreatedDate="2024-10-03T17:50:05.36" CreatedBy="40001842" LastModifiedDate="2024-10-03T17:50:05.36" LastModifiedBy="40001842" ThemeID="" ExtraInfo="" DisplayName="GetBTD - Blue Bikes AppsRecentlyModified" />
      <File ID="8283A57C5747769E11FF81D17191E0F6" Name="GetBTD - Blue Bikes AppsRecentlyCreated" BaseFileID="8232FBA5AB6DE9F911AAB5767B0C3F97" PrevVerFileID="827F9EDFD5C6728C11FF819FA09AA5D9" AppID="8232FBA5AB6DE9F911AAB5767B0C3F7E" ParentFolderID="8232FBA5AB6DE9F911AAB5767B0C3F95" ProcGroupID="8232FBA5AB6DE9F911AAB5767B0C3F85" Description="" Version="1.05" Status="DRAFT" ContentType="user\lookupmulticolumn" CheckedOutBy="" CheckedOutDate="0001-01-01T00:00:00Z" CreatedDate="2024-10-03T17:50:05.36" CreatedBy="40001842" LastModifiedDate="2024-10-03T17:50:05.36" LastModifiedBy="40001842" ThemeID="" ExtraInfo="" DisplayName="GetBTD - Blue Bikes AppsRecentlyCreated" />
      <File ID="8283A57C5747769E11FF81D17191E0F3" Name="GetBTD - Blue Bikes Apps" BaseFileID="8232FBA5AB6DE9F911AAB5767B0C3F96" PrevVerFileID="827F9EDFD5C6728C11FF819FA09AA5D6" AppID="8232FBA5AB6DE9F911AAB5767B0C3F7E" ParentFolderID="8232FBA5AB6DE9F911AAB5767B0C3F95" ProcGroupID="8232FBA5AB6DE9F911AAB5767B0C3F85" Description="" Version="1.06" Status="DRAFT" ContentType="user\lookupmulticolumn" CheckedOutBy="" CheckedOutDate="0001-01-01T00:00:00Z" CreatedDate="2024-10-03T17:50:05.347" CreatedBy="40001842" LastModifiedDate="2024-10-03T17:50:05.347" LastModifiedBy="40001842" ThemeID="" ExtraInfo="" DisplayName="GetBTD - Blue Bikes Apps" />
      <File ID="8283A57C5747769E11FF81D17191E0F4" Name="BTD Discount Code" BaseFileID="8277934D9556FE5311FF22ED6CC03AB2" PrevVerFileID="827F9EDFD5C6728C11FF819FA09AA5D7" AppID="8232FBA5AB6DE9F911AAB5767B0C3F7E" ParentFolderID="8232FBA5AB6DE9F911AAB5767B0C3F95" ProcGroupID="8232FBA5AB6DE9F911AAB5767B0C3F85" Description="" Version="1.02" Status="DRAFT" ContentType="user\lookupmulticolumn" CheckedOutBy="" CheckedOutDate="0001-01-01T00:00:00Z" CreatedDate="2024-10-03T17:50:05.347" CreatedBy="40001842" LastModifiedDate="2024-10-03T17:50:05.347" LastModifiedBy="40001842" ThemeID="" ExtraInfo="" DisplayName="BTD Discount Code" />
    </Folder>
    <Folder ID="8232FBA5AB6DE9F911AAB5767B0C3F99" Name="Translation" ProcGroupID="8232FBA5AB6DE9F911AAB5767B0C3F85" AppID="8232FBA5AB6DE9F911AAB5767B0C3F7E" Description="" CreatedBy="BOSTON-S-AS01\Kayla.Patel" CreatedDate="0001-01-01T00:00:00Z" LastModifiedBy="BOSTON-S-AS01\Kayla.Patel" LastModifiedDate="0001-01-01T00:00:00Z" ContentType="application\translation" ParentFolderID="8232FBA5AB6DE9F911AAB5767B0C3F85" DisplayName="Translation" />
    <Folder ID="8232FBA5AB6DE9F911AAB5767B0C3F9A" Name="Document Repository" ProcGroupID="8232FBA5AB6DE9F911AAB5767B0C3F85" AppID="8232FBA5AB6DE9F911AAB5767B0C3F7E" Description="" CreatedBy="BOSTON-S-AS01\Kayla.Patel" CreatedDate="0001-01-01T00:00:00Z" LastModifiedBy="BOSTON-S-AS01\Kayla.Patel" LastModifiedDate="0001-01-01T00:00:00Z" ContentType="application\documentrepository" ParentFolderID="8232FBA5AB6DE9F911AAB5767B0C3F85" DisplayName="Document Repository" />
    <Folder ID="8232FBA5AB6DE9F911AAB5767B0C3F9B" Name="System Files" ProcGroupID="8232FBA5AB6DE9F911AAB5767B0C3F85" AppID="8232FBA5AB6DE9F911AAB5767B0C3F7E" Description="" CreatedBy="BOSTON-S-AS01\Kayla.Patel" CreatedDate="0001-01-01T00:00:00Z" LastModifiedBy="BOSTON-S-AS01\Kayla.Patel" LastModifiedDate="0001-01-01T00:00:00Z" ContentType="application\hidden" ParentFolderID="8232FBA5AB6DE9F911AAB5767B0C3F85" DisplayName="System Files" />
    <Folder ID="8232FBA5AB6DE9F911AAB5767B0C3F9C" Name="Process Model" ProcGroupID="8232FBA5AB6DE9F911AAB5767B0C3F85" AppID="8232FBA5AB6DE9F911AAB5767B0C3F7E" Description="" CreatedBy="BOSTON-S-AS01\Kayla.Patel" CreatedDate="0001-01-01T00:00:00Z" LastModifiedBy="BOSTON-S-AS01\Kayla.Patel" LastModifiedDate="0001-01-01T00:00:00Z" ContentType="application\processmodel" ParentFolderID="8232FBA5AB6DE9F911AAB5767B0C3F85" DisplayName="Process Model">
      <File ID="8283A57C5747769E11FF81D17191E0FC" Name="BTD - Blue Bikes Discount Applications View All Submissions_All BTD - Blue Bikes Apps" BaseFileID="8232FBA5AB6DE9F911AAB5767B0C3F9E" PrevVerFileID="827F9EDFD5C6728C11FF819FA09AA5DE" AppID="8232FBA5AB6DE9F911AAB5767B0C3F7E" ParentFolderID="8232FBA5AB6DE9F911AAB5767B0C3F9C" ProcGroupID="8232FBA5AB6DE9F911AAB5767B0C3F85" Description="" Version="1.05" Status="DRAFT" ContentType="user\processmodel" CheckedOutBy="" CheckedOutDate="0001-01-01T00:00:00Z" CreatedDate="2024-10-03T17:50:05.453" CreatedBy="40001842" LastModifiedDate="2024-10-03T17:50:05.453" LastModifiedBy="40001842" ThemeID="" ExtraInfo="" DisplayName="All BTD - Blue Bikes Apps" />
      <File ID="8283A57C5747769E11FF81D17191E0FA" Name="BTD - Blue Bikes Discount Applications View All Submissions_Update BTD - Blue Bikes Apps" BaseFileID="8232FBA5AB6DE9F911AAB5767B0C3F9D" PrevVerFileID="827F9EDFD5C6728C11FF819FA09AA5DC" AppID="8232FBA5AB6DE9F911AAB5767B0C3F7E" ParentFolderID="8232FBA5AB6DE9F911AAB5767B0C3F9C" ProcGroupID="8232FBA5AB6DE9F911AAB5767B0C3F85" Description="" Version="1.05" Status="DRAFT" ContentType="user\processmodel" CheckedOutBy="" CheckedOutDate="0001-01-01T00:00:00Z" CreatedDate="2024-10-03T17:50:05.44" CreatedBy="40001842" LastModifiedDate="2024-10-03T17:50:05.44" LastModifiedBy="40001842" ThemeID="" ExtraInfo="" DisplayName="Update BTD - Blue Bikes Apps" />
      <File ID="8283A57C5747769E11FF81D17191E0FB" Name="BTD - Blue Bikes Discount Applications View All Submissions_New BTD - Blue Bikes Apps" BaseFileID="8232FBA5AB6DE9F911AAB5767B0C3FA1" PrevVerFileID="827F9EDFD5C6728C11FF819FA09AA5DD" AppID="8232FBA5AB6DE9F911AAB5767B0C3F7E" ParentFolderID="8232FBA5AB6DE9F911AAB5767B0C3F9C" ProcGroupID="8232FBA5AB6DE9F911AAB5767B0C3F85" Description="" Version="1.05" Status="DRAFT" ContentType="user\processmodel" CheckedOutBy="" CheckedOutDate="0001-01-01T00:00:00Z" CreatedDate="2024-10-03T17:50:05.44" CreatedBy="40001842" LastModifiedDate="2024-10-03T17:50:05.44" LastModifiedBy="40001842" ThemeID="" ExtraInfo="" DisplayName="New BTD - Blue Bikes Apps" />
      <File ID="8283A57C5747769E11FF81D17191E0F8" Name="BTD - Blue Bikes Discount Applications View All Submissions_Recently Created BTD - Blue Bikes Apps" BaseFileID="8232FBA5AB6DE9F911AAB5767B0C3FA0" PrevVerFileID="827F9EDFD5C6728C11FF819FA09AA5DA" AppID="8232FBA5AB6DE9F911AAB5767B0C3F7E" ParentFolderID="8232FBA5AB6DE9F911AAB5767B0C3F9C" ProcGroupID="8232FBA5AB6DE9F911AAB5767B0C3F85" Description="" Version="1.05" Status="DRAFT" ContentType="user\processmodel" CheckedOutBy="" CheckedOutDate="0001-01-01T00:00:00Z" CreatedDate="2024-10-03T17:50:05.423" CreatedBy="40001842" LastModifiedDate="2024-10-03T17:50:05.423" LastModifiedBy="40001842" ThemeID="" ExtraInfo="" DisplayName="Recently Created BTD - Blue Bikes Apps" />
      <File ID="8283A57C5747769E11FF81D17191E0F9" Name="BTD - Blue Bikes Discount Applications View All Submissions_Recently Modified BTD - Blue Bikes Apps" BaseFileID="8232FBA5AB6DE9F911AAB5767B0C3F9F" PrevVerFileID="827F9EDFD5C6728C11FF819FA09AA5DB" AppID="8232FBA5AB6DE9F911AAB5767B0C3F7E" ParentFolderID="8232FBA5AB6DE9F911AAB5767B0C3F9C" ProcGroupID="8232FBA5AB6DE9F911AAB5767B0C3F85" Description="" Version="1.05" Status="DRAFT" ContentType="user\processmodel" CheckedOutBy="" CheckedOutDate="0001-01-01T00:00:00Z" CreatedDate="2024-10-03T17:50:05.423" CreatedBy="40001842" LastModifiedDate="2024-10-03T17:50:05.423" LastModifiedBy="40001842" ThemeID="" ExtraInfo="" DisplayName="Recently Modified BTD - Blue Bikes Apps" />
    </Folder>
    <Folder ID="8232FBA5AB6DE9F911AAB5767B0C3FA2" Name="Notification" ProcGroupID="8232FBA5AB6DE9F911AAB5767B0C3F85" AppID="8232FBA5AB6DE9F911AAB5767B0C3F7E" Description="" CreatedBy="BOSTON-S-AS01\Kayla.Patel" CreatedDate="2020-06-23T13:25:12.713" LastModifiedBy="BOSTON-S-AS01\Kayla.Patel" LastModifiedDate="2020-06-23T13:25:12.713" ContentType="application\notification" ParentFolderID="8232FBA5AB6DE9F911AAB5767B0C3F85" DisplayName="Notification">
      <Folder ID="8232FBA5AB6DE9F911AAB5767B0C3FA6" Name="Attachment Repository" ProcGroupID="8232FBA5AB6DE9F911AAB5767B0C3F85" AppID="8232FBA5AB6DE9F911AAB5767B0C3F7E" Description="" CreatedBy="BOSTON-S-AS01\Kayla.Patel" CreatedDate="2020-06-23T13:25:12.76" LastModifiedBy="BOSTON-S-AS01\Kayla.Patel" LastModifiedDate="2020-06-23T13:25:12.76" ContentType="application\attachmentrepository" ParentFolderID="8232FBA5AB6DE9F911AAB5767B0C3FA2" DisplayName="Attachment Repository" />
      <Folder ID="825FC2FFACA72A8211DDE63888F82706" Name="E-mails" ProcGroupID="8232FBA5AB6DE9F911AAB5767B0C3F85" AppID="8232FBA5AB6DE9F911AAB5767B0C3F7E" Description="" CreatedBy="BOSTON-S-AS01\Kayla.Patel" CreatedDate="2023-04-28T22:50:11.507" LastModifiedBy="BOSTON-S-AS01\Kayla.Patel" LastModifiedDate="2023-04-28T22:50:11.507" ContentType="application\email" ParentFolderID="8232FBA5AB6DE9F911AAB5767B0C3FA2" DisplayName="E-mails" />
    </Folder>
  </Folder>
  <CoAuthored>false</CoAuthored>
</WFEnabledApplication>