<?xml version="1.0"?>
<WFEnabledApplication xmlns:xsd="http://www.w3.org/2001/XMLSchema" xmlns:xsi="http://www.w3.org/2001/XMLSchema-instance" ID="8254DB770450809011DDDAC369B8CFFE" Name="ARM - Request to Destroy Obsolete Records" Description="" Status="RELEASED" CreatedDate="2023-04-14T08:53:59.573" CreatedBy="152213" AppType="eForms" Visibility="PAAS" ContentType="application" DisplayName="ARM - Request to Destroy Obsolete Records" AppLocale="customlocale" ParentApplicationId="">
  <Folder ID="8254DB770450809011DDDAC369B8CFFF" Name="Shared Resources" ProcGroupID="" AppID="8254DB770450809011DDDAC369B8CFFE" Description="" CreatedBy="152213" CreatedDate="0001-01-01T00:00:00Z" LastModifiedBy="152213" LastModifiedDate="0001-01-01T00:00:00Z" ContentType="Any" ParentFolderID="8254DB770450809011DDDAC369B8CFFE" DisplayName="Shared Resources">
    <Folder ID="8254DB770450809011DDDAC369B8D000" Name="Style Sheets" ProcGroupID="" AppID="8254DB770450809011DDDAC369B8CFFE" Description="" CreatedBy="152213" CreatedDate="0001-01-01T00:00:00Z" LastModifiedBy="152213" LastModifiedDate="0001-01-01T00:00:00Z" ContentType="application\CSS" ParentFolderID="8254DB770450809011DDDAC369B8CFFF" DisplayName="Style Sheets" />
    <Folder ID="8254DB770450809011DDDAC369B8D001" Name="JavaScript" ProcGroupID="" AppID="8254DB770450809011DDDAC369B8CFFE" Description="" CreatedBy="152213" CreatedDate="0001-01-01T00:00:00Z" LastModifiedBy="152213" LastModifiedDate="0001-01-01T00:00:00Z" ContentType="application\js" ParentFolderID="8254DB770450809011DDDAC369B8CFFF" DisplayName="JavaScript" />
    <Folder ID="8254DB770450809011DDDAC369B8D002" Name="Images" ProcGroupID="" AppID="8254DB770450809011DDDAC369B8CFFE" Description="" CreatedBy="152213" CreatedDate="0001-01-01T00:00:00Z" LastModifiedBy="152213" LastModifiedDate="0001-01-01T00:00:00Z" ContentType="application\image" ParentFolderID="8254DB770450809011DDDAC369B8CFFF" DisplayName="Images" />
    <Folder ID="8254DB770450809011DDDAC369B8D003" Name="Access Tokens" ProcGroupID="" AppID="8254DB770450809011DDDAC369B8CFFE" Description="" CreatedBy="152213" CreatedDate="0001-01-01T00:00:00Z" LastModifiedBy="152213" LastModifiedDate="0001-01-01T00:00:00Z" ContentType="application\apptoken" ParentFolderID="8254DB770450809011DDDAC369B8CFFF" DisplayName="Access Tokens" />
    <Folder ID="8254DB770450809011DDDAC369B8D004" Name="Application Resources" ProcGroupID="" AppID="8254DB770450809011DDDAC369B8CFFE" Description="" CreatedBy="152213" CreatedDate="0001-01-01T00:00:00Z" LastModifiedBy="152213" LastModifiedDate="0001-01-01T00:00:00Z" ContentType="application\applicationresources" ParentFolderID="8254DB770450809011DDDAC369B8CFFF" DisplayName="Application Resources" />
    <Folder ID="8257D4CD9C2F4D1611DDF13AC1FAB12E" Name="Comments" ProcGroupID="8254DB770450809011DDDAC369B8CFFF" AppID="8254DB770450809011DDDAC369B8CFFE" Description="" CreatedBy="152213" CreatedDate="2023-05-12T23:03:43.29" LastModifiedBy="152213" LastModifiedDate="2023-05-12T23:03:43.29" ContentType="application\comments" ParentFolderID="8254DB770450809011DDDAC369B8CFFF" DisplayName="Comments" />
  </Folder>
  <Folder ID="8254DB770450809011DDDAC369B8D005" Name="Processes" ProcGroupID="" AppID="8254DB770450809011DDDAC369B8CFFE" Description="" CreatedBy="152213" CreatedDate="0001-01-01T00:00:00Z" LastModifiedBy="152213" LastModifiedDate="0001-01-01T00:00:00Z" ContentType="application\processgroup" ParentFolderID="8254DB770450809011DDDAC369B8CFFE" DisplayName="Processes">
    <Folder ID="8254DB770450809011DDDAC369B8D006" Name="ARM - Request to Destroy Obsolete Records" ProcGroupID="" AppID="8254DB770450809011DDDAC369B8CFFE" Description="" CreatedBy="152213" CreatedDate="0001-01-01T00:00:00Z" LastModifiedBy="152213" LastModifiedDate="0001-01-01T00:00:00Z" ContentType="user\processgroup" ParentFolderID="8254DB770450809011DDDAC369B8D005" DisplayName="ARM - Request to Destroy Obsolete Records">
      <Folder ID="8254DB770450809011DDDAC369B8D007" Name="Process Model" ProcGroupID="8254DB770450809011DDDAC369B8D006" AppID="8254DB770450809011DDDAC369B8CFFE" Description="" CreatedBy="152213" CreatedDate="0001-01-01T00:00:00Z" LastModifiedBy="152213" LastModifiedDate="0001-01-01T00:00:00Z" ContentType="application\processmodel" ParentFolderID="8254DB770450809011DDDAC369B8D006" DisplayName="Process Model">
        <File ID="8260EF826379E0CD11EE5E1A13FC5B16" Name="ARM - Request to Destroy Obsolete Records" BaseFileID="8254DB770450809011DDDAC369B8D008" PrevVerFileID="8261A1D98F9CBF2311EE5E1993249E7B" AppID="8254DB770450809011DDDAC369B8CFFE" ParentFolderID="8254DB770450809011DDDAC369B8D007" ProcGroupID="8254DB770450809011DDDAC369B8D006" Description="" Version="1.07" Status="RELEASED" ContentType="user\processmodel" CheckedOutBy="" CheckedOutDate="0001-01-01T00:00:00Z" CreatedDate="2023-09-28T12:14:26.933" CreatedBy="152213" LastModifiedDate="2023-10-03T11:32:47.857" LastModifiedBy="152213" ThemeID="" ExtraInfo="" DisplayName="ARM - Request to Destroy Obsolete Records" />
      </Folder>
      <Folder ID="8254DB770450809011DDDAC369B8D009" Name="Notification" ProcGroupID="8254DB770450809011DDDAC369B8D006" AppID="8254DB770450809011DDDAC369B8CFFE" Description="" CreatedBy="152213" CreatedDate="0001-01-01T00:00:00Z" LastModifiedBy="152213" LastModifiedDate="0001-01-01T00:00:00Z" ContentType="application\notification" ParentFolderID="8254DB770450809011DDDAC369B8D006" DisplayName="Notification">
        <Folder ID="8254DB770450809011DDDAC369B8D00A" Name="E-mails" ProcGroupID="8254DB770450809011DDDAC369B8D006" AppID="8254DB770450809011DDDAC369B8CFFE" Description="" CreatedBy="152213" CreatedDate="0001-01-01T00:00:00Z" LastModifiedBy="152213" LastModifiedDate="0001-01-01T00:00:00Z" ContentType="application\email" ParentFolderID="8254DB770450809011DDDAC369B8D009" DisplayName="E-mails">
          <File ID="8261A1D98F9CBF2311EE6E8AF61856E6" Name="Send to State Email" BaseFileID="8261A1D98F9CBF2311EE5E1993249E7C" PrevVerFileID="8261A1D98F9CBF2311EE6C5325243821" AppID="8254DB770450809011DDDAC369B8CFFE" ParentFolderID="8254DB770450809011DDDAC369B8D00A" ProcGroupID="8254DB770450809011DDDAC369B8D006" Description="" Version="1.03" Status="RELEASED" ContentType="user\email" CheckedOutBy="" CheckedOutDate="0001-01-01T00:00:00Z" CreatedDate="2023-10-19T10:22:51.227" CreatedBy="152213" LastModifiedDate="2023-10-19T10:24:11.12" LastModifiedBy="40001842" ThemeID="" ExtraInfo="" DisplayName="Send to State Email" />
          <File ID="8260EF826379E0CD11EE6D0ADE572366" Name="ARM Deny Email" BaseFileID="8254DB770450809011DDDAC369B8D00B" PrevVerFileID="8261A1D98F9CBF2311EE5E1993249E87" AppID="8254DB770450809011DDDAC369B8CFFE" ParentFolderID="8254DB770450809011DDDAC369B8D00A" ProcGroupID="8254DB770450809011DDDAC369B8D006" Description="" Version="1.04" Status="RELEASED" ContentType="user\email" CheckedOutBy="" CheckedOutDate="0001-01-01T00:00:00Z" CreatedDate="2023-10-17T12:33:23.273" CreatedBy="152213" LastModifiedDate="2023-10-17T12:35:38.593" LastModifiedBy="40001842" ThemeID="" ExtraInfo="" DisplayName="ARM Deny Email" />
          <File ID="8260EF826379E0CD11EE6D0AEA5F3116" Name="Archives and Records Management Email Notification" BaseFileID="8261A1D98F9CBF2311EE5E1993249E84" PrevVerFileID="8261A1D98F9CBF2311EE5E1993249E84" AppID="8254DB770450809011DDDAC369B8CFFE" ParentFolderID="8254DB770450809011DDDAC369B8D00A" ProcGroupID="8254DB770450809011DDDAC369B8D006" Description="" Version="1.01" Status="RELEASED" ContentType="user\email" CheckedOutBy="" CheckedOutDate="0001-01-01T00:00:00Z" CreatedDate="2023-10-17T12:33:42.167" CreatedBy="152213" LastModifiedDate="2023-10-17T12:35:38.593" LastModifiedBy="40001842" ThemeID="" ExtraInfo="" DisplayName="Archives and Records Management Email Notification" />
          <File ID="8260EF826379E0CD11EE6D0AF056C7A1" Name="Counsel Deny Email" BaseFileID="8254DB770450809011DDDAC369B8D012" PrevVerFileID="8261A1D98F9CBF2311EE6D09E36F0B6F" AppID="8254DB770450809011DDDAC369B8CFFE" ParentFolderID="8254DB770450809011DDDAC369B8D00A" ProcGroupID="8254DB770450809011DDDAC369B8D006" Description="" Version="1.03" Status="RELEASED" ContentType="user\email" CheckedOutBy="" CheckedOutDate="0001-01-01T00:00:00Z" CreatedDate="2023-10-17T12:33:55.4" CreatedBy="152213" LastModifiedDate="2023-10-17T12:35:38.517" LastModifiedBy="40001842" ThemeID="" ExtraInfo="" DisplayName="Counsel Deny Email" />
          <File ID="8261A1D98F9CBF2311EE5E1993249E8A" Name="Reminder" BaseFileID="8254DB770450809011DDDAC369B8D00E" PrevVerFileID="8254DB770450809011DDDAC369B8D00E" AppID="8254DB770450809011DDDAC369B8CFFE" ParentFolderID="8254DB770450809011DDDAC369B8D00A" ProcGroupID="8254DB770450809011DDDAC369B8D006" Description="" Version="1.01" Status="RELEASED" ContentType="user\email" CheckedOutBy="" CheckedOutDate="0001-01-01T00:00:00Z" CreatedDate="2023-09-28T12:10:50.533" CreatedBy="152213" LastModifiedDate="2023-09-28T12:10:50.533" LastModifiedBy="152213" ThemeID="" ExtraInfo="" DisplayName="Reminder" />
          <File ID="8261A1D98F9CBF2311EE5E1993249E8B" Name="Thank You" BaseFileID="8254DB770450809011DDDAC369B8D00F" PrevVerFileID="8254DB770450809011DDDAC369B8D00F" AppID="8254DB770450809011DDDAC369B8CFFE" ParentFolderID="8254DB770450809011DDDAC369B8D00A" ProcGroupID="8254DB770450809011DDDAC369B8D006" Description="" Version="1.01" Status="RELEASED" ContentType="user\email" CheckedOutBy="" CheckedOutDate="0001-01-01T00:00:00Z" CreatedDate="2023-09-28T12:10:50.533" CreatedBy="152213" LastModifiedDate="2023-09-28T12:10:50.533" LastModifiedBy="152213" ThemeID="" ExtraInfo="" DisplayName="Thank You" />
          <File ID="8261A1D98F9CBF2311EE5E1993249E89" Name="Clerk Deny Email" BaseFileID="8254DB770450809011DDDAC369B8D013" PrevVerFileID="8254DB770450809011DDDAC369B8D013" AppID="8254DB770450809011DDDAC369B8CFFE" ParentFolderID="8254DB770450809011DDDAC369B8D00A" ProcGroupID="8254DB770450809011DDDAC369B8D006" Description="" Version="1.01" Status="RELEASED" ContentType="user\email" CheckedOutBy="" CheckedOutDate="0001-01-01T00:00:00Z" CreatedDate="2023-09-28T12:10:50.52" CreatedBy="152213" LastModifiedDate="2023-09-28T12:10:50.52" LastModifiedBy="152213" ThemeID="" ExtraInfo="" DisplayName="Clerk Deny Email" />
          <File ID="8261A1D98F9CBF2311EE5E1993249E85" Name="Notification" BaseFileID="8254DB770450809011DDDAC369B8D00D" PrevVerFileID="8254DB770450809011DDDAC369B8D00D" AppID="8254DB770450809011DDDAC369B8CFFE" ParentFolderID="8254DB770450809011DDDAC369B8D00A" ProcGroupID="8254DB770450809011DDDAC369B8D006" Description="" Version="1.01" Status="RELEASED" ContentType="user\email" CheckedOutBy="" CheckedOutDate="0001-01-01T00:00:00Z" CreatedDate="2023-09-28T12:10:50.487" CreatedBy="152213" LastModifiedDate="2023-09-28T12:10:50.487" LastModifiedBy="152213" ThemeID="" ExtraInfo="" DisplayName="Notification" />
          <File ID="8261A1D98F9CBF2311EE5E1993249E86" Name="Confirmation" BaseFileID="8254DB770450809011DDDAC369B8D011" PrevVerFileID="8254DB770450809011DDDAC369B8D011" AppID="8254DB770450809011DDDAC369B8CFFE" ParentFolderID="8254DB770450809011DDDAC369B8D00A" ProcGroupID="8254DB770450809011DDDAC369B8D006" Description="" Version="1.01" Status="RELEASED" ContentType="user\email" CheckedOutBy="" CheckedOutDate="0001-01-01T00:00:00Z" CreatedDate="2023-09-28T12:10:50.487" CreatedBy="152213" LastModifiedDate="2023-09-28T12:10:50.487" LastModifiedBy="152213" ThemeID="" ExtraInfo="" DisplayName="Confirmation" />
          <File ID="8261A1D98F9CBF2311EE5E1993249E82" Name="Email City Clerk Notification" BaseFileID="8254DB770450809011DDDAC369B8D00C" PrevVerFileID="8254DB770450809011DDDAC369B8D00C" AppID="8254DB770450809011DDDAC369B8CFFE" ParentFolderID="8254DB770450809011DDDAC369B8D00A" ProcGroupID="8254DB770450809011DDDAC369B8D006" Description="" Version="1.01" Status="RELEASED" ContentType="user\email" CheckedOutBy="" CheckedOutDate="0001-01-01T00:00:00Z" CreatedDate="2023-09-28T12:10:50.457" CreatedBy="152213" LastModifiedDate="2023-09-28T12:10:50.457" LastModifiedBy="152213" ThemeID="" ExtraInfo="" DisplayName="Email City Clerk Notification" />
          <File ID="8261A1D98F9CBF2311EE5E1993249E83" Name="Counsel Email Notification" BaseFileID="8254DB770450809011DDDAC369B8D010" PrevVerFileID="8254DB770450809011DDDAC369B8D010" AppID="8254DB770450809011DDDAC369B8CFFE" ParentFolderID="8254DB770450809011DDDAC369B8D00A" ProcGroupID="8254DB770450809011DDDAC369B8D006" Description="" Version="1.01" Status="RELEASED" ContentType="user\email" CheckedOutBy="" CheckedOutDate="0001-01-01T00:00:00Z" CreatedDate="2023-09-28T12:10:50.457" CreatedBy="152213" LastModifiedDate="2023-09-28T12:10:50.457" LastModifiedBy="152213" ThemeID="" ExtraInfo="" DisplayName="Counsel Email Notification" />
        </Folder>
        <Folder ID="8254DB770450809011DDDAC369B8D014" Name="Yammer" ProcGroupID="8254DB770450809011DDDAC369B8D006" AppID="8254DB770450809011DDDAC369B8CFFE" Description="" CreatedBy="152213" CreatedDate="0001-01-01T00:00:00Z" LastModifiedBy="152213" LastModifiedDate="0001-01-01T00:00:00Z" ContentType="application\yammer" ParentFolderID="8254DB770450809011DDDAC369B8D009" DisplayName="Yammer" />
        <Folder ID="8254DB770450809011DDDAC369B8D015" Name="Chatter" ProcGroupID="8254DB770450809011DDDAC369B8D006" AppID="8254DB770450809011DDDAC369B8CFFE" Description="" CreatedBy="152213" CreatedDate="0001-01-01T00:00:00Z" LastModifiedBy="152213" LastModifiedDate="0001-01-01T00:00:00Z" ContentType="application\chatter" ParentFolderID="8254DB770450809011DDDAC369B8D009" DisplayName="Chatter" />
        <Folder ID="8254DB770450809011DDDAC369B8D016" Name="MicrosoftTeams" ProcGroupID="8254DB770450809011DDDAC369B8D006" AppID="8254DB770450809011DDDAC369B8CFFE" Description="" CreatedBy="152213" CreatedDate="0001-01-01T00:00:00Z" LastModifiedBy="152213" LastModifiedDate="2023-05-12T23:03:43.9" ContentType="application\microsoftteams" ParentFolderID="8254DB770450809011DDDAC369B8D009" DisplayName="Microsoft Teams" />
        <Folder ID="8254DB770450809011DDDAC369B8D017" Name="SMS" ProcGroupID="8254DB770450809011DDDAC369B8D006" AppID="8254DB770450809011DDDAC369B8CFFE" Description="" CreatedBy="152213" CreatedDate="0001-01-01T00:00:00Z" LastModifiedBy="152213" LastModifiedDate="0001-01-01T00:00:00Z" ContentType="application\sms" ParentFolderID="8254DB770450809011DDDAC369B8D009" DisplayName="SMS" />
        <Folder ID="8254DB770450809011DDDAC369B8D018" Name="Attachment Repository" ProcGroupID="8254DB770450809011DDDAC369B8D006" AppID="8254DB770450809011DDDAC369B8CFFE" Description="" CreatedBy="152213" CreatedDate="0001-01-01T00:00:00Z" LastModifiedBy="152213" LastModifiedDate="0001-01-01T00:00:00Z" ContentType="application\attachmentrepository" ParentFolderID="8254DB770450809011DDDAC369B8D009" DisplayName="Attachment Repository" />
      </Folder>
      <Folder ID="8254DB770450809011DDDAC369B8D019" Name="Data Model" ProcGroupID="8254DB770450809011DDDAC369B8D006" AppID="8254DB770450809011DDDAC369B8CFFE" Description="" CreatedBy="152213" CreatedDate="0001-01-01T00:00:00Z" LastModifiedBy="152213" LastModifiedDate="0001-01-01T00:00:00Z" ContentType="application\datamodel" ParentFolderID="8254DB770450809011DDDAC369B8D006" DisplayName="Data Model">
        <File ID="8261A1D98F9CBF2311EE6C57C1E459DC" Name="Schema.xsd" BaseFileID="8254DB770450809011DDDAC369B8D01A" PrevVerFileID="8261A1D98F9CBF2311EE6C53490CA350" AppID="8254DB770450809011DDDAC369B8CFFE" ParentFolderID="8254DB770450809011DDDAC369B8D019" ProcGroupID="8254DB770450809011DDDAC369B8D006" Description="" Version="1.12" Status="RELEASED" ContentType="user\datamodel" CheckedOutBy="" CheckedOutDate="0001-01-01T00:00:00Z" CreatedDate="2023-10-16T15:11:15.73" CreatedBy="152213" LastModifiedDate="2023-10-16T15:11:56.073" LastModifiedBy="40001842" ThemeID="" ExtraInfo="[{&quot;Name&quot; : &quot;NamespaceUpdated&quot; , &quot;Value&quot; : &quot;True&quot;}]" DisplayName="Schema.xsd" />
        <File ID="8261A1D98F9CBF2311EE6C53490CA351" Name="ARMRecordDestruction" BaseFileID="8254DB770450809011DDDAC369B8D01B" PrevVerFileID="8260EF826379E0CD11EE62021ECAC6DC" AppID="8254DB770450809011DDDAC369B8CFFE" ParentFolderID="8254DB770450809011DDDAC369B8D019" ProcGroupID="8254DB770450809011DDDAC369B8D006" Description="Datasource ARMRecordDestruction Schema" Version="1.06" Status="RELEASED" ContentType="user\apdataentitydatamodel" CheckedOutBy="" CheckedOutDate="0001-01-01T00:00:00Z" CreatedDate="2023-10-16T14:39:12.02" CreatedBy="152213" LastModifiedDate="2023-10-16T14:39:12.02" LastModifiedBy="40001842" ThemeID="" ExtraInfo="" DisplayName="ARMRecordDestruction" />
      </Folder>
      <Folder ID="8254DB770450809011DDDAC369B8D01C" Name="Data Source" ProcGroupID="8254DB770450809011DDDAC369B8D006" AppID="8254DB770450809011DDDAC369B8CFFE" Description="" CreatedBy="152213" CreatedDate="0001-01-01T00:00:00Z" LastModifiedBy="152213" LastModifiedDate="0001-01-01T00:00:00Z" ContentType="application\datasources" ParentFolderID="8254DB770450809011DDDAC369B8D006" DisplayName="Data Source">
        <File ID="8261A1D98F9CBF2311EE6C53431344B0" Name="ARMRecordDestruction" BaseFileID="8254DB770450809011DDDAC369B8D01D" PrevVerFileID="8260EF826379E0CD11EE620218CCB498" AppID="8254DB770450809011DDDAC369B8CFFE" ParentFolderID="8254DB770450809011DDDAC369B8D01C" ProcGroupID="8254DB770450809011DDDAC369B8D006" Description="" Version="1.08" Status="RELEASED" ContentType="user\APDataEntityDataSource" CheckedOutBy="" CheckedOutDate="0001-01-01T00:00:00Z" CreatedDate="2023-10-16T14:39:04.243" CreatedBy="152213" LastModifiedDate="2023-10-16T14:39:22.533" LastModifiedBy="40001842" ThemeID="" ExtraInfo="" DisplayName="ARMRecordDestruction" />
      </Folder>
      <Folder ID="8254DB770450809011DDDAC369B8D01E" Name="Library" ProcGroupID="8254DB770450809011DDDAC369B8D006" AppID="8254DB770450809011DDDAC369B8CFFE" Description="" CreatedBy="152213" CreatedDate="0001-01-01T00:00:00Z" LastModifiedBy="152213" LastModifiedDate="0001-01-01T00:00:00Z" ContentType="application\taskformlibrary" ParentFolderID="8254DB770450809011DDDAC369B8D006" DisplayName="Library">
        <File ID="8261A1D98F9CBF2311EE6C57C1E459DE" Name="Form Library" BaseFileID="8254DB770450809011DDDAC369B8D01F" PrevVerFileID="8261A1D98F9CBF2311EE5E1993249E8F" AppID="8254DB770450809011DDDAC369B8CFFE" ParentFolderID="8254DB770450809011DDDAC369B8D01E" ProcGroupID="8254DB770450809011DDDAC369B8D006" Description="" Version="1.06" Status="RELEASED" ContentType="user\taskformlibrary" CheckedOutBy="" CheckedOutDate="0001-01-01T00:00:00Z" CreatedDate="2023-10-16T15:11:15.84" CreatedBy="152213" LastModifiedDate="2023-10-16T15:11:56.133" LastModifiedBy="40001842" ThemeID="" ExtraInfo="" DisplayName="Form Library" />
      </Folder>
      <Folder ID="8254DB770450809011DDDAC369B8D021" Name="Forms" ProcGroupID="8254DB770450809011DDDAC369B8D006" AppID="8254DB770450809011DDDAC369B8CFFE" Description="" CreatedBy="152213" CreatedDate="0001-01-01T00:00:00Z" LastModifiedBy="152213" LastModifiedDate="0001-01-01T00:00:00Z" ContentType="application\formsgroup" ParentFolderID="8254DB770450809011DDDAC369B8D006" DisplayName="Forms">
        <Folder ID="8254DB770450809011DDDAC369B8D023" Name="Task Forms" ProcGroupID="8254DB770450809011DDDAC369B8D006" AppID="8254DB770450809011DDDAC369B8CFFE" Description="" CreatedBy="152213" CreatedDate="0001-01-01T00:00:00Z" LastModifiedBy="152213" LastModifiedDate="0001-01-01T00:00:00Z" ContentType="application\taskforms" ParentFolderID="8254DB770450809011DDDAC369B8D021" DisplayName="Task Forms">
          <File ID="8261A1D98F9CBF2311EE6C57C1E459DD" Name="ARM  Request to Destroy Obsolete Records" BaseFileID="8254DB770450809011DDDAC369B8D027" PrevVerFileID="8261A1D98F9CBF2311EE5E1993249E90" AppID="8254DB770450809011DDDAC369B8CFFE" ParentFolderID="8254DB770450809011DDDAC369B8D023" ProcGroupID="8254DB770450809011DDDAC369B8D006" Description="" Version="1.04" Status="RELEASED" ContentType="user\taskforms" CheckedOutBy="" CheckedOutDate="0001-01-01T00:00:00Z" CreatedDate="2023-10-16T15:11:15.793" CreatedBy="152213" LastModifiedDate="2023-10-16T15:11:56.167" LastModifiedBy="40001842" ThemeID="" ExtraInfo="" DisplayName="ARM  Request to Destroy Obsolete Records" />
          <File ID="8261A1D98F9CBF2311EE5E1993249E93" Name="ARM Approval" BaseFileID="8254DB770450809011DDDAC369B8D024" PrevVerFileID="8254DB770450809011DDDAC369B8D024" AppID="8254DB770450809011DDDAC369B8CFFE" ParentFolderID="8254DB770450809011DDDAC369B8D023" ProcGroupID="8254DB770450809011DDDAC369B8D006" Description="" Version="1.03" Status="RELEASED" ContentType="user\taskforms" CheckedOutBy="" CheckedOutDate="0001-01-01T00:00:00Z" CreatedDate="2023-09-28T12:10:50.8" CreatedBy="152213" LastModifiedDate="2023-09-28T12:10:50.8" LastModifiedBy="152213" ThemeID="" ExtraInfo="" DisplayName="ARM Approval" />
          <File ID="8261A1D98F9CBF2311EE5E1993249E92" Name="City Clerk Approval" BaseFileID="8254DB770450809011DDDAC369B8D025" PrevVerFileID="8254DB770450809011DDDAC369B8D025" AppID="8254DB770450809011DDDAC369B8CFFE" ParentFolderID="8254DB770450809011DDDAC369B8D023" ProcGroupID="8254DB770450809011DDDAC369B8D006" Description="" Version="1.03" Status="RELEASED" ContentType="user\taskforms" CheckedOutBy="" CheckedOutDate="0001-01-01T00:00:00Z" CreatedDate="2023-09-28T12:10:50.783" CreatedBy="152213" LastModifiedDate="2023-09-28T12:10:50.783" LastModifiedBy="152213" ThemeID="" ExtraInfo="" DisplayName="City Clerk Approval" />
          <File ID="8261A1D98F9CBF2311EE5E1993249E91" Name="Counsel Approval" BaseFileID="8254DB770450809011DDDAC369B8D026" PrevVerFileID="8254DB770450809011DDDAC369B8D026" AppID="8254DB770450809011DDDAC369B8CFFE" ParentFolderID="8254DB770450809011DDDAC369B8D023" ProcGroupID="8254DB770450809011DDDAC369B8D006" Description="" Version="1.01" Status="RELEASED" ContentType="user\taskforms" CheckedOutBy="" CheckedOutDate="0001-01-01T00:00:00Z" CreatedDate="2023-09-28T12:10:50.77" CreatedBy="152213" LastModifiedDate="2023-09-28T12:10:50.77" LastModifiedBy="152213" ThemeID="" ExtraInfo="" DisplayName="Counsel Approval" />
        </Folder>
      </Folder>
      <Folder ID="8254DB770450809011DDDAC369B8D028" Name="Lookups" ProcGroupID="8254DB770450809011DDDAC369B8D006" AppID="8254DB770450809011DDDAC369B8CFFE" Description="" CreatedBy="152213" CreatedDate="0001-01-01T00:00:00Z" LastModifiedBy="152213" LastModifiedDate="0001-01-01T00:00:00Z" ContentType="application\lookup" ParentFolderID="8254DB770450809011DDDAC369B8D006" DisplayName="Lookups" />
      <Folder ID="8254DB770450809011DDDAC369B8D029" Name="Translation" ProcGroupID="8254DB770450809011DDDAC369B8D006" AppID="8254DB770450809011DDDAC369B8CFFE" Description="" CreatedBy="152213" CreatedDate="0001-01-01T00:00:00Z" LastModifiedBy="152213" LastModifiedDate="0001-01-01T00:00:00Z" ContentType="application\translation" ParentFolderID="8254DB770450809011DDDAC369B8D006" DisplayName="Translation" />
      <Folder ID="8254DB770450809011DDDAC369B8D02A" Name="Document Repository" ProcGroupID="8254DB770450809011DDDAC369B8D006" AppID="8254DB770450809011DDDAC369B8CFFE" Description="" CreatedBy="152213" CreatedDate="0001-01-01T00:00:00Z" LastModifiedBy="152213" LastModifiedDate="0001-01-01T00:00:00Z" ContentType="application\documentrepository" ParentFolderID="8254DB770450809011DDDAC369B8D006" DisplayName="Document Repository" />
      <Folder ID="8254DB770450809011DDDAC369B8D02B" Name="System Files" ProcGroupID="8254DB770450809011DDDAC369B8D006" AppID="8254DB770450809011DDDAC369B8CFFE" Description="" CreatedBy="152213" CreatedDate="0001-01-01T00:00:00Z" LastModifiedBy="152213" LastModifiedDate="0001-01-01T00:00:00Z" ContentType="application\hidden" ParentFolderID="8254DB770450809011DDDAC369B8D006" DisplayName="System Files" />
    </Folder>
  </Folder>
</WFEnabledApplication>