<?xml version="1.0"?>
<WFApplicationDynamicDependencies xmlns:xsd="http://www.w3.org/2001/XMLSchema" xmlns:xsi="http://www.w3.org/2001/XMLSchema-instance">
  <AppName>ASD - 38D Forms View All Submissions</AppName>
  <Version>1.09</Version>
  <SharedAttributes>
    <SharedCustomAttribute>
      <AttributeName>CurrentYear</AttributeName>
      <UsedIn>
        <DependencyUsedIn>
          <FileName>Get Form H Submissions</FileName>
          <FileDisplayName>Get Form H Submissions</FileDisplayName>
          <Activities />
          <FileType>Lookup</FileType>
          <NumberOfTimesUsed>1</NumberOfTimesUsed>
        </DependencyUsedIn>
        <DependencyUsedIn>
          <FileName>Get Form NC Submissions</FileName>
          <FileDisplayName>Get Form NC Submissions</FileDisplayName>
          <Activities />
          <FileType>Lookup</FileType>
          <NumberOfTimesUsed>1</NumberOfTimesUsed>
        </DependencyUsedIn>
        <DependencyUsedIn>
          <FileName>Form SH Submission</FileName>
          <FileDisplayName>Form SH Submission</FileDisplayName>
          <Activities />
          <FileType>Lookup</FileType>
          <NumberOfTimesUsed>1</NumberOfTimesUsed>
        </DependencyUsedIn>
        <DependencyUsedIn>
          <FileName>Get Form A2 Submissions</FileName>
          <FileDisplayName>Get Form A2 Submissions</FileDisplayName>
          <Activities />
          <FileType>Lookup</FileType>
          <NumberOfTimesUsed>1</NumberOfTimesUsed>
        </DependencyUsedIn>
        <DependencyUsedIn>
          <FileName>Get Form PK Submissions</FileName>
          <FileDisplayName>Get Form PK Submissions</FileDisplayName>
          <Activities />
          <FileType>Lookup</FileType>
          <NumberOfTimesUsed>1</NumberOfTimesUsed>
        </DependencyUsedIn>
        <DependencyUsedIn>
          <FileName>GetASD - 38D Forms</FileName>
          <FileDisplayName>GetASD - 38D Forms</FileDisplayName>
          <Activities />
          <FileType>Lookup</FileType>
          <NumberOfTimesUsed>1</NumberOfTimesUsed>
        </DependencyUsedIn>
        <DependencyUsedIn>
          <FileName>Form ST1 Submission</FileName>
          <FileDisplayName>Form ST1 Submission</FileDisplayName>
          <Activities />
          <FileType>Lookup</FileType>
          <NumberOfTimesUsed>1</NumberOfTimesUsed>
        </DependencyUsedIn>
        <DependencyUsedIn>
          <FileName>Get Form O Submissions</FileName>
          <FileDisplayName>Get Form O Submissions</FileDisplayName>
          <Activities />
          <FileType>Lookup</FileType>
          <NumberOfTimesUsed>1</NumberOfTimesUsed>
        </DependencyUsedIn>
      </UsedIn>
      <IsExists>false</IsExists>
    </SharedCustomAttribute>
  </SharedAttributes>
  <DataEntities>
    <DataEntity>
      <EntityName>ASD38DForms__u</EntityName>
      <EntityDisplayName>ASD - 38D Forms</EntityDisplayName>
      <UsedIn>
        <DependencyUsedIn>
          <FileName>ASD38DForms</FileName>
          <FileDisplayName>ASD38DForms</FileDisplayName>
          <Activities />
          <FileType>Data Source</FileType>
          <NumberOfTimesUsed>1</NumberOfTimesUsed>
        </DependencyUsedIn>
        <DependencyUsedIn>
          <FileName>Get Form H Submissions</FileName>
          <FileDisplayName>Get Form H Submissions</FileDisplayName>
          <Activities />
          <FileType>Lookup</FileType>
          <NumberOfTimesUsed>1</NumberOfTimesUsed>
        </DependencyUsedIn>
        <DependencyUsedIn>
          <FileName>Get Form NC Submissions</FileName>
          <FileDisplayName>Get Form NC Submissions</FileDisplayName>
          <Activities />
          <FileType>Lookup</FileType>
          <NumberOfTimesUsed>1</NumberOfTimesUsed>
        </DependencyUsedIn>
        <DependencyUsedIn>
          <FileName>Form SH Submission</FileName>
          <FileDisplayName>Form SH Submission</FileDisplayName>
          <Activities />
          <FileType>Lookup</FileType>
          <NumberOfTimesUsed>1</NumberOfTimesUsed>
        </DependencyUsedIn>
        <DependencyUsedIn>
          <FileName>GetASD - 38D FormsRecentlyCreated</FileName>
          <FileDisplayName>GetASD - 38D FormsRecentlyCreated</FileDisplayName>
          <Activities />
          <FileType>Lookup</FileType>
          <NumberOfTimesUsed>1</NumberOfTimesUsed>
        </DependencyUsedIn>
        <DependencyUsedIn>
          <FileName>Get Form A2 Submissions</FileName>
          <FileDisplayName>Get Form A2 Submissions</FileDisplayName>
          <Activities />
          <FileType>Lookup</FileType>
          <NumberOfTimesUsed>1</NumberOfTimesUsed>
        </DependencyUsedIn>
        <DependencyUsedIn>
          <FileName>GetASD - 38D FormsRecentlyModified</FileName>
          <FileDisplayName>GetASD - 38D FormsRecentlyModified</FileDisplayName>
          <Activities />
          <FileType>Lookup</FileType>
          <NumberOfTimesUsed>1</NumberOfTimesUsed>
        </DependencyUsedIn>
        <DependencyUsedIn>
          <FileName>Get Form PK Submissions</FileName>
          <FileDisplayName>Get Form PK Submissions</FileDisplayName>
          <Activities />
          <FileType>Lookup</FileType>
          <NumberOfTimesUsed>1</NumberOfTimesUsed>
        </DependencyUsedIn>
        <DependencyUsedIn>
          <FileName>GetASD - 38D Forms</FileName>
          <FileDisplayName>GetASD - 38D Forms</FileDisplayName>
          <Activities />
          <FileType>Lookup</FileType>
          <NumberOfTimesUsed>1</NumberOfTimesUsed>
        </DependencyUsedIn>
        <DependencyUsedIn>
          <FileName>Form ST1 Submission</FileName>
          <FileDisplayName>Form ST1 Submission</FileDisplayName>
          <Activities />
          <FileType>Lookup</FileType>
          <NumberOfTimesUsed>1</NumberOfTimesUsed>
        </DependencyUsedIn>
        <DependencyUsedIn>
          <FileName>Get Form O Submissions</FileName>
          <FileDisplayName>Get Form O Submissions</FileDisplayName>
          <Activities />
          <FileType>Lookup</FileType>
          <NumberOfTimesUsed>1</NumberOfTimesUsed>
        </DependencyUsedIn>
      </UsedIn>
      <IsExists>false</IsExists>
    </DataEntity>
  </DataEntities>
  <PickLists>
    <PickList>
      <PickListName>USAStates</PickListName>
      <PickListDisplayName>USA States</PickListDisplayName>
      <UsedIn>
        <DependencyUsedIn>
          <FileName>Form Library</FileName>
          <FileDisplayName>Form Library</FileDisplayName>
          <Activities />
          <FileType>eForm Library</FileType>
          <NumberOfTimesUsed>1</NumberOfTimesUsed>
        </DependencyUsedIn>
      </UsedIn>
      <IsExists>false</IsExists>
    </PickList>
  </PickLists>
</WFApplicationDynamicDependencies>