<?xml version="1.0"?>
<WFEnabledApplication xmlns:xsd="http://www.w3.org/2001/XMLSchema" xmlns:xsi="http://www.w3.org/2001/XMLSchema-instance" ID="822EBAF92B6BFF7711AA529357C9FABD" Name="ASD - 38D Forms View All Submissions" Description="" Status="DRAFT" CreatedDate="2020-02-18T21:12:21.927" CreatedBy="143525" AppType="StandaloneForms" Visibility="PAAS" ContentType="application" DisplayName="ASD - 38D Forms View All Submissions" AppLocale="customlocale" ParentApplicationId="">
  <Folder ID="822EBAF92B6BFF7711AA529357C9FABE" Name="Shared Resources" ProcGroupID="" AppID="822EBAF92B6BFF7711AA529357C9FABD" Description="" CreatedBy="143525" CreatedDate="0001-01-01T00:00:00Z" LastModifiedBy="143525" LastModifiedDate="0001-01-01T00:00:00Z" ContentType="Any" ParentFolderID="822EBAF92B6BFF7711AA529357C9FABD" DisplayName="Shared Resources">
    <Folder ID="822EBAF92B6BFF7711AA529357C9FABF" Name="Style Sheets" ProcGroupID="" AppID="822EBAF92B6BFF7711AA529357C9FABD" Description="" CreatedBy="143525" CreatedDate="0001-01-01T00:00:00Z" LastModifiedBy="143525" LastModifiedDate="0001-01-01T00:00:00Z" ContentType="application\CSS" ParentFolderID="822EBAF92B6BFF7711AA529357C9FABE" DisplayName="Style Sheets" />
    <Folder ID="822EBAF92B6BFF7711AA529357C9FAC0" Name="JavaScript" ProcGroupID="" AppID="822EBAF92B6BFF7711AA529357C9FABD" Description="" CreatedBy="143525" CreatedDate="0001-01-01T00:00:00Z" LastModifiedBy="143525" LastModifiedDate="0001-01-01T00:00:00Z" ContentType="application\js" ParentFolderID="822EBAF92B6BFF7711AA529357C9FABE" DisplayName="JavaScript" />
    <Folder ID="822EBAF92B6BFF7711AA529357C9FAC1" Name="Images" ProcGroupID="" AppID="822EBAF92B6BFF7711AA529357C9FABD" Description="" CreatedBy="143525" CreatedDate="0001-01-01T00:00:00Z" LastModifiedBy="143525" LastModifiedDate="0001-01-01T00:00:00Z" ContentType="application\image" ParentFolderID="822EBAF92B6BFF7711AA529357C9FABE" DisplayName="Images" />
    <Folder ID="822EBAF92B6BFF7711AA529357C9FAC2" Name="Access Tokens" ProcGroupID="" AppID="822EBAF92B6BFF7711AA529357C9FABD" Description="" CreatedBy="143525" CreatedDate="0001-01-01T00:00:00Z" LastModifiedBy="143525" LastModifiedDate="0001-01-01T00:00:00Z" ContentType="application\apptoken" ParentFolderID="822EBAF92B6BFF7711AA529357C9FABE" DisplayName="Access Tokens" />
    <Folder ID="822EBAF92B6BFF7711AA529357C9FAC3" Name="Application Resources" ProcGroupID="" AppID="822EBAF92B6BFF7711AA529357C9FABD" Description="" CreatedBy="143525" CreatedDate="0001-01-01T00:00:00Z" LastModifiedBy="143525" LastModifiedDate="0001-01-01T00:00:00Z" ContentType="application\applicationresources" ParentFolderID="822EBAF92B6BFF7711AA529357C9FABE" DisplayName="Application Resources" />
    <Folder ID="8257D4CD9C2F4D1611DDF13AC1FAB0EC" Name="Comments" ProcGroupID="822EBAF92B6BFF7711AA529357C9FABE" AppID="822EBAF92B6BFF7711AA529357C9FABD" Description="" CreatedBy="143525" CreatedDate="2023-05-12T23:03:43.197" LastModifiedBy="143525" LastModifiedDate="2023-05-12T23:03:43.197" ContentType="application\comments" ParentFolderID="822EBAF92B6BFF7711AA529357C9FABE" DisplayName="Comments" />
    <Folder ID="BAF312DEFB27D0ED11006444AFB6075F" Name="ML Advisor" ProcGroupID="" AppID="822EBAF92B6BFF7711AA529357C9FABD" Description="" CreatedBy="143525" CreatedDate="2025-07-19T02:04:24.04" LastModifiedBy="143525" LastModifiedDate="2025-07-19T02:04:24.04" ContentType="application\mladvisor" ParentFolderID="822EBAF92B6BFF7711AA529357C9FABE" DisplayName="ML Advisor" />
  </Folder>
  <Folder ID="822EBAF92B6BFF7711AA529357C9FAC4" Name="App Model &amp; Resources" ProcGroupID="" AppID="822EBAF92B6BFF7711AA529357C9FABD" Description="" CreatedBy="143525" CreatedDate="0001-01-01T00:00:00Z" LastModifiedBy="143525" LastModifiedDate="0001-01-01T00:00:00Z" ContentType="user\processgroup" ParentFolderID="822EBAF92B6BFF7711AA529357C9FABD" DisplayName="App Model &amp; Resources">
    <Folder ID="822EBAF92B6BFF7711AA529357C9FAC5" Name="Data Model" ProcGroupID="822EBAF92B6BFF7711AA529357C9FAC4" AppID="822EBAF92B6BFF7711AA529357C9FABD" Description="" CreatedBy="143525" CreatedDate="0001-01-01T00:00:00Z" LastModifiedBy="143525" LastModifiedDate="0001-01-01T00:00:00Z" ContentType="application\datamodel" ParentFolderID="822EBAF92B6BFF7711AA529357C9FAC4" DisplayName="Data Model">
      <File ID="BAF90AFFF82C90671100BBF23BA55928" Name="Schema.xsd" BaseFileID="822EBAF92B6BFF7711AA529357C9FAC6" PrevVerFileID="BAE812DEFB27D0ED11FFEB0A1042FDCF" AppID="822EBAF92B6BFF7711AA529357C9FABD" ParentFolderID="822EBAF92B6BFF7711AA529357C9FAC5" ProcGroupID="822EBAF92B6BFF7711AA529357C9FAC4" Description="" Version="1.19" Status="DRAFT" ContentType="user\datamodel" CheckedOutBy="" CheckedOutDate="0001-01-01T00:00:00Z" CreatedDate="2025-11-07T15:56:01.383" CreatedBy="40001842" LastModifiedDate="2025-11-07T15:58:38.18" LastModifiedBy="40001842" ThemeID="" ExtraInfo="[{&quot;Name&quot; : &quot;NamespaceUpdated&quot; , &quot;Value&quot; : &quot;True&quot;}]" DisplayName="Schema.xsd" />
      <File ID="BAE812DEFB27D0ED11FFEB0A1042FDD0" Name="ASD38DForms" BaseFileID="822EBAF92B6BFF7711AA529357C9FAC7" PrevVerFileID="8268C9F43339ADB911EECB6B0E345C31" AppID="822EBAF92B6BFF7711AA529357C9FABD" ParentFolderID="822EBAF92B6BFF7711AA529357C9FAC5" ProcGroupID="822EBAF92B6BFF7711AA529357C9FAC4" Description="Datasource ASD38DForms Schema" Version="1.08" Status="RELEASED" ContentType="user\apdataentitydatamodel" CheckedOutBy="" CheckedOutDate="0001-01-01T00:00:00Z" CreatedDate="2025-02-14T19:30:02.403" CreatedBy="40001842" LastModifiedDate="2025-02-14T19:30:02.483" LastModifiedBy="40001842" ThemeID="" ExtraInfo="" DisplayName="ASD38DForms" />
    </Folder>
    <Folder ID="822EBAF92B6BFF7711AA529357C9FAC8" Name="Data Source" ProcGroupID="822EBAF92B6BFF7711AA529357C9FAC4" AppID="822EBAF92B6BFF7711AA529357C9FABD" Description="" CreatedBy="143525" CreatedDate="0001-01-01T00:00:00Z" LastModifiedBy="143525" LastModifiedDate="0001-01-01T00:00:00Z" ContentType="application\datasources" ParentFolderID="822EBAF92B6BFF7711AA529357C9FAC4" DisplayName="Data Source">
      <File ID="BAE70AFFF82C906711FFEB09FBCE2F9C" Name="ASD38DForms" BaseFileID="822EBAF92B6BFF7711AA529357C9FAC9" PrevVerFileID="8268C9F43339ADB911EECB6B023FA73A" AppID="822EBAF92B6BFF7711AA529357C9FABD" ParentFolderID="822EBAF92B6BFF7711AA529357C9FAC8" ProcGroupID="822EBAF92B6BFF7711AA529357C9FAC4" Description="" Version="1.09" Status="RELEASED" ContentType="user\APDataEntityDataSource" CheckedOutBy="" CheckedOutDate="0001-01-01T00:00:00Z" CreatedDate="2025-02-14T19:29:29.053" CreatedBy="40001842" LastModifiedDate="2025-02-14T19:31:36.533" LastModifiedBy="40001842" ThemeID="" ExtraInfo="" DisplayName="ASD38DForms" />
    </Folder>
    <Folder ID="822EBAF92B6BFF7711AA529357C9FACA" Name="Library" ProcGroupID="822EBAF92B6BFF7711AA529357C9FAC4" AppID="822EBAF92B6BFF7711AA529357C9FABD" Description="" CreatedBy="143525" CreatedDate="0001-01-01T00:00:00Z" LastModifiedBy="143525" LastModifiedDate="0001-01-01T00:00:00Z" ContentType="application\taskformlibrary" ParentFolderID="822EBAF92B6BFF7711AA529357C9FAC4" DisplayName="Library">
      <File ID="BAF90AFFF82C90671100BBF2419E81DF" Name="Form Library" BaseFileID="822EBAF92B6BFF7711AA529357C9FACB" PrevVerFileID="BAE812DEFB27D0ED11FFEB09F257E09F" AppID="822EBAF92B6BFF7711AA529357C9FABD" ParentFolderID="822EBAF92B6BFF7711AA529357C9FACA" ProcGroupID="822EBAF92B6BFF7711AA529357C9FAC4" Description="" Version="1.17" Status="DRAFT" ContentType="user\taskformlibrary" CheckedOutBy="" CheckedOutDate="0001-01-01T00:00:00Z" CreatedDate="2025-11-07T15:56:01.907" CreatedBy="40001842" LastModifiedDate="2025-11-07T15:58:38.087" LastModifiedBy="40001842" ThemeID="" ExtraInfo="" DisplayName="Form Library" />
    </Folder>
    <Folder ID="822EBAF92B6BFF7711AA529357C9FACC" Name="Forms" ProcGroupID="822EBAF92B6BFF7711AA529357C9FAC4" AppID="822EBAF92B6BFF7711AA529357C9FABD" Description="" CreatedBy="143525" CreatedDate="0001-01-01T00:00:00Z" LastModifiedBy="143525" LastModifiedDate="0001-01-01T00:00:00Z" ContentType="application\formsgroup" ParentFolderID="822EBAF92B6BFF7711AA529357C9FAC4" DisplayName="Forms">
      <Folder ID="822EBAF92B6BFF7711AA529357C9FACD" Name="New" ProcGroupID="822EBAF92B6BFF7711AA529357C9FAC4" AppID="822EBAF92B6BFF7711AA529357C9FABD" Description="" CreatedBy="143525" CreatedDate="0001-01-01T00:00:00Z" LastModifiedBy="143525" LastModifiedDate="0001-01-01T00:00:00Z" ContentType="application\newforms" ParentFolderID="822EBAF92B6BFF7711AA529357C9FACC" DisplayName="New">
        <File ID="BAE812DEFB27D0ED11FFEB09F257E0A0" Name="New ASD - 38D Forms" BaseFileID="822EBAF92B6BFF7711AA529357C9FACE" PrevVerFileID="8268C9F43339ADB911EECB6ADE588470" AppID="822EBAF92B6BFF7711AA529357C9FABD" ParentFolderID="822EBAF92B6BFF7711AA529357C9FACD" ProcGroupID="822EBAF92B6BFF7711AA529357C9FAC4" Description="" Version="1.07" Status="RELEASED" ContentType="user\newforms" CheckedOutBy="" CheckedOutDate="0001-01-01T00:00:00Z" CreatedDate="2025-02-14T19:29:11.43" CreatedBy="40001842" LastModifiedDate="2025-02-14T19:29:11.43" LastModifiedBy="40001842" ThemeID="" ExtraInfo="" DisplayName="New ASD - 38D Forms" />
      </Folder>
      <Folder ID="822EBAF92B6BFF7711AA529357C9FACF" Name="Update" ProcGroupID="822EBAF92B6BFF7711AA529357C9FAC4" AppID="822EBAF92B6BFF7711AA529357C9FABD" Description="" CreatedBy="143525" CreatedDate="0001-01-01T00:00:00Z" LastModifiedBy="143525" LastModifiedDate="0001-01-01T00:00:00Z" ContentType="application\updateforms" ParentFolderID="822EBAF92B6BFF7711AA529357C9FACC" DisplayName="Update">
        <File ID="BAE812DEFB27D0ED11FFEB09F257E0A1" Name="Update ASD - 38D Forms" BaseFileID="822EBAF92B6BFF7711AA529357C9FAD0" PrevVerFileID="8268C9F43339ADB911EECB6ADE588471" AppID="822EBAF92B6BFF7711AA529357C9FABD" ParentFolderID="822EBAF92B6BFF7711AA529357C9FACF" ProcGroupID="822EBAF92B6BFF7711AA529357C9FAC4" Description="" Version="1.09" Status="RELEASED" ContentType="user\updateforms" CheckedOutBy="" CheckedOutDate="0001-01-01T00:00:00Z" CreatedDate="2025-02-14T19:29:11.443" CreatedBy="40001842" LastModifiedDate="2025-02-14T19:29:11.443" LastModifiedBy="40001842" ThemeID="" ExtraInfo="" DisplayName="Update ASD - 38D Forms" />
      </Folder>
      <Folder ID="822EBAF92B6BFF7711AA529357C9FAD1" Name="Widgets" ProcGroupID="822EBAF92B6BFF7711AA529357C9FAC4" AppID="822EBAF92B6BFF7711AA529357C9FABD" Description="" CreatedBy="143525" CreatedDate="0001-01-01T00:00:00Z" LastModifiedBy="143525" LastModifiedDate="0001-01-01T00:00:00Z" ContentType="application\widgets" ParentFolderID="822EBAF92B6BFF7711AA529357C9FACC" DisplayName="Widgets" />
      <Folder ID="822EBAF92B6BFF7711AA529357C9FAD2" Name="Views" ProcGroupID="822EBAF92B6BFF7711AA529357C9FAC4" AppID="822EBAF92B6BFF7711AA529357C9FABD" Description="" CreatedBy="143525" CreatedDate="0001-01-01T00:00:00Z" LastModifiedBy="143525" LastModifiedDate="0001-01-01T00:00:00Z" ContentType="application\views" ParentFolderID="822EBAF92B6BFF7711AA529357C9FACC" DisplayName="Views">
        <File ID="BAF90AFFF82C90671100BBF2419E81DD" Name="All ASD - 38D Forms" BaseFileID="822EBAF92B6BFF7711AA529357C9FAD7" PrevVerFileID="BAE812DEFB27D0ED11FFEB09F257E0A7" AppID="822EBAF92B6BFF7711AA529357C9FABD" ParentFolderID="822EBAF92B6BFF7711AA529357C9FAD2" ProcGroupID="822EBAF92B6BFF7711AA529357C9FAC4" Description="" Version="1.11" Status="DRAFT" ContentType="user\views" CheckedOutBy="" CheckedOutDate="0001-01-01T00:00:00Z" CreatedDate="2025-11-07T15:56:01.743" CreatedBy="40001842" LastModifiedDate="2025-11-07T15:58:36.717" LastModifiedBy="40001842" ThemeID="" ExtraInfo="" DisplayName="All ASD - 38D Forms" />
        <File ID="BAE812DEFB27D0ED11FFEB09F257E0A9" Name="Form NC Submissions" BaseFileID="822EBAF92B6BFF7711AA529357C9FAD6" PrevVerFileID="8268C9F43339ADB911EECB6ADE588478" AppID="822EBAF92B6BFF7711AA529357C9FABD" ParentFolderID="822EBAF92B6BFF7711AA529357C9FAD2" ProcGroupID="822EBAF92B6BFF7711AA529357C9FAC4" Description="" Version="1.06" Status="RELEASED" ContentType="user\views" CheckedOutBy="" CheckedOutDate="0001-01-01T00:00:00Z" CreatedDate="2025-02-14T19:29:11.507" CreatedBy="40001842" LastModifiedDate="2025-02-14T19:29:11.507" LastModifiedBy="40001842" ThemeID="" ExtraInfo="" DisplayName="Form NC Submissions" />
        <File ID="BAE812DEFB27D0ED11FFEB09F257E0A5" Name="Form PK Submissions" BaseFileID="822EBAF92B6BFF7711AA529357C9FAD3" PrevVerFileID="8268C9F43339ADB911EECB6ADE58847A" AppID="822EBAF92B6BFF7711AA529357C9FABD" ParentFolderID="822EBAF92B6BFF7711AA529357C9FAD2" ProcGroupID="822EBAF92B6BFF7711AA529357C9FAC4" Description="" Version="1.06" Status="RELEASED" ContentType="user\views" CheckedOutBy="" CheckedOutDate="0001-01-01T00:00:00Z" CreatedDate="2025-02-14T19:29:11.49" CreatedBy="40001842" LastModifiedDate="2025-02-14T19:29:11.49" LastModifiedBy="40001842" ThemeID="" ExtraInfo="" DisplayName="Form PK Submissions" />
        <File ID="BAE812DEFB27D0ED11FFEB09F257E0A6" Name="Form O Submissions" BaseFileID="822EBAF92B6BFF7711AA529357C9FAD4" PrevVerFileID="8268C9F43339ADB911EECB6ADE588476" AppID="822EBAF92B6BFF7711AA529357C9FABD" ParentFolderID="822EBAF92B6BFF7711AA529357C9FAD2" ProcGroupID="822EBAF92B6BFF7711AA529357C9FAC4" Description="" Version="1.06" Status="RELEASED" ContentType="user\views" CheckedOutBy="" CheckedOutDate="0001-01-01T00:00:00Z" CreatedDate="2025-02-14T19:29:11.49" CreatedBy="40001842" LastModifiedDate="2025-02-14T19:29:11.49" LastModifiedBy="40001842" ThemeID="" ExtraInfo="" DisplayName="Form O Submissions" />
        <File ID="BAE812DEFB27D0ED11FFEB09F257E0A8" Name="Form SH Submissions" BaseFileID="822EBAF92B6BFF7711AA529357C9FAD9" PrevVerFileID="8268C9F43339ADB911EECB6ADE588477" AppID="822EBAF92B6BFF7711AA529357C9FABD" ParentFolderID="822EBAF92B6BFF7711AA529357C9FAD2" ProcGroupID="822EBAF92B6BFF7711AA529357C9FAC4" Description="" Version="1.06" Status="RELEASED" ContentType="user\views" CheckedOutBy="" CheckedOutDate="0001-01-01T00:00:00Z" CreatedDate="2025-02-14T19:29:11.49" CreatedBy="40001842" LastModifiedDate="2025-02-14T19:29:11.49" LastModifiedBy="40001842" ThemeID="" ExtraInfo="" DisplayName="Form SH Submissions" />
        <File ID="BAE812DEFB27D0ED11FFEB09F257E0A2" Name="Form ST1 Submissions" BaseFileID="8234B71A530A808C11BB8CB850543983" PrevVerFileID="8268C9F43339ADB911EECB6ADE588473" AppID="822EBAF92B6BFF7711AA529357C9FABD" ParentFolderID="822EBAF92B6BFF7711AA529357C9FAD2" ProcGroupID="822EBAF92B6BFF7711AA529357C9FAC4" Description="" Version="1.01" Status="RELEASED" ContentType="user\views" CheckedOutBy="" CheckedOutDate="0001-01-01T00:00:00Z" CreatedDate="2025-02-14T19:29:11.477" CreatedBy="40001842" LastModifiedDate="2025-02-14T19:29:11.477" LastModifiedBy="40001842" ThemeID="" ExtraInfo="" DisplayName="Form ST1 Submissions" />
        <File ID="BAE812DEFB27D0ED11FFEB09F257E0A3" Name="Form A2 Submissions" BaseFileID="822EBAF92B6BFF7711AA529357C9FAD8" PrevVerFileID="8268C9F43339ADB911EECB6ADE58847B" AppID="822EBAF92B6BFF7711AA529357C9FABD" ParentFolderID="822EBAF92B6BFF7711AA529357C9FAD2" ProcGroupID="822EBAF92B6BFF7711AA529357C9FAC4" Description="" Version="1.1" Status="RELEASED" ContentType="user\views" CheckedOutBy="" CheckedOutDate="0001-01-01T00:00:00Z" CreatedDate="2025-02-14T19:29:11.477" CreatedBy="40001842" LastModifiedDate="2025-02-14T19:29:11.477" LastModifiedBy="40001842" ThemeID="" ExtraInfo="" DisplayName="Form A2 Submissions" />
        <File ID="BAE812DEFB27D0ED11FFEB09F257E0A4" Name="Form H Submissions" BaseFileID="822EBAF92B6BFF7711AA529357C9FAD5" PrevVerFileID="8268C9F43339ADB911EECB6ADE588479" AppID="822EBAF92B6BFF7711AA529357C9FABD" ParentFolderID="822EBAF92B6BFF7711AA529357C9FAD2" ProcGroupID="822EBAF92B6BFF7711AA529357C9FAC4" Description="" Version="1.06" Status="RELEASED" ContentType="user\views" CheckedOutBy="" CheckedOutDate="0001-01-01T00:00:00Z" CreatedDate="2025-02-14T19:29:11.477" CreatedBy="40001842" LastModifiedDate="2025-02-14T19:29:11.477" LastModifiedBy="40001842" ThemeID="" ExtraInfo="" DisplayName="Form H Submissions" />
      </Folder>
    </Folder>
    <Folder ID="822EBAF92B6BFF7711AA529357C9FADA" Name="Lookups" ProcGroupID="822EBAF92B6BFF7711AA529357C9FAC4" AppID="822EBAF92B6BFF7711AA529357C9FABD" Description="" CreatedBy="143525" CreatedDate="0001-01-01T00:00:00Z" LastModifiedBy="143525" LastModifiedDate="0001-01-01T00:00:00Z" ContentType="application\lookup" ParentFolderID="822EBAF92B6BFF7711AA529357C9FAC4" DisplayName="Lookups">
      <File ID="BAE812DEFB27D0ED11FFEB09F257E0B8" Name="Get Form H Submissions" BaseFileID="822EBAF92B6BFF7711AA529357C9FAE3" PrevVerFileID="8268C9F43339ADB911EECB6ADE58847F" AppID="822EBAF92B6BFF7711AA529357C9FABD" ParentFolderID="822EBAF92B6BFF7711AA529357C9FADA" ProcGroupID="822EBAF92B6BFF7711AA529357C9FAC4" Description="" Version="1.06" Status="RELEASED" ContentType="user\lookupmulticolumn" CheckedOutBy="" CheckedOutDate="0001-01-01T00:00:00Z" CreatedDate="2025-02-14T19:29:11.57" CreatedBy="40001842" LastModifiedDate="2025-02-14T19:29:11.57" LastModifiedBy="40001842" ThemeID="" ExtraInfo="" DisplayName="Get Form H Submissions" />
      <File ID="BAE812DEFB27D0ED11FFEB09F257E0B9" Name="Get Form NC Submissions" BaseFileID="822EBAF92B6BFF7711AA529357C9FADB" PrevVerFileID="8268C9F43339ADB911EECB6ADE588480" AppID="822EBAF92B6BFF7711AA529357C9FABD" ParentFolderID="822EBAF92B6BFF7711AA529357C9FADA" ProcGroupID="822EBAF92B6BFF7711AA529357C9FAC4" Description="" Version="1.07" Status="RELEASED" ContentType="user\lookupmulticolumn" CheckedOutBy="" CheckedOutDate="0001-01-01T00:00:00Z" CreatedDate="2025-02-14T19:29:11.57" CreatedBy="40001842" LastModifiedDate="2025-02-14T19:29:11.57" LastModifiedBy="40001842" ThemeID="" ExtraInfo="" DisplayName="Get Form NC Submissions" />
      <File ID="BAE812DEFB27D0ED11FFEB09F257E0BA" Name="Form SH Submission" BaseFileID="822EBAF92B6BFF7711AA529357C9FADE" PrevVerFileID="8268C9F43339ADB911EECB6ADE58847E" AppID="822EBAF92B6BFF7711AA529357C9FABD" ParentFolderID="822EBAF92B6BFF7711AA529357C9FADA" ProcGroupID="822EBAF92B6BFF7711AA529357C9FAC4" Description="" Version="1.07" Status="RELEASED" ContentType="user\lookupmulticolumn" CheckedOutBy="" CheckedOutDate="0001-01-01T00:00:00Z" CreatedDate="2025-02-14T19:29:11.57" CreatedBy="40001842" LastModifiedDate="2025-02-14T19:29:11.57" LastModifiedBy="40001842" ThemeID="" ExtraInfo="" DisplayName="Form SH Submission" />
      <File ID="BAE812DEFB27D0ED11FFEB09F257E0BB" Name="GetASD - 38D FormsRecentlyCreated" BaseFileID="822EBAF92B6BFF7711AA529357C9FADF" PrevVerFileID="8268C9F43339ADB911EECB6ADE588483" AppID="822EBAF92B6BFF7711AA529357C9FABD" ParentFolderID="822EBAF92B6BFF7711AA529357C9FADA" ProcGroupID="822EBAF92B6BFF7711AA529357C9FAC4" Description="" Version="1.06" Status="RELEASED" ContentType="user\lookupmulticolumn" CheckedOutBy="" CheckedOutDate="0001-01-01T00:00:00Z" CreatedDate="2025-02-14T19:29:11.57" CreatedBy="40001842" LastModifiedDate="2025-02-14T19:29:11.57" LastModifiedBy="40001842" ThemeID="" ExtraInfo="" DisplayName="GetASD - 38D FormsRecentlyCreated" />
      <File ID="BAE812DEFB27D0ED11FFEB09F257E0B6" Name="Get Form A2 Submissions" BaseFileID="822EBAF92B6BFF7711AA529357C9FAE2" PrevVerFileID="8268C9F43339ADB911EECB6ADE588486" AppID="822EBAF92B6BFF7711AA529357C9FABD" ParentFolderID="822EBAF92B6BFF7711AA529357C9FADA" ProcGroupID="822EBAF92B6BFF7711AA529357C9FAC4" Description="" Version="1.09" Status="RELEASED" ContentType="user\lookupmulticolumn" CheckedOutBy="" CheckedOutDate="0001-01-01T00:00:00Z" CreatedDate="2025-02-14T19:29:11.553" CreatedBy="40001842" LastModifiedDate="2025-02-14T19:29:11.553" LastModifiedBy="40001842" ThemeID="" ExtraInfo="" DisplayName="Get Form A2 Submissions" />
      <File ID="BAE812DEFB27D0ED11FFEB09F257E0B7" Name="GetASD - 38D FormsRecentlyModified" BaseFileID="822EBAF92B6BFF7711AA529357C9FAE0" PrevVerFileID="8268C9F43339ADB911EECB6ADE588484" AppID="822EBAF92B6BFF7711AA529357C9FABD" ParentFolderID="822EBAF92B6BFF7711AA529357C9FADA" ProcGroupID="822EBAF92B6BFF7711AA529357C9FAC4" Description="" Version="1.06" Status="RELEASED" ContentType="user\lookupmulticolumn" CheckedOutBy="" CheckedOutDate="0001-01-01T00:00:00Z" CreatedDate="2025-02-14T19:29:11.553" CreatedBy="40001842" LastModifiedDate="2025-02-14T19:29:11.553" LastModifiedBy="40001842" ThemeID="" ExtraInfo="" DisplayName="GetASD - 38D FormsRecentlyModified" />
      <File ID="BAE812DEFB27D0ED11FFEB09F257E0B3" Name="Get Form PK Submissions" BaseFileID="822EBAF92B6BFF7711AA529357C9FADD" PrevVerFileID="8268C9F43339ADB911EECB6ADE588482" AppID="822EBAF92B6BFF7711AA529357C9FABD" ParentFolderID="822EBAF92B6BFF7711AA529357C9FADA" ProcGroupID="822EBAF92B6BFF7711AA529357C9FAC4" Description="" Version="1.06" Status="RELEASED" ContentType="user\lookupmulticolumn" CheckedOutBy="" CheckedOutDate="0001-01-01T00:00:00Z" CreatedDate="2025-02-14T19:29:11.537" CreatedBy="40001842" LastModifiedDate="2025-02-14T19:29:11.537" LastModifiedBy="40001842" ThemeID="" ExtraInfo="" DisplayName="Get Form PK Submissions" />
      <File ID="BAE812DEFB27D0ED11FFEB09F257E0B4" Name="GetASD - 38D Forms" BaseFileID="822EBAF92B6BFF7711AA529357C9FAE1" PrevVerFileID="8268C9F43339ADB911EECB6ADE588487" AppID="822EBAF92B6BFF7711AA529357C9FABD" ParentFolderID="822EBAF92B6BFF7711AA529357C9FADA" ProcGroupID="822EBAF92B6BFF7711AA529357C9FAC4" Description="" Version="1.09" Status="RELEASED" ContentType="user\lookupmulticolumn" CheckedOutBy="" CheckedOutDate="0001-01-01T00:00:00Z" CreatedDate="2025-02-14T19:29:11.537" CreatedBy="40001842" LastModifiedDate="2025-02-14T19:29:11.537" LastModifiedBy="40001842" ThemeID="" ExtraInfo="" DisplayName="GetASD - 38D Forms" />
      <File ID="BAE812DEFB27D0ED11FFEB09F257E0B5" Name="Form ST1 Submission" BaseFileID="8234B71A530A808C11BB8CB85054398D" PrevVerFileID="8268C9F43339ADB911EECB6ADE588481" AppID="822EBAF92B6BFF7711AA529357C9FABD" ParentFolderID="822EBAF92B6BFF7711AA529357C9FADA" ProcGroupID="822EBAF92B6BFF7711AA529357C9FAC4" Description="" Version="1.01" Status="RELEASED" ContentType="user\lookupmulticolumn" CheckedOutBy="" CheckedOutDate="0001-01-01T00:00:00Z" CreatedDate="2025-02-14T19:29:11.537" CreatedBy="40001842" LastModifiedDate="2025-02-14T19:29:11.537" LastModifiedBy="40001842" ThemeID="" ExtraInfo="" DisplayName="Form ST1 Submission" />
      <File ID="BAE812DEFB27D0ED11FFEB09F257E0B2" Name="Get Form O Submissions" BaseFileID="822EBAF92B6BFF7711AA529357C9FADC" PrevVerFileID="8268C9F43339ADB911EECB6ADE588485" AppID="822EBAF92B6BFF7711AA529357C9FABD" ParentFolderID="822EBAF92B6BFF7711AA529357C9FADA" ProcGroupID="822EBAF92B6BFF7711AA529357C9FAC4" Description="" Version="1.06" Status="RELEASED" ContentType="user\lookupmulticolumn" CheckedOutBy="" CheckedOutDate="0001-01-01T00:00:00Z" CreatedDate="2025-02-14T19:29:11.523" CreatedBy="40001842" LastModifiedDate="2025-02-14T19:29:11.523" LastModifiedBy="40001842" ThemeID="" ExtraInfo="" DisplayName="Get Form O Submissions" />
    </Folder>
    <Folder ID="822EBAF92B6BFF7711AA529357C9FAE4" Name="Translation" ProcGroupID="822EBAF92B6BFF7711AA529357C9FAC4" AppID="822EBAF92B6BFF7711AA529357C9FABD" Description="" CreatedBy="143525" CreatedDate="0001-01-01T00:00:00Z" LastModifiedBy="143525" LastModifiedDate="0001-01-01T00:00:00Z" ContentType="application\translation" ParentFolderID="822EBAF92B6BFF7711AA529357C9FAC4" DisplayName="Translation" />
    <Folder ID="822EBAF92B6BFF7711AA529357C9FAE5" Name="Document Repository" ProcGroupID="822EBAF92B6BFF7711AA529357C9FAC4" AppID="822EBAF92B6BFF7711AA529357C9FABD" Description="" CreatedBy="143525" CreatedDate="0001-01-01T00:00:00Z" LastModifiedBy="143525" LastModifiedDate="0001-01-01T00:00:00Z" ContentType="application\documentrepository" ParentFolderID="822EBAF92B6BFF7711AA529357C9FAC4" DisplayName="Document Repository" />
    <Folder ID="822EBAF92B6BFF7711AA529357C9FAE6" Name="System Files" ProcGroupID="822EBAF92B6BFF7711AA529357C9FAC4" AppID="822EBAF92B6BFF7711AA529357C9FABD" Description="" CreatedBy="143525" CreatedDate="0001-01-01T00:00:00Z" LastModifiedBy="143525" LastModifiedDate="0001-01-01T00:00:00Z" ContentType="application\hidden" ParentFolderID="822EBAF92B6BFF7711AA529357C9FAC4" DisplayName="System Files" />
    <Folder ID="822EBAF92B6BFF7711AA529357C9FAE7" Name="Process Model" ProcGroupID="822EBAF92B6BFF7711AA529357C9FAC4" AppID="822EBAF92B6BFF7711AA529357C9FABD" Description="" CreatedBy="143525" CreatedDate="0001-01-01T00:00:00Z" LastModifiedBy="143525" LastModifiedDate="0001-01-01T00:00:00Z" ContentType="application\processmodel" ParentFolderID="822EBAF92B6BFF7711AA529357C9FAC4" DisplayName="Process Model">
      <File ID="BAE812DEFB27D0ED11FFEB09F257E0C9" Name="ASD - 38D Forms View All Submissions_Form H Submissions" BaseFileID="822EBAF92B6BFF7711AA529357C9FAF2" PrevVerFileID="8268C9F43339ADB911EECB6ADE588491" AppID="822EBAF92B6BFF7711AA529357C9FABD" ParentFolderID="822EBAF92B6BFF7711AA529357C9FAE7" ProcGroupID="822EBAF92B6BFF7711AA529357C9FAC4" Description="" Version="1.06" Status="RELEASED" ContentType="user\processmodel" CheckedOutBy="" CheckedOutDate="0001-01-01T00:00:00Z" CreatedDate="2025-02-14T19:29:11.68" CreatedBy="40001842" LastModifiedDate="2025-02-14T19:29:11.68" LastModifiedBy="40001842" ThemeID="" ExtraInfo="" DisplayName="Form H Submissions" />
      <File ID="BAE812DEFB27D0ED11FFEB09F257E0C6" Name="ASD - 38D Forms View All Submissions_Form O Submissions" BaseFileID="822EBAF92B6BFF7711AA529357C9FAEE" PrevVerFileID="8268C9F43339ADB911EECB6ADE588493" AppID="822EBAF92B6BFF7711AA529357C9FABD" ParentFolderID="822EBAF92B6BFF7711AA529357C9FAE7" ProcGroupID="822EBAF92B6BFF7711AA529357C9FAC4" Description="" Version="1.06" Status="RELEASED" ContentType="user\processmodel" CheckedOutBy="" CheckedOutDate="0001-01-01T00:00:00Z" CreatedDate="2025-02-14T19:29:11.663" CreatedBy="40001842" LastModifiedDate="2025-02-14T19:29:11.663" LastModifiedBy="40001842" ThemeID="" ExtraInfo="" DisplayName="Form O Submissions" />
      <File ID="BAE812DEFB27D0ED11FFEB09F257E0C7" Name="ASD - 38D Forms View All Submissions_Form PK Submissions" BaseFileID="822EBAF92B6BFF7711AA529357C9FAEF" PrevVerFileID="8268C9F43339ADB911EECB6ADE588494" AppID="822EBAF92B6BFF7711AA529357C9FABD" ParentFolderID="822EBAF92B6BFF7711AA529357C9FAE7" ProcGroupID="822EBAF92B6BFF7711AA529357C9FAC4" Description="" Version="1.06" Status="RELEASED" ContentType="user\processmodel" CheckedOutBy="" CheckedOutDate="0001-01-01T00:00:00Z" CreatedDate="2025-02-14T19:29:11.663" CreatedBy="40001842" LastModifiedDate="2025-02-14T19:29:11.663" LastModifiedBy="40001842" ThemeID="" ExtraInfo="" DisplayName="Form PK Submissions" />
      <File ID="BAE812DEFB27D0ED11FFEB09F257E0C8" Name="ASD - 38D Forms View All Submissions_Form ST1 Submissions" BaseFileID="8234B71A530A808C11BB8CB850543996" PrevVerFileID="8268C9F43339ADB911EECB6ADE58848F" AppID="822EBAF92B6BFF7711AA529357C9FABD" ParentFolderID="822EBAF92B6BFF7711AA529357C9FAE7" ProcGroupID="822EBAF92B6BFF7711AA529357C9FAC4" Description="" Version="1.01" Status="RELEASED" ContentType="user\processmodel" CheckedOutBy="" CheckedOutDate="0001-01-01T00:00:00Z" CreatedDate="2025-02-14T19:29:11.663" CreatedBy="40001842" LastModifiedDate="2025-02-14T19:29:11.663" LastModifiedBy="40001842" ThemeID="" ExtraInfo="" DisplayName="Form ST1 Submissions" />
      <File ID="BAE812DEFB27D0ED11FFEB09F257E0C3" Name="ASD - 38D Forms View All Submissions_Form SH Submissions" BaseFileID="822EBAF92B6BFF7711AA529357C9FAF0" PrevVerFileID="8268C9F43339ADB911EECB6ADE588497" AppID="822EBAF92B6BFF7711AA529357C9FABD" ParentFolderID="822EBAF92B6BFF7711AA529357C9FAE7" ProcGroupID="822EBAF92B6BFF7711AA529357C9FAC4" Description="" Version="1.06" Status="RELEASED" ContentType="user\processmodel" CheckedOutBy="" CheckedOutDate="0001-01-01T00:00:00Z" CreatedDate="2025-02-14T19:29:11.647" CreatedBy="40001842" LastModifiedDate="2025-02-14T19:29:11.647" LastModifiedBy="40001842" ThemeID="" ExtraInfo="" DisplayName="Form SH Submissions" />
      <File ID="BAE812DEFB27D0ED11FFEB09F257E0C4" Name="ASD - 38D Forms View All Submissions_Recently Modified ASD - 38D Forms" BaseFileID="822EBAF92B6BFF7711AA529357C9FAE8" PrevVerFileID="8268C9F43339ADB911EECB6ADE588496" AppID="822EBAF92B6BFF7711AA529357C9FABD" ParentFolderID="822EBAF92B6BFF7711AA529357C9FAE7" ProcGroupID="822EBAF92B6BFF7711AA529357C9FAC4" Description="" Version="1.06" Status="RELEASED" ContentType="user\processmodel" CheckedOutBy="" CheckedOutDate="0001-01-01T00:00:00Z" CreatedDate="2025-02-14T19:29:11.647" CreatedBy="40001842" LastModifiedDate="2025-02-14T19:29:11.647" LastModifiedBy="40001842" ThemeID="" ExtraInfo="" DisplayName="Recently Modified ASD - 38D Forms" />
      <File ID="BAE812DEFB27D0ED11FFEB09F257E0C5" Name="ASD - 38D Forms View All Submissions_Form A2 Submissions" BaseFileID="822EBAF92B6BFF7711AA529357C9FAF1" PrevVerFileID="8268C9F43339ADB911EECB6ADE588490" AppID="822EBAF92B6BFF7711AA529357C9FABD" ParentFolderID="822EBAF92B6BFF7711AA529357C9FAE7" ProcGroupID="822EBAF92B6BFF7711AA529357C9FAC4" Description="" Version="1.06" Status="RELEASED" ContentType="user\processmodel" CheckedOutBy="" CheckedOutDate="0001-01-01T00:00:00Z" CreatedDate="2025-02-14T19:29:11.647" CreatedBy="40001842" LastModifiedDate="2025-02-14T19:29:11.647" LastModifiedBy="40001842" ThemeID="" ExtraInfo="" DisplayName="Form A2 Submissions" />
      <File ID="BAE812DEFB27D0ED11FFEB09F257E0C0" Name="ASD - 38D Forms View All Submissions_New ASD - 38D Forms" BaseFileID="822EBAF92B6BFF7711AA529357C9FAEA" PrevVerFileID="8268C9F43339ADB911EECB6ADE588499" AppID="822EBAF92B6BFF7711AA529357C9FABD" ParentFolderID="822EBAF92B6BFF7711AA529357C9FAE7" ProcGroupID="822EBAF92B6BFF7711AA529357C9FAC4" Description="" Version="1.06" Status="RELEASED" ContentType="user\processmodel" CheckedOutBy="" CheckedOutDate="0001-01-01T00:00:00Z" CreatedDate="2025-02-14T19:29:11.63" CreatedBy="40001842" LastModifiedDate="2025-02-14T19:29:11.63" LastModifiedBy="40001842" ThemeID="" ExtraInfo="" DisplayName="New ASD - 38D Forms" />
      <File ID="BAE812DEFB27D0ED11FFEB09F257E0C1" Name="ASD - 38D Forms View All Submissions_Form NC Submissions" BaseFileID="822EBAF92B6BFF7711AA529357C9FAED" PrevVerFileID="8268C9F43339ADB911EECB6ADE588492" AppID="822EBAF92B6BFF7711AA529357C9FABD" ParentFolderID="822EBAF92B6BFF7711AA529357C9FAE7" ProcGroupID="822EBAF92B6BFF7711AA529357C9FAC4" Description="" Version="1.06" Status="RELEASED" ContentType="user\processmodel" CheckedOutBy="" CheckedOutDate="0001-01-01T00:00:00Z" CreatedDate="2025-02-14T19:29:11.63" CreatedBy="40001842" LastModifiedDate="2025-02-14T19:29:11.63" LastModifiedBy="40001842" ThemeID="" ExtraInfo="" DisplayName="Form NC Submissions" />
      <File ID="BAE812DEFB27D0ED11FFEB09F257E0C2" Name="ASD - 38D Forms View All Submissions_Update ASD - 38D Forms" BaseFileID="822EBAF92B6BFF7711AA529357C9FAEB" PrevVerFileID="8268C9F43339ADB911EECB6ADE588498" AppID="822EBAF92B6BFF7711AA529357C9FABD" ParentFolderID="822EBAF92B6BFF7711AA529357C9FAE7" ProcGroupID="822EBAF92B6BFF7711AA529357C9FAC4" Description="" Version="1.06" Status="RELEASED" ContentType="user\processmodel" CheckedOutBy="" CheckedOutDate="0001-01-01T00:00:00Z" CreatedDate="2025-02-14T19:29:11.63" CreatedBy="40001842" LastModifiedDate="2025-02-14T19:29:11.63" LastModifiedBy="40001842" ThemeID="" ExtraInfo="" DisplayName="Update ASD - 38D Forms" />
      <File ID="BAE812DEFB27D0ED11FFEB09F257E0BE" Name="ASD - 38D Forms View All Submissions_Recently Created ASD - 38D Forms" BaseFileID="822EBAF92B6BFF7711AA529357C9FAE9" PrevVerFileID="8268C9F43339ADB911EECB6ADE58849B" AppID="822EBAF92B6BFF7711AA529357C9FABD" ParentFolderID="822EBAF92B6BFF7711AA529357C9FAE7" ProcGroupID="822EBAF92B6BFF7711AA529357C9FAC4" Description="" Version="1.06" Status="RELEASED" ContentType="user\processmodel" CheckedOutBy="" CheckedOutDate="0001-01-01T00:00:00Z" CreatedDate="2025-02-14T19:29:11.617" CreatedBy="40001842" LastModifiedDate="2025-02-14T19:29:11.617" LastModifiedBy="40001842" ThemeID="" ExtraInfo="" DisplayName="Recently Created ASD - 38D Forms" />
      <File ID="BAE812DEFB27D0ED11FFEB09F257E0BF" Name="ASD - 38D Forms View All Submissions_All ASD - 38D Forms" BaseFileID="822EBAF92B6BFF7711AA529357C9FAEC" PrevVerFileID="8268C9F43339ADB911EECB6ADE58849A" AppID="822EBAF92B6BFF7711AA529357C9FABD" ParentFolderID="822EBAF92B6BFF7711AA529357C9FAE7" ProcGroupID="822EBAF92B6BFF7711AA529357C9FAC4" Description="" Version="1.06" Status="RELEASED" ContentType="user\processmodel" CheckedOutBy="" CheckedOutDate="0001-01-01T00:00:00Z" CreatedDate="2025-02-14T19:29:11.617" CreatedBy="40001842" LastModifiedDate="2025-02-14T19:29:11.617" LastModifiedBy="40001842" ThemeID="" ExtraInfo="" DisplayName="All ASD - 38D Forms" />
    </Folder>
    <Folder ID="822EBAF92B6BFF7711AA529357C9FAF3" Name="Notification" ProcGroupID="822EBAF92B6BFF7711AA529357C9FAC4" AppID="822EBAF92B6BFF7711AA529357C9FABD" Description="" CreatedBy="143525" CreatedDate="0001-01-01T00:00:00Z" LastModifiedBy="143525" LastModifiedDate="0001-01-01T00:00:00Z" ContentType="application\notification" ParentFolderID="822EBAF92B6BFF7711AA529357C9FAC4" DisplayName="Notification">
      <Folder ID="822EBAF92B6BFF7711AA529357C9FAF7" Name="Attachment Repository" ProcGroupID="822EBAF92B6BFF7711AA529357C9FAC4" AppID="822EBAF92B6BFF7711AA529357C9FABD" Description="" CreatedBy="143525" CreatedDate="0001-01-01T00:00:00Z" LastModifiedBy="143525" LastModifiedDate="0001-01-01T00:00:00Z" ContentType="application\attachmentrepository" ParentFolderID="822EBAF92B6BFF7711AA529357C9FAF3" DisplayName="Attachment Repository" />
      <Folder ID="8257D4CD9C2F4D1611DDF13AC1FAB170" Name="E-mails" ProcGroupID="822EBAF92B6BFF7711AA529357C9FAC4" AppID="822EBAF92B6BFF7711AA529357C9FABD" Description="" CreatedBy="143525" CreatedDate="2023-05-12T23:03:44.21" LastModifiedBy="143525" LastModifiedDate="2023-05-12T23:03:44.21" ContentType="application\email" ParentFolderID="822EBAF92B6BFF7711AA529357C9FAF3" DisplayName="E-mails" />
    </Folder>
  </Folder>
  <CoAuthored>false</CoAuthored>
  <IsAIGenerated>false</IsAIGenerated>
</WFEnabledApplication>