<?xml version="1.0" encoding="utf-8"?><ArrayOfWFCategory xmlns:xsd="http://www.w3.org/2001/XMLSchema" xmlns:xsi="http://www.w3.org/2001/XMLSchema-instance"><WFCategory><ID>AA90B34601BFB96F11EE8822BEBD5731</ID><ParentCategoryName /><RefType>Application</RefType><RefName>ARM - Request to Destroy Obsolete View</RefName><CategoryName>Others</CategoryName><IsPrimaryCategory>true</IsPrimaryCategory><CreatedDate>2023-11-20T23:02:17</CreatedDate><LastModifiedDate>2023-11-20T23:02:17</LastModifiedDate><CreatedBy>40003313</CreatedBy><LastModifiedBy>40003313</LastModifiedBy><CategoryDisplayName>Other</CategoryDisplayName><CategoryDescription>Apps or other resources that do not fit into another, more specific category.</CategoryDescription><SubCategory /></WFCategory></ArrayOfWFCategory>