<?xml version="1.0"?>
<ArrayOfDataSourceAndAppFileAssociation xmlns:xsd="http://www.w3.org/2001/XMLSchema" xmlns:xsi="http://www.w3.org/2001/XMLSchema-instance">
  <DataSourceAndAppFileAssociation>
    <ID>AA90B34601BFB96F11EE88233CDE7ECA</ID>
    <AppName>ARM - Request to Destroy Obsolete View</AppName>
    <FileName>All ARM - Records Destructions</FileName>
    <IsDefault>true</IsDefault>
    <ContentType>user\views</ContentType>
    <DataSourceName>ARM_View</DataSourceName>
    <DefName>ARM - Request to Destroy Obsolete View_All ARM - Records Destructions</DefName>
    <CreatedBy>40001842</CreatedBy>
    <CreatedDate>2025-01-30T22:03:33.76</CreatedDate>
    <LastModifiedBy>40001842</LastModifiedBy>
    <LastModifiedDate>2025-01-31T21:07:30.433</LastModifiedDate>
  </DataSourceAndAppFileAssociation>
  <DataSourceAndAppFileAssociation>
    <ID>AA90B34601BFB96F11EE88233CDE7EC8</ID>
    <AppName>ARM - Request to Destroy Obsolete View</AppName>
    <FileName>New ARM - Records Destruction</FileName>
    <IsDefault>false</IsDefault>
    <ContentType>user\newforms</ContentType>
    <DataSourceName>ARM_View</DataSourceName>
    <DefName>ARM - Request to Destroy Obsolete View_New ARM - Records Destruction</DefName>
    <CreatedBy>40001842</CreatedBy>
    <CreatedDate>2025-01-30T22:03:33.76</CreatedDate>
    <LastModifiedBy />
    <LastModifiedDate>0001-01-01T00:00:00Z</LastModifiedDate>
  </DataSourceAndAppFileAssociation>
  <DataSourceAndAppFileAssociation>
    <ID>AA90B34601BFB96F11EE88233CDE7EC9</ID>
    <AppName>ARM - Request to Destroy Obsolete View</AppName>
    <FileName>Recently Created ARM - Records Destructions</FileName>
    <IsDefault>false</IsDefault>
    <ContentType>user\views</ContentType>
    <DataSourceName>ARM_View</DataSourceName>
    <DefName>ARM - Request to Destroy Obsolete View_Recently Created ARM - Records Destructions</DefName>
    <CreatedBy>40001842</CreatedBy>
    <CreatedDate>2025-01-30T22:03:33.76</CreatedDate>
    <LastModifiedBy />
    <LastModifiedDate>0001-01-01T00:00:00Z</LastModifiedDate>
  </DataSourceAndAppFileAssociation>
  <DataSourceAndAppFileAssociation>
    <ID>AA90B34601BFB96F11EE88233CDE7ECC</ID>
    <AppName>ARM - Request to Destroy Obsolete View</AppName>
    <FileName>Recently Modified ARM - Records Destructions</FileName>
    <IsDefault>false</IsDefault>
    <ContentType>user\views</ContentType>
    <DataSourceName>ARM_View</DataSourceName>
    <DefName>ARM - Request to Destroy Obsolete View_Recently Modified ARM - Records Destructions</DefName>
    <CreatedBy>40001842</CreatedBy>
    <CreatedDate>2025-01-30T22:03:33.76</CreatedDate>
    <LastModifiedBy />
    <LastModifiedDate>0001-01-01T00:00:00Z</LastModifiedDate>
  </DataSourceAndAppFileAssociation>
  <DataSourceAndAppFileAssociation>
    <ID>AA90B34601BFB96F11EE88233CDE7EC7</ID>
    <AppName>ARM - Request to Destroy Obsolete View</AppName>
    <FileName>Update ARM - Records Destruction</FileName>
    <IsDefault>false</IsDefault>
    <ContentType>user\updateforms</ContentType>
    <DataSourceName>ARM_View</DataSourceName>
    <DefName>ARM - Request to Destroy Obsolete View_Update ARM - Records Destruction</DefName>
    <CreatedBy>40001842</CreatedBy>
    <CreatedDate>2025-01-30T22:03:33.76</CreatedDate>
    <LastModifiedBy />
    <LastModifiedDate>0001-01-01T00:00:00Z</LastModifiedDate>
  </DataSourceAndAppFileAssociation>
</ArrayOfDataSourceAndAppFileAssociation>