<?xml version="1.0"?>
<WFEnabledApplication xmlns:xsd="http://www.w3.org/2001/XMLSchema" xmlns:xsi="http://www.w3.org/2001/XMLSchema-instance" ID="AA90B34601BFB96F11EE8822BEBD570C" Name="ARM - Request to Destroy Obsolete View" Description="" Status="DRAFT" CreatedDate="2023-11-20T23:02:17.81" CreatedBy="40003313" AppType="StandaloneForms" Visibility="PAAS" ContentType="application" DisplayName="ARM - Request to Destroy Obsolete View" AppLocale="customlocale" ParentApplicationId="">
  <Folder ID="AA90B34601BFB96F11EE8822BEBD570D" Name="Shared Resources" ProcGroupID="" AppID="AA90B34601BFB96F11EE8822BEBD570C" Description="" CreatedBy="40003313" CreatedDate="2023-11-20T23:02:17.81" LastModifiedBy="" LastModifiedDate="0001-01-01T00:00:00Z" ContentType="Any" ParentFolderID="AA90B34601BFB96F11EE8822BEBD570C" DisplayName="Shared Resources">
    <Folder ID="AA90B34601BFB96F11EE8822BEBD570E" Name="Style Sheets" ProcGroupID="" AppID="AA90B34601BFB96F11EE8822BEBD570C" Description="" CreatedBy="40003313" CreatedDate="2023-11-20T23:02:17.81" LastModifiedBy="" LastModifiedDate="0001-01-01T00:00:00Z" ContentType="application\CSS" ParentFolderID="AA90B34601BFB96F11EE8822BEBD570D" DisplayName="Style Sheets" />
    <Folder ID="AA90B34601BFB96F11EE8822BEBD570F" Name="JavaScript" ProcGroupID="" AppID="AA90B34601BFB96F11EE8822BEBD570C" Description="" CreatedBy="40003313" CreatedDate="2023-11-20T23:02:17.81" LastModifiedBy="" LastModifiedDate="0001-01-01T00:00:00Z" ContentType="application\js" ParentFolderID="AA90B34601BFB96F11EE8822BEBD570D" DisplayName="JavaScript" />
    <Folder ID="AA90B34601BFB96F11EE8822BEBD5710" Name="Images" ProcGroupID="" AppID="AA90B34601BFB96F11EE8822BEBD570C" Description="" CreatedBy="40003313" CreatedDate="2023-11-20T23:02:17.81" LastModifiedBy="" LastModifiedDate="0001-01-01T00:00:00Z" ContentType="application\image" ParentFolderID="AA90B34601BFB96F11EE8822BEBD570D" DisplayName="Images" />
    <Folder ID="AA90B34601BFB96F11EE8822BEBD5711" Name="Access Tokens" ProcGroupID="" AppID="AA90B34601BFB96F11EE8822BEBD570C" Description="" CreatedBy="40003313" CreatedDate="2023-11-20T23:02:17.81" LastModifiedBy="" LastModifiedDate="0001-01-01T00:00:00Z" ContentType="application\apptoken" ParentFolderID="AA90B34601BFB96F11EE8822BEBD570D" DisplayName="Access Tokens" />
    <Folder ID="AA90B34601BFB96F11EE8822BEBD5712" Name="Application Resources" ProcGroupID="" AppID="AA90B34601BFB96F11EE8822BEBD570C" Description="" CreatedBy="40003313" CreatedDate="2023-11-20T23:02:17.81" LastModifiedBy="" LastModifiedDate="0001-01-01T00:00:00Z" ContentType="application\applicationresources" ParentFolderID="AA90B34601BFB96F11EE8822BEBD570D" DisplayName="Application Resources" />
    <Folder ID="AA90B34601BFB96F11EE8822BEBD5713" Name="Comments" ProcGroupID="" AppID="AA90B34601BFB96F11EE8822BEBD570C" Description="" CreatedBy="40003313" CreatedDate="2023-11-20T23:02:17.81" LastModifiedBy="" LastModifiedDate="0001-01-01T00:00:00Z" ContentType="application\comments" ParentFolderID="AA90B34601BFB96F11EE8822BEBD570D" DisplayName="Comments" />
  </Folder>
  <Folder ID="AA90B34601BFB96F11EE8822BEBD5739" Name="App Model &amp; Resources" ProcGroupID="" AppID="AA90B34601BFB96F11EE8822BEBD570C" Description="" CreatedBy="40003313" CreatedDate="2023-11-20T23:02:18.183" LastModifiedBy="" LastModifiedDate="0001-01-01T00:00:00Z" ContentType="user\processgroup" ParentFolderID="AA90B34601BFB96F11EE8822BEBD570C" DisplayName="App Model &amp; Resources">
    <Folder ID="AA90B34601BFB96F11EE8822BEBD573A" Name="Notification" ProcGroupID="AA90B34601BFB96F11EE8822BEBD5739" AppID="AA90B34601BFB96F11EE8822BEBD570C" Description="" CreatedBy="40003313" CreatedDate="2023-11-20T23:02:18.183" LastModifiedBy="" LastModifiedDate="0001-01-01T00:00:00Z" ContentType="application\notification" ParentFolderID="AA90B34601BFB96F11EE8822BEBD5739" DisplayName="Notification">
      <Folder ID="AA90B34601BFB96F11EE8822BEBD573B" Name="E-mails" ProcGroupID="AA90B34601BFB96F11EE8822BEBD5739" AppID="AA90B34601BFB96F11EE8822BEBD570C" Description="" CreatedBy="40003313" CreatedDate="2023-11-20T23:02:18.183" LastModifiedBy="" LastModifiedDate="0001-01-01T00:00:00Z" ContentType="application\email" ParentFolderID="AA90B34601BFB96F11EE8822BEBD573A" DisplayName="E-mails">
        <File ID="BAE6122DC7151DEB11FFDF5608D1B1F3" Name="Record Deleted" BaseFileID="AA90B34601BFB96F11EE8822BEBD575A" PrevVerFileID="AA90B34601BFB96F11EE8822BEBD575A" AppID="AA90B34601BFB96F11EE8822BEBD570C" ParentFolderID="AA90B34601BFB96F11EE8822BEBD573B" ProcGroupID="AA90B34601BFB96F11EE8822BEBD5739" Description="" Version="1.0" Status="RELEASED" ContentType="user\email" CheckedOutBy="" CheckedOutDate="0001-01-01T00:00:00Z" CreatedDate="2025-01-30T22:03:33.557" CreatedBy="40001842" LastModifiedDate="2025-01-30T22:03:33.557" LastModifiedBy="40001842" ThemeID="" ExtraInfo="" DisplayName="Record Deleted" />
        <File ID="BAE6122DC7151DEB11FFDF5608D1B1F4" Name="Record Added" BaseFileID="AA90B34601BFB96F11EE8822BEBD5754" PrevVerFileID="AA90B34601BFB96F11EE8822BEBD5754" AppID="AA90B34601BFB96F11EE8822BEBD570C" ParentFolderID="AA90B34601BFB96F11EE8822BEBD573B" ProcGroupID="AA90B34601BFB96F11EE8822BEBD5739" Description="" Version="1.0" Status="RELEASED" ContentType="user\email" CheckedOutBy="" CheckedOutDate="0001-01-01T00:00:00Z" CreatedDate="2025-01-30T22:03:33.557" CreatedBy="40001842" LastModifiedDate="2025-01-30T22:03:33.557" LastModifiedBy="40001842" ThemeID="" ExtraInfo="" DisplayName="Record Added" />
        <File ID="BAE6122DC7151DEB11FFDF5608D1B1F5" Name="Record Edited" BaseFileID="AA90B34601BFB96F11EE8822BEBD5757" PrevVerFileID="AA90B34601BFB96F11EE8822BEBD5757" AppID="AA90B34601BFB96F11EE8822BEBD570C" ParentFolderID="AA90B34601BFB96F11EE8822BEBD573B" ProcGroupID="AA90B34601BFB96F11EE8822BEBD5739" Description="" Version="1.0" Status="RELEASED" ContentType="user\email" CheckedOutBy="" CheckedOutDate="0001-01-01T00:00:00Z" CreatedDate="2025-01-30T22:03:33.557" CreatedBy="40001842" LastModifiedDate="2025-01-30T22:03:33.557" LastModifiedBy="40001842" ThemeID="" ExtraInfo="" DisplayName="Record Edited" />
      </Folder>
    </Folder>
    <Folder ID="AA90B34601BFB96F11EE8822BEBD573C" Name="Data Model" ProcGroupID="AA90B34601BFB96F11EE8822BEBD5739" AppID="AA90B34601BFB96F11EE8822BEBD570C" Description="" CreatedBy="40003313" CreatedDate="2023-11-20T23:02:18.183" LastModifiedBy="" LastModifiedDate="0001-01-01T00:00:00Z" ContentType="application\datamodel" ParentFolderID="AA90B34601BFB96F11EE8822BEBD5739" DisplayName="Data Model">
      <File ID="BAE6122DC7151DEB11FFE016DF2D7FFB" Name="Schema.xsd" BaseFileID="AA90B34601BFB96F11EE882595477737" PrevVerFileID="BAE6122DC7151DEB11FFE016915B6171" AppID="AA90B34601BFB96F11EE8822BEBD570C" ParentFolderID="AA90B34601BFB96F11EE8822BEBD573C" ProcGroupID="AA90B34601BFB96F11EE8822BEBD5739" Description="" Version="1.13" Status="DRAFT" ContentType="user\datamodel" CheckedOutBy="" CheckedOutDate="0001-01-01T00:00:00Z" CreatedDate="2025-01-31T21:03:57.517" CreatedBy="40001842" LastModifiedDate="2025-01-31T21:07:08.743" LastModifiedBy="40001842" ThemeID="" ExtraInfo="[{&quot;Name&quot; : &quot;NamespaceUpdated&quot; , &quot;Value&quot; : &quot;True&quot;}]" DisplayName="Schema.xsd" />
      <File ID="BAE6122DC7151DEB11FFDF945336CCFD" Name="ARM_View" BaseFileID="AA90B34601BFB96F11EE882595477738" PrevVerFileID="BAE6122DC7151DEB11FFDF933FB1E091" AppID="AA90B34601BFB96F11EE8822BEBD570C" ParentFolderID="AA90B34601BFB96F11EE8822BEBD573C" ProcGroupID="AA90B34601BFB96F11EE8822BEBD5739" Description="Datasource ARM_View Schema" Version="1.03" Status="RELEASED" ContentType="user\apdataentitydatamodel" CheckedOutBy="" CheckedOutDate="0001-01-01T00:00:00Z" CreatedDate="2025-01-31T05:29:23.023" CreatedBy="40001842" LastModifiedDate="2025-01-31T05:29:23.12" LastModifiedBy="40001842" ThemeID="" ExtraInfo="" DisplayName="ARM_View" />
    </Folder>
    <Folder ID="AA90B34601BFB96F11EE8822BEBD573D" Name="Data Source" ProcGroupID="AA90B34601BFB96F11EE8822BEBD5739" AppID="AA90B34601BFB96F11EE8822BEBD570C" Description="" CreatedBy="40003313" CreatedDate="2023-11-20T23:02:18.183" LastModifiedBy="" LastModifiedDate="0001-01-01T00:00:00Z" ContentType="application\datasources" ParentFolderID="AA90B34601BFB96F11EE8822BEBD5739" DisplayName="Data Source">
      <File ID="BAE6122DC7151DEB11FFDF941D5171DC" Name="ARM_View" BaseFileID="AA90B34601BFB96F11EE88258F41FD6C" PrevVerFileID="BAE6122DC7151DEB11FFDF9333B31944" AppID="AA90B34601BFB96F11EE8822BEBD570C" ParentFolderID="AA90B34601BFB96F11EE8822BEBD573D" ProcGroupID="AA90B34601BFB96F11EE8822BEBD5739" Description="" Version="1.03" Status="RELEASED" ContentType="user\APDataEntityDataSource" CheckedOutBy="" CheckedOutDate="0001-01-01T00:00:00Z" CreatedDate="2025-01-31T05:27:52.4" CreatedBy="40001842" LastModifiedDate="2025-01-31T21:02:04.107" LastModifiedBy="40001842" ThemeID="" ExtraInfo="" DisplayName="ARM_View" />
    </Folder>
    <Folder ID="AA90B34601BFB96F11EE8822BEBD573E" Name="Library" ProcGroupID="AA90B34601BFB96F11EE8822BEBD5739" AppID="AA90B34601BFB96F11EE8822BEBD570C" Description="" CreatedBy="40003313" CreatedDate="2023-11-20T23:02:18.183" LastModifiedBy="" LastModifiedDate="0001-01-01T00:00:00Z" ContentType="application\taskformlibrary" ParentFolderID="AA90B34601BFB96F11EE8822BEBD5739" DisplayName="Library">
      <File ID="BAE6122DC7151DEB11FFE016DF2D7FFD" Name="Form Library" BaseFileID="AA90B34601BFB96F11EE88233CDE7ED1" PrevVerFileID="BAE6122DC7151DEB11FFE016915B6172" AppID="AA90B34601BFB96F11EE8822BEBD570C" ParentFolderID="AA90B34601BFB96F11EE8822BEBD573E" ProcGroupID="AA90B34601BFB96F11EE8822BEBD5739" Description="" Version="1.1" Status="DRAFT" ContentType="user\taskformlibrary" CheckedOutBy="" CheckedOutDate="0001-01-01T00:00:00Z" CreatedDate="2025-01-31T21:03:57.597" CreatedBy="40001842" LastModifiedDate="2025-01-31T21:07:08.697" LastModifiedBy="40001842" ThemeID="" ExtraInfo="" DisplayName="Form Library" />
    </Folder>
    <Folder ID="AA90B34601BFB96F11EE8822BEBD573F" Name="Forms" ProcGroupID="AA90B34601BFB96F11EE8822BEBD5739" AppID="AA90B34601BFB96F11EE8822BEBD570C" Description="" CreatedBy="40003313" CreatedDate="2023-11-20T23:02:18.183" LastModifiedBy="" LastModifiedDate="0001-01-01T00:00:00Z" ContentType="application\formsgroup" ParentFolderID="AA90B34601BFB96F11EE8822BEBD5739" DisplayName="Forms">
      <Folder ID="AA90B34601BFB96F11EE8822BEBD5740" Name="New" ProcGroupID="AA90B34601BFB96F11EE8822BEBD5739" AppID="AA90B34601BFB96F11EE8822BEBD570C" Description="" CreatedBy="40003313" CreatedDate="2023-11-20T23:02:18.183" LastModifiedBy="" LastModifiedDate="0001-01-01T00:00:00Z" ContentType="application\newforms" ParentFolderID="AA90B34601BFB96F11EE8822BEBD573F" DisplayName="New">
        <File ID="BAE6122DC7151DEB11FFE016DF2D7FF9" Name="New ARM - Records Destruction" BaseFileID="AA90B34601BFB96F11EE88233CDE7E72" PrevVerFileID="BAE6122DC7151DEB11FFE01529866042" AppID="AA90B34601BFB96F11EE8822BEBD570C" ParentFolderID="AA90B34601BFB96F11EE8822BEBD5740" ProcGroupID="AA90B34601BFB96F11EE8822BEBD5739" Description="" Version="1.02" Status="DRAFT" ContentType="user\newforms" CheckedOutBy="" CheckedOutDate="0001-01-01T00:00:00Z" CreatedDate="2025-01-31T21:03:57.407" CreatedBy="40001842" LastModifiedDate="2025-01-31T21:07:08.353" LastModifiedBy="40001842" ThemeID="" ExtraInfo="" DisplayName="New ARM - Records Destruction" />
      </Folder>
      <Folder ID="AA90B34601BFB96F11EE8822BEBD5741" Name="Update" ProcGroupID="AA90B34601BFB96F11EE8822BEBD5739" AppID="AA90B34601BFB96F11EE8822BEBD570C" Description="" CreatedBy="40003313" CreatedDate="2023-11-20T23:02:18.183" LastModifiedBy="" LastModifiedDate="0001-01-01T00:00:00Z" ContentType="application\updateforms" ParentFolderID="AA90B34601BFB96F11EE8822BEBD573F" DisplayName="Update">
        <File ID="BAE6122DC7151DEB11FFE016915B6173" Name="Update ARM - Records Destruction" BaseFileID="AA90B34601BFB96F11EE88233CDE7E78" PrevVerFileID="BAE6122DC7151DEB11FFDF92C79103D3" AppID="AA90B34601BFB96F11EE8822BEBD570C" ParentFolderID="AA90B34601BFB96F11EE8822BEBD5741" ProcGroupID="AA90B34601BFB96F11EE8822BEBD5739" Description="" Version="1.03" Status="RELEASED" ContentType="user\updateforms" CheckedOutBy="" CheckedOutDate="0001-01-01T00:00:00Z" CreatedDate="2025-01-31T21:01:51.367" CreatedBy="40001842" LastModifiedDate="2025-01-31T21:01:58.29" LastModifiedBy="40001842" ThemeID="" ExtraInfo="" DisplayName="Update ARM - Records Destruction" />
      </Folder>
      <Folder ID="AA90B34601BFB96F11EE8822BEBD5742" Name="Widgets" ProcGroupID="AA90B34601BFB96F11EE8822BEBD5739" AppID="AA90B34601BFB96F11EE8822BEBD570C" Description="" CreatedBy="40003313" CreatedDate="2023-11-20T23:02:18.183" LastModifiedBy="" LastModifiedDate="0001-01-01T00:00:00Z" ContentType="application\widgets" ParentFolderID="AA90B34601BFB96F11EE8822BEBD573F" DisplayName="Widgets" />
      <Folder ID="AA90B34601BFB96F11EE8822BEBD5743" Name="Views" ProcGroupID="AA90B34601BFB96F11EE8822BEBD5739" AppID="AA90B34601BFB96F11EE8822BEBD570C" Description="" CreatedBy="40003313" CreatedDate="2023-11-20T23:02:18.183" LastModifiedBy="" LastModifiedDate="0001-01-01T00:00:00Z" ContentType="application\views" ParentFolderID="AA90B34601BFB96F11EE8822BEBD573F" DisplayName="Views">
        <File ID="BAE6122DC7151DEB11FFDF9393923D25" Name="All ARM - Records Destructions" BaseFileID="AA90B34601BFB96F11EE88233CDE7E7C" PrevVerFileID="BAE6122DC7151DEB11FFDF928592A673" AppID="AA90B34601BFB96F11EE8822BEBD570C" ParentFolderID="AA90B34601BFB96F11EE8822BEBD5743" ProcGroupID="AA90B34601BFB96F11EE8822BEBD5739" Description="" Version="1.05" Status="RELEASED" ContentType="user\views" CheckedOutBy="" CheckedOutDate="0001-01-01T00:00:00Z" CreatedDate="2025-01-31T05:24:08.37" CreatedBy="40001842" LastModifiedDate="2025-01-31T05:27:25.017" LastModifiedBy="40001842" ThemeID="" ExtraInfo="" DisplayName="All ARM - Records Destructions" />
        <File ID="BAE6122DC7151DEB11FFDF9309C134E1" Name="Recently Created ARM - Records Destructions" BaseFileID="AA90B34601BFB96F11EE88233CDE7E82" PrevVerFileID="BAE6122DC7151DEB11FFDF5608D1B1FD" AppID="AA90B34601BFB96F11EE8822BEBD570C" ParentFolderID="AA90B34601BFB96F11EE8822BEBD5743" ProcGroupID="AA90B34601BFB96F11EE8822BEBD5739" Description="" Version="1.01" Status="RELEASED" ContentType="user\views" CheckedOutBy="" CheckedOutDate="0001-01-01T00:00:00Z" CreatedDate="2025-01-31T05:20:13.553" CreatedBy="40001842" LastModifiedDate="2025-01-31T05:21:09.867" LastModifiedBy="40001842" ThemeID="" ExtraInfo="" DisplayName="Recently Created ARM - Records Destructions" />
        <File ID="BAE6122DC7151DEB11FFDF92D987F4C4" Name="Recently Modified ARM - Records Destructions" BaseFileID="AA90B34601BFB96F11EE88233CDE7E88" PrevVerFileID="BAE6122DC7151DEB11FFDF5608D1B1FE" AppID="AA90B34601BFB96F11EE8822BEBD570C" ParentFolderID="AA90B34601BFB96F11EE8822BEBD5743" ProcGroupID="AA90B34601BFB96F11EE8822BEBD5739" Description="" Version="1.01" Status="RELEASED" ContentType="user\views" CheckedOutBy="" CheckedOutDate="0001-01-01T00:00:00Z" CreatedDate="2025-01-31T05:18:57.8" CreatedBy="40001842" LastModifiedDate="2025-01-31T05:20:04.267" LastModifiedBy="40001842" ThemeID="" ExtraInfo="" DisplayName="Recently Modified ARM - Records Destructions" />
      </Folder>
    </Folder>
    <Folder ID="AA90B34601BFB96F11EE8822BEBD5744" Name="Lookups" ProcGroupID="AA90B34601BFB96F11EE8822BEBD5739" AppID="AA90B34601BFB96F11EE8822BEBD570C" Description="" CreatedBy="40003313" CreatedDate="2023-11-20T23:02:18.183" LastModifiedBy="" LastModifiedDate="0001-01-01T00:00:00Z" ContentType="application\lookup" ParentFolderID="AA90B34601BFB96F11EE8822BEBD5739" DisplayName="Lookups">
      <File ID="BAE6122DC7151DEB11FFDF93818CA98E" Name="GetARM - Records Destructions" BaseFileID="AA90B34601BFB96F11EE88233CDE7E8E" PrevVerFileID="BAE6122DC7151DEB11FFDF929D8B13DA" AppID="AA90B34601BFB96F11EE8822BEBD570C" ParentFolderID="AA90B34601BFB96F11EE8822BEBD5744" ProcGroupID="AA90B34601BFB96F11EE8822BEBD5739" Description="" Version="1.02" Status="RELEASED" ContentType="user\lookupmulticolumn" CheckedOutBy="" CheckedOutDate="0001-01-01T00:00:00Z" CreatedDate="2025-01-31T05:23:37.647" CreatedBy="40001842" LastModifiedDate="2025-01-31T21:02:04.153" LastModifiedBy="40001842" ThemeID="" ExtraInfo="" DisplayName="GetARM - Records Destructions" />
      <File ID="BAE6122DC7151DEB11FFDF931BBF792B" Name="GetARM - Records DestructionsRecentlyCreated" BaseFileID="AA90B34601BFB96F11EE88233CDE7E92" PrevVerFileID="BAE6122DC7151DEB11FFDF5608D1B1FF" AppID="AA90B34601BFB96F11EE8822BEBD570C" ParentFolderID="AA90B34601BFB96F11EE8822BEBD5744" ProcGroupID="AA90B34601BFB96F11EE8822BEBD5739" Description="" Version="1.01" Status="RELEASED" ContentType="user\lookupmulticolumn" CheckedOutBy="" CheckedOutDate="0001-01-01T00:00:00Z" CreatedDate="2025-01-31T05:20:45.84" CreatedBy="40001842" LastModifiedDate="2025-01-31T05:21:57.163" LastModifiedBy="40001842" ThemeID="" ExtraInfo="" DisplayName="GetARM - Records DestructionsRecentlyCreated" />
      <File ID="BAE6122DC7151DEB11FFDF5608D1B200" Name="GetARM - Records DestructionsRecentlyModified" BaseFileID="AA90B34601BFB96F11EE88233CDE7E98" PrevVerFileID="AA90B34601BFB96F11EE88233CDE7E98" AppID="AA90B34601BFB96F11EE8822BEBD570C" ParentFolderID="AA90B34601BFB96F11EE8822BEBD5744" ProcGroupID="AA90B34601BFB96F11EE8822BEBD5739" Description="" Version="1.0" Status="RELEASED" ContentType="user\lookupmulticolumn" CheckedOutBy="" CheckedOutDate="0001-01-01T00:00:00Z" CreatedDate="2025-01-30T22:03:33.667" CreatedBy="40001842" LastModifiedDate="2025-01-30T22:03:33.667" LastModifiedBy="40001842" ThemeID="" ExtraInfo="" DisplayName="GetARM - Records DestructionsRecentlyModified" />
    </Folder>
    <Folder ID="AA90B34601BFB96F11EE8822BEBD5745" Name="Translation" ProcGroupID="AA90B34601BFB96F11EE8822BEBD5739" AppID="AA90B34601BFB96F11EE8822BEBD570C" Description="" CreatedBy="40003313" CreatedDate="2023-11-20T23:02:18.183" LastModifiedBy="" LastModifiedDate="0001-01-01T00:00:00Z" ContentType="application\translation" ParentFolderID="AA90B34601BFB96F11EE8822BEBD5739" DisplayName="Translation" />
    <Folder ID="AA90B34601BFB96F11EE8822BEBD5746" Name="Document Repository" ProcGroupID="AA90B34601BFB96F11EE8822BEBD5739" AppID="AA90B34601BFB96F11EE8822BEBD570C" Description="" CreatedBy="40003313" CreatedDate="2023-11-20T23:02:18.183" LastModifiedBy="" LastModifiedDate="0001-01-01T00:00:00Z" ContentType="application\documentrepository" ParentFolderID="AA90B34601BFB96F11EE8822BEBD5739" DisplayName="Document Repository" />
    <Folder ID="AA90B34601BFB96F11EE8822BEBD5747" Name="System Files" ProcGroupID="AA90B34601BFB96F11EE8822BEBD5739" AppID="AA90B34601BFB96F11EE8822BEBD570C" Description="" CreatedBy="40003313" CreatedDate="2023-11-20T23:02:18.183" LastModifiedBy="" LastModifiedDate="0001-01-01T00:00:00Z" ContentType="application\hidden" ParentFolderID="AA90B34601BFB96F11EE8822BEBD5739" DisplayName="System Files" />
    <Folder ID="AA90B34601BFB96F11EE8822BEBD5748" Name="Process Model" ProcGroupID="AA90B34601BFB96F11EE8822BEBD5739" AppID="AA90B34601BFB96F11EE8822BEBD570C" Description="" CreatedBy="40003313" CreatedDate="2023-11-20T23:02:18.183" LastModifiedBy="" LastModifiedDate="0001-01-01T00:00:00Z" ContentType="application\processmodel" ParentFolderID="AA90B34601BFB96F11EE8822BEBD5739" DisplayName="Process Model">
      <File ID="BAE6122DC7151DEB11FFDF5608D1B206" Name="ARM - Request to Destroy Obsolete View_Recently Modified ARM - Records Destructions" BaseFileID="AA90B34601BFB96F11EE88233CDE7EBA" PrevVerFileID="AA90B34601BFB96F11EE88233CDE7EBA" AppID="AA90B34601BFB96F11EE8822BEBD570C" ParentFolderID="AA90B34601BFB96F11EE8822BEBD5748" ProcGroupID="AA90B34601BFB96F11EE8822BEBD5739" Description="" Version="1.0" Status="RELEASED" ContentType="user\processmodel" CheckedOutBy="" CheckedOutDate="0001-01-01T00:00:00Z" CreatedDate="2025-01-30T22:03:33.727" CreatedBy="40001842" LastModifiedDate="2025-01-30T22:03:33.727" LastModifiedBy="40001842" ThemeID="" ExtraInfo="" DisplayName="ARM - Request to Destroy Obsolete View_Recently Modified ARM - Records Destructions" />
      <File ID="BAE6122DC7151DEB11FFDF5608D1B203" Name="ARM - Request to Destroy Obsolete View_All ARM - Records Destructions" BaseFileID="AA90B34601BFB96F11EE88233CDE7EAC" PrevVerFileID="AA90B34601BFB96F11EE88233CDE7EAC" AppID="AA90B34601BFB96F11EE8822BEBD570C" ParentFolderID="AA90B34601BFB96F11EE8822BEBD5748" ProcGroupID="AA90B34601BFB96F11EE8822BEBD5739" Description="" Version="1.0" Status="RELEASED" ContentType="user\processmodel" CheckedOutBy="" CheckedOutDate="0001-01-01T00:00:00Z" CreatedDate="2025-01-30T22:03:33.713" CreatedBy="40001842" LastModifiedDate="2025-01-30T22:03:33.713" LastModifiedBy="40001842" ThemeID="" ExtraInfo="" DisplayName="ARM - Request to Destroy Obsolete View_All ARM - Records Destructions" />
      <File ID="BAE6122DC7151DEB11FFDF5608D1B204" Name="ARM - Request to Destroy Obsolete View_New ARM - Records Destruction" BaseFileID="AA90B34601BFB96F11EE88233CDE7E9D" PrevVerFileID="AA90B34601BFB96F11EE88233CDE7E9D" AppID="AA90B34601BFB96F11EE8822BEBD570C" ParentFolderID="AA90B34601BFB96F11EE8822BEBD5748" ProcGroupID="AA90B34601BFB96F11EE8822BEBD5739" Description="" Version="1.0" Status="RELEASED" ContentType="user\processmodel" CheckedOutBy="" CheckedOutDate="0001-01-01T00:00:00Z" CreatedDate="2025-01-30T22:03:33.713" CreatedBy="40001842" LastModifiedDate="2025-01-30T22:03:33.713" LastModifiedBy="40001842" ThemeID="" ExtraInfo="" DisplayName="ARM - Request to Destroy Obsolete View_New ARM - Records Destruction" />
      <File ID="BAE6122DC7151DEB11FFDF5608D1B205" Name="ARM - Request to Destroy Obsolete View_Recently Created ARM - Records Destructions" BaseFileID="AA90B34601BFB96F11EE88233CDE7EB3" PrevVerFileID="AA90B34601BFB96F11EE88233CDE7EB3" AppID="AA90B34601BFB96F11EE8822BEBD570C" ParentFolderID="AA90B34601BFB96F11EE8822BEBD5748" ProcGroupID="AA90B34601BFB96F11EE8822BEBD5739" Description="" Version="1.0" Status="RELEASED" ContentType="user\processmodel" CheckedOutBy="" CheckedOutDate="0001-01-01T00:00:00Z" CreatedDate="2025-01-30T22:03:33.713" CreatedBy="40001842" LastModifiedDate="2025-01-30T22:03:33.713" LastModifiedBy="40001842" ThemeID="" ExtraInfo="" DisplayName="ARM - Request to Destroy Obsolete View_Recently Created ARM - Records Destructions" />
      <File ID="BAE6122DC7151DEB11FFDF5608D1B202" Name="ARM - Request to Destroy Obsolete View_Update ARM - Records Destruction" BaseFileID="AA90B34601BFB96F11EE88233CDE7EA7" PrevVerFileID="AA90B34601BFB96F11EE88233CDE7EA7" AppID="AA90B34601BFB96F11EE8822BEBD570C" ParentFolderID="AA90B34601BFB96F11EE8822BEBD5748" ProcGroupID="AA90B34601BFB96F11EE8822BEBD5739" Description="" Version="1.0" Status="RELEASED" ContentType="user\processmodel" CheckedOutBy="" CheckedOutDate="0001-01-01T00:00:00Z" CreatedDate="2025-01-30T22:03:33.697" CreatedBy="40001842" LastModifiedDate="2025-01-30T22:03:33.697" LastModifiedBy="40001842" ThemeID="" ExtraInfo="" DisplayName="ARM - Request to Destroy Obsolete View_Update ARM - Records Destruction" />
    </Folder>
  </Folder>
  <CoAuthored>false</CoAuthored>
</WFEnabledApplication>