<?xml version="1.0"?>
<WFEnabledApplication xmlns:xsd="http://www.w3.org/2001/XMLSchema" xmlns:xsi="http://www.w3.org/2001/XMLSchema-instance" ID="8254DB770450809011DDDAC369B8CFFE" Name="ARM - Request to Destroy Obsolete Records" Description="" Status="DRAFT" CreatedDate="2023-04-14T08:53:59.573" CreatedBy="152213" AppType="eForms" Visibility="PAAS" ContentType="application" DisplayName="ARM - Request to Destroy Obsolete Records" AppLocale="customlocale" ParentApplicationId="">
  <Folder ID="8254DB770450809011DDDAC369B8CFFF" Name="Shared Resources" ProcGroupID="" AppID="8254DB770450809011DDDAC369B8CFFE" Description="" CreatedBy="152213" CreatedDate="0001-01-01T00:00:00Z" LastModifiedBy="152213" LastModifiedDate="0001-01-01T00:00:00Z" ContentType="Any" ParentFolderID="8254DB770450809011DDDAC369B8CFFE" DisplayName="Shared Resources">
    <Folder ID="8254DB770450809011DDDAC369B8D000" Name="Style Sheets" ProcGroupID="" AppID="8254DB770450809011DDDAC369B8CFFE" Description="" CreatedBy="152213" CreatedDate="0001-01-01T00:00:00Z" LastModifiedBy="152213" LastModifiedDate="0001-01-01T00:00:00Z" ContentType="application\CSS" ParentFolderID="8254DB770450809011DDDAC369B8CFFF" DisplayName="Style Sheets" />
    <Folder ID="8254DB770450809011DDDAC369B8D001" Name="JavaScript" ProcGroupID="" AppID="8254DB770450809011DDDAC369B8CFFE" Description="" CreatedBy="152213" CreatedDate="0001-01-01T00:00:00Z" LastModifiedBy="152213" LastModifiedDate="0001-01-01T00:00:00Z" ContentType="application\js" ParentFolderID="8254DB770450809011DDDAC369B8CFFF" DisplayName="JavaScript" />
    <Folder ID="8254DB770450809011DDDAC369B8D002" Name="Images" ProcGroupID="" AppID="8254DB770450809011DDDAC369B8CFFE" Description="" CreatedBy="152213" CreatedDate="0001-01-01T00:00:00Z" LastModifiedBy="152213" LastModifiedDate="0001-01-01T00:00:00Z" ContentType="application\image" ParentFolderID="8254DB770450809011DDDAC369B8CFFF" DisplayName="Images" />
    <Folder ID="8254DB770450809011DDDAC369B8D003" Name="Access Tokens" ProcGroupID="" AppID="8254DB770450809011DDDAC369B8CFFE" Description="" CreatedBy="152213" CreatedDate="0001-01-01T00:00:00Z" LastModifiedBy="152213" LastModifiedDate="0001-01-01T00:00:00Z" ContentType="application\apptoken" ParentFolderID="8254DB770450809011DDDAC369B8CFFF" DisplayName="Access Tokens" />
    <Folder ID="8254DB770450809011DDDAC369B8D004" Name="Application Resources" ProcGroupID="" AppID="8254DB770450809011DDDAC369B8CFFE" Description="" CreatedBy="152213" CreatedDate="0001-01-01T00:00:00Z" LastModifiedBy="152213" LastModifiedDate="0001-01-01T00:00:00Z" ContentType="application\applicationresources" ParentFolderID="8254DB770450809011DDDAC369B8CFFF" DisplayName="Application Resources" />
    <Folder ID="8257D4CD9C2F4D1611DDF13AC1FAB12E" Name="Comments" ProcGroupID="8254DB770450809011DDDAC369B8CFFF" AppID="8254DB770450809011DDDAC369B8CFFE" Description="" CreatedBy="152213" CreatedDate="2023-05-12T23:03:43.29" LastModifiedBy="152213" LastModifiedDate="2023-05-12T23:03:43.29" ContentType="application\comments" ParentFolderID="8254DB770450809011DDDAC369B8CFFF" DisplayName="Comments" />
  </Folder>
  <Folder ID="8254DB770450809011DDDAC369B8D005" Name="Processes" ProcGroupID="" AppID="8254DB770450809011DDDAC369B8CFFE" Description="" CreatedBy="152213" CreatedDate="0001-01-01T00:00:00Z" LastModifiedBy="152213" LastModifiedDate="0001-01-01T00:00:00Z" ContentType="application\processgroup" ParentFolderID="8254DB770450809011DDDAC369B8CFFE" DisplayName="Processes">
    <Folder ID="8254DB770450809011DDDAC369B8D006" Name="ARM - Request to Destroy Obsolete Records" ProcGroupID="" AppID="8254DB770450809011DDDAC369B8CFFE" Description="" CreatedBy="152213" CreatedDate="0001-01-01T00:00:00Z" LastModifiedBy="152213" LastModifiedDate="0001-01-01T00:00:00Z" ContentType="user\processgroup" ParentFolderID="8254DB770450809011DDDAC369B8D005" DisplayName="ARM - Request to Destroy Obsolete Records">
      <Folder ID="8254DB770450809011DDDAC369B8D007" Name="Process Model" ProcGroupID="8254DB770450809011DDDAC369B8D006" AppID="8254DB770450809011DDDAC369B8CFFE" Description="" CreatedBy="152213" CreatedDate="0001-01-01T00:00:00Z" LastModifiedBy="152213" LastModifiedDate="0001-01-01T00:00:00Z" ContentType="application\processmodel" ParentFolderID="8254DB770450809011DDDAC369B8D006" DisplayName="Process Model">
        <File ID="BAEB0AFFF82C906711000E4734C6210B" Name="ARM - Request to Destroy Obsolete Records" BaseFileID="8254DB770450809011DDDAC369B8D008" PrevVerFileID="826DDF3257B183EE11FF0F0821198BA2" AppID="8254DB770450809011DDDAC369B8CFFE" ParentFolderID="8254DB770450809011DDDAC369B8D007" ProcGroupID="8254DB770450809011DDDAC369B8D006" Description="" Version="1.14" Status="DRAFT" ContentType="user\processmodel" CheckedOutBy="" CheckedOutDate="0001-01-01T00:00:00Z" CreatedDate="2025-03-31T15:45:52.223" CreatedBy="40001842" LastModifiedDate="2025-03-31T15:45:52.223" LastModifiedBy="40001842" ThemeID="" ExtraInfo="" DisplayName="ARM - Request to Destroy Obsolete Records" />
      </Folder>
      <Folder ID="8254DB770450809011DDDAC369B8D009" Name="Notification" ProcGroupID="8254DB770450809011DDDAC369B8D006" AppID="8254DB770450809011DDDAC369B8CFFE" Description="" CreatedBy="152213" CreatedDate="0001-01-01T00:00:00Z" LastModifiedBy="152213" LastModifiedDate="0001-01-01T00:00:00Z" ContentType="application\notification" ParentFolderID="8254DB770450809011DDDAC369B8D006" DisplayName="Notification">
        <Folder ID="8254DB770450809011DDDAC369B8D00A" Name="E-mails" ProcGroupID="8254DB770450809011DDDAC369B8D006" AppID="8254DB770450809011DDDAC369B8CFFE" Description="" CreatedBy="152213" CreatedDate="0001-01-01T00:00:00Z" LastModifiedBy="152213" LastModifiedDate="0001-01-01T00:00:00Z" ContentType="application\email" ParentFolderID="8254DB770450809011DDDAC369B8D009" DisplayName="E-mails">
          <File ID="BAEB0AFFF82C906711000E4734C62116" Name="Send to State Email" BaseFileID="8261A1D98F9CBF2311EE5E1993249E7C" PrevVerFileID="826EDB30230B83F211FF0F09A83AA0D0" AppID="8254DB770450809011DDDAC369B8CFFE" ParentFolderID="8254DB770450809011DDDAC369B8D00A" ProcGroupID="8254DB770450809011DDDAC369B8D006" Description="" Version="1.12" Status="DRAFT" ContentType="user\email" CheckedOutBy="" CheckedOutDate="0001-01-01T00:00:00Z" CreatedDate="2025-03-31T15:45:52.397" CreatedBy="40001842" LastModifiedDate="2025-03-31T15:45:52.397" LastModifiedBy="40001842" ThemeID="" ExtraInfo="" DisplayName="Send to State Email" />
          <File ID="BAEB0AFFF82C906711000E4734C62114" Name="Notification" BaseFileID="8254DB770450809011DDDAC369B8D00D" PrevVerFileID="826BD768DD55A68211FF00D0A35AC34E" AppID="8254DB770450809011DDDAC369B8CFFE" ParentFolderID="8254DB770450809011DDDAC369B8D00A" ProcGroupID="8254DB770450809011DDDAC369B8D006" Description="" Version="1.04" Status="DRAFT" ContentType="user\email" CheckedOutBy="" CheckedOutDate="0001-01-01T00:00:00Z" CreatedDate="2025-03-31T15:45:52.38" CreatedBy="40001842" LastModifiedDate="2025-03-31T15:45:52.38" LastModifiedBy="40001842" ThemeID="" ExtraInfo="" DisplayName="Notification" />
          <File ID="BAEB0AFFF82C906711000E4734C62115" Name="Thank You" BaseFileID="8254DB770450809011DDDAC369B8D00F" PrevVerFileID="826EDB30230B83F211FF0F08519987F1" AppID="8254DB770450809011DDDAC369B8CFFE" ParentFolderID="8254DB770450809011DDDAC369B8D00A" ProcGroupID="8254DB770450809011DDDAC369B8D006" Description="" Version="1.05" Status="DRAFT" ContentType="user\email" CheckedOutBy="" CheckedOutDate="0001-01-01T00:00:00Z" CreatedDate="2025-03-31T15:45:52.38" CreatedBy="40001842" LastModifiedDate="2025-03-31T15:45:52.38" LastModifiedBy="40001842" ThemeID="" ExtraInfo="" DisplayName="Thank You" />
          <File ID="BAEB0AFFF82C906711000E4734C62111" Name="Archives and Records Management Email Notification" BaseFileID="8261A1D98F9CBF2311EE5E1993249E84" PrevVerFileID="826EDB30230B83F211FF0F087BA8CF6C" AppID="8254DB770450809011DDDAC369B8CFFE" ParentFolderID="8254DB770450809011DDDAC369B8D00A" ProcGroupID="8254DB770450809011DDDAC369B8D006" Description="" Version="1.06" Status="DRAFT" ContentType="user\email" CheckedOutBy="" CheckedOutDate="0001-01-01T00:00:00Z" CreatedDate="2025-03-31T15:45:52.363" CreatedBy="40001842" LastModifiedDate="2025-03-31T15:45:52.363" LastModifiedBy="40001842" ThemeID="" ExtraInfo="" DisplayName="Archives and Records Management Email Notification" />
          <File ID="BAEB0AFFF82C906711000E4734C62112" Name="Email City Clerk Notification" BaseFileID="8254DB770450809011DDDAC369B8D00C" PrevVerFileID="826BD768DD55A68211FF00D0A35AC34B" AppID="8254DB770450809011DDDAC369B8CFFE" ParentFolderID="8254DB770450809011DDDAC369B8D00A" ProcGroupID="8254DB770450809011DDDAC369B8D006" Description="" Version="1.05" Status="DRAFT" ContentType="user\email" CheckedOutBy="" CheckedOutDate="0001-01-01T00:00:00Z" CreatedDate="2025-03-31T15:45:52.363" CreatedBy="40001842" LastModifiedDate="2025-03-31T15:45:52.363" LastModifiedBy="40001842" ThemeID="" ExtraInfo="" DisplayName="Email City Clerk Notification" />
          <File ID="BAEB0AFFF82C906711000E4734C62113" Name="Reminder" BaseFileID="8254DB770450809011DDDAC369B8D00E" PrevVerFileID="826BD768DD55A68211FF00D0A35AC34F" AppID="8254DB770450809011DDDAC369B8CFFE" ParentFolderID="8254DB770450809011DDDAC369B8D00A" ProcGroupID="8254DB770450809011DDDAC369B8D006" Description="" Version="1.04" Status="DRAFT" ContentType="user\email" CheckedOutBy="" CheckedOutDate="0001-01-01T00:00:00Z" CreatedDate="2025-03-31T15:45:52.363" CreatedBy="40001842" LastModifiedDate="2025-03-31T15:45:52.363" LastModifiedBy="40001842" ThemeID="" ExtraInfo="" DisplayName="Reminder" />
          <File ID="BAEB0AFFF82C906711000E4734C6210E" Name="ARM Deny Email" BaseFileID="8254DB770450809011DDDAC369B8D00B" PrevVerFileID="826BD768DD55A68211FF00D0A35AC353" AppID="8254DB770450809011DDDAC369B8CFFE" ParentFolderID="8254DB770450809011DDDAC369B8D00A" ProcGroupID="8254DB770450809011DDDAC369B8D006" Description="" Version="1.07" Status="DRAFT" ContentType="user\email" CheckedOutBy="" CheckedOutDate="0001-01-01T00:00:00Z" CreatedDate="2025-03-31T15:45:52.35" CreatedBy="40001842" LastModifiedDate="2025-03-31T15:45:52.35" LastModifiedBy="40001842" ThemeID="" ExtraInfo="" DisplayName="ARM Deny Email" />
          <File ID="BAEB0AFFF82C906711000E4734C6210F" Name="Counsel Email Notification" BaseFileID="8254DB770450809011DDDAC369B8D010" PrevVerFileID="826BD768DD55A68211FF00D0A35AC350" AppID="8254DB770450809011DDDAC369B8CFFE" ParentFolderID="8254DB770450809011DDDAC369B8D00A" ProcGroupID="8254DB770450809011DDDAC369B8D006" Description="" Version="1.04" Status="DRAFT" ContentType="user\email" CheckedOutBy="" CheckedOutDate="0001-01-01T00:00:00Z" CreatedDate="2025-03-31T15:45:52.35" CreatedBy="40001842" LastModifiedDate="2025-03-31T15:45:52.35" LastModifiedBy="40001842" ThemeID="" ExtraInfo="" DisplayName="Counsel Email Notification" />
          <File ID="BAEB0AFFF82C906711000E4734C62110" Name="Confirmation" BaseFileID="8254DB770450809011DDDAC369B8D011" PrevVerFileID="826BD768DD55A68211FF00D0A35AC351" AppID="8254DB770450809011DDDAC369B8CFFE" ParentFolderID="8254DB770450809011DDDAC369B8D00A" ProcGroupID="8254DB770450809011DDDAC369B8D006" Description="" Version="1.04" Status="DRAFT" ContentType="user\email" CheckedOutBy="" CheckedOutDate="0001-01-01T00:00:00Z" CreatedDate="2025-03-31T15:45:52.35" CreatedBy="40001842" LastModifiedDate="2025-03-31T15:45:52.35" LastModifiedBy="40001842" ThemeID="" ExtraInfo="" DisplayName="Confirmation" />
          <File ID="BAEB0AFFF82C906711000E4734C6210C" Name="Clerk Deny Email" BaseFileID="8254DB770450809011DDDAC369B8D013" PrevVerFileID="826BD768DD55A68211FF00D0A35AC34A" AppID="8254DB770450809011DDDAC369B8CFFE" ParentFolderID="8254DB770450809011DDDAC369B8D00A" ProcGroupID="8254DB770450809011DDDAC369B8D006" Description="" Version="1.04" Status="DRAFT" ContentType="user\email" CheckedOutBy="" CheckedOutDate="0001-01-01T00:00:00Z" CreatedDate="2025-03-31T15:45:52.333" CreatedBy="40001842" LastModifiedDate="2025-03-31T15:45:52.333" LastModifiedBy="40001842" ThemeID="" ExtraInfo="" DisplayName="Clerk Deny Email" />
          <File ID="BAEB0AFFF82C906711000E4734C6210D" Name="Counsel Deny Email" BaseFileID="8254DB770450809011DDDAC369B8D012" PrevVerFileID="826BD768DD55A68211FF00D0A35AC352" AppID="8254DB770450809011DDDAC369B8CFFE" ParentFolderID="8254DB770450809011DDDAC369B8D00A" ProcGroupID="8254DB770450809011DDDAC369B8D006" Description="" Version="1.06" Status="DRAFT" ContentType="user\email" CheckedOutBy="" CheckedOutDate="0001-01-01T00:00:00Z" CreatedDate="2025-03-31T15:45:52.333" CreatedBy="40001842" LastModifiedDate="2025-03-31T15:45:52.333" LastModifiedBy="40001842" ThemeID="" ExtraInfo="" DisplayName="Counsel Deny Email" />
        </Folder>
        <Folder ID="8254DB770450809011DDDAC369B8D014" Name="Yammer" ProcGroupID="8254DB770450809011DDDAC369B8D006" AppID="8254DB770450809011DDDAC369B8CFFE" Description="" CreatedBy="152213" CreatedDate="0001-01-01T00:00:00Z" LastModifiedBy="152213" LastModifiedDate="0001-01-01T00:00:00Z" ContentType="application\yammer" ParentFolderID="8254DB770450809011DDDAC369B8D009" DisplayName="Viva Engage" />
        <Folder ID="8254DB770450809011DDDAC369B8D015" Name="Chatter" ProcGroupID="8254DB770450809011DDDAC369B8D006" AppID="8254DB770450809011DDDAC369B8CFFE" Description="" CreatedBy="152213" CreatedDate="0001-01-01T00:00:00Z" LastModifiedBy="152213" LastModifiedDate="0001-01-01T00:00:00Z" ContentType="application\chatter" ParentFolderID="8254DB770450809011DDDAC369B8D009" DisplayName="Chatter" />
        <Folder ID="8254DB770450809011DDDAC369B8D016" Name="MicrosoftTeams" ProcGroupID="8254DB770450809011DDDAC369B8D006" AppID="8254DB770450809011DDDAC369B8CFFE" Description="" CreatedBy="152213" CreatedDate="0001-01-01T00:00:00Z" LastModifiedBy="152213" LastModifiedDate="2023-05-12T23:03:43.9" ContentType="application\microsoftteams" ParentFolderID="8254DB770450809011DDDAC369B8D009" DisplayName="Microsoft Teams" />
        <Folder ID="8254DB770450809011DDDAC369B8D017" Name="SMS" ProcGroupID="8254DB770450809011DDDAC369B8D006" AppID="8254DB770450809011DDDAC369B8CFFE" Description="" CreatedBy="152213" CreatedDate="0001-01-01T00:00:00Z" LastModifiedBy="152213" LastModifiedDate="0001-01-01T00:00:00Z" ContentType="application\sms" ParentFolderID="8254DB770450809011DDDAC369B8D009" DisplayName="SMS" />
        <Folder ID="8254DB770450809011DDDAC369B8D018" Name="Attachment Repository" ProcGroupID="8254DB770450809011DDDAC369B8D006" AppID="8254DB770450809011DDDAC369B8CFFE" Description="" CreatedBy="152213" CreatedDate="0001-01-01T00:00:00Z" LastModifiedBy="152213" LastModifiedDate="0001-01-01T00:00:00Z" ContentType="application\attachmentrepository" ParentFolderID="8254DB770450809011DDDAC369B8D009" DisplayName="Attachment Repository" />
      </Folder>
      <Folder ID="8254DB770450809011DDDAC369B8D019" Name="Data Model" ProcGroupID="8254DB770450809011DDDAC369B8D006" AppID="8254DB770450809011DDDAC369B8CFFE" Description="" CreatedBy="152213" CreatedDate="0001-01-01T00:00:00Z" LastModifiedBy="152213" LastModifiedDate="0001-01-01T00:00:00Z" ContentType="application\datamodel" ParentFolderID="8254DB770450809011DDDAC369B8D006" DisplayName="Data Model">
        <File ID="BAEB0AFFF82C906711000E4746C2B624" Name="Schema.xsd" BaseFileID="8254DB770450809011DDDAC369B8D01A" PrevVerFileID="82739879740A542A11FF484682D3F026" AppID="8254DB770450809011DDDAC369B8CFFE" ParentFolderID="8254DB770450809011DDDAC369B8D019" ProcGroupID="8254DB770450809011DDDAC369B8D006" Description="" Version="1.34" Status="DRAFT" ContentType="user\datamodel" CheckedOutBy="" CheckedOutDate="0001-01-01T00:00:00Z" CreatedDate="2025-03-31T15:46:18.083" CreatedBy="40001842" LastModifiedDate="2025-03-31T15:46:34.71" LastModifiedBy="40001842" ThemeID="" ExtraInfo="[{&quot;Name&quot; : &quot;NamespaceUpdated&quot; , &quot;Value&quot; : &quot;True&quot;}]" DisplayName="Schema.xsd" />
        <File ID="BAEB0AFFF82C906711000E4746C2B629" Name="ARMRecordDestruction" BaseFileID="8254DB770450809011DDDAC369B8D01B" PrevVerFileID="826BD768DD55A68211FF00D0BB4A36C4" AppID="8254DB770450809011DDDAC369B8CFFE" ParentFolderID="8254DB770450809011DDDAC369B8D019" ProcGroupID="8254DB770450809011DDDAC369B8D006" Description="Datasource ARMRecordDestruction Schema" Version="1.12" Status="DRAFT" ContentType="user\apdataentitydatamodel" CheckedOutBy="" CheckedOutDate="0001-01-01T00:00:00Z" CreatedDate="2025-03-31T15:46:18.24" CreatedBy="40001842" LastModifiedDate="2025-03-31T15:46:18.35" LastModifiedBy="40001842" ThemeID="" ExtraInfo="" DisplayName="ARMRecordDestruction" />
      </Folder>
      <Folder ID="8254DB770450809011DDDAC369B8D01C" Name="Data Source" ProcGroupID="8254DB770450809011DDDAC369B8D006" AppID="8254DB770450809011DDDAC369B8CFFE" Description="" CreatedBy="152213" CreatedDate="0001-01-01T00:00:00Z" LastModifiedBy="152213" LastModifiedDate="0001-01-01T00:00:00Z" ContentType="application\datasources" ParentFolderID="8254DB770450809011DDDAC369B8D006" DisplayName="Data Source">
        <File ID="BAEC12DEFB27D0ED11000E47419AECA7" Name="ARMRecordDestruction" BaseFileID="8254DB770450809011DDDAC369B8D01D" PrevVerFileID="826BD768DD55A68211FF00D0C7447126" AppID="8254DB770450809011DDDAC369B8CFFE" ParentFolderID="8254DB770450809011DDDAC369B8D01C" ProcGroupID="8254DB770450809011DDDAC369B8D006" Description="" Version="1.15" Status="DRAFT" ContentType="user\APDataEntityDataSource" CheckedOutBy="" CheckedOutDate="0001-01-01T00:00:00Z" CreatedDate="2025-03-31T15:46:08.23" CreatedBy="40001842" LastModifiedDate="2025-03-31T15:46:34.65" LastModifiedBy="40001842" ThemeID="" ExtraInfo="" DisplayName="ARMRecordDestruction" />
      </Folder>
      <Folder ID="8254DB770450809011DDDAC369B8D01E" Name="Library" ProcGroupID="8254DB770450809011DDDAC369B8D006" AppID="8254DB770450809011DDDAC369B8CFFE" Description="" CreatedBy="152213" CreatedDate="0001-01-01T00:00:00Z" LastModifiedBy="152213" LastModifiedDate="0001-01-01T00:00:00Z" ContentType="application\taskformlibrary" ParentFolderID="8254DB770450809011DDDAC369B8D006" DisplayName="Library">
        <File ID="BAEB0AFFF82C906711000E4734C6211A" Name="Form Library" BaseFileID="8254DB770450809011DDDAC369B8D01F" PrevVerFileID="82739879740A542A11FF484682D3F027" AppID="8254DB770450809011DDDAC369B8CFFE" ParentFolderID="8254DB770450809011DDDAC369B8D01E" ProcGroupID="8254DB770450809011DDDAC369B8D006" Description="" Version="1.21" Status="DRAFT" ContentType="user\taskformlibrary" CheckedOutBy="" CheckedOutDate="0001-01-01T00:00:00Z" CreatedDate="2025-03-31T15:45:52.473" CreatedBy="40001842" LastModifiedDate="2025-03-31T15:45:52.473" LastModifiedBy="40001842" ThemeID="" ExtraInfo="" DisplayName="Form Library" />
      </Folder>
      <Folder ID="8254DB770450809011DDDAC369B8D021" Name="Forms" ProcGroupID="8254DB770450809011DDDAC369B8D006" AppID="8254DB770450809011DDDAC369B8CFFE" Description="" CreatedBy="152213" CreatedDate="0001-01-01T00:00:00Z" LastModifiedBy="152213" LastModifiedDate="0001-01-01T00:00:00Z" ContentType="application\formsgroup" ParentFolderID="8254DB770450809011DDDAC369B8D006" DisplayName="Forms">
        <Folder ID="8254DB770450809011DDDAC369B8D023" Name="Task Forms" ProcGroupID="8254DB770450809011DDDAC369B8D006" AppID="8254DB770450809011DDDAC369B8CFFE" Description="" CreatedBy="152213" CreatedDate="0001-01-01T00:00:00Z" LastModifiedBy="152213" LastModifiedDate="0001-01-01T00:00:00Z" ContentType="application\taskforms" ParentFolderID="8254DB770450809011DDDAC369B8D021" DisplayName="Task Forms">
          <File ID="BAEB0AFFF82C906711000E4734C6211E" Name="City Clerk Approval" BaseFileID="8254DB770450809011DDDAC369B8D025" PrevVerFileID="827185C7C85A363111FF4846519E1BAB" AppID="8254DB770450809011DDDAC369B8CFFE" ParentFolderID="8254DB770450809011DDDAC369B8D023" ProcGroupID="8254DB770450809011DDDAC369B8D006" Description="" Version="1.1" Status="DRAFT" ContentType="user\taskforms" CheckedOutBy="" CheckedOutDate="0001-01-01T00:00:00Z" CreatedDate="2025-03-31T15:45:52.647" CreatedBy="40001842" LastModifiedDate="2025-03-31T15:45:52.647" LastModifiedBy="40001842" ThemeID="" ExtraInfo="" DisplayName="City Clerk Approval" />
          <File ID="BAEB0AFFF82C906711000E4734C6211C" Name="Counsel Approval" BaseFileID="8254DB770450809011DDDAC369B8D026" PrevVerFileID="82739879740A542A11FF484682D3F028" AppID="8254DB770450809011DDDAC369B8CFFE" ParentFolderID="8254DB770450809011DDDAC369B8D023" ProcGroupID="8254DB770450809011DDDAC369B8D006" Description="" Version="1.07" Status="DRAFT" ContentType="user\taskforms" CheckedOutBy="" CheckedOutDate="0001-01-01T00:00:00Z" CreatedDate="2025-03-31T15:45:52.63" CreatedBy="40001842" LastModifiedDate="2025-03-31T15:45:52.63" LastModifiedBy="40001842" ThemeID="" ExtraInfo="" DisplayName="Counsel Approval" />
          <File ID="BAEB0AFFF82C906711000E4734C6211D" Name="ARM  Request to Destroy Obsolete Records" BaseFileID="8254DB770450809011DDDAC369B8D027" PrevVerFileID="827185C7C85A363111FF4845EB87E9E9" AppID="8254DB770450809011DDDAC369B8CFFE" ParentFolderID="8254DB770450809011DDDAC369B8D023" ProcGroupID="8254DB770450809011DDDAC369B8D006" Description="" Version="1.11" Status="DRAFT" ContentType="user\taskforms" CheckedOutBy="" CheckedOutDate="0001-01-01T00:00:00Z" CreatedDate="2025-03-31T15:45:52.63" CreatedBy="40001842" LastModifiedDate="2025-03-31T15:45:52.63" LastModifiedBy="40001842" ThemeID="" ExtraInfo="" DisplayName="ARM  Request to Destroy Obsolete Records" />
          <File ID="BAEB0AFFF82C906711000E4734C6211B" Name="ARM Approval" BaseFileID="8254DB770450809011DDDAC369B8D024" PrevVerFileID="827185C7C85A363111FF484627B3A55A" AppID="8254DB770450809011DDDAC369B8CFFE" ParentFolderID="8254DB770450809011DDDAC369B8D023" ProcGroupID="8254DB770450809011DDDAC369B8D006" Description="" Version="1.08" Status="DRAFT" ContentType="user\taskforms" CheckedOutBy="" CheckedOutDate="0001-01-01T00:00:00Z" CreatedDate="2025-03-31T15:45:52.613" CreatedBy="40001842" LastModifiedDate="2025-03-31T15:45:52.613" LastModifiedBy="40001842" ThemeID="" ExtraInfo="" DisplayName="ARM Approval" />
        </Folder>
      </Folder>
      <Folder ID="8254DB770450809011DDDAC369B8D028" Name="Lookups" ProcGroupID="8254DB770450809011DDDAC369B8D006" AppID="8254DB770450809011DDDAC369B8CFFE" Description="" CreatedBy="152213" CreatedDate="0001-01-01T00:00:00Z" LastModifiedBy="152213" LastModifiedDate="0001-01-01T00:00:00Z" ContentType="application\lookup" ParentFolderID="8254DB770450809011DDDAC369B8D006" DisplayName="Lookups" />
      <Folder ID="8254DB770450809011DDDAC369B8D029" Name="Translation" ProcGroupID="8254DB770450809011DDDAC369B8D006" AppID="8254DB770450809011DDDAC369B8CFFE" Description="" CreatedBy="152213" CreatedDate="0001-01-01T00:00:00Z" LastModifiedBy="152213" LastModifiedDate="0001-01-01T00:00:00Z" ContentType="application\translation" ParentFolderID="8254DB770450809011DDDAC369B8D006" DisplayName="Translation" />
      <Folder ID="8254DB770450809011DDDAC369B8D02A" Name="Document Repository" ProcGroupID="8254DB770450809011DDDAC369B8D006" AppID="8254DB770450809011DDDAC369B8CFFE" Description="" CreatedBy="152213" CreatedDate="0001-01-01T00:00:00Z" LastModifiedBy="152213" LastModifiedDate="0001-01-01T00:00:00Z" ContentType="application\documentrepository" ParentFolderID="8254DB770450809011DDDAC369B8D006" DisplayName="Document Repository" />
      <Folder ID="8254DB770450809011DDDAC369B8D02B" Name="System Files" ProcGroupID="8254DB770450809011DDDAC369B8D006" AppID="8254DB770450809011DDDAC369B8CFFE" Description="" CreatedBy="152213" CreatedDate="0001-01-01T00:00:00Z" LastModifiedBy="152213" LastModifiedDate="0001-01-01T00:00:00Z" ContentType="application\hidden" ParentFolderID="8254DB770450809011DDDAC369B8D006" DisplayName="System Files" />
    </Folder>
  </Folder>
  <CoAuthored>false</CoAuthored>
</WFEnabledApplication>